HIGH,TRD_DT,CHG,SECU_CODE,VOLUME,TURN,PRE_CLOSE,LOW,SWING,CLOSE,ADJ_TYPE,PCT_CHG,OPEN,AMT
1.9455,19910104,14.2,000005.SZE,41.0,0.0092,0.4133,1.9455,0.0,1.9455,before,370.7572,1.9455,370000.0
1.9261,19910107,-0.09,000005.SZE,21.0,0.0047,1.9358,1.9261,0.0,1.9261,before,-0.5017,1.9261,187000.0
1.9066,19910109,-0.18,000005.SZE,29.0,0.0065,1.9261,1.9066,0.0,1.9066,before,-1.0084,1.9066,256000.0
1.8969,19910110,-0.09,000005.SZE,13.0,0.0029,1.9066,1.8969,0.0,1.8969,before,-0.5093,1.8969,114000.0
1.8829,19910111,-0.13,000005.SZE,1.0,0.0002,1.8969,1.8829,0.0,1.8829,before,-0.7395,1.8829,9000.0
1.8678,19910114,-0.09,000005.SZE,1.0,0.0002,1.8775,1.8678,0.0,1.8678,before,-0.5172,1.8678,9000.0
1.8581,19910115,-0.09,000005.SZE,3.0,0.0007,1.8678,1.8581,0.0,1.8581,before,-0.5199,1.8581,26000.0
1.8484,19910116,-0.09,000005.SZE,1.0,0.0002,1.8581,1.8484,0.0,1.8484,before,-0.5226,1.8484,8000.0
1.8387,19910117,-0.09,000005.SZE,4.0,0.0009,1.8484,1.8387,0.0,1.8387,before,-0.5254,1.8387,34000.0
1.8117,19910121,-0.08,000005.SZE,1.0,0.0002,1.8203,1.8117,0.0,1.8117,before,-0.4742,1.8117,8000.0
1.8031,19910122,-0.08,000005.SZE,4.0,0.0009,1.8117,1.8031,0.0,1.8031,before,-0.4765,1.8031,8000.0
1.7944,19910123,-0.08,000005.SZE,10.0,0.0023,1.8031,1.7944,0.0,1.7944,before,-0.4788,1.7944,83000.0
1.7858,19910124,-0.08,000005.SZE,3.0,0.0007,1.7944,1.7858,0.0,1.7858,before,-0.4811,1.7858,25000.0
1.7513,19910129,-0.16,000005.SZE,7.0,0.0016,1.7685,1.7513,0.0,1.7513,before,-0.9762,1.7513,57000.0
1.7426,19910130,-0.08,000005.SZE,9.0,0.002,1.7513,1.7426,0.0,1.7426,before,-0.4929,1.7426,73000.0
1.734,19910131,-0.08,000005.SZE,25.0,0.0056,1.7426,1.734,0.0,1.734,before,-0.4954,1.734,201000.0
1.7599,19910204,0.08,000005.SZE,563.0,0.127,1.7513,1.7599,0.0,1.7599,before,0.4929,1.7599,4591000.0
1.7685,19910205,0.08,000005.SZE,492.0,0.111,1.7599,1.7685,0.0,1.7685,before,0.4905,1.7685,4032000.0
1.7772,19910206,0.08,000005.SZE,740.0,0.1669,1.7685,1.7772,0.0,1.7772,before,0.4881,1.7772,6094000.0
1.7772,19910207,0.0,000005.SZE,618.0,0.1394,1.7772,1.7772,0.0,1.7772,before,0.0,1.7772,5089000.0
1.7685,19910208,-0.08,000005.SZE,332.0,0.0749,1.7772,1.7685,0.0,1.7685,before,-0.4857,1.7685,2721000.0
1.7513,19910211,-0.08,000005.SZE,85.0,0.0192,1.7599,1.7513,0.0,1.7513,before,-0.4905,1.7513,690000.0
1.7426,19910212,-0.08,000005.SZE,45.0,0.0101,1.7513,1.7426,0.0,1.7426,before,-0.4929,1.7426,363000.0
1.734,19910213,-0.08,000005.SZE,16.0,0.0036,1.7426,1.734,0.0,1.734,before,-0.4954,1.734,128000.0
1.7254,19910222,-0.08,000005.SZE,4.0,0.0009,1.734,1.7254,0.0,1.7254,before,-0.4978,1.7254,32000.0
1.7081,19910225,-0.08,000005.SZE,19.0,0.0043,1.7167,1.7081,0.0,1.7081,before,-0.5028,1.7081,150000.0
1.6995,19910226,-0.08,000005.SZE,11.0,0.0025,1.7081,1.6995,0.0,1.6995,before,-0.5054,1.6995,87000.0
1.6908,19910227,-0.08,000005.SZE,12.0,0.0027,1.6995,1.6908,0.0,1.6908,before,-0.5079,1.6908,94000.0
1.6822,19910228,-0.08,000005.SZE,12.0,0.0027,1.6908,1.6822,0.0,1.6822,before,-0.5105,1.6822,93000.0
1.6736,19910301,-0.08,000005.SZE,1.0,0.0002,1.6822,1.6736,0.0,1.6736,before,-0.5131,1.6736,5000.0
1.6563,19910304,-0.08,000005.SZE,4.0,0.0009,1.6649,1.6563,0.0,1.6563,before,-0.5185,1.6563,31000.0
1.6477,19910305,-0.08,000005.SZE,1.0,0.0002,1.6563,1.6477,0.0,1.6477,before,-0.5212,1.6477,4000.0
1.639,19910306,-0.08,000005.SZE,3.0,0.0007,1.6477,1.639,0.0,1.639,before,-0.5239,1.639,23000.0
1.6304,19910307,-0.08,000005.SZE,7.0,0.0016,1.639,1.6304,0.0,1.6304,before,-0.5267,1.6304,53000.0
1.6218,19910308,-0.08,000005.SZE,2.0,0.0005,1.6304,1.6218,0.0,1.6218,before,-0.5295,1.6218,15000.0
1.6056,19910311,-0.07,000005.SZE,3.0,0.0007,1.6131,1.6056,0.0,1.6056,before,-0.4682,1.6056,22000.0
1.598,19910312,-0.07,000005.SZE,14.0,0.0032,1.6056,1.598,0.0,1.598,before,-0.4704,1.598,104000.0
1.5905,19910313,-0.07,000005.SZE,50.0,0.0113,1.598,1.5905,0.0,1.5905,before,-0.4727,1.5905,368000.0
1.5829,19910314,-0.07,000005.SZE,10.0,0.0023,1.5905,1.5829,0.0,1.5829,before,-0.4749,1.5829,73000.0
1.5754,19910315,-0.07,000005.SZE,3.0,0.0007,1.5829,1.5754,0.0,1.5754,before,-0.4772,1.5754,22000.0
1.5603,19910318,-0.14,000005.SZE,5.0,0.0011,1.5754,1.5603,0.0,1.5603,before,-0.9589,1.5603,36000.0
1.515,19910325,-0.42,000005.SZE,1.0,0.0002,1.5603,1.515,0.0,1.515,before,-2.9046,1.515,7000.0
1.5074,19910326,-0.07,000005.SZE,3.0,0.0007,1.515,1.5074,0.0,1.5074,before,-0.4986,1.5074,21000.0
1.4696,19910329,-0.35,000005.SZE,16.0,0.0036,1.5074,1.4696,0.0,1.4696,before,-2.5054,1.4696,109000.0
1.4621,19910402,-0.14,000005.SZE,6.0,0.0014,1.4772,1.4621,0.0,1.4621,before,-1.0226,1.4621,41000.0
1.4545,19910403,-0.07,000005.SZE,5.0,0.0011,1.4621,1.4545,0.0,1.4545,before,-0.5166,1.4545,34000.0
1.4469999999999998,19910404,-0.07,000005.SZE,2.0,0.0005,1.4545,1.4469999999999998,0.0,1.4469999999999998,before,-0.5193,1.4469999999999998,13000.0
1.4394,19910405,-0.07,000005.SZE,1.0,0.0002,1.4469999999999998,1.4394,0.0,1.4394,before,-0.522,1.4394,7000.0
1.4243,19910408,-0.07,000005.SZE,2.0,0.0005,1.4319,1.4243,0.0,1.4243,before,-0.5275,1.4243,13000.0
1.4168,19910409,-0.07,000005.SZE,1.0,0.0002,1.4243,1.4168,0.0,1.4168,before,-0.5303,1.4168,6000.0
1.4017,19910411,-0.14,000005.SZE,5.0,0.0011,1.4168,1.4017,0.0,1.4017,before,-1.0663,1.4017,32000.0
1.3952,19910412,-0.06,000005.SZE,3.0,0.0007,1.4017,1.3952,0.0,1.3952,before,-0.4619,1.3952,19000.0
1.3693,19910417,-0.18,000005.SZE,1.0,0.0002,1.3887,1.3693,0.0,1.3693,before,-1.3986,1.3693,6000.0
1.324,19910425,-0.42,000005.SZE,4.0,0.0009,1.3693,1.324,0.0,1.324,before,-3.3097,1.324,24000.0
1.3175,19910426,-0.06,000005.SZE,1.0,0.0002,1.324,1.3175,0.0,1.3175,before,-0.489,1.3175,6000.0
1.3045,19910429,-0.12,000005.SZE,1.0,0.0002,1.3175,1.3045,0.0,1.3045,before,-0.9828,1.3045,6000.0
1.2981,19910430,-0.06,000005.SZE,8.0,0.0018,1.3045,1.2981,0.0,1.2981,before,-0.4963,1.2981,48000.0
1.2916,19910502,-0.06,000005.SZE,1.0,0.0002,1.2981,1.2916,0.0,1.2916,before,-0.4988,1.2916,6000.0
1.2851,19910503,-0.06,000005.SZE,6.0,0.0014,1.2916,1.2851,0.0,1.2851,before,-0.5013,1.2851,36000.0
1.2657,19910507,-0.12,000005.SZE,4.0,0.0009,1.2786,1.2657,0.0,1.2657,before,-1.0127,1.2657,23000.0
1.2592,19910508,-0.06,000005.SZE,7.0,0.0016,1.2657,1.2592,0.0,1.2592,before,-0.5115,1.2592,41000.0
1.2528,19910509,-0.06,000005.SZE,10.0,0.0023,1.2592,1.2528,0.0,1.2528,before,-0.5141,1.2528,58000.0
1.2463,19910510,-0.06,000005.SZE,5.0,0.0011,1.2528,1.2463,0.0,1.2463,before,-0.5168,1.2463,29000.0
1.2333,19910513,-0.06,000005.SZE,12.0,0.0027,1.2398,1.2333,0.0,1.2333,before,-0.5222,1.2333,68000.0
1.2269,19910514,-0.06,000005.SZE,65.0,0.0147,1.2333,1.2269,0.0,1.2269,before,-0.5249,1.2269,369000.0
1.2204,19910515,-0.06,000005.SZE,429.0,0.0968,1.2269,1.2204,0.0,1.2204,before,-0.5277,1.2204,2426000.0
1.2139,19910516,-0.06,000005.SZE,922.0,0.2079,1.2204,1.2139,0.0,1.2139,before,-0.5305,1.2139,5186000.0
1.2074,19910517,-0.06,000005.SZE,877.0,0.1978,1.2139,1.2074,0.0,1.2074,before,-0.5333,1.2074,4907000.0
1.1945,19910520,-0.06,000005.SZE,103.0,0.0232,1.2009999999999998,1.1945,0.0,1.1945,before,-0.5391,1.1945,570000.0
1.188,19910521,-0.06,000005.SZE,63.0,0.0142,1.1945,1.188,0.0,1.188,before,-0.542,1.188,4590000.0
1.1815,19910522,-0.06,000005.SZE,15.0,0.0034,1.188,1.1815,0.0,1.1815,before,-0.545,1.1815,82000.0
1.1761,19910523,-0.05,000005.SZE,21.0,0.0047,1.1815,1.1761,0.0,1.1761,before,-0.4566,1.1761,114000.0
1.1707,19910524,-0.05,000005.SZE,7.0,0.0016,1.1761,1.1707,0.0,1.1707,before,-0.4587,1.1707,38000.0
1.1546,19910528,-0.1,000005.SZE,15.0,0.0034,1.1653,1.1546,0.0,1.1546,before,-0.9259,1.1546,80000.0
1.1492,19910529,-0.05,000005.SZE,7.0,0.0016,1.1546,1.1492,0.0,1.1492,before,-0.4673,1.1492,37000.0
1.1438,19910530,-0.05,000005.SZE,3.0,0.0007,1.1492,1.1438,0.0,1.1438,before,-0.4695,1.1438,16000.0
1.1384,19910531,-0.05,000005.SZE,2.0,0.0005,1.1438,1.1384,0.0,1.1384,before,-0.4717,1.1384,10000.0
1.1276,19910603,-0.05,000005.SZE,3.0,0.0007,1.133,1.1276,0.0,1.1276,before,-0.4762,1.1276,16000.0
1.1222,19910604,-0.05,000005.SZE,4.0,0.0009,1.1276,1.1222,0.0,1.1222,before,-0.4785,1.1222,21000.0
1.1168,19910605,-0.05,000005.SZE,2.0,0.0005,1.1222,1.1168,0.0,1.1168,before,-0.4808,1.1168,10000.0
1.1059999999999999,19910607,-0.1,000005.SZE,5.0,0.0011,1.1168,1.1059999999999999,0.0,1.1059999999999999,before,-0.9662,1.1059999999999999,26000.0
1.0952,19910610,-0.05,000005.SZE,6.0,0.0014,1.1006,1.0952,0.0,1.0952,before,-0.4902,1.0952,30000.0
1.0898,19910611,-0.05,000005.SZE,3.0,0.0007,1.0952,1.0898,0.0,1.0898,before,-0.4926,1.0898,15000.0
1.0844,19910612,-0.05,000005.SZE,17.0,0.0038,1.0898,1.0844,0.0,1.0844,before,-0.495,1.0844,85000.0
1.079,19910613,-0.05,000005.SZE,11.0,0.0025,1.0844,1.079,0.0,1.079,before,-0.4975,1.079,55000.0
1.0736,19910614,-0.05,000005.SZE,11.0,0.0025,1.079,1.0736,0.0,1.0736,before,-0.5,1.0736,55000.0
1.0521,19910619,-0.15,000005.SZE,25.0,0.0056,1.0682,1.0521,0.0,1.0521,before,-1.5152,1.0521,122000.0
1.0467,19910620,-0.05,000005.SZE,1.0,0.0002,1.0521,1.0467,0.0,1.0467,before,-0.5128,1.0467,5000.0
1.0413,19910621,-0.05,000005.SZE,4.0,0.0009,1.0467,1.0413,0.0,1.0413,before,-0.5155,1.0413,19000.0
1.0305,19910624,-0.05,000005.SZE,15.0,0.0034,1.0359,1.0305,0.0,1.0305,before,-0.5208,1.0305,72000.0
1.0197,19910626,-0.1,000005.SZE,3.0,0.0007,1.0305,1.0197,0.0,1.0197,before,-1.0471,1.0197,14000.0
1.0143,19910627,-0.05,000005.SZE,10.0,0.0023,1.0197,1.0143,0.0,1.0143,before,-0.5291,1.0143,47000.0
0.9981,19910701,-0.05,000005.SZE,1.0,0.0002,1.0035,0.9981,0.0,0.9981,before,-0.5376,0.9981,5000.0
0.9927,19910702,-0.05,000005.SZE,4.0,0.0009,0.9981,0.9927,0.0,0.9927,before,-0.5405,0.9927,18000.0
0.9873,19910703,-0.05,000005.SZE,5.0,0.0011,0.9927,0.9873,0.0,0.9873,before,-0.5435,0.9873,23000.0
0.9819,19910704,-0.05,000005.SZE,4.0,0.0009,0.9873,0.9819,0.0,0.9819,before,-0.5464,0.9819,18000.0
0.9765,19910705,-0.05,000005.SZE,24.0,0.0054,0.9819,0.9765,0.0,0.9765,before,-0.5495,0.9765,108000.0
0.9668,19910708,-0.09,000005.SZE,1.0,0.0002,0.9765,0.9668,0.0,0.9668,before,-0.9945,0.9668,4000.0
0.9495,19910712,-0.16,000005.SZE,2.0,0.0005,0.9668,0.9495,0.0,0.9495,before,-1.7857,0.9495,9000.0
0.9366,19910716,-0.12,000005.SZE,1.0,0.0002,0.9495,0.9366,0.0,0.9366,before,-1.3636,0.9366,4000.0
0.9236,19910719,-0.12,000005.SZE,1.0,0.0002,0.9366,0.9236,0.0,0.9236,before,-1.3825,0.9236,4000.0
0.8114,19910819,-1.04,000005.SZE,1.0,0.0002,0.9236,0.8114,0.0,0.8114,before,-12.1495,0.8114,4000.0
0.8028,19910821,-0.08,000005.SZE,1.0,0.0002,0.8114,0.8028,0.0,0.8028,before,-1.0638,0.8028,4000.0
0.7812,19910827,-0.08,000005.SZE,1.0,0.0002,0.7898,0.7812,0.0,0.7812,before,-1.0929,0.7812,4000.0
0.7769,19910828,-0.04,000005.SZE,1.0,0.0002,0.7812,0.7769,0.0,0.7769,before,-0.5525,0.7769,3000.0
0.7596,19910902,-0.16,000005.SZE,1.0,0.0002,0.7769,0.7596,0.0,0.7596,before,-2.2222,0.7596,3000.0
0.7456,19910906,-0.13,000005.SZE,1.0,0.0002,0.7596,0.7456,0.0,0.7456,before,-1.8466,0.7456,3000.0
0.7359,19910910,-0.09,000005.SZE,2.0,0.0005,0.7456,0.7359,0.0,0.7359,before,-1.3025,0.7359,7000.0
0.6938,19910925,-0.39,000005.SZE,1.0,0.0002,0.7359,0.6938,0.0,0.6938,before,-5.7185,0.6938,3000.0
0.6776,19911003,-0.15,000005.SZE,7.0,0.0016,0.6938,0.6776,0.0,0.6776,before,-2.3328,0.6776,22000.0
0.6744,19911004,-0.03,000005.SZE,12.0,0.0027,0.6776,0.6744,0.0,0.6744,before,-0.4777,0.6744,37000.0
0.6679,19911007,-0.03,000005.SZE,3.0,0.0007,0.6712,0.6679,0.0,0.6679,before,-0.4823,0.6679,9000.0
0.6647,19911008,-0.03,000005.SZE,477.0,0.1076,0.6679,0.6647,0.0,0.6647,before,-0.4847,0.6647,1469000.0
0.6679,19911009,-0.03,000005.SZE,1926.0,0.4344,0.6647,0.6614,0.0097,0.6614,before,-0.48700000000000004,0.6614,5955000.0
0.6712,19911010,0.09,000005.SZE,1329.0,0.2997,0.6614,0.6712,0.0,0.6712,before,1.4682,0.6712,4133000.0
0.6744,19911011,0.03,000005.SZE,1410.0,0.318,0.6712,0.6744,0.0,0.6744,before,0.4823,0.6744,4406000.0
0.6809,19911014,0.03,000005.SZE,559.0,0.1261,0.6776,0.6809,0.0,0.6809,before,0.4777,0.6809,1764000.0
0.6841,19911015,0.03,000005.SZE,711.0,0.1604,0.6809,0.6841,0.0,0.6841,before,0.4754,0.6841,2254000.0
0.6873,19911016,0.03,000005.SZE,378.0,0.0853,0.6841,0.6873,0.0,0.6873,before,0.4732,0.6873,1204000.0
0.6906,19911017,0.03,000005.SZE,1622.0,0.3658,0.6873,0.6906,0.0,0.6906,before,0.47100000000000003,0.6906,5190000.0
0.6938,19911018,0.03,000005.SZE,469.0,0.1058,0.6906,0.6938,0.0,0.6938,before,0.4688,0.6938,1508000.0
0.7003,19911021,0.03,000005.SZE,189.0,0.0426,0.6971,0.7003,0.0,0.7003,before,0.4644,0.7003,613000.0
0.7035,19911022,0.03,000005.SZE,195.0,0.044000000000000004,0.7003,0.7035,0.0,0.7035,before,0.4622,0.7035,636000.0
0.7068,19911023,0.03,000005.SZE,343.0,0.0774,0.7035,0.7068,0.0,0.7068,before,0.4601,0.7068,1123000.0
0.71,19911024,0.03,000005.SZE,316.0,0.0713,0.7068,0.71,0.0,0.71,before,0.45799999999999996,0.71,1040000.0
0.7132,19911025,0.03,000005.SZE,83.0,0.0187,0.71,0.7132,0.0,0.7132,before,0.4559,0.7132,274000.0
0.7197,19911028,0.03,000005.SZE,69.0,0.0156,0.7165,0.7197,0.0,0.7197,before,0.4518,0.7197,230000.0
0.7229,19911029,0.03,000005.SZE,53.0,0.012,0.7197,0.7229,0.0,0.7229,before,0.4498,0.7229,177000.0
0.7262,19911030,0.03,000005.SZE,63.0,0.0142,0.7229,0.7262,0.0,0.7262,before,0.4478,0.7262,212000.0
0.7294,19911031,0.03,000005.SZE,63.0,0.0142,0.7262,0.7294,0.0,0.7294,before,0.4458,0.7294,213000.0
0.7327,19911101,0.03,000005.SZE,21.0,0.0047,0.7294,0.7327,0.0,0.7327,before,0.4438,0.7327,71000.0
0.7391,19911104,0.03,000005.SZE,28.0,0.0063,0.7359,0.7391,0.0,0.7391,before,0.4399,0.7391,96000.0
0.7424,19911105,0.03,000005.SZE,28.0,0.0063,0.7391,0.7424,0.0,0.7424,before,0.43799999999999994,0.7424,96000.0
0.7456,19911106,0.03,000005.SZE,39.0,0.0088,0.7424,0.7456,0.0,0.7456,before,0.436,0.7456,135000.0
0.7488,19911107,0.03,000005.SZE,24.0,0.0054,0.7456,0.7488,0.0,0.7488,before,0.4342,0.7488,83000.0
0.7521,19911108,0.03,000005.SZE,47.0,0.0106,0.7488,0.7521,0.0,0.7521,before,0.4323,0.7521,164000.0
0.7596,19911112,0.04,000005.SZE,17.0,0.0038,0.7553,0.7596,0.0,0.7596,before,0.5714,0.7596,60000.0
0.764,19911113,0.04,000005.SZE,7.0,0.0016,0.7596,0.764,0.0,0.764,before,0.5682,0.764,25000.0
0.7683,19911114,0.04,000005.SZE,38.0,0.0086,0.764,0.7683,0.0,0.7683,before,0.565,0.7683,135000.0
0.7726,19911115,0.04,000005.SZE,6.0,0.0014,0.7683,0.7726,0.0,0.7726,before,0.5618,0.7726,21000.0
0.7812,19911118,0.08,000005.SZE,43.0,0.0097,0.7726,0.7812,0.0,0.7812,before,1.1173,0.7812,156000.0
0.7855,19911119,0.04,000005.SZE,48.0,0.0108,0.7812,0.7855,0.0,0.7855,before,0.5525,0.7855,175000.0
0.7898,19911120,0.04,000005.SZE,5.0,0.0011,0.7855,0.7898,0.0,0.7898,before,0.5495,0.7898,18000.0
0.7942,19911121,0.04,000005.SZE,13.0,0.0029,0.7898,0.7942,0.0,0.7942,before,0.5464,0.7942,48000.0
0.7985,19911122,0.04,000005.SZE,6.0,0.0014,0.7942,0.7985,0.0,0.7985,before,0.5435,0.7985,22000.0
0.8244,19911129,0.24,000005.SZE,97.0,0.0219,0.7985,0.8244,0.0,0.8244,before,3.2432,0.8244,370000.0
0.833,19911202,0.04,000005.SZE,18.0,0.0041,0.8287,0.833,0.0,0.833,before,0.5208,0.833,69000.0
0.8373,19911203,0.04,000005.SZE,3.0,0.0007,0.833,0.8373,0.0,0.8373,before,0.5181,0.8373,12000.0
0.8416,19911204,0.04,000005.SZE,14.0,0.0032,0.8373,0.8416,0.0,0.8416,before,0.5155,0.8416,54000.0
0.846,19911205,0.04,000005.SZE,9.0,0.002,0.8416,0.846,0.0,0.846,before,0.5128,0.846,35000.0
0.8503,19911206,0.04,000005.SZE,26.0,0.0059,0.846,0.8503,0.0,0.8503,before,0.5102,0.8503,102000.0
0.8589,19911209,0.04,000005.SZE,47.0,0.0106,0.8546,0.8589,0.0,0.8589,before,0.5051,0.8589,187000.0
0.8632,19911210,0.04,000005.SZE,16.0,0.0036,0.8589,0.8632,0.0,0.8632,before,0.5025,0.8632,64000.0
0.8675,19911211,0.04,000005.SZE,37.0,0.0083,0.8632,0.8675,0.0,0.8675,before,0.5,0.8675,149000.0
0.8719,19911212,0.04,000005.SZE,805.0,0.1816,0.8675,0.8719,0.0,0.8719,before,0.4975,0.8719,3252000.0
0.8762,19911213,-0.04,000005.SZE,2596.0,0.5855,0.8719,0.8675,0.0099,0.8675,before,-0.495,0.8762,10465000.0
0.8589,19911216,-0.04,000005.SZE,846.0,0.1908,0.8632,0.8589,0.0,0.8589,before,-0.5,0.8589,3367000.0
0.8546,19911217,-0.04,000005.SZE,656.0,0.14800000000000002,0.8589,0.8546,0.0,0.8546,before,-0.5025,0.8546,2598000.0
0.8503,19911218,-0.04,000005.SZE,319.0,0.0719,0.8546,0.8503,0.0,0.8503,before,-0.5051,0.8503,1257000.0
0.8416,19911219,-0.08,000005.SZE,420.0,0.0947,0.8503,0.8416,0.0,0.8416,before,-1.0152,0.8416,1638000.0
0.8416,19911220,0.0,000005.SZE,420.0,0.0947,0.8416,0.8416,0.0,0.8416,before,0.0,0.8416,1638000.0
0.833,19911223,-0.04,000005.SZE,332.0,0.0749,0.8373,0.833,0.0,0.833,before,-0.5155,0.833,1281000.0
0.8373,19911224,0.04,000005.SZE,2475.0,0.5582,0.833,0.8287,0.0104,0.8373,before,0.5181,0.8287,9520000.0
0.8416,19911225,0.04,000005.SZE,446.0,0.1006,0.8373,0.8416,0.0,0.8416,before,0.5155,0.8416,1739000.0
0.846,19911226,0.04,000005.SZE,536.0,0.1209,0.8416,0.846,0.0,0.846,before,0.5128,0.846,2101000.0
0.8503,19911227,0.04,000005.SZE,406.0,0.0916,0.846,0.8503,0.0,0.8503,before,0.5102,0.8503,1600000.0
0.8589,19911230,0.04,000005.SZE,180.0,0.0406,0.8546,0.8589,0.0,0.8589,before,0.5051,0.8589,716000.0
0.8632,19911231,0.04,000005.SZE,213.0,0.048,0.8589,0.8632,0.0,0.8632,before,0.5025,0.8632,852000.0
0.8675,19920102,0.04,000005.SZE,201.0,0.0453,0.8632,0.8675,0.0,0.8675,before,0.5,0.8675,808000.0
0.8719,19920103,0.04,000005.SZE,444.0,0.1001,0.8675,0.8719,0.0,0.8719,before,0.4975,0.8719,1794000.0
0.8762,19920106,0.04,000005.SZE,231.0,0.0521,0.8719,0.8762,0.0,0.8762,before,0.495,0.8762,938000.0
0.8805,19920107,0.04,000005.SZE,200.0,0.0451,0.8762,0.8805,0.0,0.8805,before,0.4926,0.8805,816000.0
0.8848,19920108,0.04,000005.SZE,277.0,0.0625,0.8805,0.8848,0.0,0.8848,before,0.4902,0.8848,1136000.0
0.8891,19920109,0.04,000005.SZE,331.0,0.0747,0.8848,0.8891,0.0,0.8891,before,0.4878,0.8891,1364000.0
0.8934,19920110,0.04,000005.SZE,33.0,0.0074,0.8891,0.8934,0.0,0.8934,before,0.4854,0.8934,1370000.0
0.8978,19920113,0.04,000005.SZE,216.0,0.0487,0.8934,0.8978,0.0,0.8978,before,0.4831,0.8978,898000.0
0.9021,19920114,0.04,000005.SZE,228.0,0.0514,0.8978,0.9021,0.0,0.9021,before,0.4808,0.9021,953000.0
0.9064,19920115,-0.04,000005.SZE,2330.0,0.5255,0.9021,0.8978,0.0096,0.8978,before,-0.4785,0.9064,9749000.0
0.8934,19920116,-0.04,000005.SZE,470.0,0.106,0.8978,0.8934,0.0,0.8934,before,-0.4808,0.8934,1946000.0
0.8891,19920117,-0.04,000005.SZE,318.0,0.0717,0.8934,0.8891,0.0,0.8891,before,-0.4831,0.8891,1310000.0
0.8934,19920120,0.04,000005.SZE,1602.0,0.3613,0.8891,0.8848,0.0097,0.8934,before,0.4854,0.8848,6604000.0
0.8978,19920121,0.04,000005.SZE,399.0,0.09,0.8934,0.8978,0.0,0.8978,before,0.4831,0.8978,1660000.0
0.9021,19920122,0.04,000005.SZE,1348.0,0.304,0.8978,0.9021,0.0,0.9021,before,0.4808,0.9021,5635000.0
0.9064,19920123,0.04,000005.SZE,1055.0,0.2379,0.9021,0.9064,0.0,0.9064,before,0.4785,0.9064,4431000.0
0.9107,19920124,0.04,000005.SZE,878.0,0.198,0.9064,0.9107,0.0,0.9107,before,0.4762,0.9107,3705000.0
0.915,19920127,0.04,000005.SZE,1366.0,0.3081,0.9107,0.9064,0.0095,0.915,before,0.4739,0.915,5787000.0
0.9193,19920128,0.04,000005.SZE,407.0,0.0918,0.915,0.9193,0.0,0.9193,before,0.4717,0.9193,1734000.0
0.9236,19920129,0.04,000005.SZE,228.0,0.0514,0.9193,0.9236,0.0,0.9236,before,0.4695,0.9236,976000.0
0.9279999999999999,19920130,0.04,000005.SZE,218.0,0.0492,0.9236,0.9279999999999999,0.0,0.9279999999999999,before,0.4673,0.9279999999999999,937000.0
0.9323,19920131,0.04,000005.SZE,121.0,0.0273,0.9279999999999999,0.9323,0.0,0.9323,before,0.4651,0.9323,523000.0
0.9452,19920210,0.04,000005.SZE,242.0,0.0546,0.9409,0.9452,0.0,0.9452,before,0.4587,0.9452,1060000.0
0.9495,19920211,0.04,000005.SZE,143.0,0.0323,0.9452,0.9495,0.0,0.9495,before,0.4566,0.9495,629000.0
0.9539,19920212,0.04,000005.SZE,62.0,0.013999999999999999,0.9495,0.9539,0.0,0.9539,before,0.4545,0.9539,274000.0
0.9582,19920213,0.04,000005.SZE,69.0,0.0156,0.9539,0.9582,0.0,0.9582,before,0.4525,0.9582,306000.0
0.9625,19920214,-0.04,000005.SZE,2220.0,0.5007,0.9582,0.9539,0.009000000000000001,0.9539,before,-0.4505,0.9625,9871000.0
0.9495,19920217,-0.04,000005.SZE,1396.0,0.3149,0.9539,0.9495,0.0,0.9495,before,-0.4525,0.9495,6142000.0
0.9539,19920218,0.04,000005.SZE,2602.0,0.5868,0.9495,0.9452,0.0091,0.9539,before,0.4545,0.9452,11399000.0
0.9582,19920219,0.04,000005.SZE,444.0,0.1001,0.9539,0.9582,0.0,0.9582,before,0.4525,0.9582,1971000.0
0.9625,19920220,0.04,000005.SZE,429.0,0.0968,0.9582,0.9625,0.0,0.9625,before,0.4505,0.9625,1913000.0
0.9668,19920221,0.04,000005.SZE,411.0,0.0927,0.9625,0.9668,0.0,0.9668,before,0.4484,0.9668,1841000.0
0.9711,19920224,-0.04,000005.SZE,1013.0,0.2285,0.9668,0.9625,0.0089,0.9625,before,-0.4464,0.9711,4526000.0
0.9593,19920225,-0.04,000005.SZE,406.0,0.0916,0.9625,0.9582,0.0011,0.9582,before,-0.4484,0.9593,1803000.0
0.9539,19920226,-0.04,000005.SZE,698.0,0.1574,0.9582,0.9539,0.0,0.9539,before,-0.4505,0.9539,3085000.0
0.9539,19920227,-0.04,000005.SZE,1020.0,0.23,0.9539,0.9495,0.0045,0.9495,before,-0.4525,0.9539,4488000.0
0.9539,19920228,0.04,000005.SZE,962.0,0.217,0.9495,0.9452,0.0091,0.9539,before,0.4545,0.9463,4227000.0
0.9582,19920302,0.04,000005.SZE,526.0,0.1186,0.9539,0.9571,0.0011,0.9582,before,0.4525,0.9571,2335000.0
0.9625,19920303,0.04,000005.SZE,882.0,0.1989,0.9582,0.9614,0.0011,0.9625,before,0.4505,0.9614,3934000.0
0.9668,19920304,0.04,000005.SZE,1189.0,0.2682,0.9625,0.9582,0.009000000000000001,0.9668,before,0.4484,0.9657,5313000.0
0.9711,19920305,0.01,000005.SZE,1422.0,0.3207,0.9668,0.9625,0.0089,0.9679,before,0.1116,0.97,6379000.0
0.9722,19920306,0.04,000005.SZE,493.0,0.1112,0.9679,0.9711,0.0011,0.9722,before,0.4459,0.9711,2221000.0
0.9765,19920309,0.04,000005.SZE,763.0,0.1721,0.9722,0.9711,0.0055,0.9765,before,0.444,0.9711,3452000.0
0.9819,19920310,0.05,000005.SZE,1043.0,0.2352,0.9765,0.9733,0.0088,0.9819,before,0.5525,0.9733,4738000.0
0.9873,19920311,0.05,000005.SZE,349.0,0.0787,0.9819,0.9852,0.0022,0.9873,before,0.5495,0.9852,1596000.0
0.9927,19920312,0.05,000005.SZE,302.0,0.0681,0.9873,0.9927,0.0,0.9927,before,0.5464,0.9927,1389000.0
0.9981,19920313,0.05,000005.SZE,363.0,0.0819,0.9927,0.997,0.0011,0.9981,before,0.5435,0.9981,1679000.0
1.0035,19920316,0.05,000005.SZE,365.0,0.0823,0.9981,1.0013,0.0022,1.0035,before,0.5405,1.0013,1697000.0
1.0089,19920317,0.05,000005.SZE,259.0,0.0584,1.0035,1.0067,0.0022,1.0089,before,0.5376,1.0067,1211000.0
1.0143,19920318,0.05,000005.SZE,539.0,0.1216,1.0089,1.0121,0.0021,1.0143,before,0.5348,1.0121,2533000.0
1.0197,19920319,0.05,000005.SZE,71.0,0.016,1.0143,1.0143,0.0053,1.0197,before,0.5319,1.0143,335000.0
1.0251,19920320,0.05,000005.SZE,396.0,0.0893,1.0197,1.0251,0.0,1.0251,before,0.5291,1.0251,1881000.0
1.0305,19920323,0.05,000005.SZE,200.0,0.0451,1.0251,1.0294,0.0011,1.0305,before,0.5263,1.0305,955000.0
1.0359,19920324,0.05,000005.SZE,237.0,0.0535,1.0305,1.0359,0.0,1.0359,before,0.5236,1.0359,1137000.0
1.0413,19920325,0.05,000005.SZE,162.0,0.0365,1.0359,1.0413,0.0,1.0413,before,0.5208,1.0413,782000.0
1.0467,19920326,0.05,000005.SZE,162.0,0.0365,1.0413,1.0467,0.0,1.0467,before,0.5181,1.0467,786000.0
1.0521,19920327,0.05,000005.SZE,65.0,0.0147,1.0467,1.0521,0.0,1.0521,before,0.5155,1.0521,317000.0
1.0574,19920330,0.05,000005.SZE,53.0,0.012,1.0521,1.0574,0.0,1.0574,before,0.5128,1.0574,260000.0
1.0628,19920331,0.05,000005.SZE,103.0,0.0232,1.0574,1.0628,0.0,1.0628,before,0.5102,1.0628,507000.0
1.0682,19920401,0.05,000005.SZE,112.0,0.0253,1.0628,1.0682,0.0,1.0682,before,0.5076,1.0682,554000.0
1.0736,19920402,0.05,000005.SZE,68.0,0.0153,1.0682,1.0736,0.0,1.0736,before,0.5051,1.0736,338000.0
1.079,19920403,0.05,000005.SZE,106.0,0.0239,1.0736,1.079,0.0,1.079,before,0.5025,1.079,530000.0
1.0844,19920406,0.05,000005.SZE,714.0,0.161,1.079,1.0844,0.0,1.0844,before,0.5,1.0844,3588000.0
1.0898,19920407,-0.05,000005.SZE,1160.0,0.2616,1.0844,1.079,0.01,1.079,before,-0.4975,1.0898,5814000.0
1.079,19920408,-0.05,000005.SZE,195.0,0.044000000000000004,1.079,1.0736,0.005,1.0736,before,-0.5,1.079,970000.0
1.0682,19920409,-0.05,000005.SZE,1354.0,0.3054,1.0736,1.0682,0.0,1.0682,before,-0.5025,1.0682,6702000.0
1.0628,19920410,-0.05,000005.SZE,1030.0,0.2323,1.0682,1.0628,0.0,1.0628,before,-0.5051,1.0628,5073000.0
1.0574,19920413,-0.05,000005.SZE,1121.0,0.2528,1.0628,1.0574,0.0,1.0574,before,-0.5076,1.0574,5493000.0
1.0574,19920414,-0.05,000005.SZE,1867.0,0.4211,1.0574,1.0521,0.0051,1.0521,before,-0.5102,1.0574,9102000.0
1.0574,19920415,0.05,000005.SZE,2985.0,0.6732,1.0521,1.0467,0.0103,1.0574,before,0.5128,1.0467,14504000.0
1.0628,19920416,0.05,000005.SZE,1101.0,0.2483,1.0574,1.0574,0.0051,1.0628,before,0.5102,1.0574,5422000.0
1.0682,19920417,0.05,000005.SZE,647.0,0.1459,1.0628,1.0682,0.0,1.0682,before,0.5076,1.0682,3203000.0
1.0736,19920420,0.05,000005.SZE,4042.0,0.9116,1.0682,1.0736,0.0,1.0736,before,0.5051,1.0736,2011000.0
1.079,19920421,-0.05,000005.SZE,4091.0,0.9227,1.0736,1.0682,0.0101,1.0682,before,-0.5025,1.079,20285000.0
1.0736,19920422,-0.05,000005.SZE,2603.0,0.5871,1.0682,1.0628,0.0101,1.0628,before,-0.5051,1.0736,12840000.0
1.0682,19920423,0.05,000005.SZE,3125.0,0.7048,1.0628,1.0574,0.0102,1.0682,before,0.5076,1.0574,15374000.0
1.0736,19920424,0.05,000005.SZE,2255.0,0.5086,1.0682,1.0628,0.0101,1.0736,before,0.5051,1.0736,11131000.0
1.0736,19920427,-0.05,000005.SZE,907.0,0.2046,1.0736,1.0682,0.005,1.0682,before,-0.5025,1.0736,4493000.0
1.0736,19920428,-0.05,000005.SZE,1347.0,0.3038,1.0682,1.0628,0.0101,1.0628,before,-0.5051,1.0736,6663000.0
1.0682,19920429,-0.05,000005.SZE,1502.0,0.3388,1.0628,1.0574,0.0102,1.0574,before,-0.5076,1.0682,7394000.0
1.0628,19920430,-0.05,000005.SZE,879.0,0.1982,1.0574,1.0521,0.0102,1.0521,before,-0.5102,1.0628,4320000.0
1.0413,19920504,-0.05,000005.SZE,378.0,0.0853,1.0467,1.0413,0.0,1.0413,before,-0.5155,1.0413,1824000.0
1.0305,19920506,-0.1,000005.SZE,627.0,0.1414,1.0413,1.0305,0.0,1.0305,before,-1.0363,1.0305,2994000.0
1.0251,19920507,-0.05,000005.SZE,548.0,0.1236,1.0305,1.0251,0.0,1.0251,before,-0.5236,1.0251,2603000.0
1.0251,19920508,-0.05,000005.SZE,453.0,0.1022,1.0251,1.0197,0.0053,1.0197,before,-0.5263,1.0251,2141000.0
1.0251,19920511,-0.05,000005.SZE,996.0,0.2246,1.0197,1.0143,0.0106,1.0143,before,-0.5291,1.0251,4688000.0
1.0143,19920512,-0.05,000005.SZE,461.0,0.10400000000000001,1.0143,1.0089,0.0053,1.0089,before,-0.5319,1.0143,2157000.0
1.0143,19920513,-0.05,000005.SZE,1071.0,0.2416,1.0089,1.0035,0.0107,1.0035,before,-0.5348,1.0143,4981000.0
1.0035,19920514,-0.05,000005.SZE,1039.0,0.2343,1.0035,0.9981,0.0054,0.9981,before,-0.5376,1.0035,4807000.0
1.0035,19920515,0.05,000005.SZE,786.0,0.1773,0.9981,0.9981,0.0054,1.0035,before,0.5405,0.9981,3646000.0
1.0089,19920518,0.05,000005.SZE,259.0,0.0584,1.0035,1.0089,0.0,1.0089,before,0.5376,1.0089,1211000.0
1.0143,19920519,0.05,000005.SZE,216.0,0.0487,1.0089,1.0143,0.0,1.0143,before,0.5348,1.0143,1015000.0
1.0197,19920520,0.05,000005.SZE,78.0,0.0176,1.0143,1.0197,0.0,1.0197,before,0.5319,1.0197,368000.0
1.0251,19920521,0.05,000005.SZE,453.0,0.1022,1.0197,1.0251,0.0,1.0251,before,0.5291,1.0251,252000.0
1.0305,19920522,0.05,000005.SZE,6.0,0.0014,1.0251,1.0305,0.0,1.0305,before,0.5263,1.0305,29000.0
1.0359,19920525,0.05,000005.SZE,180.0,0.0406,1.0305,1.0305,0.0052,1.0359,before,0.5236,1.0305,864000.0
1.0413,19920526,0.05,000005.SZE,14.0,0.0032,1.0359,1.0413,0.0,1.0413,before,0.5208,1.0413,67000.0
1.0467,19920527,0.05,000005.SZE,26.0,0.0059,1.0413,1.0467,0.0,1.0467,before,0.5181,1.0467,126000.0
1.0521,19920528,0.05,000005.SZE,27.0,0.0061,1.0467,1.0521,0.0,1.0521,before,0.5155,1.0521,132000.0
1.0574,19920529,0.05,000005.SZE,13.0,0.0029,1.0521,1.0574,0.0,1.0574,before,0.5128,1.0574,64000.0
1.0628,19920601,0.05,000005.SZE,47.0,0.0106,1.0574,1.0628,0.0,1.0628,before,0.5102,1.0628,231000.0
1.0682,19920602,0.05,000005.SZE,41.0,0.0092,1.0628,1.0682,0.0,1.0682,before,0.5076,1.0682,203000.0
1.0736,19920603,0.05,000005.SZE,34.0,0.0077,1.0682,1.0736,0.0,1.0736,before,0.5051,1.0736,169000.0
1.079,19920604,0.05,000005.SZE,659.0,0.1486,1.0736,1.0779,0.001,1.079,before,0.5025,1.079,3295000.0
1.0844,19920605,0.05,000005.SZE,194.0,0.0438,1.079,1.0844,0.0,1.0844,before,0.5,1.0844,975000.0
1.0898,19920608,0.05,000005.SZE,137.0,0.0309,1.0844,1.0898,0.0,1.0898,before,0.4975,1.0898,692000.0
1.0952,19920609,0.05,000005.SZE,158.0,0.0356,1.0898,1.0952,0.0,1.0952,before,0.495,1.0952,802000.0
1.1006,19920610,0.05,000005.SZE,175.0,0.0395,1.0952,1.1006,0.0,1.1006,before,0.4926,1.1006,892000.0
1.1059999999999999,19920611,0.05,000005.SZE,221.0,0.0498,1.1006,1.1059999999999999,0.0,1.1059999999999999,before,0.4902,1.1059999999999999,1133000.0
1.1114,19920612,0.05,000005.SZE,355.0,0.0801,1.1059999999999999,1.1114,0.0,1.1114,before,0.4878,1.1114,1828000.0
1.1168,19920615,-0.05,000005.SZE,1822.0,0.4109,1.1114,1.1059999999999999,0.0097,1.1059999999999999,before,-0.4854,1.1168,9428000.0
1.1114,19920616,-0.05,000005.SZE,633.0,0.1428,1.1059999999999999,1.1006,0.0098,1.1006,before,-0.4878,1.1114,3238000.0
1.0952,19920617,-0.05,000005.SZE,424.0,0.0956,1.1006,1.0952,0.0,1.0952,before,-0.4902,1.0952,2152000.0
1.0898,19920618,-0.05,000005.SZE,211.0,0.0476,1.0952,1.0898,0.0,1.0898,before,-0.4926,1.0898,1065000.0
1.0952,19920619,-0.05,000005.SZE,730.0,0.1646,1.0898,1.0844,0.0099,1.0844,before,-0.495,1.0952,3670000.0
1.0898,19920622,-0.05,000005.SZE,533.0,0.1202,1.0844,1.079,0.01,1.079,before,-0.4975,1.0898,2667000.0
1.079,19920623,-0.05,000005.SZE,91.0,0.0205,1.079,1.0736,0.005,1.0736,before,-0.5,1.079,453000.0
1.0682,19920624,-0.05,000005.SZE,110.0,0.0248,1.0736,1.0682,0.0,1.0682,before,-0.5025,1.0682,544000.0
1.0628,19920625,-0.05,000005.SZE,59.0,0.0133,1.0682,1.0628,0.0,1.0628,before,-0.5051,1.0628,290000.0
1.0618,19920626,-0.05,000005.SZE,126.0,0.0284,1.0628,1.0574,0.0041,1.0574,before,-0.5076,1.0618,617000.0
1.0521,19920629,-0.05,000005.SZE,549.0,0.1238,1.0574,1.0521,0.0,1.0521,before,-0.5102,1.0521,2676000.0
1.0467,19920630,-0.05,000005.SZE,233.0,0.0526,1.0521,1.0467,0.0,1.0467,before,-0.5128,1.0467,1130000.0
1.0413,19920701,-0.05,000005.SZE,319.0,0.0719,1.0467,1.0413,0.0,1.0413,before,-0.5155,1.0413,1539000.0
1.0359,19920702,-0.05,000005.SZE,52.0,0.0117,1.0413,1.0359,0.0,1.0359,before,-0.5181,1.0359,2506000.0
1.0305,19920703,-0.05,000005.SZE,300.0,0.0677,1.0359,1.0305,0.0,1.0305,before,-0.5208,1.0305,1432000.0
1.0251,19920706,-0.05,000005.SZE,814.0,0.1836,1.0305,1.0251,0.0,1.0251,before,-0.5236,1.0251,3866000.0
1.2948,19940103,1.15,000005.SZE,26803.0,6.0451,1.0251,1.0574,0.2316,1.1492,before,12.1053,1.0574,28927000.0
1.1653,19940104,-0.45,000005.SZE,12876.0,2.904,1.1492,1.1006,0.0563,1.1006,before,-4.2254,1.1438,13452000.0
1.0952,19940105,-0.05,000005.SZE,13919.0,3.1393,1.1006,1.0574,0.0343,1.0952,before,-0.4902,1.0736,13905000.0
1.1222,19940106,0.25,000005.SZE,21882.0,4.9352,1.0952,1.0628,0.0542,1.1222,before,2.4631,1.0952,22223000.0
1.1384,19940107,-0.25,000005.SZE,17707.0,3.9936,1.1222,1.079,0.0529,1.0952,before,-2.4038,1.1384,18125000.0
1.0682,19940110,-0.45,000005.SZE,20372.0,4.5947,1.0952,0.9927,0.069,1.0467,before,-4.4335,1.0628,19874000.0
1.0521,19940111,-0.3,000005.SZE,7446.0,1.6794,1.0467,1.0143,0.0361,1.0143,before,-3.0928,1.0359,7109000.0
1.0143,19940112,-0.2,000005.SZE,8191.0,1.8474,1.0143,0.9819,0.0319,0.9927,before,-2.1277,0.9927,7567000.0
0.9819,19940113,-0.1,000005.SZE,7085.0,1.5979,0.9927,0.9657,0.0163,0.9819,before,-1.087,0.9819,6391000.0
0.9819,19940114,-0.4,000005.SZE,7625.0,1.7197,0.9819,0.9064,0.0769,0.9388,before,-4.3956,0.9711,6658000.0
0.9819,19940117,-0.05,000005.SZE,8786.0,1.9816,0.9388,0.9279999999999999,0.0575,0.9334,before,-0.5747,0.9495,7817000.0
0.9927,19940118,0.4,000005.SZE,6490.0,1.4637,0.9334,0.9226,0.0751,0.9765,before,4.6243,0.9279999999999999,5743000.0
0.9819,19940119,-0.3,000005.SZE,4694.0,1.0587,0.9765,0.9279999999999999,0.0552,0.9441,before,-3.3149,0.9819,4136000.0
0.9441,19940120,-0.1,000005.SZE,2818.0,0.6356,0.9441,0.9226,0.0229,0.9334,before,-1.1429,0.9226,2433000.0
0.9495,19940121,-0.05,000005.SZE,3422.0,0.7718,0.9334,0.9172,0.0347,0.9279999999999999,before,-0.578,0.9226,2960000.0
0.9657,19940124,-0.1,000005.SZE,2745.0,0.6191,0.9279999999999999,0.9172,0.0523,0.9172,before,-1.1628,0.9334,2363000.0
0.9226,19940125,-0.35,000005.SZE,4779.0,1.0778,0.9172,0.8740000000000001,0.0529,0.8794,before,-4.1176,0.9172,3952000.0
0.8794,19940126,-0.15,000005.SZE,3732.0,0.8417,0.8794,0.8632,0.0184,0.8632,before,-1.8405,0.8686,3015000.0
0.8848,19940127,0.2,000005.SZE,3095.0,0.698,0.8632,0.8416,0.05,0.8848,before,2.5,0.8632,2474000.0
0.8902,19940128,-0.4,000005.SZE,3411.0,0.7693,0.8848,0.8416,0.0549,0.8416,before,-4.878,0.8902,2704000.0
0.8093,19940131,-0.75,000005.SZE,5636.0,1.2711,0.8416,0.7553,0.0641,0.7607,before,-9.6154,0.8093,4070000.0
0.8093,19940201,-0.05,000005.SZE,8185.0,1.8459999999999999,0.7607,0.7499,0.078,0.7553,before,-0.7092,0.7499,5929000.0
0.7931,19940202,0.25,000005.SZE,4923.0,1.1103,0.7553,0.7445,0.0643,0.7823,before,3.5714,0.7445,3521000.0
0.8794,19940203,0.9,000005.SZE,17529.0,3.9534,0.7823,0.7823,0.1241,0.8794,before,12.4138,0.7877,13616000.0
0.9603,19940204,0.75,000005.SZE,23472.0,5.2938,0.8794,0.8740000000000001,0.0982,0.9603,before,9.2025,0.8848,20029000.0
0.9603,19940214,-1.0,000005.SZE,13436.0,3.0303,0.9603,0.8524,0.1124,0.8524,before,-11.235999999999999,0.9603,11188000.0
0.8956,19940215,0.2,000005.SZE,12938.0,2.918,0.8524,0.8201,0.0886,0.8740000000000001,before,2.5316,0.8416,10243000.0
0.8848,19940216,-0.25,000005.SZE,9667.0,2.1803,0.8740000000000001,0.8362,0.0556,0.847,before,-3.0864,0.8740000000000001,7767000.0
0.847,19940217,-0.15,000005.SZE,5002.0,1.1281,0.847,0.8255,0.0255,0.8309,before,-1.9108,0.8362,3864000.0
0.847,19940218,0.1,000005.SZE,2259.0,0.5095,0.8309,0.8201,0.0325,0.8416,before,1.2987,0.8255,1752000.0
0.8362,19940221,-0.35,000005.SZE,3628.0,0.8183,0.8416,0.8039,0.0385,0.8039,before,-4.4872,0.8362,2744000.0
1.0251,19940222,0.8,000005.SZE,24281.0,5.4763,0.8039,0.8309,0.2416,0.8902,before,10.7383,0.8362,20114000.0
0.9118,19940223,0.0,000005.SZE,11520.0,2.5982,0.8902,0.8740000000000001,0.0424,0.8902,before,0.0,0.8956,9497000.0
0.9819,19940224,0.75,000005.SZE,24252.0,5.4697,0.8902,0.8956,0.09699999999999999,0.9711,before,9.0909,0.9118,21087000.0
1.0197,19940225,0.05,000005.SZE,49280.0,11.1145,0.9711,0.9711,0.05,0.9765,before,0.5556,0.9927,45542000.0
0.9981,19940228,-0.15,000005.SZE,17558.0,3.96,0.9765,0.9441,0.0552,0.9603,before,-1.6575,0.9819,15859000.0
0.9765,19940301,-0.1,000005.SZE,9125.0,2.0580000000000003,0.9603,0.9441,0.0337,0.9495,before,-1.1236,0.9549,8129000.0
0.9603,19940302,-0.05,000005.SZE,5936.0,1.3388,0.9495,0.9279999999999999,0.0341,0.9441,before,-0.5682,0.9549,5171000.0
0.9603,19940303,-0.15,000005.SZE,10459.0,2.3589,0.9441,0.9064,0.0571,0.9279999999999999,before,-1.7143,0.9172,9019000.0
0.9388,19940304,-0.15,000005.SZE,10636.0,2.3988,0.9279999999999999,0.9009999999999999,0.0407,0.9118,before,-1.7442,0.9118,9049000.0
0.9279999999999999,19940307,0.05,000005.SZE,8417.0,1.8984,0.9118,0.8956,0.0355,0.9172,before,0.5917,0.9118,7102000.0
0.9279999999999999,19940308,0.0,000005.SZE,5228.0,1.1791,0.9172,0.9009999999999999,0.0294,0.9172,before,0.0,0.9118,4452000.0
0.9279999999999999,19940309,-0.05,000005.SZE,2975.0,0.6709999999999999,0.9172,0.9064,0.0235,0.9118,before,-0.5882,0.9172,2526000.0
0.9279999999999999,19940310,-0.1,000005.SZE,5369.0,1.2109,0.9118,0.8956,0.0355,0.9009999999999999,before,-1.1834,0.9118,4511000.0
0.9495,19940311,0.2,000005.SZE,9306.0,2.0989,0.9009999999999999,0.8848,0.0719,0.9226,before,2.3952,0.8902,7936000.0
0.9873,19940314,0.45,000005.SZE,19667.0,4.4356,0.9226,0.9495,0.0409,0.9711,before,5.2632,0.9549,17590000.0
0.9873,19940315,-0.4,000005.SZE,11088.0,2.5008,0.9711,0.9226,0.0667,0.9279999999999999,before,-4.4444,0.9873,9718000.0
0.9441,19940316,0.0,000005.SZE,6260.0,1.4119,0.9279999999999999,0.9172,0.0291,0.9279999999999999,before,0.0,0.9279999999999999,5366000.0
0.9441,19940317,0.05,000005.SZE,4801.0,1.0828,0.9279999999999999,0.9172,0.0291,0.9334,before,0.5814,0.9172,4148000.0
0.9495,19940318,-0.05,000005.SZE,5214.0,1.176,0.9334,0.9172,0.0347,0.9279999999999999,before,-0.578,0.9441,4504000.0
0.9388,19940321,-0.25,000005.SZE,4360.0,0.9833,0.9279999999999999,0.8956,0.0465,0.9009999999999999,before,-2.907,0.9334,3688000.0
0.9009999999999999,19940322,-0.15,000005.SZE,3001.0,0.6768,0.9009999999999999,0.8848,0.018000000000000002,0.8848,before,-1.7964,0.8848,2474000.0
0.8848,19940323,-0.3,000005.SZE,3569.0,0.8049,0.8848,0.8524,0.0366,0.8524,before,-3.6585,0.8848,2879000.0
0.8740000000000001,19940324,-0.05,000005.SZE,3501.0,0.7896,0.8524,0.8362,0.0443,0.847,before,-0.6329,0.8416,2765000.0
0.8740000000000001,19940325,0.05,000005.SZE,3066.0,0.6915,0.847,0.8416,0.0382,0.8524,before,0.6369,0.847,2429000.0
0.847,19940328,-0.3,000005.SZE,2734.0,0.6166,0.8524,0.8201,0.0316,0.8201,before,-3.7975,0.847,2095000.0
0.8578,19940329,0.35,000005.SZE,3749.0,0.8455,0.8201,0.8093,0.0592,0.8578,before,4.6053,0.8201,2890000.0
0.8902,19940330,0.05,000005.SZE,16671.0,3.7599,0.8578,0.8147,0.0881,0.8632,before,0.6289,0.8632,13318000.0
0.8578,19940331,-0.35,000005.SZE,5046.0,1.1381,0.8632,0.8201,0.0438,0.8255,before,-4.375,0.8524,3933000.0
0.8362,19940401,-0.15,000005.SZE,4473.0,1.0088,0.8255,0.8093,0.0327,0.8093,before,-1.9608,0.8201,3395000.0
0.8362,19940404,0.05,000005.SZE,3062.0,0.6906,0.8093,0.7931,0.0533,0.8147,before,0.6667,0.7985,2318000.0
0.8362,19940405,0.05,000005.SZE,3892.0,0.8778,0.8147,0.8093,0.0331,0.8201,before,0.6623,0.8093,2971000.0
0.8362,19940406,0.1,000005.SZE,3459.0,0.7801,0.8201,0.8147,0.0263,0.8309,before,1.3158,0.8255,2644000.0
0.847,19940407,-0.1,000005.SZE,5203.0,1.1735,0.8309,0.8147,0.039,0.8201,before,-1.2987,0.8309,4018000.0
0.8147,19940408,-0.4,000005.SZE,4273.0,0.9637,0.8201,0.7661,0.0592,0.7769,before,-5.2632,0.8093,3135000.0
0.7769,19940411,-0.3,000005.SZE,3480.0,0.7849,0.7769,0.7445,0.0417,0.7445,before,-4.1667,0.7553,2446000.0
0.7877,19940412,0.05,000005.SZE,5756.0,1.2982,0.7445,0.7337,0.0725,0.7499,before,0.7246,0.7445,4033000.0
0.7661,19940413,-0.2,000005.SZE,3744.0,0.8444,0.7499,0.7283,0.0504,0.7283,before,-2.8777,0.7553,2605000.0
0.7283,19940414,-0.35,000005.SZE,4010.0,0.9044,0.7283,0.6852,0.0593,0.6906,before,-5.1852,0.7122,2616000.0
0.7337,19940415,0.25,000005.SZE,12752.0,2.8761,0.6906,0.6366,0.1406,0.7176,before,3.9063,0.6798,8002000.0
0.7014,19940418,-0.55,000005.SZE,9357.0,2.1104,0.7176,0.6528,0.0677,0.6582,before,-8.2707,0.7014,5895000.0
0.6636,19940419,-0.5,000005.SZE,6773.0,1.5276,0.6582,0.5989,0.0984,0.6043,before,-8.1967,0.6528,4002000.0
0.615,19940420,-0.3,000005.SZE,10685.0,2.4099,0.6043,0.5611,0.0893,0.5719,before,-5.3571,0.5935,5824000.0
0.6258,19940421,0.35,000005.SZE,16350.0,3.6875,0.5719,0.5719,0.0943,0.6097,before,6.6038,0.5719,9094000.0
0.615,19940422,-0.35,000005.SZE,9895.0,2.2317,0.6097,0.5665,0.0796,0.5719,before,-6.1947,0.615,5427000.0
0.5827,19940425,0.1,000005.SZE,3974.0,0.8963,0.5719,0.5557,0.0472,0.5827,before,1.8868,0.5665,2096000.0
0.6097,19940426,0.25,000005.SZE,8106.0,1.8282,0.5827,0.5773,0.0556,0.6097,before,4.6296,0.5935,4474000.0
0.669,19940427,0.55,000005.SZE,17399.0,3.9241,0.6097,0.5999,0.1133,0.669,before,9.7345,0.615,10179000.0
0.7035,19940428,-0.24,000005.SZE,32681.0,7.3708,0.669,0.6258,0.1161,0.6431,before,-3.8710000000000004,0.6798,20359000.0
0.669,19940429,0.24,000005.SZE,16403.0,3.6995,0.6431,0.6043,0.1007,0.669,before,4.0268,0.6258,9704000.0
0.6366,19940503,-0.32,000005.SZE,41072.0,9.2633,0.669,0.5503,0.129,0.6345,before,-5.1613,0.5956,23547000.0
0.6474,19940504,-0.43,000005.SZE,25556.0,5.7638,0.6345,0.5719,0.11900000000000001,0.5881,before,-7.3129,0.6474,14435000.0
0.5665,19940505,-0.45,000005.SZE,7480.0,1.6869999999999998,0.5881,0.5298,0.0624,0.5395,before,-8.2569,0.5611,3814000.0
0.5395,19940506,-0.28,000005.SZE,14524.0,3.2757,0.5395,0.491,0.09,0.5093,before,-5.6,0.5298,6941000.0
0.5233,19940509,-0.08,000005.SZE,17802.0,4.015,0.5093,0.4856,0.0742,0.5007,before,-1.6949,0.5179,8261000.0
0.519,19940510,0.17,000005.SZE,19029.0,4.2918,0.5007,0.4942,0.0496,0.519,before,3.6638,0.5017,8847000.0
0.6097,19940511,0.19,000005.SZE,50636.0,11.4203,0.519,0.5233,0.1663,0.5395,before,3.9501,0.532,27313000.0
0.5859,19940512,0.2,000005.SZE,32692.0,7.3733,0.5395,0.5395,0.086,0.5611,before,4.0,0.5395,17267000.0
0.5848,19940513,0.21,000005.SZE,19991.0,4.5087,0.5611,0.5557,0.0519,0.5838,before,4.0385,0.5719,10590000.0
0.5935,19940516,-0.11,000005.SZE,18425.0,4.1555,0.5838,0.5665,0.0462,0.5719,before,-2.0333,0.5935,9818000.0
0.5665,19940517,-0.23,000005.SZE,7600.0,1.7141,0.5719,0.5395,0.0472,0.5471,before,-4.3396,0.5665,3911000.0
0.5935,19940518,0.1,000005.SZE,11092.0,2.5017,0.5471,0.5503,0.0789,0.5579,before,1.9724,0.5935,5786000.0
0.5719,19940519,0.09,000005.SZE,6050.0,1.3645,0.5579,0.5428,0.0522,0.5676,before,1.7408,0.5535,3135000.0
0.5633,19940520,-0.16,000005.SZE,4182.0,0.9432,0.5676,0.5503,0.0228,0.5503,before,-3.0418,0.5611,2165000.0
0.5503,19940523,-0.06,000005.SZE,2333.0,0.5262,0.5503,0.5395,0.0196,0.5438,before,-1.1765,0.5449,1178000.0
0.5557,19940524,0.04,000005.SZE,1983.0,0.4472,0.5438,0.5395,0.0298,0.5481,before,0.7937,0.5395,998000.0
0.5503,19940525,-0.14,000005.SZE,2396.0,0.5404,0.5481,0.5287,0.0394,0.5329999999999999,before,-2.7559,0.5481,1196000.0
0.5309,19940526,-0.21,000005.SZE,2726.0,0.6148,0.5329999999999999,0.5093,0.0405,0.5104,before,-4.251,0.5287,1313000.0
0.5169,19940527,-0.06,000005.SZE,3702.0,0.8349,0.5104,0.4964,0.0402,0.5039,before,-1.2685,0.4964,1743000.0
0.5125,19940530,-0.3,000005.SZE,4078.0,0.9197,0.5039,0.4694,0.0857,0.4715,before,-6.4239999999999995,0.4964,1830000.0
0.4899,19940531,0.08,000005.SZE,4077.0,0.9195,0.4715,0.46399999999999997,0.0549,0.4802,before,1.8307,0.4715,1806000.0
0.4899,19940601,-0.19,000005.SZE,4338.0,0.9784,0.4802,0.4597,0.0629,0.4597,before,-4.2697,0.4748,1899000.0
0.4618,19940602,-0.05,000005.SZE,1624.0,0.3663,0.4597,0.4532,0.0188,0.4543,before,-1.1737,0.4532,686000.0
0.4683,19940603,0.03,000005.SZE,2493.0,0.5623,0.4543,0.4553,0.0285,0.4575,before,0.7126,0.4607,1064000.0
0.4478,19940606,-0.28,000005.SZE,2786.0,0.6283,0.4575,0.205,0.5307,0.4273,before,-6.6038,0.4208,1103000.0
0.4262,19940607,-0.09,000005.SZE,1021.0,0.2303,0.4273,0.4133,0.0303,0.4176,before,-2.2727,0.4262,397000.0
0.4208,19940608,-0.02,000005.SZE,5243.0,1.1825,0.4176,0.4003,0.0491,0.4154,before,-0.5168,0.4176,1985000.0
0.4208,19940609,-0.11,000005.SZE,2403.0,0.542,0.4154,0.4014,0.0468,0.4036,before,-2.8571,0.4154,914000.0
0.4143,19940610,-0.04,000005.SZE,2838.0,0.6401,0.4036,0.3971,0.0428,0.3992,before,-1.0695,0.4003,1056000.0
0.3992,19940613,-0.21,000005.SZE,3076.0,0.6938,0.3992,0.3744,0.0622,0.3766,before,-5.6757,0.3992,1079000.0
0.3766,19940614,-0.17,000005.SZE,3408.0,0.7686,0.3766,0.3561,0.0544,0.3582,before,-4.8711,0.3766,1146000.0
0.3723,19940615,0.05,000005.SZE,1407.0,0.3173,0.3582,0.3582,0.0392,0.3636,before,1.506,0.3582,474000.0
0.3884,19940616,0.14,000005.SZE,4075.0,0.9191,0.3636,0.3572,0.0861,0.3787,before,4.1543,0.3636,1401000.0
0.396,19940617,0.15,000005.SZE,7809.0,1.7612,0.3787,0.3658,0.0798,0.3949,before,4.2735,0.3831,2781000.0
0.3949,19940620,-0.28,000005.SZE,5133.0,1.1577,0.3949,0.3636,0.0792,0.3647,before,-7.6503,0.3949,1804000.0
0.3647,19940621,-0.01,000005.SZE,2044.0,0.461,0.3647,0.3561,0.0237,0.3636,before,-0.2959,0.3604,684000.0
0.3777,19940622,0.05,000005.SZE,1828.0,0.4123,0.3636,0.3636,0.0386,0.369,before,1.4837,0.3636,627000.0
0.3755,19940623,-0.06,000005.SZE,845.0,0.1906,0.369,0.3626,0.0351,0.3626,before,-1.7544,0.3755,286325.0
0.3626,19940624,-0.05,000005.SZE,1628.0,0.3672,0.3626,0.3539,0.0238,0.3572,before,-1.4881,0.3626,537617.0
0.3561,19940627,-0.17,000005.SZE,2002.0,0.4515,0.3572,0.3388,0.0483,0.3388,before,-5.136,0.3561,634769.0
0.3442,19940628,-0.05,000005.SZE,1372.0,0.3094,0.3388,0.3291,0.0446,0.3334,before,-1.5924,0.3291,426743.0
0.3399,19940629,-0.04,000005.SZE,1306.0,0.2946,0.3334,0.3291,0.0324,0.3291,before,-1.2945,0.3399,404245.0
0.3367,19940630,0.05,000005.SZE,1542.0,0.3478,0.3291,0.3237,0.0393,0.3345,before,1.6393,0.3237,470973.0
0.3421,19940701,-0.09,000005.SZE,1193.0,0.2691,0.3345,0.3237,0.0548,0.3248,before,-2.9032,0.3399,362022.0
0.3226,19940704,-0.11,000005.SZE,1153.0,0.26,0.3248,0.3097,0.0399,0.3129,before,-3.6545,0.3183,335653.0
0.3151,19940708,0.0,000005.SZE,3326.0,0.7501,0.3129,0.2978,0.0552,0.3129,before,0.0,0.3054,942845.0
0.314,19940711,-0.1,000005.SZE,1693.0,0.3818,0.3129,0.3021,0.0379,0.3021,before,-3.4483,0.3129,480517.0
0.3021,19940712,-0.02,000005.SZE,723.0,0.1631,0.3021,0.3,0.0071,0.3,before,-0.7143,0.3,201688.0
0.3075,19940713,0.05,000005.SZE,573.0,0.1292,0.3,0.2978,0.0324,0.3054,before,1.7986,0.3,161541.0
0.3118,19940714,-0.03,000005.SZE,773.0,0.1743,0.3054,0.3,0.0389,0.3021,before,-1.0601,0.3064,217849.0
0.301,19940715,-0.19,000005.SZE,908.0,0.2048,0.3021,0.2805,0.0679,0.2816,before,-6.7857,0.301,244955.0
0.2805,19940718,-0.24,000005.SZE,2338.0,0.5273,0.2816,0.2547,0.092,0.2557,before,-9.1954,0.2805,566180.0
0.2633,19940719,-0.1,000005.SZE,2547.0,0.5744,0.2557,0.2374,0.1013,0.2449,before,-4.2194,0.2536,584374.0
0.2503,19940720,-0.05,000005.SZE,3314.0,0.7474,0.2449,0.2395,0.0441,0.2395,before,-2.2026,0.2503,752074.0
0.2395,19940721,-0.06,000005.SZE,2689.0,0.6065,0.2395,0.23199999999999998,0.0315,0.2331,before,-2.7027,0.2374,587503.0
0.2374,19940722,-0.04,000005.SZE,2739.0,0.6177,0.2331,0.2266,0.0463,0.2288,before,-1.8519,0.23199999999999998,585409.0
0.2428,19940725,0.13,000005.SZE,4813.0,1.0855,0.2288,0.2266,0.0708,0.2428,before,6.1321,0.2266,1050054.0
0.2611,19940726,0.16,000005.SZE,11768.0,2.6541,0.2428,0.2428,0.0756,0.26,before,7.1111,0.2471,2733080.0
0.2665,19940727,-0.1,000005.SZE,10410.0,2.3478,0.26,0.2493,0.0664,0.2493,before,-4.1494,0.2622,2504348.0
0.2482,19940728,-0.14,000005.SZE,6122.0,1.3807,0.2493,0.23199999999999998,0.0649,0.2341,before,-6.0606,0.24600000000000002,1367433.0
0.2341,19940729,-0.02,000005.SZE,4551.0,1.0264,0.2341,0.2244,0.0415,0.23199999999999998,before,-0.9217,0.2266,964846.0
0.3464,19940801,1.06,000005.SZE,28191.0,6.3581,0.23199999999999998,0.2698,0.3302,0.3464,before,49.3023,0.3108,8183998.0
0.4046,19940802,-0.06,000005.SZE,39576.0,8.9259,0.3464,0.3237,0.2336,0.3399,before,-1.8692,0.3474,13627007.0
0.4316,19940803,0.85,000005.SZE,35192.0,7.9371,0.3399,0.3291,0.3016,0.4316,before,26.9841,0.3291,12212566.0
0.4802,19940804,0.33,000005.SZE,61083.0,13.7765,0.4316,0.4338,0.1075,0.4672,before,8.25,0.4802,25924353.0
0.532,19940805,0.6,000005.SZE,54386.0,12.2661,0.4672,0.4532,0.1686,0.532,before,13.8568,0.4532,25450757.0
0.5665,19940808,-0.03,000005.SZE,51232.0,11.5547,0.532,0.4964,0.1318,0.5287,before,-0.6085,0.5341,25378927.0
0.5341,19940809,-0.2,000005.SZE,25395.0,5.7275,0.5287,0.5061,0.0531,0.5071,before,-4.0816,0.5287,12162737.0
0.6258,19940810,0.98,000005.SZE,57326.0,12.9292,0.5071,0.4856,0.2766,0.6129,before,20.8511,0.4856,29136110.0
0.6539,19940811,-0.11,000005.SZE,83530.0,18.8392,0.6129,0.5827,0.1162,0.601,before,-1.9366,0.6258,48063645.0
0.6647,19940812,0.44,000005.SZE,64192.0,14.4777,0.601,0.5935,0.1185,0.6485,before,7.8995,0.5935,38145142.0
0.6474,19940815,-0.16,000005.SZE,23924.0,5.3958,0.6485,0.615,0.0499,0.6312,before,-2.6622,0.6258,14064849.0
0.6539,19940816,0.1,000005.SZE,24151.0,5.447,0.6312,0.628,0.040999999999999995,0.642,before,1.7094,0.6291,14356530.0
0.6485,19940817,0.04,000005.SZE,18269.0,4.1203,0.642,0.6312,0.0269,0.6463,before,0.6723,0.6474,10824840.0
0.6625,19940818,0.03,000005.SZE,34188.0,7.7107,0.6463,0.6258,0.0568,0.6496,before,0.5008,0.6474,20517043.0
0.6474,19940819,-0.28,000005.SZE,24482.0,5.5216,0.6496,0.614,0.0515,0.6194,before,-4.6512,0.6474,14278063.0
0.615,19940822,-0.16,000005.SZE,10841.0,2.4451,0.6194,0.5827,0.0523,0.6021,before,-2.7875,0.615,5994951.0
0.6204,19940823,0.17,000005.SZE,8009.0,1.8063,0.6021,0.5870000000000001,0.0556,0.6204,before,3.0466,0.6043,4436737.0
0.6312,19940824,-0.09,000005.SZE,18978.0,4.2803,0.6204,0.6064,0.04,0.6107,before,-1.5652,0.6248,10952834.0
0.6258,19940825,0.02,000005.SZE,9374.0,2.1142,0.6107,0.5881,0.0618,0.6129,before,0.3534,0.5935,5225093.0
0.6161,19940826,-0.08,000005.SZE,13335.0,3.0075,0.6129,0.5827,0.0546,0.6043,before,-1.4085,0.6129,7400235.0
0.6129,19940829,0.02,000005.SZE,12096.0,2.7281,0.6043,0.5838,0.0482,0.6064,before,0.3571,0.5935,6733935.0
0.6474,19940830,0.36,000005.SZE,20993.0,4.7347,0.6064,0.6043,0.0712,0.6453,before,6.4057,0.6043,12251248.0
0.7553,19940831,0.9,000005.SZE,71519.0,16.1302,0.6453,0.6852,0.1087,0.7424,before,15.0502,0.7553,48095222.0
0.9226,19940901,1.52,000005.SZE,146767.0,33.1015,0.7424,0.764,0.2137,0.9064,before,22.093000000000004,0.764,118394290.0
0.9690000000000001,19940902,0.57,000005.SZE,90678.0,20.4513,0.9064,0.8524,0.1286,0.9679,before,6.7857,0.9009999999999999,76686110.0
1.2625,19940905,2.72,000005.SZE,94915.0,21.4069,0.9679,1.0089,0.262,1.2614,before,30.3233,1.0251,97619278.0
1.4027,19940906,1.06,000005.SZE,93054.0,20.9872,1.2614,1.2948,0.0855,1.3758,before,9.0676,1.3002,116600960.0
1.3758,19940907,-1.3,000005.SZE,62607.0,14.1202,1.3758,1.2085,0.1216,1.2355,before,-10.1961,1.3758,74904830.0
1.3466,19940908,0.95,000005.SZE,54764.0,12.3513,1.2355,1.2042,0.1153,1.338,before,8.2969,1.2085,65271834.0
1.3704,19940909,-1.2,000005.SZE,51565.0,11.6298,1.338,1.188,0.1363,1.2085,before,-9.6774,1.3596,61380570.0
1.3272,19940912,0.95,000005.SZE,56534.0,12.7505,1.2085,1.2517,0.0625,1.311,before,8.4821,1.2916,68223433.0
1.3488,19940913,-0.27,000005.SZE,38564.0,8.6976,1.311,1.2517,0.0741,1.2819,before,-2.2222,1.3218,46780113.0
1.2894,19940914,-0.43,000005.SZE,20617.0,4.6499,1.2819,1.2085,0.0631,1.2355,before,-3.6195,1.2733,23621449.0
1.3164,19940915,0.41,000005.SZE,48430.0,10.9228,1.2355,1.188,0.1039,1.2797,before,3.5808,1.188,57150225.0
1.338,19940916,0.49,000005.SZE,56203.0,12.6759,1.2797,1.284,0.0422,1.3326,before,4.1315,1.338,68594386.0
1.3812,19940919,-0.05,000005.SZE,64547.0,14.5578,1.3326,1.3272,0.0405,1.3272,before,-0.4049,1.3758,81106956.0
1.3218,19940920,-0.15,000005.SZE,25294.0,5.7047,1.3272,1.284,0.0285,1.311,before,-1.2195,1.2948,30618115.0
1.3876,19940921,0.7,000005.SZE,43080.0,9.7162,1.311,1.3035,0.0642,1.3866,before,5.7613,1.3056,54309280.0
1.4675,19940922,0.66,000005.SZE,115017.0,25.9407,1.3866,1.3596,0.0778,1.4578,before,5.1362,1.4027,151812236.0
1.0164,19940923,-3.27,000005.SZE,87916.0,19.8284,1.4578,0.9398,0.0523,0.9873,before,-32.2804,0.9398,60471586.0
1.1297,19940926,0.84,000005.SZE,83281.0,18.783,0.9873,0.9711,0.1603,1.1082,before,12.2449,0.9711,61274073.0
1.3099,19940927,1.03,000005.SZE,177115.0,39.9461,1.1082,1.1297,0.1623,1.256,before,13.3766,1.1297,152850010.0
1.2376,19940928,-0.62,000005.SZE,176378.0,17.7129,1.256,1.1222,0.0916,1.1675,before,-7.1019,1.2376,145191110.0
1.1513,19940929,-1.02,000005.SZE,102291.0,10.2726,1.1675,0.8632,0.2466,1.0208,before,-12.5771,1.1513,75161338.0
1.0186,19940930,-0.6,000005.SZE,64274.0,6.4548,1.0208,0.9183,0.0987,0.9344,before,-8.4626,1.0078,42399136.0
0.9139,19941005,-0.91,000005.SZE,48450.0,4.8656,0.9344,0.7197,0.20800000000000002,0.8028,before,-14.0216,0.8924,27816840.0
0.9215,19941006,0.27,000005.SZE,103688.0,10.4129,0.8028,0.8028,0.147,0.8416,before,4.8387,0.8059999999999999,63155000.0
1.079,19941007,1.37,000005.SZE,222809.0,22.3757,0.8416,0.8059999999999999,0.3248,1.0391,before,23.4188,0.8416,142081616.0
1.0391,19941010,-0.32,000005.SZE,190023.0,19.0832,1.0391,0.9355,0.0997,0.9927,before,-4.4321,1.0359,133455972.0
1.0294,19941011,-0.12,000005.SZE,64303.0,6.4577,0.9927,0.9711,0.057999999999999996,0.9754,before,-1.7391,0.9927,44574117.0
0.9862,19941012,-0.1,000005.SZE,57795.0,5.8041,0.9754,0.9355,0.0516,0.9614,before,-1.4749,0.9647,38631449.0
0.9787,19941013,-0.46,000005.SZE,36427.0,3.6582,0.9614,0.8891,0.0928,0.8956,before,-6.8862,0.9647,23657096.0
0.9539,19941014,0.28,000005.SZE,74604.0,7.4922,0.8956,0.8136,0.1576,0.9355,before,4.5016,0.8632,46746065.0
0.9064,19941017,-0.44,000005.SZE,28780.0,2.8902,0.9355,0.8567,0.0538,0.8719,before,-6.7692,0.8924,17813850.0
0.9042,19941018,0.01,000005.SZE,15952.0,1.6019999999999999,0.8719,0.8567,0.0545,0.8740000000000001,before,0.165,0.8632,9791612.0
0.9495,19941019,0.4,000005.SZE,62286.0,6.2551,0.8740000000000001,0.8783,0.0824,0.9312,before,6.5898,0.8999,40101919.0
0.9862,19941020,0.38,000005.SZE,70310.0,7.0609,0.9312,0.9279999999999999,0.0618,0.9862,before,5.8733,0.9431,46661969.0
1.0003,19941021,-0.45,000005.SZE,77080.0,7.7408,0.9862,0.9215,0.0803,0.9215,before,-6.5693,0.9862,51713381.0
0.9711,19941024,0.33,000005.SZE,47248.0,4.7449,0.9215,0.9215,0.0547,0.9690000000000001,before,5.1563,0.9215,31192761.0
0.9927,19941025,-0.3,000005.SZE,48840.0,4.9048,0.9690000000000001,0.9258,0.0698,0.9258,before,-4.4577,0.9862,32610128.0
0.9431,19941026,-0.15,000005.SZE,26757.0,2.6871,0.9258,0.8913,0.055999999999999994,0.9042,before,-2.3328,0.8924,16821184.0
0.9193,19941027,0.11,000005.SZE,11167.0,1.1215,0.9042,0.8924,0.0303,0.9193,before,1.7516,0.8999,7044846.0
0.9355,19941028,-0.09,000005.SZE,17015.0,1.7087,0.9193,0.9064,0.0313,0.9064,before,-1.4085,0.9355,10919514.0
0.8924,19941031,-0.24,000005.SZE,19260.0,1.9342,0.9064,0.8589,0.0365,0.8719,before,-3.8095,0.8924,11719735.0
0.8913,19941101,0.06,000005.SZE,8665.0,0.8702,0.8719,0.8632,0.0314,0.8805,before,0.9901,0.8632,5287936.0
0.888,19941102,-0.03,000005.SZE,5831.0,0.5856,0.8805,0.8675,0.0229,0.8762,before,-0.4902,0.8783,3551208.0
0.9053,19941103,0.11,000005.SZE,16103.0,1.6172,0.8762,0.8751,0.0345,0.8924,before,1.8062,0.8751,9993526.0
1.2571,19941104,1.38,000005.SZE,155995.0,15.6659,0.8924,1.1254,0.1478,1.16,before,30.0,1.1254,96903275.0
1.1643,19941107,-0.08,000005.SZE,35842.0,3.5995,1.16,1.1059999999999999,0.0502,1.1448,before,-1.3378,1.1405,20777472.0
1.2009999999999998,19941108,0.11,000005.SZE,55503.0,5.5739,1.1448,1.1448,0.0492,1.1653,before,1.8644,1.1448,33503185.0
1.1740000000000002,19941109,-0.01,000005.SZE,32236.0,3.2373,1.1653,1.1254,0.0416,1.1643,before,-0.1664,1.1653,19117206.0
1.1988,19941110,-0.14,000005.SZE,45663.0,4.5857,1.1643,1.1351,0.055,1.1362,before,-2.3333,1.1837,27646662.0
1.1621,19941111,0.11,000005.SZE,17808.0,1.7884,1.1362,1.1351,0.0239,1.1578,before,1.8771,1.1351,10532503.0
1.1945,19941114,0.03,000005.SZE,36387.0,3.6542,1.1578,1.16,0.0302,1.1643,before,0.5025,1.1837,22026752.0
1.1740000000000002,19941115,-0.1,000005.SZE,13023.0,1.3078,1.1643,1.1362,0.0317,1.1448,before,-1.6667,1.1643,7728495.0
1.1556,19941116,0.0,000005.SZE,8227.0,0.8262,1.1448,1.1351,0.0186,1.1448,before,0.0,1.1448,4840484.0
1.1546,19941117,-0.08,000005.SZE,7697.0,0.773,1.1448,1.1254,0.0254,1.1287,before,-1.3559,1.1448,4498702.0
1.1308,19941118,-0.04,000005.SZE,10400.0,1.0444,1.1287,1.1059999999999999,0.0223,1.1211,before,-0.6873,1.1157,5975451.0
1.1265,19941121,-0.04,000005.SZE,5363.0,0.5386,1.1211,1.1114,0.0138,1.1136,before,-0.6920000000000001,1.1254,3093916.0
1.1254,19941122,-0.02,000005.SZE,3887.0,0.3904,1.1136,1.1059999999999999,0.0174,1.1092,before,-0.3484,1.1059999999999999,2223613.0
1.1092,19941123,-0.09,000005.SZE,7623.0,0.7655,1.1092,1.0866,0.021,1.092,before,-1.5734,1.1092,4294504.0
1.1059999999999999,19941124,-0.09,000005.SZE,6550.0,0.6578,1.092,1.0682,0.0337,1.0747,before,-1.5986,1.0747,3646916.0
1.1211,19941125,0.08,000005.SZE,8824.0,0.8862,1.0747,1.0769,0.0415,1.0898,before,1.444,1.0769,4987330.0
1.0941,19941128,-0.06,000005.SZE,3917.0,0.3934,1.0898,1.0769,0.016,1.0779,before,-1.0676,1.0769,2181963.0
1.0963,19941129,0.09,000005.SZE,7248.0,0.7279,1.0779,1.0628,0.0306,1.0963,before,1.6187,1.0672,3998376.0
1.0963,19941130,-0.09,000005.SZE,5884.0,0.5909,1.0963,1.0769,0.0177,1.0779,before,-1.5929,1.0866,3287292.0
1.0866,19941201,-0.02,000005.SZE,1891.0,0.1899,1.0779,1.0672,0.018000000000000002,1.0747,before,-0.3597,1.0866,1047737.0
1.0769,19941202,-0.04,000005.SZE,3596.0,0.3611,1.0747,1.0672,0.009000000000000001,1.0672,before,-0.722,1.0672,1982348.0
1.0628,19941205,-0.16,000005.SZE,3634.0,0.3649,1.0672,1.0294,0.0309,1.0359,before,-2.9091,1.0628,1964122.0
1.0283,19941206,-0.19,000005.SZE,10578.0,1.0623,1.0359,0.9895,0.0375,0.9992,before,-3.5581,1.0283,5461533.0
1.0186,19941207,0.0,000005.SZE,8266.0,0.8301,0.9992,0.983,0.035,0.9992,before,0.0,0.9895,4232639.0
1.0089,19941208,-0.15,000005.SZE,9184.0,0.9223,0.9992,0.97,0.0388,0.97,before,-2.9126,1.0089,4624060.0
0.9679,19941209,-0.11,000005.SZE,9470.0,0.951,0.97,0.9312,0.038,0.9485,before,-2.2,0.9312,4636555.0
0.9463,19941212,-0.17,000005.SZE,8610.0,0.8647,0.9485,0.9118,0.0368,0.915,before,-3.4765,0.9463,4090787.0
0.97,19941213,0.27,000005.SZE,35934.0,3.6087,0.915,0.9096,0.0657,0.9679,before,5.7203,0.9118,17480511.0
1.0024,19941214,0.01,000005.SZE,38191.0,3.8354,0.9679,0.9431,0.0621,0.97,before,0.2004,0.9722,19184336.0
1.2409,19941215,1.28,000005.SZE,148579.0,14.9211,0.97,0.9506,0.3,1.2182,before,25.6,0.97,86488960.0
1.3574,19941216,0.02,000005.SZE,455348.0,45.7286,1.2182,1.1448,0.1752,1.2215,before,0.3185,1.2215,304760594.0
1.3089,19941219,-0.27,000005.SZE,152397.0,15.3046,1.2215,1.1643,0.11900000000000001,1.1697,before,-4.2857,1.2312,97936617.0
1.2603,19941220,0.32,000005.SZE,132433.0,13.2997,1.1697,1.1794,0.0697,1.2312,before,5.3068,1.1837,83363331.0
1.2452,19941221,-0.19,000005.SZE,68573.0,6.8865,1.2312,1.1815,0.052000000000000005,1.1945,before,-2.9921,1.2215,43120585.0
1.2117,19941222,-0.01,000005.SZE,46174.0,4.6371,1.1945,1.1448,0.0568,1.1923,before,-0.1623,1.1945,28017938.0
1.2117,19941223,-0.11,000005.SZE,45433.0,4.5626,1.1923,1.1643,0.0407,1.1718,before,-1.7886,1.1923,27799625.0
1.1869,19941226,-0.21,000005.SZE,27624.0,2.7742,1.1718,1.1265,0.0513,1.1308,before,-3.4768,1.1546,16380830.0
1.1643,19941227,0.07,000005.SZE,21794.0,2.1887,1.1308,1.1254,0.0343,1.1448,before,1.2007,1.1265,12817618.0
1.1837,19941228,0.07,000005.SZE,20650.0,2.0738,1.1448,1.1405,0.0373,1.1578,before,1.1864,1.1621,12334834.0
1.1751,19941229,0.04,000005.SZE,16629.0,1.67,1.1578,1.1546,0.0184,1.1653,before,0.67,1.1621,9973433.0
1.2117,19941230,0.1,000005.SZE,51820.0,5.2041,1.1653,1.1578,0.0466,1.1848,before,1.6639,1.1643,31700852.0
1.1837,19950103,-0.01,000005.SZE,14210.0,1.4269999999999998,1.1848,1.1351,0.0409,1.1837,before,-0.1637,1.1740000000000002,8500376.0
1.2376,19950104,0.27,000005.SZE,40054.0,4.0224,1.1837,1.1643,0.0623,1.2355,before,4.4262,1.1837,25065672.0
1.2592,19950105,-0.1,000005.SZE,47515.0,4.7717,1.2355,1.202,0.0455,1.2161,before,-1.5699,1.2355,30120037.0
1.2215,19950106,0.01,000005.SZE,23085.0,2.3183,1.2161,1.1848,0.0303,1.2182,before,0.1595,1.202,14288170.0
1.2085,19950109,-0.2,000005.SZE,15735.0,1.5802,1.2182,1.1740000000000002,0.0287,1.1794,before,-3.1847,1.2085,9627910.0
1.1643,19950110,-0.16,000005.SZE,29475.0,2.96,1.1794,1.1362,0.023,1.1481,before,-2.6316,1.1643,17432510.0
1.1621,19950111,0.04,000005.SZE,9190.0,0.9229,1.1481,1.1448,0.0152,1.1556,before,0.6757,1.1502,5461854.0
1.16,19950112,-0.06,000005.SZE,10921.0,1.0967,1.1556,1.1405,0.0168,1.1448,before,-1.0067,1.1546,6455143.0
1.1448,19950113,-0.04,000005.SZE,11941.0,1.1992,1.1448,1.119,0.022000000000000002,1.1362,before,-0.6779999999999999,1.1448,6935051.0
1.1157,19950116,-0.26,000005.SZE,17799.0,1.7875,1.1362,1.0682,0.040999999999999995,1.0866,before,-4.4369,1.0866,10038385.0
1.1233,19950117,0.07,000005.SZE,10206.0,1.0249,1.0866,1.0779,0.0411,1.0995,before,1.25,1.0866,5792812.0
1.1448,19950118,0.23,000005.SZE,14835.0,1.4898,1.0995,1.0963,0.0441,1.1448,before,4.0564,1.1038,8513446.0
1.1448,19950119,-0.27,000005.SZE,15891.0,1.5959,1.1448,1.0672,0.0678,1.092,before,-4.5763,1.1448,9018770.0
1.1254,19950120,0.05,000005.SZE,18478.0,1.8557,1.092,1.0628,0.0568,1.1017,before,0.8881,1.0682,10397333.0
1.1017,19950123,-0.1,000005.SZE,9039.0,0.9077,1.1017,1.0769,0.0229,1.0823,before,-1.7606,1.1017,5074595.0
1.1059999999999999,19950124,0.06,000005.SZE,5452.0,0.5475,1.0823,1.0779,0.0251,1.0941,before,1.0753,1.0823,3070074.0
1.1168,19950125,0.11,000005.SZE,14306.0,1.4367,1.0941,1.0898,0.0248,1.1157,before,1.9504,1.1059999999999999,8166873.0
1.1157,19950126,-0.1,000005.SZE,7168.0,0.7199,1.1157,1.0963,0.0174,1.0963,before,-1.7391,1.1157,4076349.0
1.1157,19950127,0.01,000005.SZE,13468.0,1.3525,1.0963,1.0866,0.0265,1.0974,before,0.177,1.0866,7667659.0
1.1157,19950213,0.06,000005.SZE,5131.0,0.5153,1.0974,1.0574,0.053,1.1092,before,1.0601,1.0672,2912327.0
1.1168,19950214,-0.03,000005.SZE,3626.0,0.3641,1.1092,1.0898,0.0245,1.1038,before,-0.5245,1.1114,2067446.0
1.1092,19950215,-0.04,000005.SZE,1733.0,0.174,1.1038,1.0898,0.0176,1.0963,before,-0.703,1.0898,982061.0
1.0995,19950216,-0.04,000005.SZE,2348.0,0.2358,1.0963,1.0823,0.0159,1.0877,before,-0.708,1.0995,1316212.0
1.0963,19950217,0.0,000005.SZE,2278.0,0.2288,1.0877,1.0844,0.0107,1.0877,before,0.0,1.0866,1278680.0
1.1017,19950220,0.02,000005.SZE,2187.0,0.2196,1.0877,1.0866,0.0143,1.092,before,0.3565,1.1017,1231236.0
1.092,19950221,0.0,000005.SZE,2107.0,0.2116,1.092,1.0769,0.0142,1.092,before,0.0,1.0866,1177272.0
1.2743,19950222,0.9,000005.SZE,59225.0,5.9477,1.092,1.0866,0.1723,1.2668,before,15.9858,1.092,37239551.0
1.27,19950223,-0.03,000005.SZE,82391.0,8.2742,1.2668,1.1751,0.075,1.2603,before,-0.4594,1.2409,52195800.0
1.2474,19950224,-0.41,000005.SZE,46950.0,4.715,1.2603,1.1794,0.0538,1.1815,before,-6.3077,1.2117,29115926.0
1.2571,19950227,0.01,000005.SZE,38357.0,3.852,1.1815,1.1740000000000002,0.0706,1.1837,before,0.1642,1.202,23982569.0
1.1794,19950228,-0.09,000005.SZE,14648.0,1.4709999999999999,1.1837,1.1448,0.0295,1.1653,before,-1.4754,1.1643,8772793.0
1.1923,19950301,0.1,000005.SZE,11812.0,1.1862,1.1653,1.1643,0.025,1.1848,before,1.6639,1.1643,7209999.0
1.1923,19950302,-0.01,000005.SZE,6803.0,0.6832,1.1848,1.1740000000000002,0.0164,1.1837,before,-0.1637,1.1923,4158549.0
1.2204,19950303,0.1,000005.SZE,27919.0,2.8038,1.1837,1.1837,0.0311,1.202,before,1.6393,1.1837,17347436.0
1.2506,19950306,0.25,000005.SZE,43450.0,4.3635,1.202,1.2064,0.0371,1.2506,before,4.0323,1.2182,27466313.0
1.2765,19950307,0.06,000005.SZE,103144.0,10.3583,1.2506,1.2117,0.0512,1.2625,before,0.9302,1.27,66809273.0
1.2743,19950308,-0.06,000005.SZE,49477.0,4.9688,1.2625,1.2312,0.0338,1.2506,before,-0.9217,1.27,31931456.0
1.2409,19950309,-0.21,000005.SZE,22831.0,2.2928,1.2506,1.2085,0.0264,1.2107,before,-3.2558,1.2409,14471614.0
1.2107,19950310,-0.1,000005.SZE,21941.0,2.2034,1.2107,1.1837,0.0224,1.1912,before,-1.6026,1.1837,13524863.0
1.2117,19950313,-0.04,000005.SZE,11634.0,1.1684,1.1912,1.1751,0.0309,1.1837,before,-0.6515,1.1912,7131880.0
1.1923,19950314,-0.02,000005.SZE,7460.0,0.7492,1.1837,1.1697,0.0197,1.1794,before,-0.3279,1.1837,4540905.0
1.1891,19950315,-0.16,000005.SZE,14178.0,1.4238,1.1794,1.1405,0.0411,1.1481,before,-2.6316,1.1837,8420864.0
1.1546,19950316,0.03,000005.SZE,8405.0,0.8441,1.1481,1.1211,0.0287,1.1546,before,0.5068,1.1448,4945018.0
1.1675,19950317,0.03,000005.SZE,10473.0,1.0518,1.1546,1.1351,0.0286,1.16,before,0.5042,1.1546,6218730.0
1.1751,19950320,-0.15,000005.SZE,8326.0,0.8361,1.16,1.1254,0.0435,1.1308,before,-2.5084,1.1578,4971666.0
1.1524,19950321,0.05,000005.SZE,7254.0,0.7285,1.1308,1.1211,0.0274,1.1405,before,0.8576,1.1265,4268495.0
1.1837,19950322,0.21,000005.SZE,16213.0,1.6282,1.1405,1.1362,0.0408,1.1815,before,3.5714,1.1524,9764189.0
1.1945,19950323,-0.12,000005.SZE,12409.0,1.2462,1.1815,1.1546,0.0345,1.1578,before,-1.9704,1.1923,7522791.0
1.1643,19950324,0.03,000005.SZE,6236.0,0.6263,1.1578,1.1405,0.0201,1.1643,before,0.5025,1.1578,3701015.0
1.1794,19950327,0.05,000005.SZE,6937.0,0.6967,1.1643,1.1546,0.0217,1.1740000000000002,before,0.8333,1.1546,4184551.0
1.1794,19950328,-0.05,000005.SZE,5576.0,0.56,1.1740000000000002,1.1621,0.0149,1.1643,before,-0.8264,1.1794,3353908.0
1.1794,19950329,0.08,000005.SZE,5940.0,0.5965,1.1643,1.1546,0.0217,1.1794,before,1.3333,1.1643,3562586.0
1.1891,19950330,-0.1,000005.SZE,8044.0,0.8078,1.1794,1.1556,0.027999999999999997,1.16,before,-1.6447,1.1794,4874281.0
1.1772,19950331,0.04,000005.SZE,5200.0,0.5222,1.16,1.1546,0.0201,1.1675,before,0.6689,1.1643,3116283.0
1.1815,19950403,0.04,000005.SZE,8277.0,0.8312,1.1675,1.1653,0.0133,1.1751,before,0.6645,1.1815,5013519.0
1.1751,19950404,-0.04,000005.SZE,6122.0,0.6148,1.1751,1.1524,0.0198,1.1675,before,-0.6601,1.1751,3662527.0
1.1740000000000002,19950405,-0.07,000005.SZE,4208.0,0.4226,1.1675,1.1427,0.0266,1.1546,before,-1.1628,1.1643,2516098.0
1.1740000000000002,19950406,0.05,000005.SZE,3759.0,0.3775,1.1546,1.1448,0.0252,1.1643,before,0.8403,1.1448,2244596.0
1.2376,19950407,0.3,000005.SZE,36167.0,3.6321,1.1643,1.1546,0.0717,1.2215,before,5.0,1.1740000000000002,22627350.0
1.2452,19950410,-0.06,000005.SZE,26751.0,2.6865,1.2215,1.202,0.0349,1.2107,before,-0.9524,1.2409,16935641.0
1.202,19950411,-0.2,000005.SZE,20621.0,2.0709,1.2107,1.1643,0.0321,1.1718,before,-3.2051,1.202,12561170.0
1.1923,19950412,0.07,000005.SZE,15955.0,1.6023,1.1718,1.1546,0.0331,1.1848,before,1.1589,1.1643,9628113.0
1.1869,19950413,-0.11,000005.SZE,6709.0,0.6738,1.1848,1.1643,0.0196,1.1643,before,-1.8003,1.1837,4060075.0
1.1837,19950414,0.05,000005.SZE,5508.0,0.5531,1.1643,1.16,0.02,1.1740000000000002,before,0.8333,1.1643,3321444.0
1.1837,19950417,-0.02,000005.SZE,4074.0,0.4091,1.1740000000000002,1.1643,0.0165,1.1697,before,-0.3306,1.1837,2452346.0
1.1794,19950418,-0.04,000005.SZE,4847.0,0.4868,1.1697,1.16,0.0166,1.1621,before,-0.6633,1.1794,2913426.0
1.1740000000000002,19950419,0.04,000005.SZE,2843.0,0.2855,1.1621,1.16,0.0117,1.1697,before,0.6678,1.1621,1708000.0
1.1740000000000002,19950420,-0.02,000005.SZE,11859.0,1.1909,1.1697,1.1524,0.0182,1.1653,before,-0.3317,1.1697,7100061.0
1.1718,19950421,-0.11,000005.SZE,10639.0,1.0684,1.1653,1.1427,0.025,1.1448,before,-1.8303,1.1653,6402335.0
1.1448,19950424,-0.17,000005.SZE,8706.0,0.8743,1.1448,1.1059999999999999,0.0339,1.1114,before,-2.8814,1.1254,5126580.0
1.1059999999999999,19950425,-0.06,000005.SZE,5989.0,0.6014,1.1114,1.0672,0.0349,1.0995,before,-1.0471,1.1059999999999999,3371351.0
1.1157,19950426,-0.19,000005.SZE,12460.0,1.2513,1.0995,0.9895,0.1146,1.0628,before,-3.3510000000000004,1.0963,7009003.0
1.1254,19950427,-0.28,000005.SZE,15915.0,1.5983,1.0628,0.9334,0.1807,1.0089,before,-5.1095,0.9722,8292293.0
1.0477,19950428,0.18,000005.SZE,15108.0,1.5172,1.0089,0.9895,0.0577,1.0434,before,3.4615,1.0089,7966047.0
1.0283,19950502,-0.16,000005.SZE,6976.0,0.7006,1.0434,1.0046,0.0223,1.0121,before,-2.9739999999999998,1.0186,3640224.0
1.024,19950503,-0.09,000005.SZE,4289.0,0.4307,1.0121,0.9949,0.0287,0.9949,before,-1.7241,1.0186,2242750.0
0.9927,19950504,-0.08,000005.SZE,5126.0,0.5148,0.9949,0.97,0.0234,0.9798,before,-1.5595,0.9819,2589117.0
0.9852,19950505,-0.02,000005.SZE,5238.0,0.526,0.9798,0.9603,0.0257,0.9754,before,-0.396,0.9819,2629934.0
0.9949,19950508,0.07,000005.SZE,7174.0,0.7205,0.9754,0.97,0.0258,0.9895,before,1.3917,0.97,3622496.0
0.9992,19950509,-0.01,000005.SZE,3066.0,0.3079,0.9895,0.9852,0.0137,0.9873,before,-0.1961,0.9852,1569583.0
0.9927,19950510,-0.19,000005.SZE,7180.0,0.7211,0.9873,0.9506,0.0432,0.9506,before,-3.7328,0.9895,3568427.0
0.97,19950511,0.02,000005.SZE,3700.0,0.3716,0.9506,0.9506,0.0204,0.9539,before,0.4082,0.97,1831382.0
0.9992,19950512,0.12,000005.SZE,7682.0,0.7715,0.9539,0.9506,0.0508,0.9776,before,2.439,0.9603,3882271.0
0.9798,19950515,-0.03,000005.SZE,2360.0,0.237,0.9776,0.97,0.0099,0.9722,before,-0.5952,0.97,1182321.0
0.9798,19950516,-0.03,000005.SZE,3722.0,0.3738,0.9722,0.9506,0.0299,0.9657,before,-0.5988,0.97,1851692.0
0.97,19950517,0.02,000005.SZE,3218.0,0.3232,0.9657,0.9506,0.0201,0.97,before,0.4016,0.9603,1601662.0
1.2603,19950518,1.3,000005.SZE,72311.0,7.2619,0.97,1.1675,0.096,1.2215,before,26.0,1.1794,45942298.0
1.2959,19950519,0.38,000005.SZE,124758.0,12.5289,1.2215,1.1794,0.0952,1.2959,before,6.0317,1.2215,80937959.0
1.474,19950522,0.55,000005.SZE,185659.0,18.6449,1.2959,1.338,0.1048,1.4027,before,8.2335,1.474,135029279.0
1.3153,19950523,-1.13,000005.SZE,97260.0,9.7674,1.4027,1.1653,0.1065,1.1837,before,-15.6293,1.2204,61349538.0
1.2117,19950524,-0.05,000005.SZE,38493.0,3.8657,1.1837,1.1254,0.0738,1.1740000000000002,before,-0.8197,1.1643,23159821.0
1.1923,19950525,-0.44,000005.SZE,22980.0,2.3078,1.1740000000000002,1.0866,0.0909,1.0877,before,-7.2727,1.1837,13490125.0
1.2215,19950526,0.18,000005.SZE,34221.0,3.4367,1.0877,1.0477,0.1604,1.1233,before,3.2086,1.0682,19530364.0
1.1405,19950529,-0.04,000005.SZE,11649.0,1.1699,1.1233,1.0866,0.0484,1.1157,before,-0.6908,1.1351,6719559.0
1.1168,19950530,-0.05,000005.SZE,5153.0,0.5175,1.1157,1.0963,0.0191,1.1059999999999999,before,-0.8696,1.0963,2942000.0
1.1059999999999999,19950531,-0.1,000005.SZE,5641.0,0.5665,1.1059999999999999,1.0779,0.0246,1.0866,before,-1.7544,1.1059999999999999,3176570.0
1.1038,19950601,0.08,000005.SZE,3671.0,0.3687,1.0866,1.0769,0.025,1.1017,before,1.4286,1.0823,2058079.0
1.1059999999999999,19950602,-0.09,000005.SZE,4705.0,0.4725,1.1017,1.0844,0.0194,1.0844,before,-1.5845,1.1017,2649362.0
1.0823,19950605,-0.21,000005.SZE,9453.0,0.9493,1.0844,1.038,0.0411,1.0434,before,-3.7567,1.0823,5131580.0
1.051,19950606,0.04,000005.SZE,6628.0,0.6656,1.0434,1.0218,0.0279,1.051,before,0.7435,1.0283,3538522.0
1.0866,19950607,0.16,000005.SZE,7711.0,0.7744,1.051,1.0456,0.0387,1.0823,before,2.952,1.0488,4213539.0
1.0823,19950608,-0.21,000005.SZE,7667.0,0.77,1.0823,1.038,0.0412,1.0413,before,-3.7634,1.0823,4217761.0
1.051,19950609,0.01,000005.SZE,4922.0,0.4943,1.0413,1.0283,0.0223,1.0434,before,0.1862,1.0283,2645937.0
1.0434,19950612,-0.06,000005.SZE,4917.0,0.4938,1.0434,1.0283,0.0149,1.0316,before,-1.1152,1.0434,2621435.0
1.038,19950613,0.02,000005.SZE,2875.0,0.2887,1.0316,1.024,0.0132,1.0359,before,0.3759,1.024,1531553.0
1.0391,19950614,-0.03,000005.SZE,3801.0,0.3817,1.0359,1.0283,0.0112,1.0294,before,-0.5618,1.0294,2018911.0
1.0283,19950615,-0.3,000005.SZE,13948.0,1.4007,1.0294,0.9506,0.0753,0.9722,before,-5.6497,0.9873,7025845.0
0.9895,19950616,0.09,000005.SZE,8770.0,0.8807,0.9722,0.9528,0.0379,0.9895,before,1.7964,0.9528,4408627.0
0.9873,19950619,-0.09,000005.SZE,1303.0,0.1309,0.9895,0.9603,0.0275,0.9722,before,-1.7647,0.9852,653280.0
0.9895,19950620,-0.03,000005.SZE,3437.0,0.3452,0.9722,0.9625,0.0279,0.9657,before,-0.5988,0.97,1723765.0
0.9776,19950621,0.06,000005.SZE,5341.0,0.5364,0.9657,0.956,0.0221,0.9776,before,1.2048,0.97,2653027.0
0.9776,19950622,-0.06,000005.SZE,2180.0,0.2189,0.9776,0.9603,0.0179,0.9657,before,-1.1905,0.9776,1086988.0
0.97,19950623,0.0,000005.SZE,3435.0,0.345,0.9657,0.956,0.0141,0.9657,before,0.0,0.9657,1705986.0
0.9798,19950626,0.06,000005.SZE,4252.0,0.42700000000000005,0.9657,0.9657,0.0141,0.9776,before,1.2048,0.97,2130000.0
0.9798,19950627,-0.06,000005.SZE,4746.0,0.4766,0.9776,0.9603,0.0198,0.9657,before,-1.1905,0.9603,2374434.0
0.97,19950628,-0.03,000005.SZE,2048.0,0.2057,0.9657,0.9506,0.0201,0.9603,before,-0.6024,0.97,1011575.0
0.97,19950629,-0.03,000005.SZE,3077.0,0.309,0.9603,0.9485,0.0222,0.9539,before,-0.6061,0.97,1512129.0
0.9506,19950630,-0.06,000005.SZE,3524.0,0.3539,0.9539,0.9344,0.0163,0.9431,before,-1.2195,0.9506,1720706.0
0.9312,19950703,-0.16,000005.SZE,3713.0,0.3729,0.9431,0.9042,0.0288,0.9118,before,-3.2922,0.9312,1748349.0
0.9215,19950704,0.01,000005.SZE,3102.0,0.3115,0.9118,0.9075,0.0149,0.9139,before,0.2128,0.9118,1461478.0
0.9312,19950705,-0.01,000005.SZE,3323.0,0.3337,0.9139,0.8924,0.0425,0.9118,before,-0.2123,0.9118,1561005.0
0.9269,19950706,-0.07,000005.SZE,4597.0,0.4617,0.9118,0.8978,0.0319,0.8978,before,-1.4894,0.9269,2155469.0
0.9247,19950707,0.12,000005.SZE,7932.0,0.7966,0.8978,0.8924,0.0367,0.9215,before,2.5918,0.8924,3734271.0
0.9506,19950710,0.13,000005.SZE,9133.0,0.9172,0.9215,0.9215,0.0316,0.9463,before,2.7368,0.9409,4409283.0
0.9603,19950711,-0.14,000005.SZE,3581.0,0.3596,0.9463,0.9118,0.0512,0.9193,before,-2.8689,0.9485,1718955.0
0.915,19950712,-0.08,000005.SZE,3364.0,0.3378,0.9193,0.9021,0.0148,0.9042,before,-1.6878,0.915,1573906.0
0.9172,19950713,0.05,000005.SZE,3759.0,0.3775,0.9042,0.9021,0.0172,0.9139,before,1.073,0.9042,1759537.0
0.9269,19950714,-0.03,000005.SZE,3529.0,0.3544,0.9139,0.9021,0.0276,0.9075,before,-0.6369,0.9139,1668515.0
0.9463,19950717,0.13,000005.SZE,8559.0,0.8595,0.9075,0.9042,0.047,0.9334,before,2.7778,0.9042,4102093.0
0.9409,19950718,-0.08,000005.SZE,4733.0,0.4753,0.9334,0.9118,0.0312,0.9172,before,-1.6632,0.9312,2246494.0
0.9269,19950719,-0.11,000005.SZE,5900.0,0.5925,0.9172,0.8956,0.0338,0.8956,before,-2.3256,0.9215,2760259.0
0.9312,19950720,0.03,000005.SZE,4077.0,0.4094,0.8956,0.8924,0.0433,0.9021,before,0.6494,0.8924,1910437.0
0.9215,19950721,0.05,000005.SZE,6197.0,0.6223,0.9021,0.888,0.0366,0.9118,before,1.0753,0.888,2879113.0
0.9215,19950724,-0.01,000005.SZE,7301.0,0.7332,0.9118,0.9021,0.0213,0.9096,before,-0.2128,0.9215,3416678.0
0.9679,19950725,0.25,000005.SZE,53795.0,5.4024,0.9096,0.9118,0.0618,0.9582,before,5.3305,0.9118,26440895.0
1.0175,19950726,0.01,000005.SZE,43872.0,4.4059,0.9582,0.9495,0.0713,0.9603,before,0.2227,0.9992,20178633.0
0.9603,19950727,-0.06,000005.SZE,13152.0,1.3208,0.9603,0.9279999999999999,0.0333,0.9474,before,-1.3333,0.956,5817696.0
0.9388,19950728,-0.07,000005.SZE,9211.0,0.8409,0.9474,0.9279999999999999,0.0113,0.9323,before,-1.5766,0.9388,4025300.0
0.9431,19950731,-0.02,000005.SZE,5301.0,0.484,0.9323,0.9236,0.0206,0.9279999999999999,before,-0.4577,0.9366,2312732.0
0.9366,19950801,0.03,000005.SZE,4021.0,0.3671,0.9279999999999999,0.9096,0.0299,0.9344,before,0.6897,0.9279999999999999,1735904.0
0.9431,19950802,-0.07,000005.SZE,7125.0,0.6505,0.9344,0.9172,0.0274,0.9193,before,-1.5982,0.9388,3110863.0
0.9279999999999999,19950803,-0.03,000005.SZE,3407.0,0.311,0.9193,0.9075,0.0232,0.9129,before,-0.6961,0.9193,1456027.0
0.9647,19950807,0.23,000005.SZE,14432.0,1.3176,0.9129,0.9107,0.0584,0.9625,before,5.3738,0.9215,6390653.0
1.0035,19950808,-0.04,000005.SZE,24361.0,2.2241,0.9625,0.9344,0.071,0.9539,before,-0.8869,0.9819,11141108.0
0.9539,19950809,-0.04,000005.SZE,5493.0,0.5015,0.9539,0.9323,0.0224,0.9452,before,-0.8949,0.9539,2415425.0
0.9582,19950810,-0.01,000005.SZE,8044.0,0.7344,0.9452,0.9344,0.0248,0.9431,before,-0.2257,0.9582,3547374.0
0.9625,19950811,0.02,000005.SZE,15183.0,1.3861,0.9431,0.9172,0.0475,0.9474,before,0.4525,0.9431,6660873.0
0.9884,19950814,0.19,000005.SZE,32588.0,2.9752,0.9474,0.9409,0.0495,0.9884,before,4.2793,0.9647,14628569.0
0.9905,19950815,-0.14,000005.SZE,17814.0,1.6263,0.9884,0.956,0.0346,0.9582,before,-3.0238,0.9905,8084091.0
0.9582,19950816,-0.01,000005.SZE,8282.0,0.7561,0.9582,0.9409,0.0178,0.956,before,-0.2227,0.9495,3680983.0
0.9690000000000001,19950817,-0.01,000005.SZE,21364.0,1.9504,0.956,0.9431,0.0268,0.9539,before,-0.2232,0.9603,9513434.0
1.1092,19950818,0.41,000005.SZE,95708.0,8.7378,0.9539,0.9388,0.179,1.0413,before,9.1723,0.9474,46698603.0
1.0456,19950821,-0.28,000005.SZE,33715.0,3.0780000000000003,1.0413,0.9603,0.08199999999999999,0.9819,before,-5.7377,1.024,15903741.0
1.0197,19950822,-0.07,000005.SZE,14017.0,1.2797,0.9819,0.9603,0.0609,0.9668,before,-1.5217,0.9819,6434068.0
0.9992,19950823,-0.06,000005.SZE,9488.0,0.8662,0.9668,0.9431,0.0574,0.9539,before,-1.3245,0.9819,4279597.0
0.9711,19950824,-0.01,000005.SZE,10414.0,0.9508,0.9539,0.9129,0.0604,0.9517,before,-0.2237,0.9539,4583816.0
0.9495,19950825,-0.12,000005.SZE,7630.0,0.6966,0.9517,0.9236,0.0269,0.9258,before,-2.6906,0.9495,3331916.0
0.9172,19950828,-0.07,000005.SZE,5151.0,0.4703,0.9258,0.9075,0.0115,0.9107,before,-1.6129,0.9129,2200627.0
0.9366,19950829,-0.01,000005.SZE,6168.0,0.5631,0.9107,0.9053,0.0351,0.9096,before,-0.2342,0.9107,2649869.0
0.9215,19950830,-0.01,000005.SZE,3853.0,0.3518,0.9096,0.9053,0.0188,0.9075,before,-0.2347,0.9075,1641724.0
0.915,19950831,-0.02,000005.SZE,6026.0,0.5501,0.9075,0.8924,0.0259,0.9031,before,-0.4706,0.9075,2545834.0
0.915,19950904,0.01,000005.SZE,4485.0,0.4095,0.9031,0.9009999999999999,0.0165,0.9053,before,0.2364,0.9075,1904366.0
0.9172,19950905,0.0,000005.SZE,4375.0,0.3994,0.9053,0.8967,0.0236,0.9053,before,0.0,0.9129,1857123.0
0.9107,19950906,0.03,000005.SZE,3317.0,0.3028,0.9053,0.8967,0.0165,0.9107,before,0.7075,0.9053,1400341.0
0.9279999999999999,19950907,-0.05,000005.SZE,6120.0,0.5587,0.9107,0.8988,0.0328,0.9009999999999999,before,-1.171,0.9172,2624426.0
0.9031,19950908,-0.02,000005.SZE,2874.0,0.2624,0.9009999999999999,0.8924,0.0118,0.8967,before,-0.4739,0.9031,1208850.0
0.9075,19950911,0.05,000005.SZE,2875.0,0.2625,0.8967,0.8924,0.0167,0.9075,before,1.1905,0.8967,1208515.0
0.9388,19950912,0.0,000005.SZE,6010.0,0.5487,0.9075,0.8988,0.0447,0.9075,before,0.0,0.9258,2575001.0
0.9172,19950913,0.0,000005.SZE,9191.0,0.8391,0.9075,0.8902,0.0306,0.9075,before,0.0,0.9075,3859381.0
0.9172,19950914,0.0,000005.SZE,7287.0,0.6653,0.9075,0.8945,0.0259,0.9075,before,0.0,0.9096,3088873.0
0.9075,19950915,-0.05,000005.SZE,5556.0,0.5072,0.9075,0.8924,0.0165,0.8967,before,-1.1765,0.8967,2334278.0
0.9075,19950918,0.03,000005.SZE,3672.0,0.3352,0.8967,0.8967,0.0119,0.9031,before,0.7143,0.9075,1545955.0
0.9031,19950919,-0.13,000005.SZE,4706.0,0.4296,0.9031,0.8729,0.0331,0.8751,before,-3.0733,0.9009999999999999,1962516.0
0.8665,19950920,-0.1,000005.SZE,5494.0,0.5016,0.8751,0.8427,0.0268,0.8535,before,-2.439,0.8643,2198533.0
0.8708,19950921,0.02,000005.SZE,3104.0,0.2834,0.8535,0.8427,0.0325,0.8578,before,0.5,0.8427,1240550.0
0.8751,19950922,0.03,000005.SZE,4679.0,0.4272,0.8578,0.8492,0.0299,0.8643,before,0.7463,0.8578,1887360.0
0.8686,19950925,-0.06,000005.SZE,2666.0,0.2434,0.8643,0.847,0.0247,0.8514,before,-1.4815,0.8665,1069408.0
0.8557,19950926,0.0,000005.SZE,1975.0,0.1803,0.8514,0.8449,0.0125,0.8514,before,0.0,0.8535,787020.0
0.8427,19950927,-0.11,000005.SZE,3767.0,0.3439,0.8514,0.8211,0.0251,0.8276,before,-2.7569,0.8427,1468033.0
0.8211,19950928,-0.06,000005.SZE,6206.0,0.5666,0.8276,0.8093,0.0155,0.8147,before,-1.5464,0.8211,2361903.0
0.8557,19950929,0.16,000005.SZE,7808.0,0.7128,0.8147,0.8136,0.0524,0.8492,before,4.1885,0.8319,3061720.0
0.8535,19951004,-0.08,000005.SZE,3366.0,0.3073,0.8492,0.8114,0.0503,0.8319,before,-2.0101,0.8492,1310256.0
0.8406,19951005,0.02,000005.SZE,2515.0,0.2296,0.8319,0.8276,0.0154,0.8362,before,0.5128,0.8319,983830.0
0.8427,19951006,-0.04,000005.SZE,2910.0,0.2657,0.8362,0.8255,0.0204,0.8276,before,-1.0204,0.8427,1129171.0
0.8211,19951009,-0.07,000005.SZE,3508.0,0.3203,0.8276,0.8114,0.0129,0.8136,before,-1.8041,0.8211,1339061.0
0.8136,19951010,-0.05,000005.SZE,4282.0,0.3909,0.8136,0.7942,0.0236,0.8028,before,-1.3123,0.8071,1611475.0
0.8136,19951011,-0.02,000005.SZE,3053.0,0.2787,0.8028,0.7898,0.0293,0.7985,before,-0.5319,0.8136,1139185.0
0.8071,19951012,-0.07,000005.SZE,6300.0,0.5752,0.7985,0.7791,0.0348,0.7834,before,-1.8717,0.7898,2331754.0
0.7942,19951013,0.02,000005.SZE,3687.0,0.3366,0.7834,0.7747,0.0245,0.7877,before,0.545,0.7834,1355192.0
0.8006,19951016,0.05,000005.SZE,2210.0,0.2018,0.7877,0.7877,0.0163,0.7985,before,1.355,0.7877,823008.0
0.805,19951017,0.01,000005.SZE,2512.0,0.2293,0.7985,0.7898,0.0187,0.8006,before,0.2674,0.805,935095.0
0.8136,19951018,0.03,000005.SZE,2926.0,0.2671,0.8006,0.7985,0.0187,0.8071,before,0.8,0.8136,1100857.0
0.8147,19951019,-0.07,000005.SZE,3329.0,0.3039,0.8071,0.7791,0.045,0.792,before,-1.8519,0.8114,1242206.0
0.9172,19951020,0.49,000005.SZE,45735.0,4.1754,0.792,0.7877,0.1644,0.8967,before,13.2075,0.792,18742169.0
0.9075,19951023,-0.1,000005.SZE,27349.0,2.4969,0.8967,0.8578,0.0548,0.8751,before,-2.381,0.9075,11336535.0
0.8859,19951024,-0.04,000005.SZE,12456.0,1.1372,0.8751,0.8557,0.0341,0.8665,before,-0.9756,0.8751,5068769.0
0.9215,19951025,0.15,000005.SZE,35162.0,3.2102,0.8665,0.8751,0.0542,0.8988,before,3.6946,0.8967,14849809.0
0.8945,19951026,-0.12,000005.SZE,14333.0,1.3085,0.8988,0.8643,0.0333,0.8729,before,-2.8504,0.8924,5881216.0
0.8557,19951027,-0.18,000005.SZE,9427.0,0.8606,0.8729,0.8255,0.0342,0.8341,before,-4.401,0.8557,3687279.0
0.8276,19951030,-0.08,000005.SZE,4396.0,0.4013,0.8341,0.8147,0.0153,0.8168,before,-2.046,0.8233,1688733.0
0.8341,19951031,-0.03,000005.SZE,4676.0,0.4269,0.8168,0.8028,0.0392,0.8114,before,-0.7833,0.8211,1796319.0
0.8319,19951101,0.05,000005.SZE,4271.0,0.3899,0.8114,0.8071,0.0316,0.8211,before,1.3158,0.8319,1649866.0
0.9075,19951102,0.05,000005.SZE,5875.0,0.5364,0.8211,0.8147,0.1117,0.8319,before,1.2987,0.8406,2319337.0
0.8535,19951103,0.04,000005.SZE,3617.0,0.3302,0.8319,0.8255,0.0333,0.8406,before,1.0256,0.8535,1416109.0
0.8427,19951106,-0.01,000005.SZE,3169.0,0.2893,0.8406,0.8255,0.0203,0.8384,before,-0.2538,0.8319,1237901.0
0.8362,19951107,-0.05,000005.SZE,2722.0,0.2485,0.8384,0.8255,0.0127,0.8276,before,-1.2723,0.8319,1057601.0
0.8211,19951108,-0.06,000005.SZE,3572.0,0.3261,0.8276,0.8114,0.0129,0.8147,before,-1.5464,0.8114,1364089.0
0.8319,19951109,0.03,000005.SZE,2555.0,0.2333,0.8147,0.8093,0.0288,0.8211,before,0.7853,0.8319,973785.0
0.8319,19951110,0.0,000005.SZE,1763.0,0.161,0.8211,0.8114,0.026000000000000002,0.8211,before,0.0,0.8114,679441.0
0.8168,19951113,-0.09,000005.SZE,3318.0,0.3029,0.8211,0.8006,0.0208,0.8028,before,-2.3377,0.8168,1255222.0
0.8114,19951114,0.01,000005.SZE,3491.0,0.3187,0.8028,0.7898,0.0266,0.805,before,0.266,0.8006,1306947.0
0.8071,19951115,0.01,000005.SZE,2915.0,0.2661,0.805,0.7898,0.0212,0.8071,before,0.2653,0.792,1089746.0
0.8136,19951116,-0.05,000005.SZE,2025.0,0.1849,0.8071,0.7898,0.0291,0.7963,before,-1.3228,0.8071,762856.0
0.8114,19951117,0.02,000005.SZE,1462.0,0.1335,0.7963,0.8006,0.0134,0.8006,before,0.5362,0.8071,550764.0
0.8211,19951120,0.03,000005.SZE,1312.0,0.1198,0.8006,0.7898,0.04,0.8071,before,0.8,0.8211,494473.0
0.8136,19951121,0.0,000005.SZE,1410.0,0.1287,0.8071,0.8006,0.0159,0.8071,before,0.0,0.8071,533967.0
0.8211,19951122,-0.05,000005.SZE,2997.0,0.2736,0.8071,0.7898,0.0397,0.7963,before,-1.3228,0.7898,1134568.0
0.805,19951123,-0.02,000005.SZE,2117.0,0.1933,0.7963,0.7898,0.0188,0.792,before,-0.5362,0.7963,787217.0
0.8006,19951124,0.01,000005.SZE,2569.0,0.2345,0.792,0.7898,0.0135,0.7942,before,0.2695,0.8006,954123.0
0.7942,19951127,-0.04,000005.SZE,2084.0,0.1903,0.7942,0.7791,0.0188,0.7855,before,-1.0753,0.7942,767822.4
0.8028,19951128,0.0,000005.SZE,3681.0,0.3361,0.7855,0.7769,0.0326,0.7855,before,0.0,0.7855,1349188.0
0.7898,19951129,-0.06,000005.SZE,2194.0,0.2003,0.7855,0.7683,0.0272,0.7726,before,-1.6304,0.7855,799250.7
0.7898,19951130,-0.03,000005.SZE,2845.0,0.2597,0.7726,0.7618,0.0359,0.7661,before,-0.8287,0.7683,1021883.7
0.7769,19951201,0.0,000005.SZE,2019.0,0.1843,0.7661,0.7509999999999999,0.0334,0.7661,before,0.0,0.7618,723829.5
0.7726,19951204,0.0,000005.SZE,1344.0,0.1227,0.7661,0.7618,0.0139,0.7661,before,0.0,0.764,482708.0
0.7812,19951205,0.07,000005.SZE,1629.0,0.1487,0.7661,0.7618,0.0251,0.7812,before,1.9499,0.7683,590270.1
0.7791,19951206,-0.03,000005.SZE,1489.0,0.1359,0.7812,0.7683,0.0137,0.7747,before,-0.8197,0.7683,542518.1
0.7769,19951207,-0.03,000005.SZE,2717.0,0.2481,0.7747,0.7575,0.0248,0.7683,before,-0.8264,0.764,971987.2
0.7791,19951208,0.02,000005.SZE,1011.0,0.0923,0.7683,0.764,0.0194,0.7726,before,0.5556,0.764,366462.9
0.8006,19951211,-0.04,000005.SZE,1548.0,0.1413,0.7726,0.764,0.047,0.764,before,-1.105,0.7963,559290.1
0.7683,19951212,0.0,000005.SZE,2530.0,0.231,0.764,0.7359,0.0419,0.764,before,0.0,0.7596,889417.7
0.7683,19951213,-0.07,000005.SZE,2253.0,0.2057,0.764,0.7337,0.0447,0.7488,before,-1.9553,0.7683,791498.8
0.7596,19951214,-0.01,000005.SZE,1183.0,0.10800000000000001,0.7488,0.7359,0.0313,0.7467,before,-0.2849,0.7381,413251.5
0.7509999999999999,19951215,-0.07,000005.SZE,1480.0,0.1351,0.7467,0.7316,0.0257,0.7316,before,-2.0,0.7359,510955.9
0.7467,19951218,-0.07,000005.SZE,2558.0,0.2335,0.7316,0.7132,0.0466,0.7176,before,-2.0408,0.7467,859672.9
0.7208,19951219,-0.03,000005.SZE,1516.0,0.1384,0.7176,0.7111,0.0149,0.7111,before,-0.8929,0.7176,508898.4
0.7251,19951220,0.07,000005.SZE,1731.0,0.158,0.7111,0.7111,0.021,0.7251,before,2.1021,0.7154,580663.9
0.7381,19951221,-0.01,000005.SZE,1725.0,0.1575,0.7251,0.7154,0.0324,0.7229,before,-0.2941,0.7381,588529.4
0.7229,19951222,-0.03,000005.SZE,1884.0,0.172,0.7229,0.7046,0.0265,0.7176,before,-0.885,0.7132,627660.0
0.7068,19951225,-0.16,000005.SZE,3393.0,0.3098,0.7176,0.6829999999999999,0.0327,0.6829999999999999,before,-4.7619,0.7068,1092955.5
0.6938,19951226,0.01,000005.SZE,1891.0,0.1726,0.6829999999999999,0.6809,0.0188,0.6852,before,0.3125,0.6938,607212.2
0.6938,19951227,0.01,000005.SZE,5129.0,0.4683,0.6852,0.6722,0.0312,0.6873,before,0.3115,0.6829999999999999,1629731.4
0.6895,19951228,-0.03,000005.SZE,2737.0,0.2499,0.6873,0.6787,0.0155,0.6809,before,-0.9317,0.6829999999999999,877231.4
0.6938,19951229,0.01,000005.SZE,2663.0,0.2431,0.6809,0.6722,0.0313,0.6829999999999999,before,0.3135,0.6722,856458.0
0.6829999999999999,19960102,-0.11,000005.SZE,1363.0,0.1244,0.6829999999999999,0.6463,0.0531,0.6593,before,-3.4375,0.6829999999999999,426130.7
0.6571,19960103,-0.01,000005.SZE,2118.0,0.1934,0.6593,0.6463,0.0162,0.6571,before,-0.3236,0.6507,646916.3
0.6787,19960104,0.06,000005.SZE,1868.0,0.1705,0.6571,0.6086,0.1071,0.6701,before,1.9481,0.6086,581039.6
0.6829999999999999,19960105,-0.06,000005.SZE,2519.0,0.23,0.6701,0.655,0.0414,0.6571,before,-1.9108,0.6829999999999999,781479.5
0.6571,19960108,0.0,000005.SZE,1129.0,0.1031,0.6571,0.6399,0.026000000000000002,0.6571,before,0.0,0.6507,342717.8
0.6744,19960109,0.08,000005.SZE,1583.0,0.1445,0.6571,0.6528,0.0325,0.6744,before,2.5974,0.6571,495496.9
0.6679,19960110,-0.06,000005.SZE,1649.0,0.1505,0.6744,0.6507,0.0253,0.6614,before,-1.8987,0.6614,506212.5
0.6614,19960111,-0.05,000005.SZE,2378.0,0.2171,0.6614,0.6463,0.0226,0.6507,before,-1.6129,0.6507,725030.5
0.6614,19960112,0.04,000005.SZE,2496.0,0.2279,0.6507,0.6442,0.0262,0.6593,before,1.3115,0.6614,771147.9
0.6722,19960115,0.01,000005.SZE,1798.0,0.1642,0.6593,0.6571,0.0227,0.6614,before,0.3236,0.6571,559856.3
0.6744,19960116,0.02,000005.SZE,1908.0,0.1742,0.6614,0.6614,0.0194,0.6658,before,0.6452,0.6614,598507.1
0.6701,19960117,-0.04,000005.SZE,1804.0,0.1647,0.6658,0.6571,0.0192,0.6571,before,-1.2821,0.6593,560382.4
0.6485,19960118,-0.08,000005.SZE,2494.0,0.2277,0.6571,0.6377,0.0162,0.6399,before,-2.5974,0.6485,749720.0
0.6507,19960119,0.02,000005.SZE,2037.0,0.18600000000000003,0.6399,0.6399,0.0167,0.6442,before,0.6667,0.6399,613741.6
0.6442,19960122,-0.06,000005.SZE,1217.0,0.1111,0.6442,0.6194,0.0397,0.6312,before,-1.9868,0.6442,359794.8
0.6355,19960123,-0.01,000005.SZE,1112.0,0.1015,0.6312,0.6291,0.0101,0.6291,before,-0.3378,0.6312,329675.5
0.6355,19960124,0.02,000005.SZE,537.0,0.049,0.6291,0.6312,0.0068,0.6334,before,0.6779999999999999,0.6312,159732.0
0.6614,19960125,0.0,000005.SZE,2245.0,0.205,0.6334,0.6312,0.0471,0.6334,before,0.0,0.6377,682440.6
0.6614,19960126,0.07,000005.SZE,2433.0,0.2221,0.6334,0.6269,0.0539,0.6485,before,2.3569,0.6269,736636.5
0.6593,19960129,0.0,000005.SZE,1575.0,0.1438,0.6485,0.6399,0.0296,0.6485,before,0.0,0.6485,476324.9
0.6528,19960130,0.01,000005.SZE,1273.0,0.1162,0.6485,0.6334,0.0296,0.6507,before,0.3289,0.6528,384520.5
0.6528,19960131,-0.01,000005.SZE,1035.0,0.0945,0.6507,0.6399,0.0197,0.6485,before,-0.3279,0.6399,313990.4
0.6485,19960201,-0.02,000005.SZE,934.0,0.0853,0.6485,0.6399,0.0132,0.6442,before,-0.6579,0.6442,282185.2
0.6571,19960202,0.02,000005.SZE,3051.0,0.2785,0.6442,0.6334,0.0364,0.6485,before,0.6623,0.6528,921606.4
0.6571,19960205,-0.06,000005.SZE,936.0,0.0855,0.6485,0.6355,0.0329,0.6355,before,-1.9737,0.655,281699.2
0.6399,19960206,0.02,000005.SZE,3417.0,0.312,0.6355,0.6194,0.0336,0.6399,before,0.6711,0.6312,999885.4
0.6355,19960207,-0.06,000005.SZE,683.0,0.0624,0.6399,0.6215,0.0233,0.6269,before,-2.0,0.6215,202021.6
0.6355,19960208,0.0,000005.SZE,506.0,0.0462,0.6269,0.6248,0.017,0.6269,before,0.0,0.6355,149255.0
0.6377,19960209,0.03,000005.SZE,1183.0,0.10800000000000001,0.6269,0.6269,0.017,0.6334,before,1.0204,0.6312,350938.1
0.6399,19960212,0.02,000005.SZE,1543.0,0.1409,0.6334,0.6248,0.0236,0.6377,before,0.6734,0.6399,459773.2
0.6571,19960213,0.07,000005.SZE,4179.0,0.3815,0.6377,0.6291,0.0435,0.6528,before,2.3411,0.6291,1269200.0
0.6701,19960214,-0.04,000005.SZE,4319.0,0.3943,0.6528,0.6399,0.0458,0.6442,before,-1.3072,0.6571,1329914.8
0.6507,19960215,0.0,000005.SZE,1617.0,0.1476,0.6442,0.6399,0.0166,0.6442,before,0.0,0.6442,489255.6
0.6593,19960216,0.05,000005.SZE,7091.0,0.6474,0.6442,0.642,0.0265,0.655,before,1.6556,0.6463,2165100.0
0.7003,19960304,0.18,000005.SZE,9490.0,0.8664,0.655,0.6571,0.0651,0.6938,before,5.8632,0.6722,3005164.6
0.6938,19960305,-0.13,000005.SZE,8078.0,0.7375,0.6938,0.6614,0.0462,0.6658,before,-4.0,0.6938,2557361.2
0.6658,19960306,-0.08,000005.SZE,3877.0,0.354,0.6658,0.6485,0.0256,0.6485,before,-2.5641,0.6571,1187077.0
0.6658,19960307,0.06,000005.SZE,2588.0,0.2363,0.6485,0.6442,0.0329,0.6614,before,1.9737,0.6442,789732.2
0.6614,19960308,-0.05,000005.SZE,1956.0,0.1786,0.6614,0.6399,0.0323,0.6507,before,-1.6129,0.6614,596148.2
0.6463,19960311,-0.05,000005.SZE,2917.0,0.2663,0.6507,0.6334,0.0197,0.6399,before,-1.6393,0.6399,875161.8
0.6399,19960312,-0.02,000005.SZE,1323.0,0.1208,0.6399,0.6291,0.0167,0.6355,before,-0.6667,0.6399,392718.5
0.6399,19960313,0.01,000005.SZE,1542.0,0.1408,0.6355,0.6269,0.0201,0.6377,before,0.3356,0.6291,458314.5
0.6528,19960314,0.01,000005.SZE,3172.0,0.2896,0.6377,0.6399,0.0201,0.6399,before,0.3344,0.6442,959602.5
0.6377,19960315,-0.03,000005.SZE,3909.0,0.3569,0.6399,0.6226,0.0233,0.6334,before,-1.0,0.6355,1157470.1
0.6399,19960318,0.01,000005.SZE,886.0,0.0809,0.6334,0.6269,0.0202,0.6355,before,0.3367,0.6399,264620.6
0.6399,19960319,0.0,000005.SZE,1010.0,0.0922,0.6355,0.6312,0.0134,0.6355,before,0.0,0.6355,300976.5
0.6355,19960320,-0.02,000005.SZE,565.0,0.0516,0.6355,0.6215,0.0235,0.6312,before,-0.6711,0.6215,167708.9
0.6399,19960321,0.02,000005.SZE,1237.0,0.1129,0.6312,0.6269,0.0203,0.6355,before,0.6757,0.6291,367583.3
0.6442,19960322,0.04,000005.SZE,2420.0,0.2209,0.6355,0.6269,0.0268,0.6442,before,1.3423,0.6312,723918.8
0.6442,19960325,-0.02,000005.SZE,2788.0,0.2545,0.6442,0.6355,0.0132,0.6399,before,-0.6623,0.6442,835450.6
0.6442,19960326,-0.01,000005.SZE,2376.0,0.2169,0.6399,0.6312,0.02,0.6377,before,-0.3333,0.6442,710598.5
0.6334,19960327,-0.03,000005.SZE,1074.0,0.0981,0.6377,0.6226,0.0167,0.6312,before,-1.0033,0.6226,316514.3
0.6312,19960328,-0.03,000005.SZE,1086.0,0.0991,0.6312,0.6226,0.0135,0.6248,before,-1.0135,0.6269,319769.0
0.6312,19960329,0.0,000005.SZE,1938.0,0.1769,0.6248,0.6194,0.0205,0.6248,before,0.0,0.6312,564803.6
0.6485,19960401,0.01,000005.SZE,2596.54,0.2371,0.6248,0.6248,0.0375,0.6269,before,0.3413,0.6399,768219.5
0.6291,19960402,-0.04,000005.SZE,1368.0,0.1249,0.6269,0.6194,0.017,0.6194,before,-1.3605,0.6291,398053.9
0.6226,19960403,0.0,000005.SZE,1737.0,0.1586,0.6194,0.6107,0.0207,0.6194,before,0.0,0.6215,501357.0
0.6226,19960404,0.0,000005.SZE,1482.0,0.1353,0.6194,0.615,0.0138,0.6194,before,0.0,0.6194,430000.0
0.6399,19960405,0.08,000005.SZE,2927.0,0.2672,0.6194,0.6129,0.0448,0.6355,before,2.7586,0.6194,863971.1
0.6507,19960408,0.04,000005.SZE,6122.0,0.5589,0.6355,0.6312,0.0302,0.6442,before,1.3423,0.6507,1842603.0
0.6679,19960409,0.03,000005.SZE,10241.0,0.935,0.6442,0.6442,0.0364,0.6507,before,0.9934,0.6442,3132952.8
0.655,19960410,-0.02,000005.SZE,4940.0,0.451,0.6507,0.6355,0.0295,0.6463,before,-0.6557,0.642,1500489.5
0.6658,19960411,0.07,000005.SZE,7213.0,0.6585,0.6463,0.642,0.0363,0.6614,before,2.3102,0.6463,2214280.1
0.6917,19960412,0.05,000005.SZE,19177.0,1.7508,0.6614,0.6658,0.0387,0.6722,before,1.6129,0.6658,6098919.2
0.6895,19960415,0.03,000005.SZE,11171.0,1.0199,0.6722,0.6614,0.0413,0.6787,before,0.9524,0.6766,3544153.7
0.6938,19960416,0.06,000005.SZE,13873.0,1.2665,0.6787,0.6701,0.0346,0.6917,before,1.8868,0.6829999999999999,4452675.7
0.7024,19960417,0.0,000005.SZE,13651.0,1.2463,0.6917,0.6829999999999999,0.0278,0.6917,before,0.0,0.6829999999999999,4450799.8
0.7132,19960418,0.1,000005.SZE,13622.0,1.2436,0.6917,0.6787,0.0494,0.7132,before,3.0864,0.6829999999999999,4441808.1
0.7273,19960419,-0.04,000005.SZE,17255.0,1.5753,0.7132,0.6981,0.0419,0.7046,before,-1.1976,0.7154,5776206.7
0.7381,19960422,0.05,000005.SZE,24847.0,2.2684,0.7046,0.6852,0.0758,0.7154,before,1.5152,0.7003,8302798.1
0.805,19960423,0.39,000005.SZE,39496.0,3.6058,0.7154,0.7046,0.1403,0.7985,before,11.6418,0.7132,14060350.6
0.8967,19960424,0.34,000005.SZE,70611.0,6.4465,0.7985,0.8028,0.1176,0.8708,before,9.0909,0.8071,28460297.2
0.9075,19960425,-0.38,000005.SZE,51312.0,4.6846,0.8708,0.7855,0.1397,0.7898,before,-9.3137,0.8751,20189199.6
0.8816,19960426,0.38,000005.SZE,75691.0,6.9103,0.7898,0.8006,0.1027,0.8708,before,10.2703,0.8006,30454430.0
1.0348,19960429,0.7,000005.SZE,95090.0,8.6813,0.8708,0.8233,0.2426,1.0197,before,17.1569,0.8859,39908150.5
1.0672,19960430,-0.5,000005.SZE,56738.0,5.18,1.0197,0.8535,0.2092,0.9129,before,-10.4603,1.0564,25063006.9
1.024,19960502,0.01,000005.SZE,87075.0,7.9496,0.9129,0.8751,0.1636,0.915,before,0.2336,0.9905,38685341.7
0.956,19960503,-0.03,000005.SZE,36309.0,3.3149,0.915,0.8772,0.0862,0.9096,before,-0.6993,0.9193,15511208.8
0.9603,19960506,0.21,000005.SZE,40989.0,3.7421,0.9096,0.8945,0.0728,0.9539,before,4.9296,0.8967,17759111.6
0.9776,19960507,0.0,000005.SZE,38897.0,3.5511,0.9539,0.9075,0.0738,0.9539,before,0.0,0.9711,17191944.2
0.9517,19960508,-0.12,000005.SZE,27951.0,2.5518,0.9539,0.915,0.038,0.9279999999999999,before,-2.6846,0.9517,12178188.8
0.9301,19960509,-0.17,000005.SZE,20432.0,1.8654,0.9279999999999999,0.8816,0.0529,0.8924,before,-3.908,0.9172,8695651.0
0.888,19960510,-0.09,000005.SZE,20524.0,1.8738,0.8924,0.847,0.0455,0.8729,before,-2.1531,0.8859,8281090.2
0.8967,19960513,0.07,000005.SZE,18495.0,1.6885,0.8729,0.8643,0.0367,0.888,before,1.7115,0.8729,7629789.6
0.9075,19960514,-0.05,000005.SZE,18880.0,1.7237,0.888,0.8708,0.0409,0.8772,before,-1.2019,0.8902,7894824.6
0.9279999999999999,19960515,0.23,000005.SZE,27005.0,2.4654,0.8772,0.8643,0.073,0.9258,before,5.5961,0.8708,11359319.4
0.9776,19960516,0.08,000005.SZE,79442.0,7.2527,0.9258,0.9172,0.0645,0.9431,before,1.8433,0.9603,35393219.2
0.9603,19960517,0.07,000005.SZE,49507.0,4.5198,0.9431,0.9193,0.043,0.9582,before,1.5837,0.9431,21955197.5
1.1308,19960520,0.46,000005.SZE,181478.0,16.5682,0.9582,1.0035,0.1336,1.0564,before,10.245,1.0046,91247759.5
1.0866,19960521,-0.39,000005.SZE,76718.0,7.004,1.0564,0.9625,0.1172,0.9733,before,-7.8788,1.0456,38144854.4
1.0132,19960522,0.19,000005.SZE,57024.0,5.2061,0.9733,0.9409,0.0746,1.0132,before,4.1667,0.9495,26391179.8
1.0369,19960523,-0.4,000005.SZE,42295.0,3.8614,1.0132,0.9172,0.1179,0.9279999999999999,before,-8.4211,1.0305,19002093.6
0.9733,19960524,0.08,000005.SZE,30804.0,2.8123,0.9279999999999999,0.9172,0.0598,0.9452,before,1.8391,0.9172,13712086.6
0.956,19960527,-0.08,000005.SZE,13182.0,1.2035,0.9452,0.9172,0.0406,0.9279999999999999,before,-1.8059,0.956,5762530.6
0.9495,19960528,0.0,000005.SZE,11591.0,1.0582,0.9279999999999999,0.9096,0.0437,0.9279999999999999,before,0.0,0.9344,5051904.5
0.9647,19960529,0.17,000005.SZE,16960.0,1.5484,0.9279999999999999,0.9279999999999999,0.0391,0.9647,before,3.908,0.9388,7517104.4
0.9711,19960530,-0.18,000005.SZE,24364.0,2.2243,0.9647,0.9129,0.0597,0.9258,before,-3.9823,0.9711,10662356.7
0.9776,19960531,0.04,000005.SZE,38261.0,3.4931,0.9258,0.9031,0.0806,0.9344,before,0.9217,0.9129,16928217.8
0.9862,19960603,0.0,000005.SZE,52012.0,4.7485,0.9344,0.8859,0.1073,0.9344,before,0.0,0.9344,22863857.4
0.9733,19960604,0.05,000005.SZE,44425.0,4.0558,0.9344,0.9172,0.0594,0.9452,before,1.1416,0.9344,19761860.4
1.0067,19960605,0.11,000005.SZE,67966.0,6.205,0.9452,0.9279999999999999,0.0835,0.9690000000000001,before,2.4831,0.9603,30975802.6
1.0035,19960606,-0.03,000005.SZE,41361.0,3.7761,0.9690000000000001,0.9096,0.0969,0.9625,before,-0.6608,0.9539,18552914.1
0.9992,19960607,0.07,000005.SZE,64013.0,5.8441,0.9625,0.9388,0.0621,0.9776,before,1.5521,0.9711,29367468.6
1.065,19960610,0.1,000005.SZE,69376.0,6.3338,0.9776,0.8535,0.2162,0.9992,before,2.1834,0.9841,32883223.8
1.0067,19960611,-0.12,000005.SZE,32595.0,2.9758,0.9992,0.9603,0.047,0.9733,before,-2.5641,0.9841,15044442.9
1.0197,19960612,0.11,000005.SZE,51236.0,4.6776,0.9733,0.9517,0.0702,0.997,before,2.4123,0.9733,23559552.6
1.12,19960613,0.38,000005.SZE,175260.0,16.0005,0.997,0.9841,0.13699999999999998,1.0779,before,8.137,0.997,87051424.0
1.0326,19960617,-0.44,000005.SZE,68604.0,6.2633,1.0779,0.9711,0.0574,0.9841,before,-8.7129,1.0326,31846068.6
0.9949,19960618,0.01,000005.SZE,42321.0,3.8637,0.9841,0.9603,0.0347,0.9862,before,0.2169,0.9819,19261231.6
1.0035,19960619,0.03,000005.SZE,52581.0,4.8004,0.9862,0.9603,0.0433,0.9927,before,0.6494,0.997,24151385.0
0.9949,19960620,0.0,000005.SZE,40423.0,3.6905,0.9927,0.9733,0.0215,0.9927,before,0.0,0.9927,18629751.4
1.0197,19960621,-0.01,000005.SZE,40343.0,3.6832,0.9927,0.9841,0.0366,0.9905,before,-0.2151,0.9927,18874790.4
1.0672,19960624,0.32,000005.SZE,88369.0,8.0677,0.9905,0.9776,0.0905,1.0585,before,6.8966,0.9927,42719824.9
1.0974,19960625,0.07,000005.SZE,123944.0,11.3156,1.0585,1.0035,0.0887,1.0736,before,1.4113,1.0585,61350206.4
1.1222,19960626,0.11,000005.SZE,112936.0,10.3106,1.0736,1.0736,0.0457,1.0974,before,2.1869,1.0779,58298224.4
1.12,19960627,-0.18,000005.SZE,66600.0,6.0803,1.0974,1.0456,0.0681,1.0585,before,-3.5019,1.1092,33546602.5
1.0477,19960628,-0.29,000005.SZE,38997.0,3.5603,1.0585,0.9927,0.0524,0.997,before,-5.8468,1.0456,18477134.7
0.9927,19960701,-0.21,000005.SZE,35408.0,3.2326,0.997,0.9474,0.045,0.9517,before,-4.4968,0.9819,16055128.1
0.9733,19960702,0.08,000005.SZE,22361.0,2.0415,0.9517,0.9388,0.0359,0.9690000000000001,before,1.7937,0.9431,10036503.9
1.0067,19960703,0.18,000005.SZE,27627.0,2.5222,0.9690000000000001,0.9690000000000001,0.0396,1.0067,before,3.9648,0.9690000000000001,12804653.6
1.0283,19960704,0.0,000005.SZE,28913.0,2.6396,1.0067,0.9776,0.0508,1.0067,before,0.0,1.024,13515450.8
1.0628,19960705,0.08,000005.SZE,71945.0,6.5683,1.0067,0.9992,0.0636,1.024,before,1.6949,1.0154,35092964.0
1.1416,19960708,0.52,000005.SZE,128803.0,11.7592,1.024,1.0477,0.0917,1.1351,before,10.8333,1.0628,65353000.0
1.2571,19960709,0.23,000005.SZE,203713.0,18.5982,1.1351,1.1546,0.0902,1.1848,before,4.3233,1.1675,114466135.2
1.2161,19960710,0.02,000005.SZE,107911.0,9.8518,1.1848,1.1416,0.0631,1.1891,before,0.3604,1.1956,59295013.5
1.2096,19960711,-0.21,000005.SZE,88655.0,8.0938,1.1891,1.1351,0.0628,1.1438,before,-3.7702,1.1956,48828340.8
1.2225,19960712,0.29,000005.SZE,76741.0,7.0061,1.1438,1.0887,0.1175,1.2053,before,5.4104,1.1092,41795492.7
1.3186,19960715,0.5,000005.SZE,203570.0,18.5851,1.2053,1.2182,0.0832,1.3121,before,8.8496,1.2376,122644186.4
1.3553,19960716,0.13,000005.SZE,117718.0,10.7472,1.3121,1.2484,0.0813,1.3402,before,2.1138,1.3121,72558574.1
1.3596,19960717,-0.38,000005.SZE,118351.0,10.805,1.3402,1.2592,0.0748,1.2592,before,-6.051,1.3445,73551809.5
1.3659999999999999,19960718,0.49,000005.SZE,91000.0,8.3079,1.2592,1.2269,0.1102,1.3639,before,8.3051,1.2355,55647363.2
1.4869,19960719,0.4,000005.SZE,144795.0,13.2192,1.3639,1.3768,0.0814,1.4491,before,6.2598,1.3855,96998058.2
1.515,19960722,0.21,000005.SZE,105701.0,9.6501,1.4491,1.4189,0.0663,1.4934,before,3.0928,1.4513,72135000.0
1.5128,19960723,-0.15,000005.SZE,84232.0,7.69,1.4934,1.3973,0.0771,1.4621,before,-2.1429,1.4934,57364933.9
1.515,19960724,0.1,000005.SZE,94880.0,8.6622,1.4621,1.4254,0.0613,1.4837,before,1.4599,1.4729,66100875.0
1.4837,19960725,-0.4,000005.SZE,79463.0,7.2547,1.4837,1.3887,0.0633,1.3973,before,-5.7554,1.4837,53339834.6
1.4729,19960726,0.03,000005.SZE,60746.0,5.5459,1.3973,1.3876,0.0611,1.4038,before,0.45799999999999996,1.3876,40632718.2
1.515,19960729,0.52,000005.SZE,61867.0,5.6482,1.4038,1.406,0.0775,1.515,before,7.9027,1.4297,42155159.7
1.5365,19960730,-0.24,000005.SZE,88677.0,8.0959,1.515,1.4491,0.0577,1.4642,before,-3.3803,1.5257,62511872.7
1.4729,19960731,-0.24,000005.SZE,42517.0,3.8816,1.4642,1.3887,0.0569,1.4124,before,-3.4985,1.4621,28446563.6
1.4513,19960801,0.16,000005.SZE,34197.0,3.1221,1.4124,1.3887,0.0438,1.4469999999999998,before,2.4169,1.3887,22853289.5
1.4686,19960802,-0.27,000005.SZE,29599.0,2.7023,1.4469999999999998,1.3617,0.0737,1.3887,before,-3.9823,1.4621,19477991.3
1.4124,19960805,0.09,000005.SZE,25028.0,2.285,1.3887,1.3229,0.0645,1.4081,before,1.3825,1.3768,16044617.6
1.4297,19960806,0.02,000005.SZE,28366.0,2.5897,1.4081,1.3553,0.053,1.4124,before,0.303,1.4081,18706497.7
1.5624,19960807,0.6,000005.SZE,189515.0,17.302,1.4124,1.4469999999999998,0.0816,1.5409,before,9.0634,1.4513,134748038.0
1.5894,19960808,0.15,000005.SZE,124262.0,11.3446,1.5409,1.5106,0.0512,1.5732,before,2.0776,1.5473,90179203.4
1.5786,19960809,-0.13,000005.SZE,91087.0,8.3159,1.5732,1.515,0.0407,1.5452,before,-1.7639,1.5732,66082914.9
1.5689,19960812,-0.04,000005.SZE,92236.0,8.4208,1.5452,1.5257,0.0276,1.5365,before,-0.5525,1.5409,66931402.2
1.5344,19960813,-0.06,000005.SZE,39699.0,3.6244,1.5365,1.4977,0.024,1.5214,before,-0.9585,1.5214,24489245.0
1.5441,19960814,0.01,000005.SZE,38787.0,3.5411,1.5214,1.5117,0.021,1.5247,before,0.1613,1.5268,24117000.0
1.5247,19960815,-0.18,000005.SZE,37596.0,2.9847,1.5247,1.475,0.0322,1.4804,before,-2.8986,1.5096,22952713.0
1.4675,19960816,-0.2,000005.SZE,46040.0,3.655,1.4804,1.3866,0.0547,1.4308,before,-3.3167,1.4599,26627528.4
1.4459,19960819,-0.23,000005.SZE,26358.0,2.0925,1.4308,1.3747,0.0497,1.3747,before,-3.9451,1.4383,14939046.5
1.3617,19960820,-0.47,000005.SZE,49770.0,3.9511,1.3747,1.2517,0.0804,1.2592,before,-8.3929,1.3499,26352360.7
1.3455,19960821,0.31,000005.SZE,46839.0,3.7184,1.2592,1.2635,0.0643,1.3348,before,6.0429,1.2765,25140445.5
1.3617,19960822,-0.24,000005.SZE,27592.0,2.1905,1.3348,1.2689,0.0699,1.2765,before,-4.4118,1.3499,14787509.8
1.3207,19960823,-0.03,000005.SZE,34881.0,2.7691,1.2765,1.2398,0.0635,1.2689,before,-0.5769,1.2959,18008236.5
1.2765,19960826,-0.08,000005.SZE,28351.0,2.2507,1.2689,1.2269,0.0387,1.2495,before,-1.5474,1.2538,14405275.4
1.2884,19960827,-0.01,000005.SZE,24125.0,1.9152,1.2495,1.2344,0.0432,1.2474,before,-0.1965,1.2398,12331217.2
1.3175,19960828,0.26,000005.SZE,49560.0,3.9345,1.2474,1.2301,0.0709,1.311,before,5.1181,1.2592,25782381.2
1.3132,19960829,-0.04,000005.SZE,49427.0,3.9239,1.311,1.2571,0.0431,1.3013,before,-0.7491,1.2959,25932520.2
1.5344,19960830,0.9,000005.SZE,185618.0,14.7358,1.3013,1.3747,0.1226,1.5214,before,16.9811,1.3995,113921386.6
1.5851,19960902,0.2,000005.SZE,143778.0,11.4142,1.5214,1.5214,0.0419,1.5711,before,3.2258,1.5462,91548270.8
1.5905,19960903,-0.19,000005.SZE,103679.0,8.2309,1.5711,1.3822,0.1328,1.5247,before,-2.9688,1.5829,64809748.3
1.6563,19960904,0.44,000005.SZE,182770.0,14.5097,1.5247,1.5096,0.0966,1.6326,before,7.0853,1.5171,119401907.0
1.6833,19960905,-0.4,000005.SZE,147876.0,11.7396,1.6326,1.5096,0.1068,1.5344,before,-6.015,1.6563,96622289.8
1.5657,19960906,0.0,000005.SZE,74543.0,5.9178,1.5344,1.4977,0.0448,1.5344,before,0.0,1.5214,46209966.6
1.5657,19960909,-0.01,000005.SZE,56196.0,4.4613,1.5344,1.4729,0.0608,1.5311,before,-0.16,1.5214,34764997.3
1.5290000000000001,19960910,-0.34,000005.SZE,44403.0,3.5251,1.5311,1.4232,0.0689,1.4481,before,-5.4487,1.5096,26849106.0
1.5096,19960911,0.09,000005.SZE,50243.0,3.9887,1.4481,1.4114,0.0678,1.4707,before,1.5254,1.4362,30129804.3
1.5096,19960912,-0.24,000005.SZE,52965.0,4.2048,1.4707,1.3013,0.1419,1.4114,before,-4.0067,1.4578,30760393.3
1.4383,19960913,0.11,000005.SZE,35080.0,2.7849,1.4114,1.3574,0.0574,1.4383,before,1.913,1.3995,20014848.9
1.4599,19960916,0.06,000005.SZE,36286.0,2.8807,1.4383,1.379,0.0563,1.4535,before,1.0239,1.4437,20847769.8
1.5344,19960917,0.27,000005.SZE,82625.0,6.5594,1.4535,1.4232,0.076,1.5193,before,4.5608,1.4535,50201579.5
1.5290000000000001,19960918,-0.45,000005.SZE,71596.0,5.6839,1.5193,1.3617,0.1099,1.4092,before,-7.2698,1.5193,42123772.6
1.4232,19960919,0.05,000005.SZE,30536.0,2.4242,1.4092,1.3519999999999999,0.0505,1.4211,before,0.8711,1.3747,17233199.7
1.4362,19960920,0.02,000005.SZE,27243.0,2.1628,1.4211,1.3995,0.0259,1.4265,before,0.3454,1.4232,15744493.1
1.4437,19960923,0.04,000005.SZE,20200.0,1.6036,1.4265,1.4092,0.0241,1.4362,before,0.6885,1.4308,11710866.1
1.4437,19960924,0.03,000005.SZE,25733.0,2.0429,1.4362,1.3995,0.0308,1.4437,before,0.5128,1.4265,14921098.1
1.4578,19960925,-0.13,000005.SZE,22826.0,1.8121,1.4437,1.3822,0.0527,1.4114,before,-2.2109,1.4502,13107400.3
1.4729,19960926,0.21,000005.SZE,53901.0,4.2791,1.4114,1.3995,0.0522,1.4632,before,3.6522,1.4232,31668810.2
1.5214,19960927,0.15,000005.SZE,88129.0,6.9964,1.4632,1.4556,0.0453,1.4998,before,2.5168,1.4729,53566917.2
1.5614,19961003,0.08,000005.SZE,87615.0,6.9556,1.4998,1.4977,0.0426,1.5193,before,1.3093,1.5171,54699980.5
1.5365,19961004,0.06,000005.SZE,65451.0,5.196000000000001,1.5193,1.4772,0.0388,1.5344,before,0.9693,1.5171,40367260.7
1.6693,19961007,0.39,000005.SZE,195556.0,15.5248,1.5344,1.5365,0.0864,1.6293,before,6.24,1.5409,127749280.0
1.6444,19961008,-0.04,000005.SZE,127041.0,10.0855,1.6293,1.5462,0.0602,1.6196,before,-0.6024,1.6326,82639899.5
1.639,19961009,-0.21,000005.SZE,139782.0,11.097000000000001,1.6196,1.5409,0.0606,1.5689,before,-3.1818,1.6196,90716635.7
1.6099,19961010,0.16,000005.SZE,83144.0,6.6006,1.5689,1.5409,0.0438,1.6078,before,2.5039,1.5581,53524286.8
1.6811,19961011,0.21,000005.SZE,176980.0,14.0501,1.6078,1.5959,0.0534,1.6595,before,3.2061,1.6196,117904429.6
1.8408,19961014,0.62,000005.SZE,281087.0,22.3149,1.6595,1.7426,0.0592,1.8117,before,9.1716,1.7448,205280665.3
1.9584,19961015,0.51,000005.SZE,283034.0,22.4695,1.8117,1.7869,0.0949,1.9369,before,6.9106,1.8117,215325245.2
2.0124,19961016,-0.24,000005.SZE,235177.0,18.6702,1.9369,1.8311,0.0938,1.8775,before,-3.0418,1.9638,185064446.1
2.062,19961017,0.66,000005.SZE,311472.0,24.7271,1.8775,1.8754,0.0993,2.0394,before,8.6275,1.8797,256424415.4
2.1602,19961018,-0.41,000005.SZE,203209.0,16.1323,2.0394,1.9142,0.1203,1.939,before,-4.9338,2.0858,169090263.9
2.4548,19961021,2.0,000005.SZE,398294.0,31.6197,1.939,1.9876,0.2405,2.43,before,25.3165,1.9876,366953613.9
2.4418,19961022,-0.64,000005.SZE,292026.0,23.1833,2.43,2.1106,0.1364,2.2724,before,-6.4646,2.2045,270818475.6
2.5767,19961023,1.08,000005.SZE,325144.0,25.8125,2.2724,2.2972,0.1231,2.5379,before,11.6631,2.307,328354630.6
2.6684,19961024,-0.05,000005.SZE,201523.0,15.9985,2.5379,2.4548,0.0841,2.526,before,-0.4836,2.6361,208182160.4
2.553,19961025,-0.1,000005.SZE,162893.0,12.9317,2.526,2.4052,0.0583,2.5012,before,-0.9718,2.5033,163531222.6
2.6512,19961028,0.36,000005.SZE,180036.0,14.2927,2.5012,2.4569,0.0775,2.5897,before,3.5329,2.4569,188890439.6
2.7709,19961029,0.25,000005.SZE,209317.0,16.6172,2.5897,2.4548,0.1223,2.6512,before,2.3697,2.6210000000000004,223503971.2
2.7364,19961030,-0.4,000005.SZE,135971.0,10.7944,2.6512,2.499,0.0898,2.553,before,-3.7037,2.6879,143285769.1
2.6630000000000003,19961031,0.34,000005.SZE,102154.0,8.1098,2.553,2.499,0.0644,2.6361,before,3.2692,2.5595,107160496.4
2.6015,19961101,-0.65,000005.SZE,135458.0,10.7537,2.6361,2.4052,0.0745,2.4764,before,-6.0521,2.5131,137063542.9
2.5163,19961104,0.07,000005.SZE,76039.0,6.0366,2.4764,2.43,0.0347,2.4936,before,0.6938,2.5033,76711317.4
2.6210000000000004,19961105,0.09,000005.SZE,109072.0,8.658999999999999,2.4936,2.4667,0.062,2.5163,before,0.8858,2.5033,112918126.8
2.553,19961106,-0.08,000005.SZE,59750.0,4.7434,2.5163,2.43,0.0488,2.4958,before,-0.7805,2.5163,60721875.5
2.5325,19961107,-0.08,000005.SZE,43346.0,3.4411,2.4958,2.4321,0.0403,2.4764,before,-0.7866,2.5087,43866175.2
2.7364,19961108,1.01,000005.SZE,208084.0,16.5193,2.4764,2.4569,0.113,2.7245,before,10.0099,2.4785,220620850.3
3.0137,19961111,0.83,000005.SZE,322568.0,25.608,2.7245,2.7828,0.0847,2.9285,before,7.4775,2.8227,383291663.2
3.1421,19961112,0.63,000005.SZE,208971.0,16.5898,2.9285,2.8378,0.1039,3.0828,before,5.2808,2.9188,254248422.0
3.1659,19961113,-0.09,000005.SZE,150209.0,11.9248,3.0828,2.9943,0.0557,3.0612,before,-0.7166,3.0677,187806326.7
3.1389,19961114,0.18,000005.SZE,118674.0,9.4213,3.0612,3.0062,0.0433,3.1044,before,1.4435,3.0677,149134898.1
3.3115,19961115,0.35,000005.SZE,129113.0,10.25,3.1044,3.0806,0.0743,3.1907,before,2.7668,3.1044,169389893.7
3.3083,19961118,0.15,000005.SZE,151093.0,11.9949,3.1907,3.1421,0.0523,3.2274,before,1.1538,3.2403,197356018.9
3.304,19961119,0.01,000005.SZE,117928.0,9.3621,3.2274,3.1464,0.0487,3.2295,before,0.076,3.2274,154495886.0
3.4658,19961120,0.59,000005.SZE,159517.0,12.6637,3.2295,3.1659,0.0927,3.3752,before,4.4833,3.2295,217890742.7
3.4831,19961121,-0.96,000005.SZE,160085.0,12.7088,3.3752,3.0677,0.1229,3.1389,before,-6.9818,3.3752,214999853.5
3.304,19961122,0.61,000005.SZE,166534.0,13.2208,3.1389,2.9457,0.1142,3.2889,before,4.7694,3.0925,212373782.2
3.4507,19961125,0.59,000005.SZE,199018.0,15.7996,3.2889,3.2274,0.0679,3.4335,before,4.4030000000000005,3.3385,274696663.6
3.5468,19961126,0.01,000005.SZE,158767.0,12.6042,3.4335,3.3137,0.0679,3.4367,before,0.0715,3.5101,221162752.1
3.4367,19961127,-0.6,000005.SZE,99352.0,7.8873,3.4367,3.2349,0.0586,3.2889,before,-4.2857,3.4367,135171733.6
3.3752,19961128,-0.2,000005.SZE,47404.0,3.7633,3.2889,3.1907,0.055999999999999994,3.2403,before,-1.4925,3.1907,63349357.8
3.3137,19961129,0.0,000005.SZE,73334.0,5.8218,3.2403,3.1044,0.0644,3.2403,before,0.0,3.2403,96351401.9
3.3137,19961202,0.23,000005.SZE,58563.0,4.6492,3.2403,3.1864,0.0394,3.2964,before,1.7424,3.2846,77270092.7
3.4853,19961203,0.68,000005.SZE,82664.0,6.5625,3.2964,3.2403,0.0745,3.4637,before,5.0633,3.3137,113072718.2
3.5586,19961204,-0.11,000005.SZE,122457.0,9.7216,3.4637,3.3871,0.0496,3.4367,before,-0.7796,3.5349,173761770.7
3.4853,19961205,-0.05,000005.SZE,75702.0,6.0098,3.4367,3.3504,0.0393,3.4238,before,-0.3571,3.4367,105247276.0
3.5101,19961206,0.05,000005.SZE,88437.0,7.0208,3.4238,3.3871,0.0358,3.4367,before,0.3584,3.4367,124087942.3
3.5219,19961209,0.1,000005.SZE,80816.0,6.4158,3.4367,3.4119,0.0321,3.4604,before,0.7143,3.4734,113953319.8
3.4604,19961210,-0.33,000005.SZE,53886.0,4.2779,3.4604,3.3504,0.0319,3.3795,before,-2.3404,3.4604,74487478.5
3.4637,19961211,0.1,000005.SZE,56794.0,4.5088,3.3795,3.3256,0.0407,3.4043,before,0.7262,3.3623,78835975.1
3.6816,19961212,0.78,000005.SZE,213047.0,16.9133,3.4043,3.3871,0.0865,3.5953,before,5.6236,3.4367,309015750.7
3.6719,19961213,-0.8,000005.SZE,143462.0,11.3891,3.5953,3.3655,0.0853,3.3989,before,-5.4608,3.5446,205369230.4
3.0558,19961216,-1.4,000005.SZE,6555.0,0.5204,3.3989,3.0558,0.0,3.0558,before,-10.1083,3.0558,8160975.0
2.7515,19961217,-1.24,000005.SZE,5542.0,0.44,3.0558,2.7515,0.0,2.7515,before,-9.9598,2.7515,6212582.0
3.0234,19961218,0.99,000005.SZE,132287.0,10.502,2.7515,2.4764,0.1989,2.9943,before,8.8314,2.4764,142789290.0
2.9943,19961219,-1.22,000005.SZE,72447.0,5.7514,2.9943,2.6954,0.1,2.6954,before,-10.0,2.9457,82700325.3
2.5767,19961220,-1.1,000005.SZE,80656.0,6.4031,2.6954,2.4246,0.0565,2.4246,before,-10.0182,2.4246,80151277.3
2.6242,19961223,0.11,000005.SZE,59651.0,4.7356,2.4246,2.3566,0.1103,2.4516,before,1.1134,2.4246,60202349.2
2.5228,19961224,-0.99,000005.SZE,50564.0,4.0142,2.4516,2.2088,0.1281,2.2088,before,-9.9099,2.5228,47826644.1
2.2821,19961225,0.09,000005.SZE,77651.0,6.1645,2.2088,1.9876,0.1333,2.2314,before,1.0,2.2088,67626007.9
2.2821,19961226,0.01,000005.SZE,32704.0,2.5963,2.2314,2.1872,0.0429,2.2336,before,0.11,2.2336,29892973.5
2.4127,19961227,0.65,000005.SZE,81563.0,6.4751,2.2336,2.2336,0.0802,2.3933,before,7.1429,2.2951,76988673.1
2.5767,19961230,0.75,000005.SZE,70728.0,5.6149,2.3933,2.43,0.0615,2.5767,before,7.6923,2.4818,73098508.5
2.5648,19961231,-0.71,000005.SZE,55816.0,4.4311,2.5767,2.3318,0.0905,2.403,before,-6.7619,2.553,55843057.5
2.4548,19970102,0.01,000005.SZE,30976.0,2.4591,2.403,2.3199,0.0562,2.4052,before,0.1021,2.3588,30087537.8
2.5282,19970103,-0.1,000005.SZE,45023.0,3.5743,2.4052,2.3566,0.0714,2.3803,before,-1.0204,2.4451,44827866.6
2.3512,19970106,-0.79,000005.SZE,28331.0,2.2491,2.3803,2.184,0.0701,2.1872,before,-8.1443,2.3296,26256979.8
2.3318,19970107,0.36,000005.SZE,26937.0,2.1385,2.1872,2.0858,0.1122,2.2757,before,4.0404,2.1473,24450630.3
2.2994,19970108,-0.22,000005.SZE,20243.0,1.607,2.2757,2.184,0.0507,2.2217,before,-2.3732,2.2821,18384657.8
2.4451,19970109,0.91,000005.SZE,132725.0,10.5368,2.2217,2.2088,0.1061,2.4451,before,10.0552,2.2584,130435036.7
2.5897,19970110,0.24,000005.SZE,110097.0,8.7404,2.4451,2.43,0.0653,2.5033,before,2.4096,2.4785,112774153.4
2.5724,19970113,0.17,000005.SZE,58452.0,4.6404,2.5033,2.4893,0.0333,2.5454,before,1.6667,2.553,60081240.9
2.5454,19970114,-0.42,000005.SZE,35651.0,2.8303,2.5454,2.4149,0.0511,2.4418,before,-4.0501,2.5454,35747934.2
2.5669999999999997,19970115,0.11,000005.SZE,46066.0,3.6571,2.4418,2.4181,0.0613,2.4688,before,1.1055,2.43,46997976.4
2.5012,19970116,0.08,000005.SZE,37985.0,3.0155,2.4688,2.4008,0.0408,2.4893,before,0.7952,2.4548,37903615.2
2.5033,19970117,-0.05,000005.SZE,31637.0,2.5116,2.4893,2.43,0.0296,2.4764,before,-0.4931,2.4548,31784778.8
2.5595,19970120,0.18,000005.SZE,53466.0,4.2446,2.4764,2.4548,0.0426,2.5206,before,1.7839,2.4548,54566597.9
2.54,19970121,-0.16,000005.SZE,24203.0,1.9214,2.5206,2.4569,0.0331,2.4818,before,-1.5579,2.5282,24517440.5
2.5627,19970122,0.1,000005.SZE,42858.0,3.4024,2.4818,2.4548,0.0435,2.5055,before,0.9891,2.4548,43774648.5
2.5433,19970123,0.11,000005.SZE,56345.0,4.4731,2.5055,2.43,0.0451,2.5325,before,1.0774,2.5087,57741459.2
2.6382,19970124,0.22,000005.SZE,67649.0,5.3705,2.5325,2.5033,0.0533,2.5875,before,2.1318,2.5433,71197227.9
2.6512,19970127,0.04,000005.SZE,49015.0,3.8912,2.5875,2.5648,0.0332,2.5972,before,0.3795,2.6242,51890277.7
2.5875,19970128,-0.12,000005.SZE,31328.0,2.4871,2.5972,2.5033,0.0321,2.5669999999999997,before,-1.1342,2.5843,32504958.2
2.5669999999999997,19970129,-0.13,000005.SZE,25933.0,2.0588,2.5669999999999997,2.5163,0.0201,2.5357,before,-1.2428,2.5476,26812381.2
2.6382,19970130,0.28,000005.SZE,55568.0,4.4114,2.5357,2.54,0.0387,2.6037,before,2.7106,2.553,59118898.1
2.6997,19970131,0.0,000005.SZE,83971.0,6.6663,2.6037,2.6015,0.0377,2.6037,before,0.0,2.6307,91294864.1
2.7245,19970217,0.28,000005.SZE,49583.0,3.9363,2.6037,2.5767,0.0566,2.6728,before,2.639,2.6145,53762546.6
2.6749,19970218,-1.09,000005.SZE,82718.0,6.5668,2.6728,2.4052,0.10099999999999999,2.4052,before,-10.0092,2.6512,84093073.3
2.5573,19970219,0.58,000005.SZE,54680.0,4.3409,2.4052,2.43,0.0531,2.5476,before,5.9184,2.4548,55671904.2
2.5163,19970220,-0.27,000005.SZE,80074.0,6.3569,2.5476,2.2929,0.0877,2.4818,before,-2.6012,2.2929,79106240.7
2.6264,19970221,0.44,000005.SZE,61657.0,4.8948,2.4818,2.4742,0.0613,2.5897,before,4.3521,2.4818,64658912.6
2.8443,19970224,1.04,000005.SZE,236001.0,18.7356,2.5897,2.6264,0.0844,2.8443,before,9.8578,2.6512,269129489.4
3.1044,19970225,0.44,000005.SZE,212025.0,16.8322,2.8443,2.8713,0.08199999999999999,2.9522,before,3.7964,2.9328,256852332.8
3.0331,19970226,0.15,000005.SZE,92593.0,7.3508,2.9522,2.9252,0.0366,2.99,before,1.2469,2.9457,112536626.7
3.1616,19970227,0.21,000005.SZE,114910.0,9.1225,2.99,2.9943,0.0558,3.0407,before,1.7241,3.0580000000000003,144376961.0
3.1044,19970228,0.14,000005.SZE,82761.0,6.5702,3.0407,2.9479,0.0517,3.0752,before,1.1299,3.0385,101995749.2
3.2403,19970303,0.4,000005.SZE,97571.0,7.746,3.0752,3.0925,0.0479,3.1734,before,3.1923,3.0925,126476656.5
3.2026,19970304,-0.15,000005.SZE,82365.0,6.5388,3.1734,3.0677,0.0425,3.1367,before,-1.1601,3.1907,104863992.2
3.1389,19970305,-0.46,000005.SZE,56401.0,4.4776,3.1367,3.0062,0.0423,3.0234,before,-3.5994,3.0882,70556787.6
3.1173,19970306,0.18,000005.SZE,39899.0,3.1675,3.0234,2.9695,0.0487,3.0677,before,1.4609999999999999,2.9824,49778314.4
3.0882,19970307,-0.12,000005.SZE,37829.0,3.0032,3.0677,3.0137,0.024,3.0385,before,-0.96,3.0655,46853323.7
3.1616,19970310,0.39,000005.SZE,46237.0,3.6707,3.0385,3.0234,0.0452,3.1346,before,3.1502,3.0385,58456817.7
3.2695,19970311,0.47,000005.SZE,97352.0,7.7286,3.1346,3.1367,0.0423,3.25,before,3.6805,3.1421,127876087.2
3.3007,19970312,-0.11,000005.SZE,70362.0,5.5859,3.25,3.1659,0.0415,3.2231,before,-0.8308,3.2522,92982028.6
3.2403,19970313,-0.27,000005.SZE,51312.0,4.0735,3.2231,3.0925,0.0457,3.1562,before,-2.0564,3.1907,66139489.7
3.1885,19970314,0.09,000005.SZE,46633.0,3.7021,3.1562,3.0580000000000003,0.0412,3.1788,before,0.6998,3.1659,59576416.9
3.2349,19970317,0.02,000005.SZE,67715.0,5.3757,3.1788,3.1292,0.0332,3.1831,before,0.1544,3.1907,87481863.0
3.3137,19970318,0.03,000005.SZE,75830.0,6.02,3.1831,3.1421,0.054000000000000006,3.1907,before,0.2313,3.1831,99891215.7
3.2349,19970319,-0.24,000005.SZE,55150.0,4.3782,3.1907,3.1,0.0423,3.1313,before,-1.8462,3.2058,70451983.5
3.1788,19970320,-0.38,000005.SZE,51772.0,4.1101,3.1313,3.0191,0.0509,3.0385,before,-2.9781,3.1421,65220777.3
3.1421,19970321,0.31,000005.SZE,39350.0,3.1239,3.0385,3.0213,0.0396,3.1152,before,2.504,3.031,49353312.1
3.3256,19970324,0.66,000005.SZE,140564.0,11.1591,3.1152,3.0677,0.0827,3.2769999999999997,before,5.2009,3.1152,184255474.4
3.2943,19970325,-0.27,000005.SZE,79534.0,6.314,3.2769999999999997,3.1421,0.0464,3.2101,before,-2.0225,3.2769999999999997,103991827.8
3.3007,19970326,0.3,000005.SZE,75684.0,6.0084,3.2101,3.1421,0.0497,3.2846,before,2.2936,3.2026,99483543.8
3.3623,19970327,-0.12,000005.SZE,97708.0,7.7568,3.2846,3.2295,0.0404,3.2543,before,-0.8969,3.3137,131800043.9
3.3137,19970328,-0.16,000005.SZE,49071.0,3.8956,3.2543,3.1928,0.037000000000000005,3.2155,before,-1.2066,3.2155,64974327.4
3.3871,19970331,0.31,000005.SZE,51317.0,4.0739,3.2155,3.2403,0.0458,3.2910000000000004,before,2.3664,3.2403,69280389.3
3.3871,19970401,0.03,000005.SZE,53173.0,4.2213,3.2910000000000004,3.2769999999999997,0.0336,3.2986,before,0.2237,3.3752,71989460.3
3.5047,19970402,0.55,000005.SZE,125296.0,9.947000000000001,3.2986,3.2641,0.0729,3.4335,before,4.0923,3.3385,173994660.0
3.5004,19970403,-0.06,000005.SZE,71875.0,5.706,3.4335,3.3385,0.0472,3.4194,before,-0.4289,3.4335,99761027.7
3.5565,19970404,-0.43,000005.SZE,93015.0,7.3843,3.4194,3.2846,0.0797,3.3137,before,-3.0869,3.4853,126373206.8
3.3795,19970407,-0.1,000005.SZE,88622.0,7.0355,3.3137,3.1659,0.0644,3.2889,before,-0.7407,3.3159,117855220.3
3.3137,19970408,-0.44,000005.SZE,73920.0,5.8684,3.2889,3.1659,0.0448,3.181,before,-3.2836,3.2769999999999997,96852323.5
3.2403,19970409,0.04,000005.SZE,53188.0,4.2225,3.181,3.154,0.027000000000000003,3.1907,before,0.3086,3.1659,69195269.9
3.3137,19970410,0.09,000005.SZE,92641.0,7.3546,3.1907,3.0677,0.0769,3.2133,before,0.6923,3.1907,119963257.3
3.1928,19970411,-0.25,000005.SZE,41933.0,3.3289999999999997,3.2133,3.0677,0.039,3.1518,before,-1.9099,3.1659,53322718.4
3.2889,19970414,0.33,000005.SZE,62379.0,4.9521,3.1518,3.1907,0.0312,3.2328,before,2.5701,3.1907,82587326.2
3.3623,19970415,0.18,000005.SZE,71798.0,5.6999,3.2328,3.2403,0.038,3.2769999999999997,before,1.3667,3.2403,96828892.4
3.3482,19970416,0.04,000005.SZE,41597.0,3.3023,3.2769999999999997,3.2403,0.033,3.2867,before,0.2996,3.3256,55995409.2
3.3137,19970417,-0.11,000005.SZE,34746.0,2.7584,3.2867,3.2274,0.0261,3.2597,before,-0.8215,3.2889,46185441.2
3.2769999999999997,19970418,-0.19,000005.SZE,33606.0,2.6679,3.2597,3.1691,0.0331,3.2133,before,-1.4307,3.2641,43854175.7
3.3752,19970421,0.61,000005.SZE,96582.0,7.6674,3.2133,3.2274,0.0458,3.3623,before,4.66,3.25,130499601.9
3.4119,19970422,-0.05,000005.SZE,65702.0,5.2159,3.3623,3.3256,0.0255,3.3504,before,-0.365,3.3871,90198152.1
3.3752,19970423,-0.06,000005.SZE,81267.0,6.4516,3.3504,3.2026,0.0513,3.3353,before,-0.4396,3.3504,108074202.8
3.3137,19970424,-0.32,000005.SZE,47299.0,3.755,3.3353,3.1982,0.0346,3.2565,before,-2.3547,3.3137,62856998.8
3.5856,19970425,1.33,000005.SZE,269916.0,21.4281,3.2565,3.2641,0.0987,3.5835,before,10.0226,3.2641,386041304.3
3.9341,19970428,1.43,000005.SZE,23332.0,1.8523,3.5835,3.9341,0.0,3.9341,before,9.7945,3.9341,37401741.0
4.3269,19970429,1.6,000005.SZE,349786.0,27.7688,3.9341,4.0744,0.0643,4.3269,before,9.9813,4.3269,611163783.4
4.492,19970430,0.44,000005.SZE,157640.0,12.5147,4.3269,4.1607,0.0766,4.4348,before,2.4957,4.4057,278794532.9
4.6636,19970505,0.66,000005.SZE,164227.0,13.0376,4.4348,4.369,0.0664,4.5967,before,3.6525,4.4111,299884586.5
4.8308,19970506,0.16,000005.SZE,129455.0,10.2772,4.5967,4.5405,0.063,4.6366,before,0.8542,4.6139,246074846.2
4.6344,19970507,-0.63,000005.SZE,96370.0,7.6506,4.6366,4.4175,0.0466,4.4823,before,-3.3351,4.6139,176777040.2
4.6139,19970508,-0.78,000005.SZE,96098.0,7.629,4.4823,4.246,0.0821,4.2902,before,-4.2716,4.4175,172947039.1
4.4942,19970509,0.8,000005.SZE,83383.0,6.6196,4.2902,4.2708,0.0521,4.4866,before,4.5767,4.2708,149600850.4
4.6884,19970512,0.24,000005.SZE,82716.0,6.5666,4.4866,4.492,0.0438,4.5459,before,1.3129,4.5654,154535344.3
4.6139,19970513,-0.45,000005.SZE,63608.0,5.0497,4.5459,4.3938,0.0486,4.4348,before,-2.4298,4.5654,115124789.0
4.4305,19970514,-0.84,000005.SZE,49537.0,3.9326,4.4348,4.1974,0.0526,4.2287,before,-4.6486,4.4175,87168225.0
4.4618,19970515,0.72,000005.SZE,50050.0,3.9734,4.2287,4.0938,0.0871,4.4057,before,4.1788,4.1974,87340506.1
4.3193,19970516,-1.68,000005.SZE,84763.0,6.7292,4.4057,3.9665,0.0802,3.9935,before,-9.3593,3.9665,141360626.0
4.192,19970519,0.48,000005.SZE,39739.0,3.1548,3.9935,3.9935,0.0498,4.1111,before,2.9502,3.9935,66115180.7
4.3496,19970520,0.75,000005.SZE,56521.0,4.4871,4.1111,4.123,0.0549,4.2956,before,4.4776,4.1629,97761195.6
4.3193,19970521,-0.5,000005.SZE,37339.0,2.9643,4.2956,4.123,0.0457,4.1726,before,-2.8571,4.2956,63956299.4
4.0625,19970522,-1.7,000005.SZE,66661.0,5.2921,4.1726,3.755,0.0735,3.755,before,-10.0,3.755,104707436.2
3.9881,19970523,0.9,000005.SZE,53955.0,4.2834,3.755,3.7507,0.0634,3.9762,before,5.8824,3.755,85732517.7
4.0863,19970526,0.2,000005.SZE,52335.0,4.1548,3.9762,3.7583,0.0827,4.0248,before,1.2346,4.0474,84328235.9
4.1726,19970527,0.51,000005.SZE,64490.0,5.1197,4.0248,3.9514,0.0549,4.1499,before,3.1098,4.0496,108351722.6
4.2168,19970528,-0.53,000005.SZE,36796.0,2.9212,4.1499,4.001,0.052000000000000005,4.0205,before,-3.1342,4.1499,61548235.8
4.123,19970529,-0.16,000005.SZE,27485.0,2.182,4.0205,3.9298,0.0482,3.9816,before,-0.9768,4.0205,44958609.4
4.1435,19970530,0.56,000005.SZE,23681.0,1.88,3.9816,3.9298,0.0536,4.1186,before,3.4525,3.9298,39029136.2
4.492,19970602,1.1,000005.SZE,74976.0,5.9522,4.1186,4.1726,0.0775,4.3884,before,6.5554,4.218999999999999,133454012.2
4.8103,19970603,1.26,000005.SZE,194684.0,15.4555,4.3884,4.2212,0.1342,4.6981,before,7.047000000000001,4.4175,363970972.9
4.7294,19970604,-0.46,000005.SZE,100562.0,7.9834,4.6981,4.5675,0.0345,4.5848,before,-2.4033,4.7002,190191962.8
4.6636,19970605,0.24,000005.SZE,80309.0,6.3756,4.5848,4.492,0.0375,4.6441,before,1.2848,4.5848,150167418.9
4.6139,19970606,-0.99,000005.SZE,129920.0,10.3141,4.6441,4.2212,0.0846,4.4003,before,-5.2326,4.2212,233456130.5
4.5287,19970609,0.17,000005.SZE,49202.0,3.906,4.4003,4.3442,0.0418,4.4424,before,0.9481,4.4175,89020312.4
4.4553,19970610,-1.09,000005.SZE,42301.0,3.3582,4.4424,4.0938,0.0812,4.1748,before,-6.0221,4.4305,73577732.4
4.192,19970611,-0.53,000005.SZE,50291.0,3.9925,4.1748,3.7604,0.1035,4.0453,before,-3.1158,4.165,81200230.8
4.1456,19970612,0.02,000005.SZE,31754.0,2.5209,4.0453,3.9417,0.0504,4.0496,before,0.1214,4.0744,52427081.1
4.2956,19970613,0.76,000005.SZE,51096.0,4.0564,4.0496,3.8047,0.1212,4.2363,before,4.6061,3.8047,86062576.1
4.4175,19970616,0.04,000005.SZE,36411.0,2.8906,4.2363,4.2438,0.0411,4.246,before,0.2317,4.2956,64212574.6
4.3442,19970617,0.08,000005.SZE,27762.0,2.204,4.246,4.1974,0.0347,4.2654,before,0.4624,4.2611,48328728.3
4.5287,19970618,0.39,000005.SZE,67124.0,5.3288,4.2654,4.2827,0.0575,4.3614,before,2.244,4.2956,120661013.4
4.4672,19970619,-0.1,000005.SZE,43734.0,3.4719,4.3614,4.3193,0.0338,4.3366,before,-0.5627,4.4132,78487172.6
4.6582,19970620,1.13,000005.SZE,94867.0,7.5313,4.3366,4.3593,0.069,4.6139,before,6.395,4.4208,175744138.9
4.8599,19970623,-0.09,000005.SZE,148033.0,11.752,4.6139,4.3841,0.1032,4.5923,before,-0.4787,4.7445,280953740.9
4.6679,19970624,0.27,000005.SZE,50241.0,3.9885,4.5923,4.5157,0.0331,4.6582,before,1.4431,4.6118,94383786.8
4.6884,19970625,-0.34,000005.SZE,42373.0,3.3639,4.6582,4.5427,0.0311,4.5751,before,-1.7914,4.6636,79330039.3
4.6582,19970626,-0.01,000005.SZE,35637.0,2.8291,4.5751,4.479,0.0392,4.5729,before,-0.0536,4.56,66271800.7
4.7369,19970627,-0.24,000005.SZE,67458.0,5.3553,4.5729,4.5039,0.051,4.5136,before,-1.2882,4.5902,127348877.3
4.0625,19970703,-1.84,000005.SZE,4929.0,0.3913,4.5136,4.0625,0.0,4.0625,before,-10.0054,4.0625,8157495.0
3.6568,19970704,-1.65,000005.SZE,9766.0,0.7753,4.0625,3.6568,0.0,3.6568,before,-9.9698,3.6568,14551340.0
3.5371,19970707,-1.49,000005.SZE,82952.0,6.5854,3.6568,3.2910000000000004,0.0671,3.2910000000000004,before,-10.0,3.2910000000000004,112624669.8
3.3137,19970708,-1.3,000005.SZE,63666.0,5.0543,3.2910000000000004,2.963,0.1066,2.9727,before,-9.6943,3.2403,78425543.5
3.1864,19970709,0.65,000005.SZE,65722.0,5.2175,2.9727,2.9479,0.0801,3.1313,before,5.3675,2.9695,82802155.9
3.1367,19970710,-0.65,000005.SZE,45573.0,3.6179,3.1313,2.9652,0.0549,2.9727,before,-5.093999999999999,3.1292,56090505.3
3.1119,19970711,0.45,000005.SZE,59509.0,4.7243,2.9727,2.8961,0.0727,3.0828,before,3.7159,2.9404,72620498.3
3.1616,19970714,-0.02,000005.SZE,64642.0,5.1318,3.0828,2.9695,0.0621,3.0774,before,-0.1592,3.0677,80780515.7
3.3137,19970715,0.66,000005.SZE,85931.0,6.8219,3.0774,3.0439,0.0877,3.2403,before,5.2632,3.0925,112701574.4
3.2403,19970716,-0.5,000005.SZE,37063.0,2.9424,3.2403,3.0925,0.0455,3.1173,before,-3.7879,3.2155,47351188.5
3.2641,19970717,0.26,000005.SZE,48739.0,3.8693,3.1173,3.0439,0.0709,3.181,before,2.0472,3.1173,61899466.1
3.2403,19970718,-0.24,000005.SZE,21522.0,1.7086,3.181,3.0925,0.0463,3.1216,before,-1.8519,3.1691,27528889.1
3.1659,19970721,-0.4,000005.SZE,30258.0,2.4021,3.1216,2.9943,0.055,3.0234,before,-3.1447,3.1313,37711563.4
3.1292,19970722,0.18,000005.SZE,27721.0,2.2007,3.0234,2.908,0.0731,3.0677,before,1.4609999999999999,3.0062,33715535.3
3.1885,19970723,-0.07,000005.SZE,30676.0,2.4353,3.0677,3.0191,0.0552,3.0504,before,-0.56,3.0806,38806621.3
3.0677,19970724,-0.4,000005.SZE,16182.0,1.2847,3.0504,2.9457,0.0402,2.9522,before,-3.218,3.0039999999999996,19727857.0
2.9943,19970725,-0.03,000005.SZE,18724.0,1.4865,2.9522,2.9037,0.0308,2.9457,before,-0.2494,2.9382,22471155.1
2.9360000000000004,19970728,-1.03,000005.SZE,33574.0,2.6654,2.9457,2.6512,0.0967,2.6922,before,-8.5833,2.9360000000000004,37597788.4
2.7666,19970729,-0.09,000005.SZE,23352.0,1.8539,2.6922,2.58,0.0693,2.6706,before,-0.8204,2.6264,25328168.6
2.7397,19970730,0.27,000005.SZE,16947.0,1.3454,2.6706,2.6512,0.0331,2.7364,before,2.4816,2.6997,18609343.9
2.7612,19970731,-0.19,000005.SZE,15422.0,1.2243,2.7364,2.6749,0.0314,2.69,before,-1.704,2.7494,17004354.8
2.8842,19970801,0.62,000005.SZE,28378.0,2.2529,2.69,2.6879,0.073,2.8422,before,5.6569,2.6997,32306277.6
2.8594,19970804,-0.2,000005.SZE,12360.0,0.9812,2.8422,2.7612,0.0345,2.7936,before,-1.7271,2.8098,14071950.5
2.8227,19970805,-0.15,000005.SZE,13249.0,1.0518,2.7936,2.7439999999999998,0.0281,2.7558,before,-1.3181,2.7936,14975507.9
2.7731,19970806,-0.34,000005.SZE,11160.0,0.8859999999999999,2.7558,2.6555,0.0427,2.6728,before,-3.0276,2.7019,12334124.5
2.7494,19970807,0.31,000005.SZE,12798.0,1.016,2.6728,2.5875,0.0606,2.7494,before,2.8466,2.6533,13809295.5
2.7731,19970808,-0.39,000005.SZE,14417.0,1.1445,2.7494,2.6512,0.0446,2.6533,before,-3.4821,2.7731,15748253.0
2.69,19970811,-0.54,000005.SZE,18951.0,1.5045,2.6533,2.5163,0.0657,2.5206,before,-4.9954,2.6630000000000003,19730751.5
2.5163,19970812,-0.46,000005.SZE,18674.0,1.4825,2.5206,2.4052,0.0438,2.4073,before,-4.4791,2.5163,18714889.7
2.4764,19970813,-0.2,000005.SZE,12866.0,1.0214,2.4073,2.3534,0.051,2.3588,before,-2.0387,2.4073,12638460.9
2.4203,19970814,0.19,000005.SZE,15884.0,1.261,2.3588,2.3318,0.0375,2.4052,before,1.9771,2.3318,15442456.9
2.4494,19970815,-0.15,000005.SZE,10053.0,0.7981,2.4052,2.3436,0.0439,2.3685,before,-1.5306,2.4418,9863761.0
2.3566,19970818,-0.86,000005.SZE,17319.0,1.3749,2.3685,2.1376,0.0922,2.157,before,-8.9119,2.3318,15467926.5
2.3739,19970819,0.81,000005.SZE,31553.0,2.5049,2.157,2.2336,0.0648,2.3566,before,9.215,2.307,30020976.8
2.4052,19970820,0.09,000005.SZE,11101.0,0.8813,2.3566,2.307,0.0417,2.3782,before,0.9375,2.3803,10600398.9
2.4052,19970821,0.01,000005.SZE,12701.0,1.0083,2.3782,2.3264,0.033,2.3803,before,0.1032,2.3976,12240841.2
2.5573,19970822,0.24,000005.SZE,28357.0,2.2512,2.3803,2.3469,0.0887,2.4397,before,2.4742,2.3803,28596766.6
2.5357,19970825,0.06,000005.SZE,17161.0,1.3624,2.4397,2.4073,0.0523,2.4591,before,0.7843,2.4494,13241806.1
2.5994,19970826,0.41,000005.SZE,22469.0,1.7838,2.4591,2.4235,0.0713,2.5897,before,5.3178,2.4559,17571909.9
2.6469,19970827,-0.01,000005.SZE,24571.0,1.5005,2.5897,2.4872,0.0616,2.5864,before,-0.1232,2.5897,19944829.5
2.6156,19970828,-0.14,000005.SZE,24617.0,1.5033,2.5864,2.5357,0.0308,2.5422,before,-1.7263,2.5508,19814411.4
2.7039999999999997,19970829,0.39,000005.SZE,40400.0,2.4671,2.5422,2.5508,0.0602,2.6663,before,4.8934,2.5508,33470486.5
2.6156,19970901,-0.56,000005.SZE,180295.0,11.0102,2.6663,2.3987,0.0813,2.4872,before,-6.6986,2.3987,137831613.6
2.6436,19970902,0.4,000005.SZE,163660.0,9.9943,2.4872,2.4073,0.0949,2.6156,before,5.1282,2.4364,131247275.4
2.6728,19970903,-0.07,000005.SZE,83955.0,5.1269,2.6156,2.5541,0.0451,2.5929,before,-0.8537,2.6728,68626967.2
2.6825,19970904,0.21,000005.SZE,62506.0,3.8171,2.5929,2.5994,0.032,2.6598,before,2.583,2.6156,51868890.1
2.6943,19970905,-0.04,000005.SZE,38679.0,2.362,2.6598,2.5897,0.0396,2.6469,before,-0.4796,2.6469,32100489.6
2.7709,19970908,0.32,000005.SZE,63403.0,3.8719,2.6469,2.6091,0.0614,2.7494,before,3.8554,2.6469,53359607.5
2.8324,19970909,-0.17,000005.SZE,82822.0,5.0577,2.7494,2.6889,0.0522,2.6943,before,-1.9722,2.7429,72262283.5
2.7429,19970910,0.04,000005.SZE,44054.0,2.6903,2.6943,2.6091,0.0497,2.7073,before,0.4734,2.676,37032789.8
2.867,19970911,0.07,000005.SZE,87483.0,5.3424,2.7073,2.6630000000000003,0.0754,2.7299,before,0.8245,2.7008,75881745.7
2.8066,19970912,-0.14,000005.SZE,57024.0,3.4823,2.7299,2.6630000000000003,0.0526,2.6857,before,-1.6355,2.7299,48948302.7
2.7591,19970915,-0.06,000005.SZE,41368.0,2.5262,2.6857,2.6501,0.0404,2.6663,before,-0.7126,2.7105,34948400.8
2.7429,19970916,0.13,000005.SZE,22849.0,1.3953,2.6663,2.6663,0.0287,2.7073,before,1.555,2.7202,19369382.4
2.7267,19970917,-0.35,000005.SZE,21370.0,1.305,2.7073,2.5638,0.0601,2.5961,before,-4.1225,2.717,17676382.0
2.6307,19970918,0.01,000005.SZE,19915.0,1.2162,2.5961,2.5195,0.043,2.5994,before,0.1229,2.6307,16052615.0
2.6728,19970919,0.11,000005.SZE,14442.0,0.8819,2.5994,2.58,0.0356,2.6339,before,1.3497,2.5994,11906758.2
2.6533,19970922,-0.78,000005.SZE,26470.0,1.6165,2.6339,2.376,0.1053,2.3857,before,-9.4431,2.6307,20730603.6
2.4019,19970923,-0.65,000005.SZE,32555.0,1.9881,2.3857,2.1462,0.107,2.1786,before,-8.6898,2.3221,23129477.0
2.3922,19970924,0.52,000005.SZE,42893.0,2.6194,2.1786,2.2001,0.0878,2.3436,before,7.6135,2.226,30915993.1
2.3922,19970925,-0.01,000005.SZE,32483.0,1.9837,2.3436,2.3221,0.0299,2.3404,before,-0.1361,2.3598,23993628.1
2.4019,19970926,0.04,000005.SZE,29364.0,1.7932,2.3404,2.2325,0.0722,2.3534,before,0.545,2.3436,21459567.9
2.3436,19970929,-0.3,000005.SZE,17707.0,1.0813,2.3534,2.226,0.0501,2.2584,before,-4.065,2.3436,12589196.3
2.2962,19970930,0.04,000005.SZE,9454.0,0.5773,2.2584,2.2325,0.0282,2.2703,before,0.565,2.2325,6707532.5
2.3339,19971006,0.13,000005.SZE,16463.0,1.0054,2.2703,2.2325,0.0449,2.3124,before,1.8258,2.2897,11815181.0
2.3404,19971007,0.03,000005.SZE,7280.0,0.4446,2.3124,2.2638,0.0331,2.3221,before,0.4138,2.3404,5260868.1
2.4656,19971008,0.42,000005.SZE,36146.0,2.2073,2.3221,2.3221,0.0618,2.4559,before,5.7692,2.3598,27449622.3
2.5832,19971009,0.39,000005.SZE,59257.0,3.6187,2.4559,2.4105,0.0701,2.58,before,5.0649,2.4559,47049317.2
2.6091,19971010,0.0,000005.SZE,37362.0,2.2816,2.58,2.5131,0.0371,2.58,before,0.0,2.58,29988204.7
2.6156,19971013,-0.07,000005.SZE,26640.0,1.6268,2.58,2.5508,0.0247,2.5573,before,-0.8653,2.5767,21573989.6
2.5508,19971014,-0.03,000005.SZE,22425.0,1.3694,2.5573,2.4429,0.0424,2.5487,before,-0.3741,2.539,17552386.9
2.5961,19971015,0.08,000005.SZE,21299.0,1.3007,2.5487,2.4872,0.0426,2.5735,before,1.0013,2.5454,17187520.8
2.7008,19971016,0.35,000005.SZE,63951.0,3.9053,2.5735,2.4753,0.08800000000000001,2.6857,before,4.3371,2.5929,52245601.0
2.8864,19971017,0.37,000005.SZE,104359.0,6.372999999999999,2.6857,2.6469,0.0891,2.8033,before,4.3943,2.6792,90562207.1
2.9339,19971020,0.21,000005.SZE,105430.0,6.4384,2.8033,2.7904,0.0512,2.8702,before,2.3891,2.8702,94829846.5
3.0612,19971021,0.49,000005.SZE,123117.0,7.5185,2.8702,2.8735,0.0656,3.0267,before,5.4444,2.8961,115296487.5
3.1572,19971022,-0.48,000005.SZE,144485.0,8.8233,3.0267,2.867,0.0959,2.8735,before,-5.058,3.0299,136772242.1
3.1572,19971023,0.64,000005.SZE,136247.0,8.3203,2.8735,2.7742,0.1332,3.0774,before,7.1032,2.867,128582004.0
3.2684,19971024,0.57,000005.SZE,182813.0,11.1639,3.0774,3.0968,0.055999999999999994,3.2597,before,5.9067,3.0968,183685888.3
3.4443,19971027,0.08,000005.SZE,158640.0,9.6878,3.2597,3.1928,0.0773,3.2846,before,0.7828,3.3482,166289727.9
3.2846,19971028,-0.53,000005.SZE,98664.0,6.0252,3.2846,3.0299,0.0777,3.1162,before,-5.1456,3.2846,97767092.2
3.2684,19971029,0.38,000005.SZE,79577.0,4.8596,3.1162,2.9911,0.08900000000000001,3.2371,before,3.8895,3.0299,79077764.2
3.3169,19971030,-0.45,000005.SZE,89741.0,5.4803,3.2371,3.0774,0.0739,3.0936,before,-4.4335,3.2533,89636268.2
3.1098,19971031,-0.13,000005.SZE,43408.0,2.6508,3.0936,2.9533,0.0505,3.0515,before,-1.3402,3.0331,41371483.9
3.1572,19971103,0.07,000005.SZE,31774.0,1.9404,3.0515,3.0299,0.0418,3.0741,before,0.7315,3.0547,30841475.0
3.154,19971104,0.24,000005.SZE,26640.0,1.6268,3.0741,3.0364,0.0384,3.1508,before,2.4896,3.0461,25763053.2
3.3169,19971105,0.39,000005.SZE,74726.0,4.5633,3.1508,3.1249,0.0607,3.2748,before,3.9474,3.1864,76098704.3
3.3169,19971106,-0.39,000005.SZE,42014.0,2.5657,3.2748,3.1475,0.0516,3.1508,before,-3.7975,3.3007,42489760.7
3.2371,19971107,0.12,000005.SZE,29214.0,1.784,3.1508,3.141,0.0304,3.1896,before,1.2146,3.1734,29197397.5
3.4065,19971110,0.45,000005.SZE,99780.0,6.0933,3.1896,3.2209,0.057999999999999996,3.3331,before,4.5,3.2209,104282341.7
3.345,19971111,-0.15,000005.SZE,40765.0,2.4894,3.3331,3.1831,0.0488,3.2846,before,-1.4354,3.3137,41909408.7
3.3482,19971112,-0.29,000005.SZE,23781.0,1.4522,3.2846,3.1831,0.0505,3.1928,before,-2.8155,3.2943,24249153.3
3.3007,19971113,0.34,000005.SZE,33825.0,2.0656,3.1928,3.0299,0.0849,3.3007,before,3.3966,3.1572,33413019.4
3.3417,19971114,-0.25,000005.SZE,29672.0,1.8119999999999998,3.3007,3.1896,0.0464,3.2209,before,-2.4155,3.3417,30333315.1
3.4033,19971117,0.38,000005.SZE,79762.0,4.8709,3.2209,3.2533,0.0465,3.3417,before,3.7624,3.3007,83765416.8
3.495,19971118,0.19,000005.SZE,104509.0,6.3821,3.3417,3.3105,0.0553,3.4033,before,1.8130000000000002,3.3417,112442423.8
3.4313,19971119,-0.29,000005.SZE,43743.0,2.6713,3.4033,3.2684,0.0478,3.3105,before,-2.7179,3.4,46080658.6
3.3417,19971120,-0.26,000005.SZE,33531.0,2.0477,3.3105,3.1896,0.0462,3.2274,before,-2.5048,3.3137,34449016.2
3.2436,19971121,-0.25,000005.SZE,37810.0,2.309,3.2274,3.1195,0.0385,3.1475,before,-2.4704,3.1864,37649278.1
3.1281,19971124,-0.38,000005.SZE,22203.0,1.3559,3.1475,3.0137,0.0365,3.0267,before,-3.8501,3.1249,21506130.5
3.1249,19971125,0.01,000005.SZE,21034.0,1.2845,3.0267,2.9975,0.0421,3.0299,before,0.1054,3.0234,20041134.2
3.0839,19971126,0.09,000005.SZE,12286.0,0.7503,3.0299,2.9814,0.0337,3.0580000000000003,before,0.9474,3.0364,11637617.5
3.0871,19971127,-0.57,000005.SZE,20435.0,1.2479,3.0580000000000003,2.8411,0.0803,2.8767,before,-5.9437,3.0580000000000003,18883153.2
2.9814,19971128,0.31,000005.SZE,22744.0,1.3889,2.8767,2.8066,0.061,2.9760000000000004,before,3.4368,2.8378,20449057.4
2.9814,19971201,-0.24,000005.SZE,11680.0,0.7133,2.9760000000000004,2.8378,0.0482,2.8993,before,-2.5723,2.9814,10650919.4
2.9662,19971202,-0.06,000005.SZE,8132.0,0.4966,2.8993,2.8702,0.033,2.8799,before,-0.6601,2.8993,7403092.3
2.9112,19971203,-0.14,000005.SZE,18469.0,1.1279,2.8799,2.7591,0.0532,2.8357,before,-1.5504,2.8702,16260228.9
2.9026,19971204,0.11,000005.SZE,16696.0,1.0196,2.8357,2.7202,0.0641,2.8702,before,1.2373,2.8066,14920149.9
3.1098,19971205,0.45,000005.SZE,55976.0,3.4183,2.8702,2.9026,0.0722,3.0137,before,5.0,2.9501,53671789.2
3.2846,19971208,0.74,000005.SZE,98165.0,5.9947,3.0137,3.0774,0.0688,3.25,before,7.8307,3.0871,99309779.0
3.3482,19971209,-0.39,000005.SZE,50036.0,3.0556,3.25,3.1098,0.0736,3.1249,before,-3.8273,3.2846,49999800.1
3.1864,19971210,-0.1,000005.SZE,34139.0,2.0848,3.1249,3.0547,0.0418,3.0936,before,-1.0204,3.1313,33151233.2
3.1249,19971211,-0.04,000005.SZE,18538.0,1.1321,3.0936,3.0137,0.0361,3.0806,before,-0.4124,3.1098,17700583.5
3.1313,19971212,-0.06,000005.SZE,15067.0,0.9201,3.0806,3.0299,0.0331,3.0612,before,-0.6211,3.0903,14564532.8
3.1734,19971215,0.13,000005.SZE,22337.0,1.3641,3.0612,3.0429,0.0427,3.1033,before,1.3542,3.0871,21725591.5
3.1378,19971216,-0.06,000005.SZE,16953.0,1.0353,3.1033,3.0461,0.0298,3.0839,before,-0.6166,3.1249,16335816.2
3.0677,19971217,-0.47,000005.SZE,28249.0,1.7251,3.0839,2.908,0.0517,2.9339,before,-4.8604,3.0612,26338671.3
2.9727,19971218,0.0,000005.SZE,15408.0,0.9409,2.9339,2.8702,0.0348,2.9339,before,0.0,2.9026,14145784.7
2.963,19971219,-0.1,000005.SZE,14408.0,0.8799,2.9339,2.8702,0.0315,2.9026,before,-1.087,2.9026,13074883.2
2.908,19971222,-0.23,000005.SZE,26765.0,1.6345,2.9026,2.7904,0.0407,2.8292,before,-2.5275,2.8702,23760398.5
2.9306,19971223,0.28,000005.SZE,21292.0,1.3003,2.8292,2.7429,0.0665,2.9177,before,3.1567,2.8066,19112857.7
2.9814,19971224,-0.02,000005.SZE,16779.0,1.0247,2.9177,2.8378,0.0492,2.9112,before,-0.2186,2.9209,15188486.5
2.9026,19971225,-0.25,000005.SZE,18306.0,1.1179,2.9112,2.8163,0.0296,2.8324,before,-2.7382,2.9026,16311425.3
2.9501,19971226,0.14,000005.SZE,20366.0,1.2437,2.8324,2.8378,0.0394,2.8767,before,1.5766,2.8378,18429355.3
2.963,19971229,0.08,000005.SZE,23917.0,1.4606,2.8767,2.8702,0.0322,2.9026,before,0.8869,2.8702,21967568.9
3.0612,19971230,0.27,000005.SZE,28795.0,1.7584,2.9026,2.9026,0.0549,2.9878,before,2.967,2.9339,27093074.9
3.0299,19971231,-0.27,000005.SZE,26188.0,1.5992,2.9878,2.867,0.0544,2.9026,before,-2.8815,3.0299,24246531.4
3.017,19980105,0.18,000005.SZE,27344.0,1.6698,2.9026,2.8735,0.0495,2.9598,before,1.9780000000000002,2.9177,25126585.0
2.9814,19980106,-0.18,000005.SZE,29769.0,1.8179,2.9598,2.8735,0.0366,2.9026,before,-1.9397,2.9814,27034272.1
3.0267,19980107,0.23,000005.SZE,34783.0,2.1241,2.9026,2.8702,0.0538,2.9760000000000004,before,2.5275,2.8961,32126279.3
2.9975,19980108,-0.21,000005.SZE,24584.0,1.5013,2.9760000000000004,2.8864,0.0375,2.908,before,-2.2508,2.9814,22559612.3
2.9501,19980109,-0.12,000005.SZE,28172.0,1.7204,2.908,2.8378,0.0384,2.8702,before,-1.3158,2.9177,25426137.4
2.9339,19980112,-0.15,000005.SZE,38709.0,2.3639,2.8702,2.8001,0.0467,2.8227,before,-1.6667,2.8864,34444368.1
2.813,19980113,-0.69,000005.SZE,47630.0,2.9086,2.8227,2.5422,0.096,2.6026,before,-7.7966,2.813,38890186.6
2.7235,19980114,0.24,000005.SZE,34838.0,2.1275,2.6026,2.5832,0.0539,2.6792,before,2.9412,2.6156,29064754.0
2.8539999999999996,19980115,0.4,000005.SZE,27784.0,1.6967,2.6792,2.6307,0.0833,2.8066,before,4.7619,2.6792,23638076.1
2.8324,19980116,-0.39,000005.SZE,15614.0,0.9535,2.8066,2.6501,0.0648,2.6825,before,-4.4318,2.8066,13376709.5
2.7429,19980119,-0.24,000005.SZE,22628.0,1.3818,2.6825,2.5832,0.0595,2.6059,before,-2.8537,2.6728,18578870.6
2.6404,19980120,-0.11,000005.SZE,14714.0,0.8985,2.6059,2.5422,0.0379,2.5702,before,-1.3464,2.6059,11865501.6
2.6156,19980121,-0.06,000005.SZE,11796.0,0.7204,2.5702,2.5454,0.0273,2.5508,before,-0.7444,2.58,9455103.0
2.5832,19980122,-0.1,000005.SZE,12316.0,0.7521,2.5508,2.5001,0.0325,2.5195,before,-1.25,2.5508,9783070.1
2.6469,19980123,0.27,000005.SZE,15844.0,0.9676,2.5195,2.5163,0.0519,2.6059,before,3.4177,2.5195,12752952.4
2.7904,19980209,0.22,000005.SZE,17803.0,1.0872,2.6059,2.6630000000000003,0.049,2.676,before,2.6928,2.7364,15073217.7
2.7623,19980210,0.26,000005.SZE,19101.0,1.1665,2.676,2.6469,0.0429,2.7591,before,3.0989,2.6857,16239272.8
3.0364,19980211,0.87,000005.SZE,97320.0,5.9431,2.7591,2.7267,0.1121,3.0364,before,10.0578,2.7904,90434462.9
3.1734,19980212,-0.03,000005.SZE,78847.0,4.815,3.0364,2.9814,0.063,3.0267,before,-0.3151,3.1734,76171170.5
3.0806,19980213,-0.05,000005.SZE,38259.0,2.3364,3.0267,2.9662,0.0379,3.0105,before,-0.5269,3.0299,36237786.8
3.2144,19980216,0.41,000005.SZE,71505.0,4.3666,3.0105,3.0202,0.0646,3.141,before,4.3432,3.0299,70387168.7
3.2371,19980217,0.16,000005.SZE,61807.0,3.7744,3.141,3.1281,0.0345,3.1928,before,1.6244,3.1378,62045002.1
3.2468,19980218,-0.29,000005.SZE,35122.0,2.1448,3.1928,3.0936,0.048,3.1,before,-2.8971,3.1982,34652472.8
3.1475,19980219,-0.04,000005.SZE,23901.0,1.4596,3.1,3.0493,0.0319,3.0871,before,-0.4115,3.1249,23150492.5
3.1249,19980220,-0.39,000005.SZE,25730.0,1.5713,3.0871,2.9339,0.062,2.963,before,-4.0289,3.0871,24503439.7
3.1249,19980223,0.26,000005.SZE,26203.0,1.6002,2.963,2.8735,0.085,3.0461,before,2.7987,2.9026,24338121.1
3.0644,19980224,-0.19,000005.SZE,15409.0,0.941,3.0461,2.9662,0.0325,2.9846,before,-1.9895,3.0461,14542374.9
3.0105,19980225,-0.22,000005.SZE,13244.0,0.8088,2.9846,2.8961,0.0385,2.9145,before,-2.3504,2.9662,12252547.5
3.0299,19980226,0.33,000005.SZE,16856.0,1.0294,2.9145,2.8702,0.0547,3.0202,before,3.6105,2.8702,15675798.6
3.1831,19980227,0.2,000005.SZE,60698.0,3.7067,3.0202,3.0299,0.0507,3.0839,before,2.1119,3.0299,59531562.5
3.2813,19980302,0.24,000005.SZE,96435.0,5.8891,3.0839,3.0299,0.0817,3.1605,before,2.4819,3.0871,96579149.0
3.2209,19980303,0.08,000005.SZE,33272.0,2.0318,3.1605,3.1098,0.0353,3.1864,before,0.8073,3.1605,33011340.6
3.2533,19980304,0.19,000005.SZE,52845.0,3.2271,3.1864,3.1572,0.03,3.2468,before,1.9019,3.1572,53295848.2
3.3105,19980305,0.1,000005.SZE,55526.0,3.3908,3.2468,3.2274,0.0255,3.2781,before,0.9823,3.2565,57119513.3
3.3137,19980306,-0.16,000005.SZE,35339.0,2.1581,3.2781,3.2209,0.0282,3.2274,before,-1.5564,3.2910000000000004,36022875.6
3.3007,19980309,-0.46,000005.SZE,44713.0,2.7305,3.2274,3.0612,0.0741,3.0806,before,-4.5455,3.2274,44426183.2
3.2371,19980310,0.38,000005.SZE,33824.0,2.0655,3.0806,3.0806,0.0507,3.2015,before,3.9337,3.1249,33377570.5
3.4065,19980311,0.42,000005.SZE,122962.0,7.5089999999999995,3.2015,3.1896,0.0677,3.3364,before,4.1833,3.2209,128467098.5
3.4766,19980312,0.31,000005.SZE,142931.0,8.7285,3.3364,3.3007,0.0526,3.4345,before,2.9637,3.3169,152951707.6
3.7788,19980313,1.07,000005.SZE,230626.0,14.0838,3.4345,3.4065,0.1086,3.7755,before,9.935,3.4917,262868473.7
3.8586,19980316,-0.22,000005.SZE,128422.0,7.8424,3.7755,3.6741,0.049,3.7054,before,-1.8581,3.7755,151906213.7
3.9189999999999996,19980317,0.36,000005.SZE,130108.0,7.9454,3.7054,3.6352,0.0766,3.8208,before,3.0981,3.7313,154611721.6
3.8489,19980318,-1.2,000005.SZE,269945.0,16.4849,3.8208,3.4378,0.1077,3.4378,before,-10.0167,3.7982,301816889.8
3.4281,19980319,-0.59,000005.SZE,182390.0,11.1381,3.4378,3.1281,0.0872,3.25,before,-5.4731,3.3331,186179006.9
3.2781,19980320,-0.51,000005.SZE,171192.0,10.4543,3.25,2.9662,0.0962,3.0871,before,-5.0049,3.2597,165585961.4
3.1162,19980323,-0.17,000005.SZE,56349.0,3.4411,3.0871,2.9911,0.0403,3.0331,before,-1.7562,3.0612,53916814.8
3.2910000000000004,19980324,0.77,000005.SZE,103596.0,6.3264,3.0331,3.0331,0.0852,3.2781,before,8.0967,3.0936,104715491.8
3.3266,19980325,-0.34,000005.SZE,58748.0,3.5876,3.2781,3.0936,0.071,3.1702,before,-3.3074,3.2846,59146366.2
3.4853,19980326,0.84,000005.SZE,133826.0,8.1724,3.1702,3.1605,0.1026,3.4378,before,8.4507,3.1896,142573066.8
3.5651,19980327,0.08,000005.SZE,91994.0,5.6179,3.4378,3.4119,0.0445,3.4637,before,0.7421,3.4539999999999997,100718154.8
3.6514,19980330,0.38,000005.SZE,119636.0,7.3059,3.4637,3.3709,0.081,3.5845,before,3.4991,3.5338,133065345.7
3.5975,19980331,-0.34,000005.SZE,63936.0,3.9044,3.5845,3.4604,0.0383,3.4766,before,-3.0249,3.5716,70439805.0
3.8241,19980401,1.09,000005.SZE,87324.0,5.3327,3.4766,3.6319999999999997,0.055,3.8241,before,10.0,3.8241,104437263.9
4.206,19980402,1.07,000005.SZE,433106.0,26.4487,3.8241,4.0345,0.045,4.165,before,8.9241,4.206,563828890.0
4.2676,19980403,0.03,000005.SZE,125619.0,7.6712,4.165,4.0215,0.059000000000000004,4.1748,before,0.2297,4.1294,162357498.1
4.2578,19980406,-0.03,000005.SZE,75517.0,4.6116,4.1748,4.082,0.042,4.165,before,-0.2292,4.1456,98157430.0
4.1942,19980407,-0.05,000005.SZE,62864.0,3.839,4.165,4.0852,0.026000000000000002,4.1489,before,-0.3828,4.1456,81564461.9
4.4585,19980408,0.34,000005.SZE,93725.0,5.7236,4.1489,4.1079,0.0846,4.2578,before,2.6134,4.1456,126314844.6
4.2729,19980409,-0.55,000005.SZE,90080.0,5.501,4.2578,4.0345,0.0562,4.082,before,-4.1199,4.2514,116515783.3
4.2028,19980410,0.2,000005.SZE,50304.0,3.0719,4.082,4.0377,0.0406,4.1456,before,1.5625,4.0507,65106444.6
4.2729,19980413,0.13,000005.SZE,64112.0,3.9152,4.1456,4.1143,0.0385,4.1877,before,1.0,4.1618,84177843.1
4.3377,19980414,0.17,000005.SZE,59600.0,3.6396,4.1877,4.1456,0.0457,4.2417,before,1.2947,4.1942,79333452.8
4.3377,19980415,-0.03,000005.SZE,45220.0,2.7615,4.2417,4.1942,0.0338,4.2319,before,-0.2256,4.2417,60521558.0
4.2988,19980416,-0.12,000005.SZE,36745.0,2.2439,4.2319,4.178,0.0286,4.1942,before,-0.9043,4.1942,48566497.0
4.1715,19980417,-0.43,000005.SZE,44330.0,2.7071,4.1942,4.0183,0.0365,4.0571,before,-3.27,4.1456,56850233.7
4.0183,19980420,-0.44,000005.SZE,39284.0,2.399,4.0571,3.891,0.0314,3.9158,before,-3.4591,4.0183,48686594.7
4.0507,19980421,0.26,000005.SZE,22025.0,1.345,3.9158,3.891,0.0407,3.9989,before,2.1173,3.9158,27439720.6
4.1111,19980422,0.13,000005.SZE,23863.0,1.4573,3.9989,3.9708,0.0351,4.041,before,1.0367,3.9859,30205621.3
4.1392,19980423,0.07,000005.SZE,25437.0,1.5534,4.041,3.9956,0.0355,4.0625,before,0.5525,4.0571,32529071.1
4.0884,19980424,-0.29,000005.SZE,25422.0,1.5525,4.0625,3.9546,0.033,3.9708,before,-2.2763,4.0507,31981209.3
4.0755,19980427,0.0,000005.SZE,29485.0,1.8006,3.9708,3.8586,0.0546,3.9708,before,0.0,3.9158,36528386.8
4.082,19980428,0.3,000005.SZE,20101.0,1.2275,3.9708,3.9859,0.0241,4.0658,before,2.4096,4.0312,25478153.8
4.1143,19980429,-0.1,000005.SZE,17128.0,1.046,4.0658,4.0183,0.0235,4.0345,before,-0.7843,4.082,21760917.2
4.0658,19980430,0.01,000005.SZE,23570.0,1.4394,4.0345,4.0021,0.0158,4.0377,before,0.0791,4.0118,29765956.2
4.2762,19980504,0.49,000005.SZE,50045.0,3.0561,4.0377,4.0248,0.0624,4.1942,before,3.8705,4.0658,65317080.6
4.2417,19980505,-0.22,000005.SZE,26954.0,1.646,4.1942,4.1014,0.0335,4.124,before,-1.673,4.2255,35139818.8
4.1111,19980506,-0.26,000005.SZE,27725.0,1.6931,4.124,4.0086,0.0247,4.041,before,-2.0108,4.0981,35169885.9
4.178,19980507,-0.17,000005.SZE,31977.0,1.9528,4.041,3.9859,0.0474,3.9859,before,-1.3418,4.041,40793666.7
4.1294,19980508,0.3,000005.SZE,26605.0,1.6247,3.9859,3.9805,0.0376,4.082,before,2.4,3.9989,33523200.1
4.082,19980511,-0.33,000005.SZE,31823.0,1.9434,4.082,3.9546,0.0313,3.9773,before,-2.5781,4.082,40092970.3
3.9956,19980512,-0.17,000005.SZE,26374.0,1.6106,3.9773,3.9104,0.0217,3.9223,before,-1.3633,3.9859,32480311.2
4.0183,19980513,0.1,000005.SZE,22887.0,1.3977,3.9223,3.9072,0.0285,3.9546,before,0.813,3.9287,28273754.5
3.9859,19980514,-0.1,000005.SZE,23343.0,1.4255,3.9546,3.891,0.0242,3.9223,before,-0.8065,3.9546,28605285.2
4.0981,19980515,0.08,000005.SZE,21347.0,1.3036,3.9223,3.9223,0.0447,3.9482,before,0.6504,3.9546,26733002.8
4.0183,19980518,-0.07,000005.SZE,14759.0,0.9013,3.9482,3.9104,0.0275,3.9255,before,-0.5654,3.9546,18203486.0
3.9514,19980519,-0.08,000005.SZE,15286.0,0.9335,3.9255,3.8813,0.0179,3.9007,before,-0.6499,3.9287,18689088.0
4.0118,19980520,0.15,000005.SZE,13193.0,0.8057,3.9007,3.891,0.0311,3.9482,before,1.2265,3.891,16278621.1
3.9708,19980521,-0.13,000005.SZE,13764.0,0.8405,3.9482,3.8651,0.0267,3.9072,before,-1.0501,3.891,16826829.8
4.0183,19980522,0.23,000005.SZE,26420.0,1.6134,3.9072,3.8748,0.0367,3.9805,before,1.8776,3.9223,32577845.1
4.0345,19980525,0.01,000005.SZE,24690.0,1.5078,3.9805,3.9007,0.0337,3.9838,before,0.0801,3.9859,30612480.9
3.9859,19980526,-0.19,000005.SZE,18649.0,1.1388,3.9838,3.8845,0.0256,3.9223,before,-1.5212,3.9838,22847455.4
3.9223,19980527,-0.16,000005.SZE,27020.0,1.65,3.9223,3.8424,0.0203,3.8716,before,-1.3008,3.9136,32823622.2
3.9838,19980528,0.22,000005.SZE,21794.0,1.3309,3.8716,3.8273,0.0404,3.9417,before,1.8122,3.8716,26626181.2
3.9546,19980529,-0.16,000005.SZE,15784.0,0.9639,3.9417,3.8748,0.0202,3.891,before,-1.2945,3.9546,19256399.3
3.891,19980601,-0.12,000005.SZE,24064.0,1.4695,3.891,3.8273,0.0164,3.8521,before,-0.9836,3.8845,29034067.7
3.9223,19980602,0.09,000005.SZE,14020.0,0.8562,3.8521,3.8457,0.0199,3.8813,before,0.745,3.8586,17037246.0
3.891,19980603,-0.12,000005.SZE,19550.0,1.1939,3.8813,3.8273,0.0164,3.8424,before,-0.986,3.8845,23539836.0
3.8586,19980604,-0.26,000005.SZE,25547.0,1.5601,3.8424,3.7507,0.0282,3.7604,before,-2.1577,3.8424,30280893.9
3.891,19980605,0.28,000005.SZE,19051.0,1.1634,3.7604,3.7151,0.0466,3.8489,before,2.3749,3.7604,22690035.8
3.8748,19980608,-0.28,000005.SZE,14098.0,0.8609,3.8489,3.7475,0.0331,3.7604,before,-2.3198,3.8586,16731377.4
3.7475,19980609,-0.53,000005.SZE,20436.0,1.248,3.7604,3.5241,0.0594,3.591,before,-4.4953,3.7345,23296015.0
3.6352,19980610,-0.09,000005.SZE,14991.0,0.9155,3.591,3.5112,0.0346,3.5619,before,-0.7993,3.591,16721001.6
3.5554,19980611,-0.47,000005.SZE,15367.0,0.9384,3.5619,3.4119,0.0403,3.4119,before,-4.2077,3.5554,16707432.0
3.5975,19980612,0.49,000005.SZE,15820.0,0.9661,3.4119,3.4917,0.0308,3.5683,before,4.5794,3.5079,17594486.8
3.5716,19980615,-0.33,000005.SZE,12089.0,0.7382,3.5683,3.4443,0.0357,3.4637,before,-2.9491,3.5716,13240189.6
3.4443,19980616,-0.31,000005.SZE,13945.0,0.8516,3.4637,3.2943,0.0433,3.3644,before,-2.8545,3.4443,14708060.9
3.4281,19980617,0.03,000005.SZE,6735.0,0.4113,3.3644,3.3482,0.0237,3.3741,before,0.2844,3.3482,7160146.8
3.4917,19980618,0.32,000005.SZE,6624.0,0.4045,3.3741,3.4065,0.0255,3.4766,before,3.0246,3.4065,7193328.9
3.7248,19980619,0.64,000005.SZE,20304.0,1.2399,3.4766,3.5014,0.0642,3.6806,before,5.8716,3.5079,23384026.0
3.7475,19980622,0.06,000005.SZE,12945.0,0.7905,3.6806,3.6352,0.0303,3.6989,before,0.5199,3.6935,14996011.2
3.6989,19980623,-0.27,000005.SZE,8691.0,0.5307,3.6989,3.591,0.0293,3.6137,before,-2.3276,3.6989,9882205.0
3.687,19980624,0.14,000005.SZE,6990.0,0.4269,3.6137,3.6137,0.0203,3.6579,before,1.2357,3.6352,7980084.5
3.6676,19980625,-0.31,000005.SZE,8556.0,0.5225,3.6579,3.5435,0.034,3.5586,before,-2.7027,3.6579,9615153.4
3.6039999999999996,19980626,0.07,000005.SZE,12017.0,0.7338,3.5586,3.4917,0.0314,3.5813,before,0.6272,3.5241,13304052.4
3.5079,19980630,-0.68,000005.SZE,10930.0,0.6675,3.5813,3.3417,0.0463,3.3644,before,-6.0552,3.5079,11568652.1
3.5079,19980701,0.09,000005.SZE,10929.0,0.6674,3.3644,3.3676,0.0417,3.3935,before,0.8531,3.4766,11733166.5
3.728,19980702,0.88,000005.SZE,17230.0,1.0522,3.3935,3.3169,0.1212,3.6741,before,8.2707,3.4033,18962965.5
3.7669,19980703,-0.32,000005.SZE,29624.0,1.8091,3.6741,3.5014,0.07200000000000001,3.5716,before,-2.7778,3.6514,34033164.7
3.5781,19980706,-0.4,000005.SZE,8290.0,0.5063,3.5716,3.4281,0.042,3.4443,before,-3.5714,3.5748,9053751.6
3.5338,19980707,0.12,000005.SZE,4608.0,0.2814,3.4443,3.3806,0.0444,3.4819999999999998,before,1.1111,3.4345,4997505.7
3.5079,19980708,-0.1,000005.SZE,3400.0,0.2076,3.4819999999999998,3.4410000000000003,0.0192,3.4507,before,-0.9158,3.5079,3694125.4
3.5014,19980709,-0.04,000005.SZE,5113.0,0.3122,3.4507,3.3968,0.0305,3.4378,before,-0.3697,3.4475,5503524.2
3.4853,19980710,0.1,000005.SZE,5465.0,0.3337,3.4378,3.4119,0.0213,3.4702,before,0.9276,3.4119,5915012.6
3.4572,19980713,-0.21,000005.SZE,7019.0,0.4286,3.4702,3.4,0.0165,3.4033,before,-1.9301,3.4443,7512753.8
3.4119,19980714,-0.17,000005.SZE,9424.0,0.5755,3.4033,3.3385,0.0216,3.3482,before,-1.5933,3.4119,9937407.0
3.4097,19980715,0.0,000005.SZE,7762.0,0.474,3.3482,3.3385,0.021,3.3482,before,0.0,3.3417,8171829.7
3.3644,19980716,-0.08,000005.SZE,5673.0,0.3464,3.3482,3.3105,0.0162,3.3234,before,-0.7619,3.3515,5926033.7
3.3331,19980717,-0.27,000005.SZE,12314.0,0.752,3.3234,3.2209,0.0336,3.2371,before,-2.5912,3.3266,12563734.3
3.195,19980720,-0.35,000005.SZE,10160.0,0.6204,3.2371,3.0709,0.0384,3.1249,before,-3.4483,3.1896,9968620.9
3.2910000000000004,19980721,0.2,000005.SZE,8050.0,0.4916,3.1249,3.0612,0.0735,3.1896,before,2.0408,3.0612,8007318.0
3.2241,19980722,-0.13,000005.SZE,5746.0,0.3509,3.1896,3.1195,0.033,3.1475,before,-1.3,3.1896,5718566.0
3.2144,19980723,0.13,000005.SZE,5253.0,0.3208,3.1475,3.1313,0.0263,3.1896,before,1.3171,3.1443,5248253.2
3.304,19980724,0.16,000005.SZE,6991.0,0.4269,3.1896,3.1982,0.033,3.2403,before,1.6,3.2047,7132202.2
3.2781,19980727,-0.2,000005.SZE,6139.0,0.3749,3.2403,3.1605,0.0364,3.1767,before,-1.9685,3.2781,6140828.7
3.1831,19980728,-0.03,000005.SZE,5206.0,0.3179,3.1767,3.1508,0.01,3.1669,before,-0.3012,3.1734,5160490.9
3.2846,19980729,0.13,000005.SZE,5231.0,0.3194,3.1669,3.1572,0.0403,3.2079,before,1.3092,3.1572,5295317.2
3.2533,19980730,0.01,000005.SZE,4502.0,0.2749,3.2079,3.1702,0.0258,3.2112,before,0.0994,3.2209,4520066.6
3.2975,19980731,-0.01,000005.SZE,4109.0,0.2509,3.2112,3.1896,0.0338,3.2079,before,-0.0993,3.2468,4143262.2
3.2846,19980803,0.14,000005.SZE,6889.0,0.4207,3.2079,3.195,0.0278,3.2533,before,1.3917,3.2047,7012542.7
3.2209,19980804,-0.25,000005.SZE,3891.0,0.2376,3.2533,3.1572,0.0196,3.1734,before,-2.451,3.2209,3887176.7
3.2209,19980805,0.04,000005.SZE,3663.0,0.2237,3.1734,3.1572,0.0201,3.1864,before,0.402,3.2144,3651501.7
3.2468,19980806,-0.06,000005.SZE,2752.0,0.1681,3.1864,3.1572,0.027999999999999997,3.1669,before,-0.6006,3.2468,2741953.1
3.2209,19980807,-0.26,000005.SZE,4976.0,0.3039,3.1669,2.9598,0.0826,3.0839,before,-2.6183,2.9598,4858032.8
3.0299,19980810,-0.51,000005.SZE,6592.0,0.4026,3.0839,2.9058,0.0403,2.9209,before,-5.274,2.9911,6116339.6
2.9975,19980811,-0.03,000005.SZE,4186.0,0.2556,2.9209,2.9058,0.0317,2.9112,before,-0.3275,2.9145,3859273.4
2.9598,19980812,-0.27,000005.SZE,6159.0,0.3761,2.9112,2.7526,0.0712,2.826,before,-2.9573,2.9026,5458033.1
2.8702,19980813,0.1,000005.SZE,5359.0,0.3273,2.826,2.7807,0.0316,2.8573,before,1.1287,2.8292,4753127.9
2.8993,19980814,-0.45,000005.SZE,6232.0,0.3806,2.8573,2.7105,0.0658,2.7138,before,-5.0223,2.8864,5404137.0
2.9339,19980817,0.17,000005.SZE,32296.0,1.9722,2.7138,2.7202,0.0787,2.7677,before,1.9976,2.8066,28702377.1
2.8702,19980818,0.0,000005.SZE,16564.0,1.0115,2.7677,2.7558,0.0415,2.7677,before,0.0,2.7677,14544139.9
3.0461,19980819,0.83,000005.SZE,26732.0,1.6325,2.7677,2.8378,0.0749,3.0331,before,9.5622,2.8378,24995402.4
3.0774,19980820,0.12,000005.SZE,43882.0,2.6798,3.0331,2.9727,0.0347,3.0709,before,1.2618,3.0612,41681924.6
3.373,19980821,0.55,000005.SZE,71895.0,4.3905,3.0709,3.1044,0.0872,3.3342,before,8.567,3.1864,49480040.2
3.468,19980824,-0.02,000005.SZE,55408.0,3.3836,3.3342,3.3007,0.0502,3.3245,before,-0.2869,3.3439,39241975.7
3.263,19980825,-0.17,000005.SZE,37904.0,1.5431,3.3245,3.1572,0.0317,3.2436,before,-2.4459999999999997,3.263,25400544.1
3.2382,19980826,-0.14,000005.SZE,24804.0,1.0098,3.2436,3.1572,0.0251,3.1767,before,-2.0649,3.2382,16560814.1
3.3342,19980827,0.16,000005.SZE,37473.0,1.5256,3.1767,3.1098,0.0708,3.2533,before,2.4096,3.1572,25352860.8
3.3245,19980828,-0.08,000005.SZE,19245.0,0.7835,3.2533,3.181,0.0441,3.2144,before,-1.1765,3.195,13061562.2
3.2769999999999997,19980831,0.13,000005.SZE,21878.0,0.8907,3.2144,2.9943,0.0878,3.2769999999999997,before,1.9345,3.1195,14465364.3
3.2769999999999997,19980901,-0.2,000005.SZE,14391.0,0.5859,3.2769999999999997,3.1572,0.0365,3.181,before,-2.9197,3.2533,9694174.7
3.2295,19980902,-0.03,000005.SZE,9039.0,0.368,3.181,3.1378,0.0286,3.1669,before,-0.4511,3.181,6012262.0
3.2295,19980903,-0.01,000005.SZE,8597.0,0.35,3.1669,3.1378,0.0287,3.1616,before,-0.1511,3.1378,5719942.8
3.2047,19980904,0.08,000005.SZE,14269.0,0.5809,3.1616,3.1432,0.0197,3.2004,before,1.2103,3.181,9466196.6
3.2479,19980907,0.02,000005.SZE,12425.0,0.5058,3.2004,3.1572,0.0284,3.2101,before,0.299,3.2047,8294669.9
3.2436,19980908,-0.06,000005.SZE,14998.0,0.6106,3.2101,3.1572,0.0268,3.181,before,-0.8942,3.2295,10077303.8
3.2295,19980909,0.09,000005.SZE,16217.0,0.6602,3.181,3.1572,0.0226,3.2241,before,1.3534,3.1864,10837935.8
3.4151,19980910,0.18,000005.SZE,59876.0,2.4377,3.2241,3.2241,0.0593,3.3105,before,2.6706,3.2436,41769879.0
3.4248,19980911,0.14,000005.SZE,55581.0,2.2628,3.3105,3.3148,0.0332,3.3774,before,2.0231,3.3202,39273830.6
3.6115,19980914,0.49,000005.SZE,88876.0,3.6183,3.3774,3.4065,0.0609,3.6115,before,6.9405,3.4248,66375811.9
3.7021,19980915,-0.23,000005.SZE,66556.0,2.7096,3.6115,3.4917,0.0583,3.5014,before,-3.0464,3.6601,50045078.4
3.5878,19980916,0.15,000005.SZE,34510.0,1.405,3.5014,3.468,0.0342,3.5737,before,2.0492,3.4917,25376789.8
3.6352,19980917,-0.27,000005.SZE,47811.0,1.9465,3.5737,3.3968,0.0669,3.4443,before,-3.6145,3.5878,35493258.7
3.4443,19980918,-0.15,000005.SZE,29536.0,1.2025,3.4443,3.3579,0.025,3.373,before,-2.0833,3.3914,20968731.4
3.4443,19980921,0.09,000005.SZE,18499.0,0.7531,3.373,3.3148,0.0383,3.4151,before,1.2766,3.3385,13027992.4
3.4637,19980922,-0.11,000005.SZE,16253.0,0.6617,3.4151,3.3439,0.035,3.3633,before,-1.5406,3.4399,11490617.9
3.4443,19980923,0.05,000005.SZE,13949.0,0.5679,3.3633,3.3536,0.027000000000000003,3.3871,before,0.7112,3.4443,9842478.6
3.3871,19980924,-0.22,000005.SZE,15861.0,0.6457,3.3871,3.2769999999999997,0.0325,3.2813,before,-3.1073,3.3871,10992655.8
3.3051,19980925,0.04,000005.SZE,14642.0,0.5961,3.2813,3.2436,0.019,3.3007,before,0.5831,3.2716,10025293.0
3.3007,19980928,-0.06,000005.SZE,14194.0,0.5779,3.3007,3.2533,0.0145,3.2716,before,-0.8696,3.2533,9699217.7
3.3633,19980929,0.03,000005.SZE,9817.0,0.3997,3.2716,3.2769999999999997,0.0263,3.2867,before,0.4386,3.2964,6790598.8
3.3148,19980930,0.04,000005.SZE,10876.0,0.4428,3.2867,3.2716,0.0131,3.3051,before,0.5822,3.3007,7486258.5
3.3385,19981005,-0.02,000005.SZE,7453.0,0.3034,3.3051,3.2769999999999997,0.0188,3.2964,before,-0.2894,3.3007,5140628.7
3.4151,19981006,0.15,000005.SZE,25094.0,1.0216,3.2964,3.2769999999999997,0.0421,3.3676,before,2.1771,3.2910000000000004,17687378.8
3.5835,19981007,0.26,000005.SZE,64980.0,2.6454,3.3676,3.3968,0.0554,3.4917,before,3.6932,3.3968,47614625.6
3.5543,19981008,-0.05,000005.SZE,26610.0,1.0833,3.4917,3.3968,0.0452,3.468,before,-0.6849,3.4971,19279638.2
3.5014,19981009,-0.14,000005.SZE,15786.0,0.6427,3.468,3.3968,0.0303,3.4011,before,-1.931,3.4819999999999998,11296155.3
3.4345,19981012,-0.04,000005.SZE,16574.0,0.6748,3.4011,3.3482,0.0253,3.3817,before,-0.5626,3.4205,11676568.4
3.468,19981013,0.02,000005.SZE,15168.0,0.6175,3.3817,3.373,0.0283,3.3914,before,0.2829,3.3968,10819801.4
3.4011,19981014,-0.05,000005.SZE,12759.0,0.5194,3.3914,3.3482,0.0155,3.3676,before,-0.7052,3.3968,8976102.8
3.3774,19981015,-0.05,000005.SZE,16917.0,0.6887,3.3676,3.3105,0.0199,3.3439,before,-0.7102,3.3774,11800663.3
3.4443,19981016,0.11,000005.SZE,17242.0,0.7020000000000001,3.3439,3.3536,0.0272,3.3968,before,1.5737,3.3536,12266645.6
3.4443,19981019,-0.05,000005.SZE,17316.0,0.705,3.3968,3.3385,0.031,3.373,before,-0.7042,3.4065,12191178.0
3.4345,19981020,-0.05,000005.SZE,10836.0,0.4412,3.373,3.3482,0.0255,3.3482,before,-0.7092,3.3914,7671501.9
3.3385,19981021,-0.28,000005.SZE,20731.0,0.8440000000000001,3.3482,3.2047,0.04,3.2144,before,-4.0,3.3385,14170372.3
3.2382,19981022,0.03,000005.SZE,19984.0,0.8136,3.2144,3.1529,0.0268,3.2295,before,0.4464,3.181,13285777.3
3.2910000000000004,19981023,-0.11,000005.SZE,18275.0,0.7440000000000001,3.2295,3.1572,0.0415,3.1767,before,-1.6296,3.2338,12300161.9
3.2047,19981026,0.04,000005.SZE,15730.0,0.6404,3.1767,3.1195,0.0271,3.195,before,0.6024,3.1864,10360852.6
3.2338,19981027,0.03,000005.SZE,10064.0,0.4097,3.195,3.1529,0.0254,3.2101,before,0.4491,3.181,6714276.1
3.3007,19981028,0.18,000005.SZE,14590.0,0.594,3.2101,3.1616,0.0432,3.2964,before,2.6826,3.195,9937535.8
3.3007,19981029,-0.21,000005.SZE,11727.0,0.4774,3.2964,3.1907,0.0334,3.195,before,-3.0479,3.3007,7941118.4
3.263,19981030,0.0,000005.SZE,8718.0,0.3549,3.195,3.1907,0.0225,3.195,before,0.0,3.195,5862837.5
3.2533,19981102,-0.05,000005.SZE,12793.0,0.5208,3.195,3.1475,0.0329,3.1713,before,-0.7485,3.1713,8479931.5
3.2338,19981103,0.12,000005.SZE,11418.0,0.4648,3.1713,3.1616,0.0226,3.2295,before,1.81,3.181,7627721.3
3.2436,19981104,-0.1,000005.SZE,9070.0,0.3693,3.2295,3.1713,0.0222,3.181,before,-1.4815,3.2295,6047227.0
3.2047,19981105,0.02,000005.SZE,16829.0,0.6851,3.181,3.1529,0.0165,3.1907,before,0.3008,3.1713,11146446.1
3.3439,19981106,0.27,000005.SZE,28971.0,1.1795,3.1907,3.1907,0.048,3.3202,before,4.048,3.1907,19797988.4
3.4637,19981109,0.26,000005.SZE,39327.0,1.6011,3.3202,3.3105,0.0461,3.4443,before,3.7464,3.3245,27982517.1
3.4917,19981110,-0.11,000005.SZE,26139.0,1.0642,3.4443,3.373,0.0347,3.3914,before,-1.5278,3.4917,18619816.2
3.3968,19981111,-0.1,000005.SZE,18688.0,0.7608,3.3914,3.3007,0.0282,3.3439,before,-1.4104,3.3968,13052467.0
3.4443,19981112,0.01,000005.SZE,17345.0,0.7061,3.3439,3.3245,0.0358,3.3482,before,0.1431,3.3439,12263304.1
3.3914,19981113,-0.04,000005.SZE,12465.0,0.5075,3.3482,3.2910000000000004,0.03,3.3299,before,-0.5714,3.3482,8656622.7
3.4345,19981116,0.14,000005.SZE,22788.0,0.9277,3.3299,3.2910000000000004,0.0431,3.3968,before,2.0115,3.3299,16059467.5
3.4205,19981117,-0.16,000005.SZE,13307.0,0.5418,3.3968,3.3007,0.0352,3.3202,before,-2.2535,3.3968,9296419.0
3.3871,19981118,0.11,000005.SZE,15795.0,0.643,3.3202,3.2910000000000004,0.0288,3.373,before,1.585,3.3482,10967123.0
3.3871,19981119,-0.12,000005.SZE,12563.0,0.5115,3.373,3.3148,0.0213,3.3148,before,-1.7021,3.373,8755839.9
3.3579,19981120,-0.01,000005.SZE,8586.0,0.3496,3.3148,3.1864,0.0519,3.3105,before,-0.1443,3.3007,5939702.0
3.3105,19981123,-0.15,000005.SZE,9770.0,0.3978,3.3105,3.2295,0.0246,3.2382,before,-2.1676,3.3007,6637616.0
3.3007,19981124,0.02,000005.SZE,16041.0,0.6531,3.2382,3.1572,0.0443,3.2479,before,0.2954,3.2382,10841175.1
3.3051,19981125,-0.06,000005.SZE,7884.0,0.321,3.2479,3.2047,0.0309,3.2198,before,-0.8837,3.2716,5341184.8
3.2964,19981126,0.02,000005.SZE,7142.0,0.2908,3.2198,3.1907,0.0327,3.2295,before,0.2972,3.2047,4828600.5
3.3439,19981127,0.0,000005.SZE,10502.0,0.4276,3.2295,3.2047,0.043,3.2295,before,0.0,3.2295,7203483.7
3.3007,19981130,0.12,000005.SZE,7924.0,0.3226,3.2295,3.2241,0.0237,3.2867,before,1.7778,3.2436,5441374.6
3.373,19981201,0.03,000005.SZE,27380.0,1.1147,3.2867,3.2769999999999997,0.0291,3.3007,before,0.4367,3.3245,19106408.0
3.373,19981202,0.15,000005.SZE,24745.0,1.0074,3.3007,3.2533,0.0362,3.373,before,2.1739,3.2769999999999997,17248869.8
3.3968,19981203,-0.21,000005.SZE,10516.0,0.4281,3.373,3.263,0.0397,3.2716,before,-2.9787,3.3774,7299805.4
3.3051,19981204,-0.15,000005.SZE,11192.0,0.4556,3.2716,3.195,0.0336,3.2004,before,-2.193,3.2576,7534061.6
3.3245,19981207,0.01,000005.SZE,7773.0,0.3165,3.2004,3.1864,0.0433,3.2047,before,0.1495,3.2910000000000004,5232710.2
3.2533,19981208,0.02,000005.SZE,4778.0,0.1945,3.2047,3.195,0.0179,3.2144,before,0.2985,3.2047,3204642.9
3.2338,19981209,-0.02,000005.SZE,4309.0,0.1754,3.2144,3.1907,0.0134,3.2047,before,-0.2976,3.2144,2881583.9
3.2198,19981210,-0.09,000005.SZE,7277.0,0.2963,3.2047,3.1572,0.0194,3.1616,before,-1.3433,3.2144,4821602.9
3.1616,19981211,-0.01,000005.SZE,7675.0,0.3125,3.1616,3.0612,0.0318,3.1572,before,-0.1513,3.1475,4990075.3
3.1616,19981214,-0.21,000005.SZE,7243.0,0.2949,3.1572,3.0429,0.0379,3.0569,before,-3.1818,3.1616,4669713.6
3.1378,19981215,0.08,000005.SZE,10880.0,0.4429,3.0569,2.9468,0.0626,3.0947,before,1.252,3.0569,6844555.8
3.0806,19981216,-0.18,000005.SZE,5472.0,0.2228,3.0947,3.0039999999999996,0.0247,3.0094,before,-2.7821,3.0806,3468910.9
2.99,19981217,-0.18,000005.SZE,8624.0,0.3511,3.0094,2.9177,0.0238,2.9231,before,-2.8617,2.99,5321008.0
2.99,19981218,0.03,000005.SZE,5323.0,0.2167,2.9231,2.8799,0.0376,2.9371,before,0.491,2.8993,3256238.3
2.9511,19981221,-0.05,000005.SZE,14356.0,0.5845,2.9371,2.8605,0.0309,2.9134,before,-0.8143,2.9425,8674759.2
3.0094,19981222,0.18,000005.SZE,8260.0,0.3363,2.9134,2.8939999999999997,0.0394,2.9997,before,2.9557,2.9134,5083077.6
3.0375,19981223,-0.14,000005.SZE,7482.0,0.3046,2.9997,2.9231,0.0383,2.9328,before,-2.2329,2.9997,4637845.2
2.99,19981224,-0.01,000005.SZE,8375.0,0.341,2.9328,2.8993,0.031,2.9274,before,-0.1631,2.9037,5133849.1
2.9662,19981225,-0.03,000005.SZE,7898.0,0.3215,2.9274,2.8939999999999997,0.0245,2.9134,before,-0.4902,2.8993,4811314.6
2.9511,19981228,-0.05,000005.SZE,9251.0,0.3766,2.9134,2.8702,0.0279,2.8896,before,-0.821,2.9511,5590476.8
2.908,19981229,-0.08,000005.SZE,9566.0,0.3894,2.8896,2.8465,0.0215,2.8508,before,-1.3245,2.8702,5736082.6
2.8745,19981230,-0.15,000005.SZE,10243.0,0.41700000000000004,2.8508,2.7407,0.047,2.7796,before,-2.5168,2.8324,5975673.4
2.8411,19981231,0.03,000005.SZE,4577.0,0.1863,2.7796,2.7742,0.0241,2.7936,before,0.5164,2.799,2677491.8
2.7839,19990104,-0.24,000005.SZE,7041.0,0.2867,2.7936,2.6695,0.0411,2.6792,before,-4.1096,2.7742,3987964.6
2.6835,19990105,-0.06,000005.SZE,10283.0,0.4186,2.6792,2.5735,0.0411,2.6501,before,-1.0714,2.6792,5605714.7
2.8465,19990106,0.28,000005.SZE,17187.0,0.6997,2.6501,2.6307,0.0812,2.7839,before,5.0542,2.6404,9963030.2
2.7839,19990107,-0.11,000005.SZE,7758.0,0.3158,2.7839,2.717,0.0241,2.7310000000000003,before,-1.89,2.7839,4457294.2
2.8508,19990108,0.19,000005.SZE,9564.0,0.3894,2.7310000000000003,2.7407,0.0403,2.8227,before,3.3275,2.7407,5578462.2
2.8033,19990111,-0.1,000005.SZE,6545.0,0.2665,2.8227,2.7407,0.022000000000000002,2.7742,before,-1.6949,2.799,3777425.2
2.7645,19990112,-0.21,000005.SZE,9215.0,0.3752,2.7742,2.6598,0.0379,2.6738,before,-3.6207,2.7645,5214051.0
2.7267,19990113,-0.01,000005.SZE,5397.0,0.2197,2.6738,2.6210000000000004,0.0394,2.6695,before,-0.1789,2.6555,3017909.2
2.6889,19990114,-0.1,000005.SZE,6398.0,0.2605,2.6695,2.6069,0.0305,2.6210000000000004,before,-1.7921,2.6307,3525953.3
2.6307,19990115,-0.14,000005.SZE,11646.0,0.4741,2.6210000000000004,2.5454,0.0328,2.5541,before,-2.5547,2.6307,6284815.9
2.5497,19990118,-0.01,000005.SZE,14734.0,0.5998,2.5541,2.4105,0.0543,2.5497,before,-0.1873,2.5357,7620266.6
2.5541,19990119,-0.03,000005.SZE,7970.0,0.3245,2.5497,2.4872,0.0263,2.5357,before,-0.5629,2.5541,4215529.1
2.6166,19990120,-0.02,000005.SZE,7121.0,0.2899,2.5357,2.512,0.0415,2.526,before,-0.3774,2.5357,3821808.1
2.5832,19990121,0.09,000005.SZE,9147.0,0.3724,2.526,2.4774,0.0417,2.5692,before,1.7045,2.5357,4822515.4
2.6069,19990122,-0.01,000005.SZE,7906.0,0.3219,2.5692,2.5357,0.0279,2.5638,before,-0.1862,2.5789,4248789.0
2.7699,19990125,0.33,000005.SZE,33501.0,1.3639,2.5638,2.5735,0.0765,2.7224,before,6.1567,2.5735,18987494.3
2.717,19990126,-0.13,000005.SZE,9549.0,0.3888,2.7224,2.6307,0.0316,2.6598,before,-2.2847,2.7127,5313298.9
2.7267,19990127,0.05,000005.SZE,8030.0,0.3269,2.6598,2.6307,0.036000000000000004,2.6835,before,0.8993,2.6555,4499163.7
2.7073,19990128,-0.14,000005.SZE,6432.0,0.2619,2.6835,2.6069,0.0374,2.6166,before,-2.4955,2.6933,3561000.4
2.6738,19990129,0.01,000005.SZE,6409.0,0.2609,2.6166,2.5595,0.0439,2.6210000000000004,before,0.1828,2.5832,3467023.6
2.6501,19990201,-0.08,000005.SZE,5335.0,0.2172,2.6210000000000004,2.5541,0.0365,2.5832,before,-1.4599,2.6210000000000004,2890255.2
2.6026,19990202,-0.04,000005.SZE,3884.0,0.1581,2.5832,2.5595,0.0167,2.5638,before,-0.7407,2.5832,2088653.5
2.6307,19990203,0.01,000005.SZE,4510.0,0.1836,2.5638,2.5595,0.027999999999999997,2.5692,before,0.1866,2.5735,2433962.2
2.5832,19990204,-0.09,000005.SZE,4803.0,0.1955,2.5692,2.5163,0.0261,2.526,before,-1.676,2.5595,2551542.4
2.526,19990205,-0.17,000005.SZE,6719.0,0.2735,2.526,2.43,0.0379,2.444,before,-3.2197,2.4969,3463071.4
2.4688,19990208,-0.07,000005.SZE,6605.0,0.2689,2.444,2.4062,0.0254,2.4105,before,-1.3699,2.43,3346487.2
2.4634,19990209,0.09,000005.SZE,4733.0,0.1927,2.4105,2.4105,0.0218,2.4537,before,1.7857,2.4105,2421978.2
2.526,19990301,0.11,000005.SZE,5770.0,0.2349,2.4537,2.4494,0.0312,2.5066,before,2.1442,2.4634,3020392.7
2.5595,19990302,0.07,000005.SZE,5943.0,0.2419,2.5066,2.4872,0.0286,2.54,before,1.3359,2.4872,3149452.3
2.6307,19990303,0.15,000005.SZE,7642.0,0.3111,2.54,2.512,0.0471,2.6123,before,2.8249,2.5454,4159022.0
2.6307,19990304,-0.06,000005.SZE,7293.0,0.2969,2.6123,2.5595,0.0275,2.5832,before,-1.0989,2.6210000000000004,3931330.2
2.8324,19990305,0.28,000005.SZE,26359.0,1.0731,2.5832,2.5875,0.0944,2.717,before,5.1852,2.5875,15034805.8
2.7504,19990308,0.07,000005.SZE,10841.0,0.4414,2.717,2.6695,0.0299,2.7504,before,1.2324,2.7267,6137207.2
2.7742,19990309,-0.15,000005.SZE,10235.0,0.4167,2.7504,2.6695,0.0383,2.6792,before,-2.6087,2.7742,5810065.0
2.6792,19990310,-0.09,000005.SZE,7103.0,0.2892,2.6792,2.6210000000000004,0.0214,2.6361,before,-1.6071,2.6792,3912908.1
2.7267,19990311,0.14,000005.SZE,8912.0,0.3628,2.6361,2.6307,0.0363,2.7030000000000003,before,2.5408,2.6307,5023089.1
2.8324,19990312,0.17,000005.SZE,26020.0,1.0593,2.7030000000000003,2.7030000000000003,0.0478,2.7839,before,3.0088,2.7224,15132251.0
2.8324,19990315,-0.08,000005.SZE,11593.0,0.47200000000000003,2.7839,2.7407,0.0326,2.7461,before,-1.3746,2.7839,6717960.5
2.7699,19990316,-0.02,000005.SZE,7334.0,0.2986,2.7461,2.6933,0.0279,2.7364,before,-0.3484,2.7461,4158173.5
2.7839,19990317,-0.08,000005.SZE,9670.0,0.3937,2.7364,2.6889,0.035,2.6976,before,-1.3986,2.717,5492005.9
2.7267,19990318,-0.14,000005.SZE,7303.0,0.2973,2.6976,2.6307,0.0355,2.6307,before,-2.4823,2.6933,4055556.8
2.6792,19990319,0.1,000005.SZE,11426.0,0.4652,2.6307,2.6210000000000004,0.0218,2.6792,before,1.8182,2.6307,6342612.2
2.7461,19990322,0.03,000005.SZE,9479.0,0.3859,2.6792,2.6307,0.0429,2.6933,before,0.5357,2.6835,5336166.0
2.7742,19990323,0.14,000005.SZE,15244.0,0.6206,2.6933,2.6404,0.0497,2.7602,before,2.4867,2.6933,8635597.7
2.7742,19990324,-0.11,000005.SZE,7810.0,0.318,2.7602,2.7030000000000003,0.026000000000000002,2.7073,before,-1.9064,2.7699,4446006.2
2.7407,19990325,-0.03,000005.SZE,7312.0,0.2977,2.7073,2.6738,0.0247,2.6933,before,-0.53,2.6792,4136393.4
2.6976,19990326,-0.07,000005.SZE,8056.0,0.32799999999999996,2.6933,2.6404,0.0213,2.6598,before,-1.2433,2.6792,4480338.3
2.7030000000000003,19990329,0.03,000005.SZE,11351.0,0.4621,2.6598,2.6307,0.027000000000000003,2.6738,before,0.5396,2.6307,6301540.0
2.7030000000000003,19990330,-0.08,000005.SZE,9946.0,0.4049,2.6738,2.6307,0.0268,2.6361,before,-1.4311,2.6738,5540566.9
2.6933,19990331,0.05,000005.SZE,7496.0,0.3052,2.6361,2.6264,0.0254,2.6598,before,0.9074,2.6307,4165396.7
2.7504,19990401,0.18,000005.SZE,12547.0,0.5108,2.6598,2.6555,0.036000000000000004,2.7461,before,3.2374,2.6598,7113420.4
2.7645,19990402,-0.03,000005.SZE,15907.0,0.6476,2.7461,2.717,0.0174,2.7310000000000003,before,-0.5226,2.7461,9112644.9
2.8605,19990405,0.25,000005.SZE,35132.0,1.4303,2.7310000000000003,2.7267,0.049,2.8508,before,4.3783,2.7267,20684235.3
2.9328,19990406,0.1,000005.SZE,37378.0,1.5217,2.8508,2.8033,0.0453,2.8993,before,1.6779,2.8508,22477102.7
3.0331,19990407,0.14,000005.SZE,53275.0,2.1689,2.8993,2.9037,0.0446,2.9662,before,2.3102,2.908,33115544.8
3.0472,19990408,0.01,000005.SZE,40275.0,1.6397,2.9662,2.9328,0.0387,2.9706,before,0.1613,3.0039999999999996,25191429.8
3.0375,19990409,-0.04,000005.SZE,33148.0,1.3495,2.9706,2.9231,0.0386,2.9511,before,-0.6441,2.9760000000000004,20675009.0
2.99,19990412,-0.17,000005.SZE,21775.0,0.8865,2.9511,2.8271,0.0551,2.8702,before,-2.7553,2.9609,13182209.2
2.9371,19990413,-0.11,000005.SZE,15388.0,0.6265,2.8702,2.813,0.0433,2.8173,before,-1.8333,2.8368,9198866.1
2.8508,19990414,0.07,000005.SZE,11035.0,0.4493,2.8173,2.7893,0.0221,2.8508,before,1.1885,2.8227,6521237.1
2.908,19990415,-0.1,000005.SZE,11281.0,0.4593,2.8508,2.799,0.0386,2.8033,before,-1.6779,2.8659,6729815.2
3.0860000000000003,19990416,0.37,000005.SZE,67928.0,2.7655,2.8033,2.813,0.0973,2.9803,before,6.314,2.8508,42819936.6
3.0860000000000003,19990419,0.06,000005.SZE,35068.0,1.4277,2.9803,2.9231,0.0546,3.0094,before,0.9631,2.99,22035773.5
3.1044,19990420,0.01,000005.SZE,25011.0,1.0182,3.0094,2.9803,0.0413,3.0137,before,0.159,3.0180000000000002,15871492.2
3.0375,19990421,-0.22,000005.SZE,23869.0,0.9717,3.0137,2.8993,0.046,2.908,before,-3.4921,3.0375,14714380.9
2.8799,19990422,-0.12,000005.SZE,27061.0,1.1017,2.908,2.7267,0.0526,2.8508,before,-1.9737,2.8702,15914444.7
2.9662,19990423,0.12,000005.SZE,18543.0,0.7549,2.8508,2.8465,0.0419,2.908,before,2.0134,2.8702,11304081.6
3.0709,19990426,0.13,000005.SZE,36660.0,1.4925,2.908,2.9565,0.0395,2.9706,before,2.1382,2.9662,23027291.0
3.1572,19990427,0.17,000005.SZE,107297.0,4.3682,2.9706,2.9231,0.0789,3.0515,before,2.7375,2.9662,68864381.6
3.1141,19990428,-0.08,000005.SZE,40964.0,1.6677,3.0515,2.9706,0.047,3.0137,before,-1.2539,3.0612,26020557.8
3.0569,19990429,0.05,000005.SZE,25019.0,1.0186,3.0137,2.9425,0.0381,3.0375,before,0.7937,2.99,15685147.8
3.0903,19990430,0.06,000005.SZE,27282.0,1.1107,3.0375,3.0137,0.0252,3.0666,before,0.9449,3.0375,17461557.6
3.1864,19990504,0.09,000005.SZE,57881.0,2.3564,3.0666,3.0806,0.0343,3.1098,before,1.4041,3.1098,37973454.1
3.1335,19990505,-0.09,000005.SZE,25709.0,1.0467,3.1098,3.0094,0.04,3.0666,before,-1.3846,3.1098,16478503.9
3.1238,19990506,0.04,000005.SZE,17203.0,0.7004,3.0666,3.0234,0.0328,3.0860000000000003,before,0.624,3.0709,11073940.6
3.1098,19990507,-0.18,000005.SZE,15611.0,0.6356,3.0860000000000003,2.9943,0.0372,2.9997,before,-2.7907,3.0903,9888495.2
2.9846,19990510,-0.33,000005.SZE,32347.0,1.3169,2.9997,2.8076,0.059000000000000004,2.8411,before,-5.2632,2.9662,19583075.9
2.9760000000000004,19990511,0.26,000005.SZE,23987.0,0.9766,2.8411,2.8227,0.0539,2.9662,before,4.3771,2.8227,14676767.5
2.9662,19990512,-0.05,000005.SZE,9595.0,0.3906,2.9662,2.8993,0.0226,2.9425,before,-0.8065,2.9662,5871331.0
2.9468,19990513,-0.18,000005.SZE,12277.0,0.4998,2.9425,2.8465,0.0341,2.8562,before,-2.9268,2.9177,7386616.4
2.8562,19990514,-0.25,000005.SZE,16309.0,0.664,2.8562,2.7073,0.0519,2.7364,before,-4.1876,2.8562,9471314.8
2.7742,19990517,-0.06,000005.SZE,9342.0,0.3803,2.7364,2.6598,0.042,2.7073,before,-1.0490000000000002,2.6792,5299384.4
2.7645,19990518,-0.15,000005.SZE,9107.0,0.3708,2.7073,2.6307,0.0495,2.6361,before,-2.6502,2.7267,5132968.6
2.799,19990519,0.34,000005.SZE,12115.0,0.4932,2.6361,2.6307,0.0635,2.799,before,6.1706,2.6307,6892829.8
2.9134,19990520,0.16,000005.SZE,25363.0,1.0326,2.799,2.7504,0.0581,2.8745,before,2.735,2.813,15006454.2
3.0569,19990524,0.23,000005.SZE,50903.0,2.0723,2.8745,2.908,0.0516,2.9846,before,3.827,2.908,31883447.7
3.1335,19990525,-0.03,000005.SZE,57891.0,2.3568,2.9846,2.9177,0.0721,2.9706,before,-0.4808,3.0137,36632183.9
3.263,19990526,0.44,000005.SZE,125109.0,5.0934,2.9706,2.9274,0.1127,3.181,before,7.0853,2.9662,82216556.8
3.468,19990527,0.5,000005.SZE,176734.0,7.1951,3.181,3.1713,0.0932,3.4205,before,7.5188,3.2295,123535825.7
3.4443,19990528,-0.32,000005.SZE,90975.0,3.7037,3.4205,3.181,0.0769,3.2673,before,-4.4755,3.4248,62476094.8
3.5878,19990531,0.52,000005.SZE,259871.0,10.5798,3.2673,3.3245,0.0805,3.5166,before,7.6135,3.3871,190107109.7
3.5639999999999996,19990601,0.05,000005.SZE,108564.0,4.4198,3.5166,3.4443,0.034,3.5403,before,0.6803,3.5349,79489469.8
3.6601,19990602,-0.32,000005.SZE,112514.0,4.5806,3.5403,3.3676,0.0824,3.3871,before,-4.3243,3.5639999999999996,82432320.6
3.3579,19990603,-0.22,000005.SZE,55729.0,2.2688,3.3871,3.2338,0.0367,3.2813,before,-3.1073,3.3482,38309552.1
3.4345,19990604,0.04,000005.SZE,40044.0,1.6303,3.2813,3.2436,0.0583,3.3007,before,0.5831,3.2813,27860910.2
3.5403,19990607,0.44,000005.SZE,69222.0,2.8181,3.3007,3.3871,0.0464,3.5112,before,6.3768,3.4205,50448104.7
3.7701,19990608,0.29,000005.SZE,144582.0,5.8862,3.5112,3.4205,0.0995,3.6504,before,3.951,3.5403,109414929.4
3.6547,19990609,-0.2,000005.SZE,55954.0,2.278,3.6504,3.4917,0.0446,3.5543,before,-2.6212,3.6504,41646105.4
3.6978,19990610,-0.01,000005.SZE,82695.0,3.3667,3.5543,3.5209,0.0498,3.55,before,-0.1346,3.6352,62010721.2
3.8748,19990611,0.51,000005.SZE,202774.0,8.2553,3.55,3.5068,0.1038,3.7939,before,6.8733,3.5403,158900191.8
4.1143,19990614,0.67,000005.SZE,217464.0,8.8533,3.7939,3.8942,0.057999999999999996,4.1143,before,8.4489,3.9471,183347879.0
4.2816,19990615,-0.68,000005.SZE,218606.0,8.8998,4.1143,3.7021,0.1407,3.7885,before,-7.907,4.2341,182760917.4
4.0474,19990616,0.47,000005.SZE,110362.0,4.493,3.7885,3.8273,0.0581,4.013999999999999,before,5.9343,3.8316,90159644.3
4.1089,19990617,-0.05,000005.SZE,92329.0,3.7589,4.013999999999999,3.8413,0.0667,3.9892,before,-0.5959,4.0474,76821280.3
4.0183,19990618,-0.19,000005.SZE,93324.0,3.7994,3.9892,3.8554,0.0408,3.8985,before,-2.2782,3.9989,76239195.7
4.0086,19990621,0.17,000005.SZE,93185.0,3.7937,3.8985,3.8510000000000004,0.0405,3.9805,before,2.0859,3.8985,76830829.5
4.1575,19990622,0.27,000005.SZE,107852.0,4.3908,3.9805,3.9611,0.0493,4.1089,before,3.2452,3.9946,91450371.9
4.2578,19990623,0.1,000005.SZE,125125.0,5.0941,4.1089,4.0658,0.0466,4.1575,before,1.1641,4.1143,108083652.5
4.3442,19990624,0.29,000005.SZE,208553.0,8.4906,4.1575,4.0183,0.0783,4.2956,before,3.3372,4.1715,183291619.8
4.3776,19990625,-0.83,000005.SZE,167622.0,6.8242,4.2956,3.8748,0.1169,3.8985,before,-9.2428,4.3528,146718378.2
4.1478,19990628,0.51,000005.SZE,147960.0,6.0237,3.8985,3.8845,0.0675,4.1424,before,6.2577,3.8985,123942908.4
4.2341,19990629,-0.16,000005.SZE,129151.0,5.257999999999999,4.1424,3.9805,0.0612,4.0658,before,-1.8476,4.1618,109681775.0
4.1046,19990630,-0.46,000005.SZE,117234.0,4.7728,4.0658,3.8036,0.0741,3.8457,before,-5.4118,4.0712,96179210.7
3.8273,19990701,-0.8,000005.SZE,66990.0,2.7273,3.8457,3.4637,0.0945,3.4637,before,-9.9502,3.8273,50558506.7
3.6935,19990702,0.4,000005.SZE,63002.0,2.5649,3.4637,3.373,0.0925,3.6547,before,5.5249,3.4637,46867104.2
3.7788,19990705,-0.21,000005.SZE,48954.0,1.993,3.6547,3.5112,0.0733,3.5543,before,-2.7487,3.6601,37298220.8
3.5975,19990706,-0.34,000005.SZE,37132.0,1.5117,3.5543,3.3482,0.07,3.3914,before,-4.5760000000000005,3.5166,26816613.4
3.4917,19990707,0.2,000005.SZE,28596.0,1.1642,3.3914,3.3633,0.0381,3.4874,before,2.8209,3.3914,20536849.5
3.5586,19990708,0.07,000005.SZE,25314.0,1.0306,3.4874,3.4539999999999997,0.0302,3.5209,before,0.9602,3.5306,18549158.7
3.6504,19990709,0.1,000005.SZE,36677.0,1.4932,3.5209,3.4065,0.0693,3.5683,before,1.3587,3.4819999999999998,26782376.5
3.5639999999999996,19990712,-0.24,000005.SZE,22167.0,0.9025,3.5683,3.4345,0.0362,3.4539999999999997,before,-3.2172,3.5639999999999996,16057848.1
3.4443,19990713,-0.26,000005.SZE,31226.0,1.2713,3.4539999999999997,3.3007,0.0416,3.3299,before,-3.6011,3.4443,21906813.5
3.4917,19990714,0.24,000005.SZE,23509.0,0.9571,3.3299,3.3105,0.0546,3.4443,before,3.4483,3.3299,16829640.3
3.4819999999999998,19990715,0.0,000005.SZE,20959.0,0.8533,3.4443,3.3579,0.0361,3.4443,before,0.0,3.4443,14935396.1
3.4777,19990716,-0.14,000005.SZE,19205.0,0.7819,3.4443,3.3536,0.0361,3.3774,before,-1.9444,3.4777,13605633.1
3.3482,19990719,-0.26,000005.SZE,24945.6,1.0156,3.3774,3.1767,0.051,3.2533,before,-3.6827,3.3482,16983228.9
3.4734,19990720,0.44,000005.SZE,30238.0,1.2309999999999999,3.2533,3.195,0.0853,3.4637,before,6.4706,3.2144,21167126.4
3.5878,19990721,0.1,000005.SZE,50216.0,2.0444,3.4637,3.4065,0.0525,3.5112,before,1.3812,3.4917,36770315.5
3.5403,19990722,-0.34,000005.SZE,33456.0,1.3621,3.5112,3.3482,0.0545,3.3482,before,-4.6322,3.5403,23893862.9
3.4917,19990723,0.16,000005.SZE,23200.0,0.9445,3.3482,3.3299,0.0486,3.4248,before,2.2857,3.3299,16652807.5
3.7701,19990726,0.72,000005.SZE,122947.0,5.0054,3.4248,3.4205,0.102,3.7701,before,10.0559,3.4486,94323106.2
3.9179,19990727,-0.15,000005.SZE,129939.0,5.29,3.7701,3.6741,0.0647,3.6978,before,-1.9036,3.8985,103546655.2
4.013999999999999,19990728,0.52,000005.SZE,116734.0,4.7524,3.6978,3.7075,0.0828,3.9471,before,6.727,3.7075,94104973.2
3.9946,19990729,-0.11,000005.SZE,54331.0,2.2119,3.9471,3.8554,0.0352,3.8942,before,-1.3333,3.9805,44367933.4
3.9471,19990730,-0.06,000005.SZE,48910.0,1.9912,3.8942,3.8079,0.0356,3.8651,before,-0.7371,3.9223,39835561.3
4.1575,19990802,0.36,000005.SZE,99946.0,4.069,3.8651,3.9611,0.0507,4.0377,before,4.4554,3.9654,84861556.6
4.0615,19990803,-0.09,000005.SZE,51578.0,2.0998,4.0377,3.932,0.032,3.9946,before,-1.0664,4.0571,42885529.3
4.013999999999999,19990804,-0.03,000005.SZE,48587.0,1.9781,3.9946,3.9277,0.0216,3.9805,before,-0.3593,3.9892,40258000.0
4.1089,19990805,0.18,000005.SZE,69747.0,2.8395,3.9805,3.9471,0.0409,4.0658,before,2.1635,3.9946,58591368.0
4.0658,19990806,-0.22,000005.SZE,65418.0,2.6633,4.0658,3.8651,0.0494,3.9611,before,-2.5882,4.0658,53971783.7
3.9751,19990809,-0.09,000005.SZE,38818.0,1.5803,3.9611,3.8845,0.0229,3.9179,before,-1.087,3.9654,31808100.9
3.9039,19990810,-0.31,000005.SZE,50707.0,2.0644,3.9179,3.755,0.0379,3.7701,before,-3.7851,3.8985,40486426.4
3.8369999999999997,19990811,-0.02,000005.SZE,24867.0,1.0124,3.7701,3.7313,0.0279,3.7604,before,-0.2538,3.7313,19673509.4
3.9136,19990812,0.14,000005.SZE,31095.0,1.2659,3.7604,3.7788,0.0356,3.8273,before,1.7812,3.7939,25069462.5
3.9223,19990813,0.13,000005.SZE,22153.0,0.9019,3.8273,3.8176,0.0275,3.8888,before,1.625,3.8413,17949700.7
3.9039,19990816,-0.13,000005.SZE,14635.0,0.5958,3.8888,3.7788,0.032,3.8273,before,-1.599,3.8985,11684304.4
3.9989,19990817,0.15,000005.SZE,34186.0,1.3918,3.8273,3.8036,0.0513,3.8985,before,1.875,3.8273,28117212.8
4.0183,19990818,0.24,000005.SZE,39006.0,1.588,3.8985,3.8554,0.0417,4.013999999999999,before,2.9448,3.8748,32180301.4
4.205,19990819,0.27,000005.SZE,137438.0,5.5953,4.013999999999999,3.9708,0.0584,4.1424,before,3.2181,4.042,118263338.9
4.1812,19990820,-0.19,000005.SZE,59429.0,2.4195,4.1424,4.0183,0.0393,4.0517,before,-2.194,4.1618,50932639.6
4.205,19990823,0.22,000005.SZE,47294.0,1.9254,4.0517,4.042,0.0401,4.1575,before,2.5974,4.0658,40801796.2
4.2007,19990824,-0.16,000005.SZE,37266.0,1.5172,4.1575,4.0712,0.0311,4.0809,before,-1.8412,4.1855,32190911.4
4.0906,19990825,-0.3,000005.SZE,39329.0,1.6012,4.0809,3.8985,0.0469,3.9374,before,-3.517,4.0658,32790110.3
4.013999999999999,19990826,0.14,000005.SZE,18749.0,0.7633,3.9374,3.9039,0.0279,4.0043,before,1.7011,3.9223,15537471.5
4.0280000000000005,19990827,-0.09,000005.SZE,18609.0,0.7576,4.0043,3.9471,0.0203,3.9611,before,-1.0753,4.0043,15476673.3
3.9892,19990830,-0.06,000005.SZE,18643.0,0.759,3.9611,3.9179,0.0181,3.932,before,-0.7246,3.9471,15369831.5
3.9946,19990831,0.06,000005.SZE,15502.0,0.6311,3.932,3.9039,0.0231,3.9611,before,0.7299,3.9557,12775232.3
3.9805,19990901,-0.17,000005.SZE,15006.0,0.6109,3.9611,3.8748,0.0266,3.8791,before,-2.0531,3.9708,12277922.0
3.9471,19990902,0.08,000005.SZE,24043.0,0.9788,3.8791,3.7788,0.0432,3.9179,before,0.9864,3.8651,19282442.8
3.9417,19990903,-0.16,000005.SZE,13868.0,0.5646,3.9179,3.8219,0.0305,3.8413,before,-1.9536,3.932,11168007.0
3.8176,19990906,-0.22,000005.SZE,16354.0,0.6658,3.8413,3.7313,0.0224,3.7356,before,-2.7397,3.8176,12829371.0
3.8036,19990907,0.01,000005.SZE,10318.0,0.4201,3.7356,3.7313,0.0192,3.741,before,0.128,3.7356,8102076.4
3.8079,19990908,0.06,000005.SZE,8231.0,0.3351,3.741,3.7313,0.0205,3.7701,before,0.7673,3.755,6483847.7
3.9946,19990909,0.47,000005.SZE,29886.0,1.2167,3.7701,3.8176,0.047,3.9946,before,5.9645,3.8176,24625704.9
4.042,19990910,-0.2,000005.SZE,33859.0,1.3785,3.9946,3.8845,0.0395,3.8985,before,-2.3952,4.0086,27970436.4
3.9946,19990913,0.14,000005.SZE,21072.0,0.8579,3.8985,3.8748,0.0307,3.9654,before,1.7178,3.8985,17291921.7
3.9946,19990914,-0.05,000005.SZE,16194.0,0.6593,3.9654,3.932,0.0157,3.9417,before,-0.6031,3.9708,13398555.2
3.9708,19990915,-0.1,000005.SZE,14511.0,0.5908,3.9417,3.8748,0.0243,3.8942,before,-1.2136,3.9514,11810488.5
3.9223,19990916,-0.06,000005.SZE,11061.0,0.4503,3.8942,3.8651,0.0147,3.8651,before,-0.7371,3.9082,8988388.9
3.9136,19990917,0.02,000005.SZE,10435.0,0.4248,3.8651,3.8608,0.0136,3.8748,before,0.2475,3.8608,8458224.2
3.8845,19990920,-0.15,000005.SZE,9554.0,0.389,3.8748,3.8036,0.021,3.8036,before,-1.8519,3.8316,7638623.6
3.8273,19990921,-0.01,000005.SZE,5720.0,0.2329,3.8036,3.7788,0.0126,3.7982,before,-0.1258,3.8273,4540119.7
3.8273,19990922,-0.04,000005.SZE,7939.0,0.3232,3.7982,3.7788,0.0126,3.7788,before,-0.5038,3.8273,6291441.1
3.8176,19990923,-0.1,000005.SZE,12641.0,0.5146,3.7788,3.7216,0.0253,3.7313,before,-1.2658,3.7939,9901149.6
3.8122,19990924,0.09,000005.SZE,4847.0,0.1973,3.7313,3.755,0.0154,3.7744,before,1.1538,3.7788,3825736.2
3.8079,19990927,-0.1,000005.SZE,6574.0,0.2676,3.7744,3.7216,0.0228,3.727,before,-1.2674,3.7788,5140208.2
3.7356,19990928,-0.06,000005.SZE,6884.0,0.2803,3.727,3.6741,0.0167,3.6978,before,-0.7702,3.7313,5319561.2
3.7647,19990929,-0.06,000005.SZE,7726.6,0.3146,3.6978,3.6644,0.0272,3.6687,before,-0.7762,3.7216,5963083.3
3.7173,19990930,-0.06,000005.SZE,6916.0,0.2816,3.6687,3.6352,0.0222,3.6406,before,-0.7823,3.7173,5284187.4
3.6838,19991008,-0.22,000005.SZE,7074.0,0.28800000000000003,3.6406,3.5166,0.046,3.5349,before,-2.8909,3.645,5276974.5
3.5403,19991011,-0.12,000005.SZE,6584.0,0.268,3.5349,3.4443,0.0271,3.4777,before,-1.6238,3.5166,4808375.8
3.5403,19991012,0.09,000005.SZE,4503.0,0.1833,3.4777,3.4917,0.0138,3.5209,before,1.238,3.5209,3300000.0
3.5349,19991013,-0.17,000005.SZE,5225.0,0.2127,3.5209,3.4248,0.0313,3.4399,before,-2.3098,3.5166,3780842.0
3.5209,19991014,-0.03,000005.SZE,4686.0,0.1908,3.4399,3.3914,0.0376,3.4248,before,-0.4172,3.4399,3365565.9
3.5166,19991015,0.14,000005.SZE,5275.0,0.2148,3.4248,3.4345,0.0237,3.4917,before,1.9553,3.4443,3838739.0
3.5166,19991018,-0.22,000005.SZE,6532.0,0.2659,3.4917,3.3871,0.037000000000000005,3.3871,before,-3.0137,3.5166,4679699.1
3.3774,19991019,-0.22,000005.SZE,8534.0,0.3474,3.3871,3.2769999999999997,0.0297,3.2813,before,-3.1073,3.3536,5902535.0
3.3342,19991020,0.04,000005.SZE,5072.0,0.2065,3.2813,3.2241,0.0335,3.3007,before,0.5831,3.2769999999999997,3478280.0
3.3007,19991021,-0.16,000005.SZE,6345.0,0.2583,3.3007,3.2144,0.0261,3.2241,before,-2.3188,3.2533,4299238.2
3.373,19991022,0.14,000005.SZE,8656.0,0.3524,3.2241,3.2047,0.0519,3.2910000000000004,before,2.0772,3.2144,5979203.4
3.4248,19991025,-0.06,000005.SZE,4125.0,0.1679,3.2910000000000004,3.2533,0.0523,3.263,before,-0.8721,3.2910000000000004,2824617.9
3.3245,19991026,0.06,000005.SZE,3529.0,0.1437,3.263,3.2769999999999997,0.0147,3.2910000000000004,before,0.8798,3.3051,2430047.8
3.4819999999999998,19991027,0.3,000005.SZE,10524.0,0.4285,3.2910000000000004,3.3299,0.0465,3.4345,before,4.3605,3.3482,7538566.5
3.4734,19991028,-0.06,000005.SZE,8399.0,0.3419,3.4345,3.3871,0.0251,3.4065,before,-0.8357,3.4345,6017253.6
3.4443,19991029,-0.12,000005.SZE,5311.0,0.2162,3.4065,3.3299,0.0337,3.3482,before,-1.6854,3.3968,3740357.9
3.3342,19991101,-0.13,000005.SZE,4577.0,0.1863,3.3482,3.2533,0.0243,3.2867,before,-1.8571,3.2533,3149288.2
3.3385,19991102,-0.01,000005.SZE,3283.0,0.1337,3.2867,3.2533,0.0262,3.2813,before,-0.1456,3.2533,2255977.5
3.3245,19991103,-0.04,000005.SZE,4024.0,0.1638,3.2813,3.2533,0.0219,3.263,before,-0.5831,3.3007,2750726.8
3.263,19991104,-0.09,000005.SZE,4547.0,0.1851,3.263,3.2101,0.0161,3.2198,before,-1.3196,3.263,3069078.3
3.4777,19991105,0.18,000005.SZE,19888.0,0.8097,3.2198,3.1864,0.0906,3.3051,before,2.6746,3.2198,13955599.8
3.4486,19991108,0.29,000005.SZE,19788.0,0.8056,3.3051,3.2964,0.0463,3.4443,before,4.1968,3.3105,13987073.0
3.4583,19991109,-0.18,000005.SZE,9763.0,0.3975,3.4443,3.3482,0.0319,3.3579,before,-2.5,3.4443,6896754.0
3.4345,19991110,-0.12,000005.SZE,10064.0,0.4097,3.3579,3.2716,0.0484,3.3007,before,-1.7094,3.373,6984906.0
3.3342,19991111,-0.15,000005.SZE,8805.0,0.3585,3.3007,3.2198,0.0348,3.2295,before,-2.1739,3.3007,5980251.4
3.2769999999999997,19991112,0.04,000005.SZE,3392.0,0.1381,3.2295,3.2338,0.0133,3.2479,before,0.5926,3.2338,2305449.4
3.3245,19991115,0.02,000005.SZE,5070.0,0.2064,3.2479,3.2295,0.0295,3.2576,before,0.2946,3.2295,3456653.0
3.373,19991116,0.06,000005.SZE,6706.0,0.273,3.2576,3.263,0.0338,3.2867,before,0.8811,3.3051,4637590.0
3.4917,19991117,0.37,000005.SZE,29247.0,1.1907,3.2867,3.2769999999999997,0.0655,3.4637,before,5.3857,3.2867,20984606.9
3.5349,19991118,-0.01,000005.SZE,26898.0,1.0951,3.4637,3.3968,0.0401,3.4583,before,-0.1381,3.4637,19575122.7
3.5403,19991119,0.06,000005.SZE,21362.0,0.8697,3.4583,3.4205,0.0346,3.4874,before,0.8299,3.4734,15583433.2
3.5349,19991122,0.02,000005.SZE,11009.0,0.4482,3.4874,3.468,0.0192,3.4971,before,0.2743,3.5209,8054294.0
3.5166,19991123,-0.12,000005.SZE,7578.0,0.3085,3.4971,3.4345,0.0233,3.4399,before,-1.6416,3.5166,5471907.2
3.4777,19991124,-0.1,000005.SZE,6092.0,0.248,3.4399,3.3914,0.025,3.3914,before,-1.3908,3.4345,4340334.6
3.3968,19991125,-0.08,000005.SZE,7421.0,0.3021,3.3914,3.3299,0.0197,3.3536,before,-1.1283,3.3914,5207403.9
3.3968,19991126,-0.02,000005.SZE,5074.0,0.2066,3.3536,3.3299,0.02,3.3439,before,-0.2853,3.3482,3557821.5
3.4205,19991129,0.04,000005.SZE,5119.0,0.2084,3.3439,3.3385,0.0243,3.3633,before,0.5722,3.3482,3612734.0
3.4205,19991130,0.1,000005.SZE,5254.0,0.2139,3.3633,3.3536,0.0199,3.4108,before,1.4225,3.3633,3727079.5
3.4443,19991201,0.02,000005.SZE,5877.0,0.2393,3.4108,3.3817,0.0182,3.4205,before,0.2805,3.3968,4196588.5
3.4065,19991202,-0.2,000005.SZE,5078.0,0.2067,3.4205,3.3202,0.0252,3.3245,before,-2.7972,3.4065,3568202.4
3.3482,19991203,-0.05,000005.SZE,6353.0,0.2586,3.3245,3.2716,0.023,3.3007,before,-0.7194,3.3105,4382571.9
3.3676,19991206,-0.02,000005.SZE,4506.0,0.1834,3.3007,3.2576,0.0333,3.2910000000000004,before,-0.2899,3.3007,3107183.1
3.3385,19991207,-0.04,000005.SZE,3383.0,0.1377,3.2910000000000004,3.2716,0.0203,3.2716,before,-0.5814,3.2910000000000004,2326068.8
3.3007,19991208,0.0,000005.SZE,3329.0,0.1355,3.2716,3.2533,0.0146,3.2716,before,0.0,3.2716,2277879.7
3.2769999999999997,19991209,-0.09,000005.SZE,5247.0,0.2136,3.2716,3.2295,0.0146,3.2295,before,-1.3158,3.2716,3559346.6
3.2673,19991210,0.04,000005.SZE,5503.31,0.22399999999999998,3.2295,3.2047,0.0193,3.2479,before,0.5926,3.2047,3714585.2
3.2769999999999997,19991213,-0.08,000005.SZE,4906.0,0.1997,3.2479,3.2047,0.0221,3.2101,before,-1.1782,3.2576,3311082.2
3.2436,19991214,0.07,000005.SZE,4915.0,0.2001,3.2101,3.2047,0.0119,3.2436,before,1.0432,3.2101,3305993.4
3.4345,19991215,0.21,000005.SZE,10755.0,0.4379,3.2436,3.2295,0.0634,3.3439,before,3.0973,3.2479,7520598.5
3.3482,19991216,-0.28,000005.SZE,11818.0,0.4811,3.3439,3.195,0.0458,3.2101,before,-4.0057,3.3007,8013303.4
3.2769999999999997,19991217,0.02,000005.SZE,8053.0,0.3279,3.2101,3.195,0.0253,3.2198,before,0.2981,3.2144,5415903.4
3.2101,19991221,-0.22,000005.SZE,9294.0,0.3784,3.2198,3.1,0.0342,3.1141,before,-3.2689,3.2101,6085399.1
3.1195,19991222,-0.16,000005.SZE,8636.0,0.3516,3.1141,3.0375,0.0261,3.0375,before,-2.4578,3.1044,5531906.6
3.0612,19991223,-0.15,000005.SZE,6219.8,0.2532,3.0375,2.9609,0.0331,2.9662,before,-2.3622,3.0137,3880568.0
2.99,19991224,-0.1,000005.SZE,4831.0,0.1967,2.9662,2.9177,0.0242,2.9177,before,-1.6129,2.9662,2971440.9
2.9371,19991227,-0.14,000005.SZE,7485.0,0.3047,2.9177,2.8411,0.0328,2.8508,before,-2.2951,2.8993,4504000.0
2.9134,19991228,-0.01,000005.SZE,5861.0,0.2386,2.8508,2.8324,0.0285,2.8465,before,-0.1678,2.8324,3510688.8
2.9037,19991229,0.04,000005.SZE,4926.0,0.2005,2.8465,2.8227,0.0286,2.8659,before,0.6723,2.8702,2942538.8
2.9274,19991230,0.05,000005.SZE,2573.0,0.1048,2.8659,2.8659,0.0217,2.8896,before,0.8347,2.908,1556692.0
2.9997,20000104,0.2,000005.SZE,8365.0,0.3406,2.8896,2.8702,0.0447,2.9846,before,3.3113,2.9177,5132419.6
3.0947,20000105,0.01,000005.SZE,12587.0,0.5124,2.9846,2.9274,0.0561,2.99,before,0.1603,2.99,7954400.6
3.1098,20000106,0.22,000005.SZE,14205.0,0.5783,2.99,2.9425,0.055999999999999994,3.0947,before,3.52,2.9511,8973841.1
3.2436,20000107,0.29,000005.SZE,32668.0,1.33,3.0947,3.1044,0.0448,3.2338,before,4.4822,3.1572,21734282.1
3.3871,20000110,0.25,000005.SZE,46554.0,1.8953,3.2338,3.1572,0.071,3.3536,before,3.6982,3.3051,32277577.7
3.468,20000111,-0.25,000005.SZE,39904.0,1.6246,3.3536,3.2047,0.0785,3.2338,before,-3.5663,3.3536,28043058.9
3.2769999999999997,20000112,-0.29,000005.SZE,20968.0,0.8536,3.2338,3.0612,0.0666,3.0947,before,-4.2899,3.2047,13790028.4
3.1572,20000113,-0.02,000005.SZE,9522.0,0.3877,3.0947,3.0612,0.0309,3.0860000000000003,before,-0.3091,3.0612,6192728.4
3.2533,20000114,0.11,000005.SZE,16440.0,0.6693,3.0860000000000003,3.1,0.0496,3.1378,before,1.7054,3.1572,10779795.3
3.4539999999999997,20000117,0.66,000005.SZE,77801.0,3.1674,3.1378,3.1907,0.0838,3.4539999999999997,before,10.061,3.1907,55803223.4
3.755,20000118,0.16,000005.SZE,212509.0,8.6516,3.4539999999999997,3.4917,0.0762,3.5306,before,2.2161,3.755,161356528.8
3.5639999999999996,20000119,-0.11,000005.SZE,50505.0,2.0561,3.5306,3.4486,0.0325,3.4777,before,-1.4905,3.5112,36849371.2
3.7313,20000120,0.42,000005.SZE,80355.0,3.2714,3.4777,3.4777,0.0729,3.6784,before,5.7772,3.4874,61209999.6
3.8176,20000121,-0.07,000005.SZE,94420.0,3.844,3.6784,3.5403,0.0754,3.645,before,-0.9103,3.6838,72911180.6
3.8219,20000124,0.28,000005.SZE,91528.0,3.7263,3.645,3.5921,0.063,3.7788,before,3.6745,3.6547,71742226.2
3.8985,20000125,-0.15,000005.SZE,65775.0,2.6778,3.7788,3.6881,0.0557,3.7075,before,-1.8987,3.8273,52062003.9
3.755,20000126,-0.24,000005.SZE,39455.0,1.6063,3.7075,3.5403,0.0581,3.5921,before,-3.0968,3.7075,29840396.3
3.6784,20000127,-0.01,000005.SZE,43670.0,1.7779,3.5921,3.5639999999999996,0.032,3.5878,before,-0.1332,3.6406,32978308.8
3.9471,20000128,0.75,000005.SZE,109334.0,4.4512,3.5878,3.6352,0.0867,3.9471,before,10.0,3.7647,87040468.9
4.3442,20000214,0.83,000005.SZE,223795.0,9.1111,3.9471,4.0571,0.0727,4.3442,before,10.0606,4.1618,198861163.1
4.7693,20000215,0.02,000005.SZE,302524.0,12.3163,4.3442,4.2341,0.1233,4.3528,before,0.2203,4.4488,286324741.9
4.5546,20000216,0.3,000005.SZE,189395.0,7.7106,4.3528,4.2816,0.0626,4.4963,before,3.2967,4.3053,174415718.2
4.9463,20000217,-0.38,000005.SZE,342230.0,13.9328,4.4963,4.2816,0.1479,4.315,before,-4.0426,4.5923,332405086.0
4.2816,20000218,-0.18,000005.SZE,131977.0,5.372999999999999,4.315,3.8845,0.092,4.2287,before,-1.9956,4.2816,113449790.4
4.3053,20000221,-0.23,000005.SZE,114565.0,4.6641,4.2287,3.9611,0.0814,4.1186,before,-2.6018,4.2287,98813003.2
4.205,20000222,-0.57,000005.SZE,76336.0,3.1078,4.1186,3.8273,0.0918,3.8457,before,-6.6202,4.1143,64193305.6
3.9611,20000223,0.04,000005.SZE,62863.0,2.5593,3.8457,3.7604,0.0522,3.8651,before,0.4975,3.8176,50803892.4
3.9471,20000224,0.07,000005.SZE,36614.0,1.4906,3.8651,3.8316,0.0297,3.8985,before,0.8663,3.8748,29639587.0
3.9374,20000225,-0.31,000005.SZE,58981.0,2.4012,3.8985,3.7313,0.0528,3.7507,before,-3.8037,3.9223,46814314.4
3.9471,20000228,0.31,000005.SZE,70989.0,2.8901,3.7507,3.6601,0.0765,3.8985,before,3.9541,3.727,56441922.0
4.2524,20000229,0.43,000005.SZE,130162.0,5.2991,3.8985,3.8510000000000004,0.1031,4.1046,before,5.2761,3.8985,109956085.1
4.1618,20000301,-0.26,000005.SZE,66203.0,2.6952,4.1046,3.9223,0.0583,3.9805,before,-3.0303,4.1046,55476000.0
4.042,20000302,-0.08,000005.SZE,45274.0,1.8432,3.9805,3.8985,0.0361,3.9417,before,-0.9615,3.9805,37328236.1
4.0086,20000303,0.03,000005.SZE,51213.0,2.085,3.9417,3.9136,0.0243,3.9557,before,0.3641,3.9374,42415722.4
3.9989,20000306,-0.43,000005.SZE,59704.0,2.4307,3.9557,3.7313,0.0677,3.7507,before,-5.1995,3.9708,48076385.5
3.7701,20000307,0.01,000005.SZE,34720.0,1.4135,3.7507,3.6601,0.0293,3.755,before,0.1276,3.6838,26849838.4
3.8176,20000308,0.1,000005.SZE,27784.0,1.1311,3.755,3.7313,0.0229,3.8036,before,1.2739,3.7604,21921537.9
3.8273,20000309,-0.13,000005.SZE,29793.0,1.2129,3.8036,3.6978,0.034,3.741,before,-1.6352,3.7982,23276895.9
3.8079,20000310,-0.06,000005.SZE,24108.0,0.9815,3.741,3.6838,0.0332,3.7119,before,-0.7673,3.7356,18861093.4
3.7788,20000313,0.12,000005.SZE,28189.0,1.1476,3.7119,3.6601,0.0322,3.7701,before,1.5464,3.6838,21849445.7
3.7075,20000314,-0.23,000005.SZE,38573.0,1.5704,3.7701,3.5403,0.0444,3.6601,before,-2.9188,3.7075,29229346.4
3.8845,20000315,0.34,000005.SZE,42539.0,1.7318,3.6601,3.6266,0.0706,3.8219,before,4.4444,3.6352,33675277.2
3.8122,20000316,-0.52,000005.SZE,29066.0,1.1833,3.8219,3.5403,0.0713,3.5737,before,-6.5081,3.8122,22083785.0
3.6601,20000317,0.14,000005.SZE,21239.0,0.8647,3.5737,3.5403,0.0335,3.6406,before,1.8742,3.5639999999999996,16073928.9
3.7939,20000320,0.3,000005.SZE,31808.0,1.295,3.6406,3.5446,0.0683,3.7842,before,3.9422,3.6266,24751358.8
3.8985,20000321,0.1,000005.SZE,52837.0,2.1511,3.7842,3.741,0.0417,3.8316,before,1.2642,3.7842,42451886.8
3.8888,20000322,-0.09,000005.SZE,28436.0,1.1577,3.8316,3.7647,0.0325,3.7885,before,-1.1236,3.8369999999999997,22642043.4
4.0043,20000323,0.42,000005.SZE,93171.0,3.7932,3.7885,3.7788,0.0593,3.9892,before,5.303,3.7885,76595952.0
4.1618,20000324,0.08,000005.SZE,145380.0,5.9187,3.9892,3.9514,0.0528,4.0280000000000005,before,0.9592,4.0571,123115467.5
4.4294,20000327,0.84,000005.SZE,287922.0,11.7218,4.0280000000000005,4.124,0.076,4.4294,before,9.9762,4.124,260888205.3
4.6884,20000328,-0.21,000005.SZE,212455.0,8.6494,4.4294,4.2622,0.0961,4.3291,before,-2.2678,4.6161,196111278.9
4.3862,20000329,-0.22,000005.SZE,103344.0,4.2073,4.3291,4.0852,0.0696,4.2244,before,-2.4309,4.3291,90453401.8
4.3485,20000330,0.21,000005.SZE,63663.0,2.5918,4.2244,4.1046,0.0578,4.3247,before,2.3783,4.2093,55974538.5
4.3442,20000331,-0.06,000005.SZE,69139.0,2.8148,4.3247,4.1618,0.042,4.2956,before,-0.6637,4.3053,61368472.5
4.5352,20000403,0.06,000005.SZE,205279.0,8.3573,4.2956,4.3193,0.0501,4.3247,before,0.6682,4.4014,190931821.8
4.3096,20000404,-0.38,000005.SZE,69128.0,2.8143,4.3247,4.1284,0.042,4.1424,before,-4.2035,4.3053,60919801.7
4.2816,20000405,0.22,000005.SZE,34266.0,1.395,4.1424,4.124,0.0381,4.2481,before,2.5404,4.2093,30042685.0
4.6733,20000406,0.89,000005.SZE,386362.0,15.7295,4.2481,4.2578,0.098,4.6733,before,10.0225,4.2578,372782219.6
5.0088,20000407,0.44,000005.SZE,698735.0,28.4467,4.6733,4.7359,0.0583,4.8837,before,4.5036,4.8556,709912320.9
4.9225,20000410,-0.13,000005.SZE,189155.0,7.7008,4.8837,4.7315,0.0392,4.8222,before,-1.2733,4.9085,190870271.5
4.8556,20000411,-0.53,000005.SZE,154045.0,6.2714,4.8222,4.5492,0.0635,4.5686,before,-5.2579,4.8319,151173168.1
4.7261,20000412,0.15,000005.SZE,106947.0,4.354,4.5686,4.5211,0.045,4.6398,before,1.5707,4.5449,103288323.4
4.6884,20000413,-0.05,000005.SZE,65461.0,2.665,4.6398,4.5729,0.0247,4.6161,before,-0.5155,4.6398,63203126.5
4.6646,20000414,-0.26,000005.SZE,93189.0,3.7939,4.6161,4.4251,0.0518,4.492,before,-2.6943,4.6161,87666016.3
4.4445,20000417,-0.38,000005.SZE,82258.0,3.3489,4.492,4.2341,0.0469,4.3096,before,-4.0469,4.3053,74106994.2
4.4391,20000418,0.17,000005.SZE,58325.0,2.3745,4.3096,4.2341,0.0477,4.3916,before,1.8868,4.3053,52956000.0
4.588,20000419,0.34,000005.SZE,84114.0,3.4244,4.3916,4.2956,0.0664,4.5546,before,3.7037,4.4014,77859626.2
4.5923,20000420,-0.12,000005.SZE,57421.0,2.3377,4.5546,4.4877,0.0231,4.4963,before,-1.2605,4.5449,54531043.8
4.683,20000421,0.09,000005.SZE,72430.0,2.9487,4.4963,4.4963,0.0415,4.5395,before,0.9574,4.4963,69467149.3
4.6355,20000424,-0.03,000005.SZE,48019.0,1.9549,4.5395,4.4111,0.0495,4.5254,before,-0.3161,4.5114,45173175.6
4.5449,20000425,-0.16,000005.SZE,32166.0,1.3095,4.5254,4.4251,0.0264,4.4488,before,-1.6913,4.5254,30046548.1
4.4877,20000426,-0.19,000005.SZE,46083.0,1.8761,4.4488,4.315,0.0387,4.3582,before,-2.043,4.4391,42162797.5
4.4683,20000427,-0.06,000005.SZE,35980.0,1.4648,4.3582,4.3096,0.0362,4.3291,before,-0.6586,4.3528,32873563.7
4.3776,20000428,0.08,000005.SZE,39760.0,1.6187,4.3291,4.2816,0.0221,4.3679,before,0.884,4.3053,35918631.9
4.3776,20000508,-0.13,000005.SZE,29041.0,1.1823,4.3679,4.2578,0.0274,4.3053,before,-1.4239,4.3679,26080309.3
4.3053,20000509,-0.22,000005.SZE,39260.0,1.5983,4.3053,4.1618,0.0333,4.2007,before,-2.4444,4.3053,34440218.2
4.1855,20000510,-0.41,000005.SZE,37401.0,1.5227,4.2007,3.9946,0.0456,4.0043,before,-4.6697,4.1855,31711657.8
4.0658,20000511,0.07,000005.SZE,34410.0,1.4009,4.0043,3.9082,0.0394,4.0377,before,0.8363,3.9611,28848747.7
4.0809,20000512,-0.16,000005.SZE,23958.0,0.9754,4.0377,3.9557,0.0308,3.9611,before,-1.8957,4.0183,20145012.4
4.0086,20000515,-0.24,000005.SZE,17421.0,0.7092,3.9611,3.8316,0.0447,3.8457,before,-2.8986,3.9654,14100825.4
4.0474,20000516,0.34,000005.SZE,24794.0,1.0094,3.8457,3.8457,0.0522,4.0086,before,4.2289,3.8457,20705742.6
4.1089,20000517,0.02,000005.SZE,23199.0,0.9445,4.0086,3.9654,0.0358,4.0183,before,0.2387,4.0086,19638503.0
4.4197,20000518,0.84,000005.SZE,36653.0,1.4922,4.0183,4.1661,0.0631,4.4197,before,10.0,4.2341,33583132.9
4.6312,20000519,0.05,000005.SZE,114606.0,4.6658,4.4197,4.396,0.053,4.4445,before,0.5411,4.5826,107636918.2
4.5449,20000522,0.09,000005.SZE,60188.0,2.4504,4.4445,4.3819,0.0366,4.4877,before,0.9688,4.4877,56414151.0
4.506,20000523,-0.07,000005.SZE,40953.0,1.6673,4.4877,4.3776,0.0288,4.4531,before,-0.7463,4.4877,37967621.8
4.7121,20000524,0.19,000005.SZE,101390.0,4.1278,4.4531,4.4057,0.0687,4.5449,before,2.0408,4.4391,97302030.8
4.6118,20000525,0.02,000005.SZE,53471.0,2.1769,4.5449,4.4488,0.0358,4.5546,before,0.2105,4.5449,50569087.6
4.6312,20000526,-0.1,000005.SZE,54880.0,2.2343,4.5546,4.4531,0.0389,4.506,before,-1.0504,4.5589,52151977.0
4.5686,20000529,-0.03,000005.SZE,43498.0,1.7709,4.506,4.4251,0.0318,4.492,before,-0.3185,4.5449,40909637.1
4.7121,20000530,0.31,000005.SZE,111772.0,4.5504,4.492,4.4726,0.0532,4.6398,before,3.3014,4.492,107903113.8
4.9268,20000531,0.3,000005.SZE,209241.0,8.5186,4.6398,4.6312,0.0639,4.7833,before,3.0928,4.6398,210670804.7
4.9754,20000601,-0.08,000005.SZE,122623.0,4.9922,4.7833,4.7121,0.055,4.7456,before,-0.8,4.8081,123778683.9
4.7747,20000602,-0.16,000005.SZE,79082.0,3.2196,4.7456,4.5967,0.0373,4.669,before,-1.6129,4.7499,77123904.7
4.8794,20000605,-0.07,000005.SZE,73039.0,2.9735,4.669,4.5923,0.0615,4.6355,before,-0.7172,4.6733,72327324.5
4.7833,20000606,0.2,000005.SZE,68451.0,2.7868,4.6355,4.5546,0.0495,4.7315,before,2.064,4.6355,66832036.3
4.7833,20000607,0.02,000005.SZE,48053.0,1.9563,4.7315,4.6495,0.0283,4.7402,before,0.2022,4.7402,47191691.2
5.2139,20000608,0.59,000005.SZE,332234.0,13.5258,4.7402,4.7456,0.0989,5.0229,before,5.9536,4.7887,346993800.1
5.1038,20000609,-0.49,000005.SZE,139082.0,5.6623,5.0229,4.7833,0.0638,4.7887,before,-4.6667,4.9517,143375386.0
5.1621,20000612,0.59,000005.SZE,155541.0,6.3323,4.7887,4.7261,0.0909,5.0704,before,5.8941,4.7747,162914660.5
5.2236,20000613,0.06,000005.SZE,95855.0,3.9024,5.0704,5.0229,0.0396,5.0995,before,0.5660000000000001,5.1426,102732403.2
5.2052,20000614,0.11,000005.SZE,120510.0,4.9062,5.0995,4.9991,0.0403,5.1524,before,1.0319,5.1189,128616361.6
5.3574,20000615,0.01,000005.SZE,127292.0,5.1823,5.1524,5.1426,0.0418,5.1567,before,0.0929,5.1707,139813330.4
5.1567,20000616,-0.45,000005.SZE,110084.0,4.4817,5.1567,4.9268,0.0445,4.9419,before,-4.1744,5.1567,115401578.9
4.9517,20000619,-0.24,000005.SZE,59300.0,2.4142,4.9419,4.793,0.0319,4.8265,before,-2.3233,4.9268,60331614.1
4.9366,20000620,0.06,000005.SZE,38778.0,1.5787,4.8265,4.8168,0.0248,4.8556,before,0.5946,4.8319,39367088.0
4.9225,20000621,-0.05,000005.SZE,49871.0,2.0303,4.8556,4.7121,0.0433,4.8319,before,-0.4926,4.8556,49909722.9
4.8556,20000622,-0.12,000005.SZE,38141.0,1.5528,4.8319,4.7261,0.0267,4.7747,before,-1.1881,4.8319,38095326.3
4.9268,20000623,0.17,000005.SZE,40965.0,1.6678,4.7747,4.7596,0.0351,4.8556,before,1.7034,4.7747,41603052.7
5.0466,20000626,0.3,000005.SZE,61988.0,2.5236,4.8556,4.8416,0.0424,4.9991,before,2.9557,4.8794,63890389.6
5.1135,20000627,-0.02,000005.SZE,50869.0,2.0709999999999997,4.9991,4.9754,0.0278,4.9894,before,-0.1914,4.9754,53596199.5
5.0757,20000628,-0.14,000005.SZE,43461.0,1.7694,4.9894,4.8837,0.0384,4.9225,before,-1.3423,5.0035,45227802.9
5.1189,20000629,0.08,000005.SZE,51700.0,2.1048,4.9225,4.8837,0.0476,4.9603,before,0.7775,4.9366,54013375.2
4.9603,20000703,-0.47,000005.SZE,57932.0,2.3585,4.9603,4.7121,0.0501,4.7359,before,-4.5323,4.9603,58262478.7
4.7596,20000704,-0.02,000005.SZE,29181.0,1.188,4.7359,4.6398,0.0253,4.7261,before,-0.20199999999999999,4.6884,28604921.4
4.7693,20000705,-0.1,000005.SZE,26804.0,1.0912,4.7261,4.6549,0.0243,4.6787,before,-1.0121,4.7261,26326561.6
4.6884,20000706,-0.16,000005.SZE,32146.0,1.3087,4.6787,4.5492,0.0297,4.6021,before,-1.636,4.6787,30912185.7
4.7747,20000707,0.27,000005.SZE,19386.0,0.7892,4.6021,4.6161,0.0343,4.7315,before,2.8067,4.6312,19126044.7
4.8319,20000710,0.14,000005.SZE,27410.0,1.1159,4.7315,4.6981,0.0283,4.7984,before,1.4156,4.7218,27388634.6
4.9517,20000711,0.14,000005.SZE,31731.0,1.2918,4.7984,4.7596,0.0399,4.8653,before,1.3958,4.7833,32265614.8
4.9031,20000712,-0.13,000005.SZE,34495.0,1.4044,4.8653,4.7747,0.0265,4.8028,before,-1.2783,4.8697,34635813.0
4.8556,20000713,-0.09,000005.SZE,43737.0,1.7806,4.8028,4.7261,0.0269,4.7596,before,-0.8964,4.8081,43713124.1
4.8556,20000714,0.06,000005.SZE,31655.0,1.2887,4.7596,4.7359,0.0251,4.7887,before,0.603,4.7359,31714741.8
4.8319,20000717,-0.22,000005.SZE,37030.0,1.5076,4.7887,4.6398,0.04,4.683,before,-2.1978,4.8319,36466165.6
4.7553,20000718,0.02,000005.SZE,26025.0,1.0595,4.683,4.6118,0.0306,4.6927,before,0.2043,4.669,25326069.1
4.7499,20000719,-0.06,000005.SZE,22016.0,0.8963,4.6927,4.6312,0.0255,4.6646,before,-0.6116,4.7067,21549664.8
4.8416,20000720,0.33,000005.SZE,32210.0,1.3113,4.6646,4.5923,0.0533,4.8222,before,3.3846,4.6646,31556733.0
4.8697,20000721,-0.08,000005.SZE,45475.0,1.8514,4.8222,4.7596,0.0228,4.7833,before,-0.7937,4.8416,45862256.6
4.9754,20000724,0.38,000005.SZE,52820.0,2.1504,4.7833,4.6927,0.059000000000000004,4.9657,before,3.8,4.7833,53423824.3
4.9991,20000725,-0.12,000005.SZE,45081.0,1.8353,4.9657,4.8891,0.0222,4.9085,before,-1.1561,4.9657,46575845.0
4.9517,20000726,0.0,000005.SZE,34321.0,1.3973,4.9085,4.8556,0.0195,4.9085,before,0.0,4.9128,35247858.0
5.0229,20000727,-0.16,000005.SZE,39427.0,1.6051,4.9085,4.7833,0.0487,4.8319,before,-1.5595,4.9268,40427483.8
4.875,20000728,-0.09,000005.SZE,33780.0,1.3752,4.8319,4.765,0.0228,4.7887,before,-0.8911,4.8502,33881196.8
4.8222,20000731,-0.01,000005.SZE,37290.0,1.5181,4.7887,4.6884,0.027999999999999997,4.7833,before,-0.0999,4.7887,36991916.2
4.8794,20000801,0.16,000005.SZE,27970.0,1.1387,4.7833,4.7833,0.02,4.8599,before,1.6,4.7833,28285524.5
4.875,20000802,-0.07,000005.SZE,21902.0,0.8917,4.8599,4.7887,0.0177,4.8265,before,-0.6890000000000001,4.8599,22066748.4
4.956,20000803,0.2,000005.SZE,50523.0,2.0569,4.8265,4.7747,0.0377,4.9225,before,1.9822,4.8319,51358983.3
4.9991,20000804,0.0,000005.SZE,63568.0,2.588,4.9225,4.8319,0.034,4.9225,before,0.0,4.9182,65547121.4
5.0995,20000807,0.3,000005.SZE,106068.0,4.3182,4.9225,4.8697,0.0466,5.066,before,2.9155,4.9517,111262028.7
5.0952,20000808,-0.1,000005.SZE,47099.0,1.9175,5.066,4.9851,0.0217,5.0186,before,-0.9443,5.0898,49519089.7
5.0563,20000809,-0.22,000005.SZE,39784.0,1.6197,5.0186,4.8988,0.0315,4.9128,before,-2.0972,5.0229,41122107.6
5.0186,20000810,0.1,000005.SZE,46337.0,1.8865,4.9128,4.8416,0.036000000000000004,4.9603,before,0.9737,4.9182,47791502.6
5.0704,20000811,-0.06,000005.SZE,54350.0,2.2127,4.9603,4.9268,0.0289,4.9322,before,-0.5786,4.9754,56858143.1
4.9991,20000814,0.02,000005.SZE,25874.0,1.0534,4.9322,4.8794,0.0242,4.9419,before,0.19399999999999998,4.9268,26653996.7
5.0229,20000815,0.01,000005.SZE,24154.0,0.9834,4.9419,4.9031,0.0242,4.9463,before,0.0968,4.956,25047744.4
5.1901,20000816,0.36,000005.SZE,112832.0,4.5936,4.9463,4.9657,0.0455,5.1189,before,3.4816,5.0229,119982234.1
5.1664,20000817,-0.09,000005.SZE,49913.0,2.032,5.1189,5.0617,0.0206,5.0757,before,-0.8411,5.1286,53258461.2
5.1426,20000818,0.04,000005.SZE,53520.0,2.1789,5.0757,5.0369,0.0207,5.0952,before,0.377,5.0898,56978789.8
5.2808,20000821,0.33,000005.SZE,94882.0,3.8628,5.0952,5.0952,0.0366,5.2527,before,3.0986,5.1189,103215373.4
5.3196,20000822,-0.56,000005.SZE,66805.0,2.7197,5.2527,4.9754,0.0656,4.9851,before,-5.1002,5.2764,72601592.5
5.0617,20000823,-0.11,000005.SZE,104433.0,4.2516,4.9851,4.6312,0.0864,4.9322,before,-1.0557,4.9754,106057211.1
4.9657,20000824,-0.01,000005.SZE,46499.0,1.8931,4.9322,4.8222,0.0291,4.9268,before,-0.09699999999999999,4.9366,47517800.8
5.0088,20000825,0.16,000005.SZE,33967.0,1.3829,4.9268,4.9085,0.0204,5.0035,before,1.5534,4.9754,35236967.1
5.1092,20000828,0.18,000005.SZE,42948.0,1.7485,5.0035,5.0229,0.0172,5.0898,before,1.7208,5.0229,45565604.9
5.1426,20000829,-0.03,000005.SZE,34688.0,1.4122,5.0898,4.9937,0.0291,5.0757,before,-0.282,5.1189,36680155.4
5.1135,20000830,-0.23,000005.SZE,41174.0,1.6763,5.0757,4.956,0.0311,4.9657,before,-2.1678,5.0952,43095678.1
4.9074,20000831,-0.4,000005.SZE,34650.0,1.4107,4.9657,4.7013,0.0414,4.7542,before,-4.2508,4.7434,31694153.9
4.8071,20000901,-0.39,000005.SZE,53708.0,1.9878,4.7542,4.5384,0.0566,4.5492,before,-4.3285,4.7434,47367932.4
4.5492,20000904,-0.02,000005.SZE,30967.0,1.1461,4.5492,4.3798,0.0371,4.5384,before,-0.23199999999999998,4.533,26179144.4
4.5751,20000905,-0.36,000005.SZE,29348.0,1.0862,4.5384,4.3323,0.0535,4.3485,before,-4.186,4.5384,24793082.6
4.4219,20000906,0.03,000005.SZE,23368.74,0.8649,4.3485,4.274,0.034,4.3636,before,0.3641,4.3269,19326906.6
4.5222,20000907,0.13,000005.SZE,20995.0,0.777,4.3636,4.369,0.0351,4.4326,before,1.5719,4.3744,17732810.3
4.4801,20000908,-0.08,000005.SZE,16504.0,0.6108,4.4326,4.3582,0.0274,4.3906,before,-0.9524,4.4326,13787243.8
4.4747,20000911,-0.03,000005.SZE,14640.0,0.5418,4.3906,4.3269,0.0337,4.3744,before,-0.3606,4.4057,12089267.5
4.5276,20000912,0.21,000005.SZE,17764.0,0.6575,4.3744,4.3539,0.0398,4.4855,before,2.5332,4.3798,14898585.1
4.5384,20000913,-0.02,000005.SZE,19197.0,0.7105,4.4855,4.4326,0.0235,4.4747,before,-0.2353,4.4855,16340571.9
4.5006,20000914,-0.18,000005.SZE,20613.0,0.7629,4.4747,4.369,0.0295,4.3798,before,-2.1226,4.438,17233350.7
4.506,20000915,0.1,000005.SZE,14371.0,0.5319,4.3798,4.3798,0.0289,4.4326,before,1.2048,4.3906,12098338.6
4.5114,20000918,-0.15,000005.SZE,13235.0,0.4898,4.4326,4.3323,0.0405,4.3539,before,-1.7857,4.438,11165757.1
4.3798,20000919,-0.25,000005.SZE,30047.0,1.1121,4.3539,4.206,0.04,4.2212,before,-3.0303,4.3485,24184969.0
4.2794,20000920,0.07,000005.SZE,17517.0,0.6483,4.2212,4.1424,0.0325,4.2589,before,0.875,4.2212,13994335.6
4.301,20000921,-0.13,000005.SZE,10390.0,0.3845,4.2589,4.1683,0.031,4.1899,before,-1.6109,4.2481,8340728.3
4.1899,20000922,-0.28,000005.SZE,18676.0,0.6912,4.1899,4.0312,0.0378,4.042,before,-3.5264,4.1899,14465397.2
4.1057,20000925,-0.25,000005.SZE,11792.0,0.4364,4.042,3.8942,0.0522,3.9104,before,-3.2637,3.9892,8918289.4
4.042,20000926,0.19,000005.SZE,8662.0,0.3206,3.9104,3.9471,0.0243,4.0107,before,2.5641,3.9579,6540104.6
4.0949,20000927,0.13,000005.SZE,6865.0,0.2541,4.0107,4.0107,0.0211,4.0787,before,1.7105,4.0312,5290911.0
4.1262,20000928,-0.23,000005.SZE,9555.0,0.3536,4.0787,3.9525,0.0427,3.9579,before,-2.9754,4.0787,7288606.2
4.0312,20000929,0.1,000005.SZE,10728.0,0.3971,3.9579,3.9838,0.012,4.0107,before,1.3333,3.9892,8142833.0
4.1424,20001009,0.25,000005.SZE,8264.0,0.3059,4.0107,3.9892,0.0382,4.1424,before,3.2895,4.0636,6384061.3
4.1953,20001010,0.04,000005.SZE,10933.0,0.4046,4.1424,4.1424,0.0127,4.164,before,0.5096,4.1586,8616602.0
4.3064,20001011,0.09,000005.SZE,16851.0,0.6237,4.164,4.1683,0.033,4.2114,before,1.1407,4.1683,13546266.8
4.1953,20001012,-0.18,000005.SZE,9384.0,0.3473,4.2114,4.0895,0.0251,4.1154,before,-2.2556,4.1953,7332065.7
4.2114,20001013,0.03,000005.SZE,10578.0,0.3915,4.1154,4.0895,0.0295,4.1316,before,0.3846,4.1003,8283047.3
4.1316,20001016,-0.19,000005.SZE,10800.0,0.3997,4.1316,4.0107,0.0294,4.0312,before,-2.4266,4.1316,8263170.0
4.1003,20001017,-0.02,000005.SZE,10208.0,0.3778,4.0312,3.9579,0.0353,4.0205,before,-0.2618,4.0366,7762050.8
4.1003,20001018,0.13,000005.SZE,9736.0,0.3603,4.0205,3.9838,0.0289,4.0895,before,1.706,4.0366,7434310.4
4.1208,20001019,-0.14,000005.SZE,8176.0,0.3026,4.0895,4.0,0.0297,4.0161,before,-1.8065,4.0895,6231410.1
4.164,20001020,0.15,000005.SZE,8264.0,0.3059,4.0161,4.0161,0.0368,4.0949,before,1.9711,4.0161,6385275.8
4.1791,20001023,0.14,000005.SZE,12151.0,0.4497,4.0949,4.1057,0.018000000000000002,4.1683,before,1.8041,4.1262,9560037.8
4.2007,20001024,-0.09,000005.SZE,10832.0,0.4009,4.1683,4.1057,0.0228,4.1208,before,-1.1392,4.164,8480164.7
4.2686,20001025,0.27,000005.SZE,23419.0,0.8668,4.1208,4.0895,0.0435,4.2632,before,3.4571,4.1586,18542818.4
4.4585,20001026,0.24,000005.SZE,72140.0,2.6699,4.2632,4.2632,0.0458,4.3906,before,2.9703,4.274,59817465.7
4.4326,20001027,-0.03,000005.SZE,17172.0,0.6355,4.3906,4.3323,0.0228,4.3744,before,-0.3606,4.4057,14217073.7
4.4057,20001030,-0.11,000005.SZE,13766.0,0.5095,4.3744,4.2686,0.0314,4.3161,before,-1.3269,4.4057,11268815.8
4.3269,20001031,-0.13,000005.SZE,12454.0,0.4609,4.3161,4.2212,0.0244,4.2481,before,-1.5892,4.2212,10064997.6
4.2956,20001101,0.05,000005.SZE,9479.0,0.3508,4.2481,4.2212,0.0174,4.274,before,0.6211,4.2481,7640024.5
4.3064,20001102,-0.03,000005.SZE,12112.0,0.4483,4.274,4.2319,0.0173,4.2589,before,-0.3704,4.274,9789779.8
4.3377,20001103,0.04,000005.SZE,9441.0,0.3494,4.2589,4.274,0.0149,4.2794,before,0.4957,4.274,7701930.7
4.3161,20001106,-0.04,000005.SZE,9034.0,0.3344,4.2794,4.2481,0.016,4.2589,before,-0.4932,4.2794,7315427.3
4.301,20001107,-0.04,000005.SZE,11808.0,0.43700000000000006,4.2589,4.2212,0.0186,4.2373,before,-0.4957,4.2848,9512310.9
4.301,20001108,0.12,000005.SZE,11419.0,0.4226,4.2373,4.2373,0.0149,4.301,before,1.4944,4.2373,9201361.2
4.3161,20001109,0.01,000005.SZE,15681.0,0.5804,4.301,4.2589,0.0135,4.3064,before,0.1227,4.3161,12723968.0
4.4693,20001110,0.14,000005.SZE,30776.0,1.139,4.3064,4.2848,0.0429,4.3798,before,1.7157,4.3161,25585667.2
4.4801,20001113,0.08,000005.SZE,25074.0,0.9279999999999999,4.3798,4.3798,0.0229,4.4219,before,0.9639,4.3852,21013768.6
4.4165,20001114,-0.08,000005.SZE,20911.0,0.7739,4.4219,4.3431,0.0167,4.3798,before,-0.9547,4.3852,17310279.6
4.4693,20001115,0.1,000005.SZE,23333.0,0.8636,4.3798,4.3539,0.0265,4.4326,before,1.2048,4.3798,19500925.4
4.5276,20001116,0.15,000005.SZE,32331.0,1.1966,4.4326,4.4326,0.0214,4.5114,before,1.7857,4.4326,27534953.6
4.5384,20001117,-0.13,000005.SZE,19756.0,0.7312,4.5114,4.4326,0.0234,4.4434,before,-1.5205,4.5114,16715663.2
4.4855,20001120,-0.01,000005.SZE,20614.42,0.763,4.4434,4.3798,0.0238,4.438,before,-0.1188,4.4585,17241029.0
4.4855,20001121,-0.05,000005.SZE,26162.69,0.9683,4.438,4.4057,0.0178,4.4111,before,-0.5945,4.4585,21993945.6
4.5384,20001122,0.2,000005.SZE,31796.29,1.1768,4.4111,4.3798,0.0359,4.5168,before,2.3923,4.4111,26944585.5
4.6172,20001123,0.12,000005.SZE,39809.77,1.4734,4.5168,4.4855,0.0292,4.5805,before,1.4019,4.5276,34510611.4
4.6333,20001124,-0.35,000005.SZE,34899.3,1.2916,4.5805,4.3539,0.0611,4.396,before,-4.0323,4.5967,29712192.4
4.4273,20001127,-0.01,000005.SZE,18161.39,0.6722,4.396,4.301,0.0288,4.3906,before,-0.12,4.369,15059208.1
4.4488,20001128,0.1,000005.SZE,15734.12,0.5823,4.3906,4.3798,0.0156,4.4434,before,1.2019,4.3906,13147602.1
4.5535,20001129,0.14,000005.SZE,21669.19,0.802,4.4434,4.4219,0.0297,4.5168,before,1.6627,4.4585,18416174.8
4.5384,20001130,-0.09,000005.SZE,11112.24,0.4113,4.5168,4.4326,0.0234,4.4693,before,-1.0514,4.5384,9416952.0
4.5168,20001201,-0.03,000005.SZE,10059.82,0.3723,4.4693,4.438,0.0177,4.4531,before,-0.3542,4.4693,8518239.8
4.5384,20001204,0.1,000005.SZE,23132.5,0.8561,4.4531,4.3798,0.0355,4.506,before,1.1848,4.4434,19546634.4
4.6333,20001205,0.15,000005.SZE,44775.76,1.6572,4.506,4.4639,0.0375,4.5859,before,1.7564,4.4909,38669797.1
4.7229,20001206,0.09,000005.SZE,75036.0,2.7771,4.5859,4.5913,0.0288,4.6333,before,1.0357,4.5913,66227523.5
4.6538,20001207,-0.11,000005.SZE,24858.47,0.92,4.6333,4.5114,0.0308,4.5751,before,-1.2528,4.6333,21615644.2
4.6279,20001208,-0.01,000005.SZE,14574.03,0.5394,4.5751,4.5384,0.0196,4.5697,before,-0.1153,4.5384,12663715.2
4.601,20001211,-0.25,000005.SZE,18166.28,0.6723,4.5697,4.4219,0.0393,4.438,before,-2.8868,4.5697,15395744.2
4.5276,20001212,0.05,000005.SZE,15811.49,0.5852,4.438,4.3798,0.0333,4.4639,before,0.5945,4.4434,13251979.4
4.4801,20001213,-0.12,000005.SZE,19210.03,0.711,4.4639,4.3798,0.0225,4.4014,before,-1.4184,4.4326,16016648.6
4.5643,20001214,0.16,000005.SZE,25783.03,0.9542,4.4014,4.4488,0.0264,4.4855,before,1.9185,4.4585,22041297.7
4.5384,20001215,-0.12,000005.SZE,16856.68,0.6239,4.4855,4.4111,0.0282,4.4219,before,-1.4118,4.5114,14218237.4
4.4585,20001218,-0.11,000005.SZE,25157.9,0.9311,4.4219,4.3064,0.0346,4.3636,before,-1.3126,4.4326,20753167.5
4.4219,20001219,0.03,000005.SZE,36196.29,1.3396,4.3636,4.3161,0.0242,4.3798,before,0.3628,4.369,29972998.5
4.5384,20001220,0.04,000005.SZE,47037.27,1.7409,4.3798,4.3798,0.0361,4.4014,before,0.4819,4.4747,39371437.9
4.4952,20001221,-0.02,000005.SZE,38028.2,1.4074,4.4014,4.2568,0.0544,4.3895,before,-0.2528,4.356,30161257.0
4.4229,20001222,-0.11,000005.SZE,17916.41,0.6631,4.3895,4.3172,0.0241,4.3291,before,-1.3942,4.4067,13982581.8
4.3398,20001225,-0.15,000005.SZE,22668.12,0.8390000000000001,4.3291,4.2007,0.0321,4.2449,before,-1.9280000000000002,4.3398,17314078.9
4.3398,20001226,0.15,000005.SZE,10119.18,0.3745,4.2449,4.2233,0.0275,4.3291,before,1.9659,4.2837,7809855.6
4.3291,20001227,-0.16,000005.SZE,17371.9,0.6429,4.3291,4.2168,0.0257,4.2395,before,-2.0566,4.3291,13269945.1
4.2676,20001228,-0.01,000005.SZE,14902.34,0.5515,4.2395,4.2007,0.0157,4.2341,before,-0.1312,4.2287,11335157.5
4.3118,20001229,0.12,000005.SZE,11480.26,0.4249,4.2341,4.2341,0.0184,4.301,before,1.5769,4.2341,8851971.0
4.3679,20010102,0.12,000005.SZE,19890.01,0.7361,4.301,4.2837,0.0194,4.3679,before,1.5524,4.3118,15474787.0
4.4952,20010103,0.14,000005.SZE,36617.59,1.3552,4.3679,4.3733,0.027999999999999997,4.4456,before,1.7834,4.3841,29237529.5
4.4672,20010104,-0.15,000005.SZE,22833.52,0.8451,4.4456,4.356,0.025,4.3614,before,-1.8773,4.4510000000000005,18122567.8
4.4348,20010105,-0.02,000005.SZE,20456.17,0.7571,4.3614,4.3398,0.0217,4.3506,before,-0.2551,4.3398,16051867.5
4.4067,20010108,0.08,000005.SZE,21016.3,0.7778,4.3506,4.2729,0.0307,4.3949,before,1.023,4.3679,16399217.6
4.5341,20010109,0.25,000005.SZE,51383.09,1.9017,4.3949,4.4175,0.0266,4.5341,before,3.1646,4.4229,41430945.4
4.7175,20010110,0.24,000005.SZE,75650.8,2.7999,4.5341,4.5125,0.0454,4.6679,before,2.9448,4.5513,62906687.5
4.751,20010111,0.02,000005.SZE,55879.19,2.0681,4.6679,4.6236,0.0274,4.6787,before,0.2384,4.6733,47029562.3
4.7067,20010112,-0.1,000005.SZE,30399.82,1.1251,4.6787,4.5956,0.0238,4.6236,before,-1.1891,4.6452,25410576.9
4.779,20010115,0.13,000005.SZE,77987.62,2.8864,4.6236,4.6398,0.0301,4.6959,before,1.5644,4.6398,65883699.2
4.8794,20010116,0.3,000005.SZE,114454.81,4.236000000000001,4.6959,4.5902,0.0616,4.8632,before,3.5545,4.6959,98761204.6
4.8902,20010117,-0.12,000005.SZE,55517.45,2.0547,4.8632,4.7844,0.0217,4.7963,before,-1.3730000000000002,4.8686,48255685.2
4.8513,20010118,-0.12,000005.SZE,49180.95,1.8202,4.7963,4.7013,0.0313,4.7294,before,-1.3921,4.7844,42146208.9
4.8405,20010119,0.14,000005.SZE,41952.46,1.5527,4.7294,4.7294,0.0235,4.8071,before,1.6471,4.7294,36109858.7
4.8686,20010205,-0.32,000005.SZE,27933.6,1.0338,4.8071,4.5902,0.0579,4.629,before,-3.7037,4.8179,23726005.2
4.6182,20010206,-0.13,000005.SZE,26198.1,0.9696,4.629,4.4672,0.0325,4.5567,before,-1.5625,4.6182,21355457.8
4.5341,20010207,-0.11,000005.SZE,27173.94,0.7902,4.5567,4.479,0.0122,4.4952,before,-1.3431,4.5071,21999261.6
4.5395,20010208,-0.19,000005.SZE,27418.23,0.7973,4.4952,4.3679,0.0384,4.3895,before,-2.3515,4.4898,21992182.3
4.4952,20010209,0.11,000005.SZE,19965.45,0.5806,4.3895,4.3841,0.0253,4.4510000000000005,before,1.3942,4.3841,15922664.9
4.4898,20010212,0.0,000005.SZE,15404.27,0.44799999999999995,4.4510000000000005,4.3733,0.0263,4.4510000000000005,before,0.0,4.4618,12237016.2
4.479,20010213,-0.05,000005.SZE,16226.18,0.4719,4.4510000000000005,4.3949,0.0188,4.4229,before,-0.625,4.4510000000000005,12963176.4
4.4672,20010214,0.03,000005.SZE,9971.91,0.29,4.4229,4.3949,0.0164,4.4402,before,0.3774,4.4283,7941675.2
4.4672,20010215,-0.09,000005.SZE,11571.93,0.3365,4.4402,4.3733,0.0213,4.3895,before,-1.1278,4.4510000000000005,9183493.7
4.4067,20010216,0.01,000005.SZE,17090.64,0.49700000000000005,4.3895,4.2676,0.0317,4.3949,before,0.1267,4.3679,13267296.8
4.4510000000000005,20010219,0.1,000005.SZE,14320.77,0.4164,4.3949,4.3398,0.0253,4.4510000000000005,before,1.2658,4.3841,11389224.7
4.5071,20010220,-0.1,000005.SZE,18413.03,0.5354,4.4510000000000005,4.3841,0.0275,4.3949,before,-1.25,4.4952,14693974.9
4.3841,20010221,-0.2,000005.SZE,21758.76,0.6327,4.3949,4.2568,0.0291,4.2837,before,-2.5316,4.3841,16835253.4
4.3172,20010222,0.0,000005.SZE,10916.79,0.3175,4.2837,4.2287,0.0208,4.2837,before,0.0,4.2837,8424888.8
4.3506,20010223,0.11,000005.SZE,12340.25,0.3589,4.2837,4.2568,0.0221,4.3452,before,1.4286,4.2783,9537321.7
4.3841,20010226,0.04,000005.SZE,10150.75,0.2952,4.3452,4.3345,0.0115,4.3679,before,0.5122,4.3506,7959023.2
4.3949,20010227,0.05,000005.SZE,9991.26,0.2905,4.3679,4.3398,0.0127,4.3949,before,0.6369,4.3787,7843880.4
4.3733,20010228,-0.07,000005.SZE,6766.92,0.1968,4.3949,4.3452,0.0063,4.356,before,-0.8861,4.3733,5300159.5
4.4283,20010301,0.04,000005.SZE,10012.97,0.2912,4.356,4.3398,0.0204,4.3787,before,0.5109,4.3733,7888354.0
4.4402,20010302,0.07,000005.SZE,11761.5,0.342,4.3787,4.3787,0.013999999999999999,4.4175,before,0.8895,4.3787,9339465.9
4.4402,20010305,-0.04,000005.SZE,10686.89,0.3108,4.4175,4.3895,0.0113,4.3949,before,-0.5038,4.4229,8461163.8
4.4175,20010306,-0.06,000005.SZE,11127.08,0.3236,4.3949,4.3226,0.0215,4.3614,before,-0.7595,4.3949,8698273.9
4.3949,20010307,0.03,000005.SZE,9871.92,0.2871,4.3614,4.3398,0.0128,4.3787,before,0.3827,4.3679,7746057.8
4.4898,20010308,0.18,000005.SZE,29606.75,0.861,4.3787,4.3226,0.0381,4.479,before,2.2872,4.3679,23551791.3
4.4952,20010309,-0.06,000005.SZE,16541.71,0.48100000000000004,4.479,4.4283,0.0149,4.4456,before,-0.7453,4.4898,13233597.8
4.4510000000000005,20010312,-0.11,000005.SZE,16895.26,0.4913,4.4456,4.3679,0.0188,4.3841,before,-1.3767,4.4510000000000005,13345535.0
4.3949,20010313,0.01,000005.SZE,20559.72,0.5979,4.3841,4.3398,0.0127,4.3895,before,0.1269,4.3949,16099540.9
4.4229,20010314,0.01,000005.SZE,12821.26,0.3728,4.3895,4.3226,0.0228,4.3949,before,0.1267,4.3895,10088435.7
4.4510000000000005,20010315,0.01,000005.SZE,16041.44,0.4665,4.3949,4.3841,0.0152,4.4014,before,0.1266,4.3949,12705442.0
4.4952,20010316,0.11,000005.SZE,28992.33,0.8431,4.4014,4.4014,0.0215,4.4618,before,1.3906,4.4014,23230505.0
4.5341,20010319,0.07,000005.SZE,27000.67,0.7852,4.4618,4.4618,0.0162,4.5006,before,0.8728,4.4618,21828804.0
4.5341,20010320,0.01,000005.SZE,23546.41,0.6847,4.5006,4.4844,0.0111,4.5071,before,0.1236,4.5179,19076673.9
4.5902,20010321,0.12,000005.SZE,45621.56,1.3267,4.5071,4.4672,0.0272,4.5729,before,1.4815,4.5071,37085796.4
4.724,20010322,0.1,000005.SZE,58189.99,1.6922,4.5729,4.5794,0.0316,4.629,before,1.2165,4.5848,48454175.9
4.6452,20010323,-0.25,000005.SZE,77735.77,2.2605,4.629,4.4672,0.0385,4.4898,before,-3.0048,4.6452,63242275.7
4.6452,20010326,0.23,000005.SZE,43573.02,1.2671,4.4898,4.5071,0.031,4.6182,before,2.8501,4.5071,35924437.2
4.7294,20010327,0.15,000005.SZE,90447.39,2.6302,4.6182,4.5956,0.0289,4.7013,before,1.8072,4.6452,76036595.9
4.7963,20010328,0.13,000005.SZE,128586.08,3.7393,4.7013,4.6625,0.0284,4.7736,before,1.5385,4.7067,109682512.2
4.9074,20010329,0.11,000005.SZE,318179.45,9.2526,4.7736,4.7844,0.0256,4.8351,before,1.2821,4.8351,277963515.8
4.8848,20010330,0.03,000005.SZE,88549.49,2.575,4.8351,4.7844,0.0207,4.8513,before,0.3452,4.8405,76852718.6
4.8405,20010402,-0.11,000005.SZE,54985.82,1.599,4.8513,4.7844,0.0115,4.7909,before,-1.2615,4.8405,47406684.6
4.7909,20010403,-0.11,000005.SZE,52576.0,1.5289,4.7909,4.7121,0.0163,4.7294,before,-1.2776,4.7844,44715548.0
4.7736,20010404,-0.14,000005.SZE,41028.37,1.1931,4.7294,4.6182,0.0329,4.6517,before,-1.6471,4.7294,34749854.1
4.7013,20010405,0.09,000005.SZE,27478.1,0.7991,4.6517,4.6064,0.0203,4.7013,before,1.0766,4.6182,23011392.4
4.7402,20010406,-0.05,000005.SZE,17860.7,0.5194,4.7013,4.6625,0.0166,4.6733,before,-0.5917,4.7013,15023792.1
4.6905,20010409,-0.02,000005.SZE,26238.44,0.763,4.6733,4.6182,0.0155,4.6625,before,-0.2381,4.6733,21930434.1
4.7294,20010410,0.02,000005.SZE,20286.74,0.5899,4.6625,4.6517,0.0167,4.6733,before,0.2387,4.6625,17068473.8
4.7013,20010411,-0.03,000005.SZE,19261.61,0.5601,4.6733,4.6398,0.0131,4.6571,before,-0.3571,4.6733,16140766.1
4.7175,20010412,0.02,000005.SZE,25387.0,0.7382,4.6571,4.6452,0.0155,4.6679,before,0.2389,4.6571,21369576.4
4.7175,20010413,0.03,000005.SZE,22305.87,0.6487,4.6679,4.6452,0.0155,4.6851,before,0.3576,4.6733,18752223.9
4.7736,20010416,0.08,000005.SZE,37677.12,1.0956,4.6851,4.6571,0.0249,4.7294,before,0.9501,4.6851,31980472.7
4.7844,20010417,0.03,000005.SZE,37607.06,1.0936,4.7294,4.7013,0.0176,4.7456,before,0.3529,4.7402,32057241.5
4.7844,20010418,-0.14,000005.SZE,24379.89,0.7090000000000001,4.7456,4.6571,0.027000000000000003,4.6679,before,-1.6413,4.7456,20574936.4
4.6182,20010419,-0.14,000005.SZE,32581.89,0.9475,4.6679,4.4618,0.0334,4.5902,before,-1.6687,4.6128,26630185.0
4.6182,20010420,-0.1,000005.SZE,48539.0,1.4115,4.5902,4.5071,0.0242,4.5341,before,-1.2121,4.5902,39597109.4
4.5179,20010423,-0.09,000005.SZE,34572.27,1.0054,4.5341,4.4510000000000005,0.0147,4.4844,before,-1.1043,4.5071,27842342.8
4.5341,20010424,0.03,000005.SZE,18657.0,0.5425,4.4844,4.4618,0.0161,4.5006,before,0.3722,4.4844,15090000.0
4.5341,20010425,-0.13,000005.SZE,32512.34,0.9455,4.5006,4.4283,0.0235,4.4283,before,-1.6069,4.5071,26132539.9
4.4456,20010426,-0.04,000005.SZE,17446.06,0.5073,4.4283,4.3895,0.0126,4.4067,before,-0.5025,4.4229,13860771.4
4.4672,20010427,0.06,000005.SZE,11886.71,0.3457,4.4067,4.4121,0.0126,4.4402,before,0.7576,4.4229,9489361.6
4.4618,20010430,-0.08,000005.SZE,14645.0,0.4259,4.4402,4.3841,0.0175,4.3949,before,-1.0025,4.4456,11594000.0
4.5071,20010508,0.19,000005.SZE,8479.53,0.2466,4.3949,4.3949,0.0253,4.5006,before,2.4051,4.3949,6782137.4
4.5006,20010509,-0.06,000005.SZE,10951.16,0.3185,4.5006,4.4510000000000005,0.0111,4.4672,before,-0.7417,4.5006,8790399.6
4.5071,20010510,0.02,000005.SZE,10050.0,0.2923,4.4672,4.4672,0.0087,4.479,before,0.2491,4.4672,8106000.0
4.5071,20010511,-0.04,000005.SZE,11823.89,0.3438,4.479,4.4229,0.0186,4.4564,before,-0.4969,4.479,9467763.0
4.5125,20010514,0.09,000005.SZE,20445.07,0.5945,4.4564,4.4229,0.02,4.5071,before,1.1236,4.4510000000000005,16404104.0
4.5341,20010515,-0.05,000005.SZE,14043.94,0.4084,4.5071,4.4618,0.016,4.479,before,-0.6173,4.5179,11334837.0
4.5902,20010516,0.16,000005.SZE,24118.17,0.7014,4.479,4.4672,0.0273,4.5675,before,1.9876,4.479,19688827.8
4.5675,20010517,-0.08,000005.SZE,14027.01,0.4079,4.5675,4.5179,0.011000000000000001,4.5233,before,-0.9744,4.5621,11445807.5
4.6452,20010518,0.17,000005.SZE,49222.01,1.4314,4.5233,4.4510000000000005,0.0431,4.6182,before,2.0909999999999997,4.5233,40333602.0
5.0078,20010521,0.47,000005.SZE,444925.54,12.9383,4.6182,4.8017,0.0446,4.8794,before,5.6627,4.8955,392622829.8
4.8955,20010522,-0.09,000005.SZE,100376.76,2.9189,4.8794,4.7909,0.0217,4.8297,before,-1.0262,4.8848,87136669.4
4.8351,20010523,-0.14,000005.SZE,66304.3,1.9281,4.8297,4.6733,0.0334,4.751,before,-1.6129,4.8125,56531667.3
4.8848,20010524,0.18,000005.SZE,59345.43,1.7258,4.751,4.751,0.0281,4.8513,before,2.1077,4.7574,51320368.1
4.9959,20010525,0.06,000005.SZE,117091.65,3.405,4.8513,4.8405,0.0321,4.8848,before,0.6881,4.8955,103427842.9
4.8848,20010528,-0.2,000005.SZE,38233.6,1.1118,4.8848,4.7574,0.0262,4.7736,before,-2.2779,4.8848,32856797.8
4.7963,20010529,-0.09,000005.SZE,25476.9,0.7409,4.7736,4.7013,0.0198,4.724,before,-1.0490000000000002,4.7574,21680728.7
4.7844,20010530,0.04,000005.SZE,26737.03,0.7775,4.724,4.6733,0.0236,4.7456,before,0.4711,4.724,22732389.6
4.7844,20010531,-0.06,000005.SZE,27820.2,0.809,4.7456,4.7013,0.0176,4.7121,before,-0.7034,4.7574,23581630.9
4.7844,20010601,0.02,000005.SZE,25734.71,0.7484,4.7121,4.6733,0.0236,4.724,before,0.2361,4.7013,21809300.8
4.7348,20010604,-0.07,000005.SZE,35637.09,1.0363,4.724,4.6625,0.0153,4.6851,before,-0.8245,4.7294,29991274.4
4.6851,20010605,-0.05,000005.SZE,28900.16,0.8404,4.6851,4.6398,0.0095,4.6571,before,-0.5938,4.6851,24211626.1
4.7294,20010606,0.08,000005.SZE,24135.56,0.7019,4.6571,4.6452,0.0179,4.7013,before,0.9558,4.6571,20340024.0
4.7844,20010607,0.04,000005.SZE,32094.62,0.9333,4.7013,4.6905,0.0201,4.724,before,0.4734,4.7013,27396238.7
4.7574,20010611,-0.09,000005.SZE,20110.03,0.5848,4.724,4.6571,0.0212,4.6733,before,-1.0601,4.7294,16917272.6
4.7175,20010612,0.0,000005.SZE,22611.28,0.6575,4.6733,4.6236,0.0202,4.6733,before,0.0,4.7013,18914850.6
4.7013,20010613,0.0,000005.SZE,27213.93,0.7914,4.6733,4.6344,0.0143,4.6733,before,0.0,4.6733,22814131.1
4.6905,20010614,-0.16,000005.SZE,26913.29,0.7826,4.6733,4.5621,0.0274,4.5848,before,-1.9048,4.6733,22419707.1
4.6182,20010615,0.01,000005.SZE,21086.12,0.6132,4.5848,4.5621,0.0121,4.5902,before,0.1214,4.5848,17356195.8
4.6182,20010618,-0.16,000005.SZE,28162.41,0.8190000000000001,4.5902,4.4898,0.0279,4.5006,before,-1.9394,4.5902,22856287.0
4.5287,20010619,0.03,000005.SZE,15922.67,0.46299999999999997,4.5006,4.479,0.0111,4.5179,before,0.3708,4.5006,12881333.2
4.5179,20010620,-0.04,000005.SZE,14174.24,0.4122,4.5179,4.4844,0.0074,4.4952,before,-0.4926,4.5179,11465108.2
4.5902,20010621,0.12,000005.SZE,10594.12,0.3081,4.4952,4.4952,0.021,4.5621,before,1.4851,4.4952,8651251.0
4.6064,20010622,0.03,000005.SZE,14837.45,0.4315,4.5621,4.5179,0.0195,4.5794,before,0.3659,4.5675,12132290.3
4.6625,20010625,0.14,000005.SZE,16534.74,0.4808,4.5794,4.5794,0.0182,4.6571,before,1.7011,4.5956,13727716.6
4.6851,20010626,0.01,000005.SZE,14454.69,0.4203,4.6571,4.6236,0.0131,4.6625,before,0.1195,4.6733,12103681.2
4.6733,20010627,-0.09,000005.SZE,12530.78,0.3644,4.6625,4.6064,0.0143,4.6128,before,-1.074,4.6625,10419500.2
4.6517,20010628,-0.1,000005.SZE,15754.5,0.4581,4.6128,4.5513,0.0217,4.5567,before,-1.2063,4.6182,12969235.3
4.5956,20010629,0.0,000005.SZE,10176.75,0.2959,4.5567,4.5513,0.0098,4.5567,before,0.0,4.5621,8347397.1
4.5794,20010702,-0.08,000005.SZE,11072.46,0.322,4.5567,4.5071,0.0159,4.5125,before,-0.9768,4.5341,9005715.8
4.5621,20010703,0.09,000005.SZE,9262.2,0.2693,4.5125,4.5071,0.0123,4.5621,before,1.1097,4.5125,7546471.3
4.5794,20010704,-0.1,000005.SZE,8803.86,0.256,4.5621,4.5071,0.0159,4.5071,before,-1.2195,4.5621,7168521.2
4.5341,20010705,0.02,000005.SZE,10012.25,0.2912,4.5071,4.5071,0.0062,4.5179,before,0.2469,4.5071,8127183.3
4.5287,20010706,-0.05,000005.SZE,9977.9,0.2902,4.5179,4.4844,0.0099,4.4898,before,-0.6158,4.5179,8073414.7
4.5006,20010709,-0.03,000005.SZE,11450.43,0.33299999999999996,4.4898,4.4672,0.0074,4.4736,before,-0.3717,4.4898,9220060.0
4.5621,20010710,0.1,000005.SZE,9585.48,0.2787,4.4736,4.5071,0.0124,4.5287,before,1.2438,4.5071,7785009.9
4.5395,20010711,-0.07,000005.SZE,10858.82,0.3158,4.5287,4.479,0.0135,4.4898,before,-0.86,4.5341,8782053.1
4.5179,20010712,0.03,000005.SZE,5169.42,0.1503,4.4898,4.4672,0.0112,4.5071,before,0.3717,4.4952,4180428.9
4.5395,20010713,-0.05,000005.SZE,12683.86,0.3688,4.5071,4.4672,0.016,4.479,before,-0.6173,4.5071,10248158.0
4.5762,20010716,0.04,000005.SZE,15821.21,0.4601,4.479,4.4844,0.0203,4.5028,before,0.5413,4.5762,11806170.3
4.5028,20010717,-0.13,000005.SZE,13807.24,0.3692,4.5028,4.3517,0.0336,4.4239999999999995,before,-1.7497,4.5028,10005469.3
4.4542,20010718,-0.01,000005.SZE,9213.73,0.2464,4.4239999999999995,4.4003,0.0123,4.4186,before,-0.13699999999999998,4.4239999999999995,6729491.7
4.4239999999999995,20010719,-0.07,000005.SZE,8807.46,0.2355,4.4186,4.3636,0.0137,4.3755,before,-0.9602,4.4057,6380117.2
4.5459,20010720,0.2,000005.SZE,20169.69,0.5394,4.3755,4.3636,0.0416,4.4974,before,2.7701,4.3938,14841682.3
4.5762,20010723,0.04,000005.SZE,16388.82,0.4383,4.4974,4.4974,0.0175,4.5211,before,0.5391,4.533,12257452.9
4.4844,20010724,-0.14,000005.SZE,10800.78,0.2888,4.5211,4.4239999999999995,0.0134,4.4359,before,-1.8767,4.4844,7931674.7
4.4359,20010725,-0.06,000005.SZE,7044.27,0.1884,4.4359,4.3884,0.0109,4.4003,before,-0.8197,4.4359,5123144.0
4.4003,20010726,-0.09,000005.SZE,11524.76,0.3082,4.4003,4.3334,0.0152,4.3452,before,-1.2397,4.4003,8288480.8
4.4121,20010727,-0.08,000005.SZE,9662.38,0.2584,4.3452,4.2729,0.0321,4.2967,before,-1.1158,4.3452,6885540.8
4.2729,20010730,-0.58,000005.SZE,21061.45,0.5632,4.2967,3.9395,0.0776,3.9449,before,-8.1805,4.2729,14223543.4
4.0604,20010731,-0.06,000005.SZE,21013.1,0.5619,3.9449,3.8305,0.0584,3.9093,before,-0.9217,3.9395,13699837.9
4.0906,20010801,0.29,000005.SZE,14962.76,0.4001,3.9093,3.9277,0.0419,4.0852,before,4.4961,3.9395,9917449.8
4.1208,20010802,-0.02,000005.SZE,11613.24,0.3106,4.0852,3.9449,0.043,4.0723,before,-0.2967,4.0906,7711870.4
4.0971,20010803,-0.02,000005.SZE,8704.27,0.2328,4.0723,4.0302,0.0164,4.0604,before,-0.2976,4.0787,5828350.0
4.0604,20010806,-0.24,000005.SZE,9314.74,0.2491,4.0604,3.8845,0.0433,3.9147,before,-3.5821,4.055,6049222.5
4.0118,20010807,0.14,000005.SZE,8737.32,0.2336,3.9147,3.8845,0.0325,4.0,before,2.1672,3.9093,5708051.2
4.0302,20010808,-0.08,000005.SZE,5463.63,0.1461,4.0,3.9331,0.0242,3.9514,before,-1.2121,4.0064,3572097.7
4.0183,20010809,0.09,000005.SZE,8226.5,0.22,3.9514,3.9395,0.0199,4.0064,before,1.3804,3.9816,5431513.1
4.0906,20010810,0.13,000005.SZE,11613.45,0.3106,4.0064,4.0064,0.0212,4.0852,before,1.9667,4.0302,7779942.1
4.0971,20010813,-0.03,000005.SZE,5877.22,0.1572,4.0852,4.0485,0.0119,4.0669,before,-0.4451,4.0852,3948403.2
4.0906,20010814,-0.08,000005.SZE,7122.82,0.1905,4.0669,4.0118,0.0194,4.0183,before,-1.1923,4.0669,4752159.7
4.0485,20010815,0.0,000005.SZE,5545.92,0.1483,4.0183,3.9395,0.0271,4.0183,before,0.0,4.0485,3652583.7
4.0604,20010816,-0.07,000005.SZE,4970.15,0.1329,4.0183,3.9697,0.0226,3.9762,before,-1.0558,4.0183,3267160.0
3.9762,20010817,-0.04,000005.SZE,5604.25,0.1499,3.9762,3.9277,0.0122,3.9514,before,-0.6098,3.9697,3650595.0
3.9697,20010820,0.02,000005.SZE,3936.91,0.1053,3.9514,3.9147,0.0138,3.9633,before,0.3067,3.9395,2564754.3
4.0302,20010821,0.05,000005.SZE,4058.84,0.1085,3.9633,3.9697,0.0153,3.9935,before,0.7645,3.9697,2677274.0
3.9881,20010822,-0.14,000005.SZE,7062.39,0.1889,3.9935,3.8791,0.0273,3.9093,before,-2.1244,3.8791,4559674.4
3.9331,20010823,-0.01,000005.SZE,6367.14,0.1703,3.9093,3.8489,0.0217,3.9028,before,-0.155,3.9093,4083739.6
3.9633,20010824,-0.04,000005.SZE,5788.69,0.1548,3.9028,3.8662,0.0248,3.8791,before,-0.6211,3.8791,3723545.6
3.8608,20010827,-0.31,000005.SZE,12122.47,0.3242,3.8791,3.6849,0.0453,3.6914,before,-4.8438,3.8608,7514012.5
3.7453,20010828,0.04,000005.SZE,6953.78,0.18600000000000003,3.6914,3.6363,0.0296,3.7151,before,0.6568,3.6363,4214299.1
3.7572,20010829,-0.04,000005.SZE,5248.88,0.1404,3.7151,3.6849,0.0196,3.6914,before,-0.6525,3.727,3224306.0
3.7032,20010830,-0.1,000005.SZE,10880.17,0.29100000000000004,3.6914,3.6061,0.0263,3.6298,before,-1.642,3.6849,6540335.1
3.6547,20010831,-0.11,000005.SZE,13749.94,0.3677,3.6298,3.5511,0.0284,3.5639999999999996,before,-1.8364,3.6298,8139890.6
3.5878,20010903,-0.03,000005.SZE,5094.17,0.1362,3.5639999999999996,3.5392,0.0136,3.5457,before,-0.5102,3.5639999999999996,2988674.2
3.6547,20010904,0.16,000005.SZE,7207.75,0.1927,3.5457,3.5209,0.0376,3.6428,before,2.735,3.5457,4273172.3
3.7399,20010905,0.08,000005.SZE,8309.44,0.2222,3.6428,3.6482,0.025,3.6914,before,1.3311,3.6665,5069626.9
3.7453,20010906,-0.01,000005.SZE,5846.91,0.1564,3.6914,3.6482,0.0263,3.6849,before,-0.1642,3.6914,3570705.4
3.6849,20010907,-0.22,000005.SZE,8146.21,0.2178,3.6849,3.5511,0.0362,3.5511,before,-3.6184,3.6784,4837126.3
3.6665,20010910,0.17,000005.SZE,8478.71,0.2267,3.5511,3.455,0.0597,3.6547,before,2.9010000000000002,3.5155,5024861.4
3.727,20010911,0.06,000005.SZE,7602.95,0.2033,3.6547,3.6126,0.0315,3.6914,before,0.995,3.6849,4625081.5
3.6363,20010912,-0.14,000005.SZE,13506.87,0.3612,3.6914,3.5273,0.0296,3.6061,before,-2.2989,3.5759,7992480.3
3.6482,20010913,0.0,000005.SZE,4660.65,0.1246,3.6061,3.6061,0.0118,3.6061,before,0.0,3.6061,2784255.3
3.6611,20010914,-0.02,000005.SZE,5375.72,0.1438,3.6061,3.5759,0.0235,3.5942,before,-0.3361,3.6061,3199590.5
3.5942,20010917,-0.18,000005.SZE,9839.64,0.2631,3.5942,3.4853,0.0304,3.4853,before,-3.0354,3.5942,5716497.8
3.5759,20010918,0.04,000005.SZE,3916.76,0.1047,3.4853,3.4669,0.0313,3.509,before,0.6957,3.4669,2267049.2
3.5759,20010919,0.07,000005.SZE,4200.73,0.1123,3.509,3.4302,0.0415,3.5511,before,1.209,3.509,2424669.4
3.5813,20010920,-0.07,000005.SZE,6183.4,0.1654,3.5511,3.5025,0.0222,3.509,before,-1.1945,3.5759,3612216.3
3.5457,20010921,0.0,000005.SZE,4498.82,0.1203,3.509,3.4723,0.0207,3.509,before,0.0,3.509,2602265.8
3.5457,20010924,-0.03,000005.SZE,3584.81,0.0959,3.509,3.4853,0.0173,3.4907,before,-0.5181,3.5273,2076085.3
3.5694,20010925,0.03,000005.SZE,4467.29,0.1195,3.4907,3.4907,0.0226,3.509,before,0.5208,3.4907,2594017.8
3.5025,20010926,-0.09,000005.SZE,4083.0,0.1092,3.509,3.4421,0.0173,3.455,before,-1.5544,3.4907,2343581.9
3.4788,20010927,-0.04,000005.SZE,4665.46,0.1248,3.455,3.4238,0.0158,3.4302,before,-0.7018,3.455,2649201.9
3.4853,20010928,0.02,000005.SZE,3970.3,0.1062,3.4302,3.4367,0.0141,3.4421,before,0.3534,3.4486,2262607.2
3.455,20011008,-0.26,000005.SZE,5775.97,0.1545,3.4421,3.2608,0.0563,3.2846,before,-4.5775,3.4421,3178212.6
3.3633,20011009,0.09,000005.SZE,3950.84,0.1057,3.2846,3.2425,0.0369,3.3396,before,1.6605,3.2727,2163865.4
3.3396,20011010,-0.24,000005.SZE,6126.55,0.1638,3.3396,3.1821,0.0472,3.1939,before,-4.3557,3.3331,3262984.1
3.2177,20011011,-0.18,000005.SZE,6605.03,0.1766,3.1939,3.0785,0.0436,3.0849,before,-3.4156,3.2004,3417368.6
3.2004,20011012,0.14,000005.SZE,12426.08,0.3323,3.0849,3.0126,0.0609,3.1702,before,2.7505,3.0547,6352315.5
3.2241,20011015,0.07,000005.SZE,6947.0,0.1858,3.1702,3.1087,0.0363,3.2123,before,1.3384,3.1821,3639521.4
3.2489999999999997,20011016,-0.13,000005.SZE,3750.05,0.1003,3.2123,3.127,0.0377,3.1335,before,-2.4528,3.2489999999999997,1956473.7
3.1756,20011017,-0.01,000005.SZE,2561.45,0.0685,3.1335,3.0968,0.0251,3.127,before,-0.1934,3.127,1324128.0
3.1637,20011018,-0.07,000005.SZE,4215.05,0.1127,3.127,3.0666,0.031,3.0849,before,-1.3566,3.127,2153572.6
3.0785,20011019,-0.12,000005.SZE,9601.38,0.2568,3.0849,2.9576,0.0393,3.0126,before,-2.3576,3.0785,4791482.6
3.0299,20011022,-0.14,000005.SZE,5881.27,0.1573,3.0126,2.8972,0.0443,2.9274,before,-2.8169,3.0299,2874580.8
3.2177,20011023,0.48,000005.SZE,19428.64,0.5196,2.9274,3.0429,0.06,3.2177,before,9.9379,3.0429,10226912.4
3.4238,20011024,0.27,000005.SZE,42812.16,1.1449,3.2177,3.2727,0.0471,3.3817,before,5.0847,3.3331,23663171.7
3.3698,20011025,-0.23,000005.SZE,15137.35,0.4048,3.3817,3.2306,0.0412,3.2425,before,-4.1219,3.3698,8202659.2
3.2792,20011026,0.01,000005.SZE,8482.01,0.2268,3.2425,3.1939,0.0262,3.2489999999999997,before,0.1869,3.236,4521270.0
3.3396,20011029,0.15,000005.SZE,10466.48,0.2799,3.2489999999999997,3.2543,0.0261,3.3396,before,2.7985,3.2543,5680024.1
3.3633,20011030,-0.1,000005.SZE,4783.97,0.1279,3.3396,3.2727,0.0272,3.2792,before,-1.8149,3.345,2610950.7
3.3277,20011031,0.08,000005.SZE,4921.84,0.1316,3.2792,3.2177,0.0333,3.3277,before,1.4787,3.2543,2640700.6
3.4238,20011101,0.1,000005.SZE,21701.23,0.5803,3.3277,3.2910000000000004,0.0401,3.3881,before,1.8215,3.3094,12088696.0
3.3935,20011102,-0.07,000005.SZE,6721.5,0.1797,3.3881,3.3331,0.0179,3.345,before,-1.2522,3.3881,3723401.8
3.3331,20011105,-0.06,000005.SZE,5968.38,0.1596,3.345,3.2608,0.0217,3.3094,before,-1.087,3.3029,3245212.5
3.3633,20011106,-0.01,000005.SZE,3842.22,0.1027,3.3094,3.3029,0.0183,3.3029,before,-0.1832,3.3029,2112835.2
3.3029,20011107,-0.39,000005.SZE,11985.65,0.3205,3.3029,3.0601,0.0734,3.0666,before,-7.156000000000001,3.3029,6274062.2
3.1389,20011108,0.1,000005.SZE,8670.82,0.2319,3.0666,2.9814,0.0514,3.127,before,1.9763,3.0180000000000002,4407779.0
3.2123,20011109,0.12,000005.SZE,6815.54,0.1823,3.127,3.0914,0.0388,3.2004,before,2.3256,3.1518,3545488.0
3.2727,20011112,0.0,000005.SZE,5550.49,0.1484,3.2004,3.1702,0.0322,3.2004,before,0.0,3.2177,2949720.1
3.2241,20011113,-0.05,000005.SZE,3626.8,0.09699999999999999,3.2004,3.1152,0.0341,3.1702,before,-0.9470000000000001,3.1518,1897847.6
3.236,20011114,0.04,000005.SZE,4085.67,0.1093,3.1702,3.1702,0.021,3.1939,before,0.7648,3.1702,2160203.6
3.2425,20011115,0.03,000005.SZE,4345.9,0.1162,3.1939,3.1756,0.0209,3.2123,before,0.5693,3.1821,2299641.2
3.5155,20011116,0.07,000005.SZE,24111.66,0.6448,3.2123,3.2123,0.0943,3.2543,before,1.3208,3.5155,13148528.0
3.2975,20011119,0.07,000005.SZE,6281.02,0.168,3.2543,3.2123,0.0261,3.2975,before,1.3035,3.2727,3387979.2
3.3579,20011120,0.09,000005.SZE,13769.76,0.3682,3.2975,3.2910000000000004,0.0202,3.3515,before,1.6544,3.3212,7577071.7
3.3633,20011121,0.0,000005.SZE,10235.02,0.2737,3.3515,3.3029,0.0181,3.3515,before,0.0,3.3579,5625110.0
3.3698,20011122,0.02,000005.SZE,10585.6,0.2831,3.3515,3.3148,0.0163,3.3633,before,0.3617,3.3633,5844882.4
3.4184,20011123,0.08,000005.SZE,16947.8,0.4532,3.3633,3.3331,0.0252,3.4119,before,1.4414,3.3698,9421525.9
3.4238,20011126,-0.04,000005.SZE,13523.59,0.3616,3.4119,3.345,0.0231,3.3881,before,-0.7105,3.4,7589659.8
3.4367,20011127,0.07,000005.SZE,9570.89,0.2559,3.3881,3.3633,0.0215,3.4302,before,1.2522,3.3633,5384157.8
3.4853,20011128,0.04,000005.SZE,21638.32,0.5786,3.4302,3.4238,0.0177,3.455,before,0.7067,3.4302,12337335.7
3.4907,20011129,-0.03,000005.SZE,12828.41,0.3431,3.455,3.4302,0.0175,3.4367,before,-0.5263,3.455,7311791.2
3.4486,20011130,0.02,000005.SZE,12753.33,0.341,3.4367,3.4,0.0141,3.4486,before,0.3527,3.4367,7208037.5
3.4788,20011203,0.02,000005.SZE,15521.33,0.4151,3.4486,3.4119,0.0193,3.4604,before,0.3515,3.4486,8836163.0
3.5813,20011204,0.18,000005.SZE,41650.97,1.1138,3.4604,3.4723,0.0315,3.5694,before,3.1524,3.4723,24357831.1
3.5576,20011205,-0.21,000005.SZE,20296.06,0.5427,3.5694,3.4367,0.034,3.4421,before,-3.5654,3.5457,11733174.0
3.4788,20011206,0.0,000005.SZE,9903.66,0.2648,3.4421,3.4119,0.0194,3.4421,before,0.0,3.4238,5633417.2
3.5457,20011207,0.1,000005.SZE,13942.02,0.3728,3.4421,3.455,0.0264,3.5025,before,1.7606,3.4788,8076246.1
3.5273,20011210,-0.08,000005.SZE,16062.74,0.4295,3.5025,3.4065,0.0346,3.455,before,-1.3841,3.4907,9114224.8
3.4853,20011211,-0.09,000005.SZE,12935.21,0.3459,3.455,3.3935,0.0263,3.4,before,-1.5789,3.4723,7288932.5
3.4302,20011212,-0.01,000005.SZE,6003.14,0.1605,3.4,3.3817,0.0143,3.3935,before,-0.1783,3.4,3370828.5
3.4119,20011213,-0.11,000005.SZE,8069.15,0.2158,3.3935,3.3277,0.025,3.3277,before,-1.9643,3.3698,4469378.4
3.3396,20011214,-0.07,000005.SZE,7068.85,0.18899999999999997,3.3277,3.2662,0.0219,3.2846,before,-1.275,3.2975,3844784.0
3.2846,20011217,-0.09,000005.SZE,4773.53,0.1277,3.2846,3.2123,0.0221,3.2306,before,-1.6605,3.2846,2551331.9
3.2846,20011218,0.09,000005.SZE,5127.63,0.1371,3.2306,3.2123,0.0225,3.2846,before,1.6886,3.2306,2750882.4
3.3094,20011219,-0.06,000005.SZE,4235.35,0.1133,3.2846,3.2425,0.0203,3.2489999999999997,before,-1.107,3.3029,2286450.1
3.2241,20011220,-0.16,000005.SZE,9238.98,0.2471,3.2489999999999997,3.1335,0.027999999999999997,3.1518,before,-2.9851,3.2241,4827198.8
3.1939,20011221,0.04,000005.SZE,4865.38,0.1301,3.1518,3.1389,0.0173,3.1756,before,0.7692,3.1389,2539091.2
3.1756,20011224,-0.08,000005.SZE,5835.34,0.156,3.1756,3.0914,0.0267,3.127,before,-1.5267,3.1702,3010407.7
3.1518,20011225,0.0,000005.SZE,3101.35,0.0829,3.127,3.0785,0.0233,3.127,before,0.0,3.127,1595733.6
3.1702,20011226,0.07,000005.SZE,3597.45,0.0962,3.127,3.0914,0.0252,3.1702,before,1.3566,3.1335,1868363.4
3.1821,20011227,-0.07,000005.SZE,4613.01,0.1234,3.1702,3.1216,0.0191,3.127,before,-1.3384,3.1702,2393809.9
3.1637,20011228,0.03,000005.SZE,4111.16,0.1099,3.127,3.0914,0.0233,3.1454,before,0.5814,3.1216,2125014.9
3.1702,20011231,-0.02,000005.SZE,3934.76,0.1052,3.1454,3.1216,0.0154,3.1335,before,-0.3854,3.1572,2038931.3
3.1518,20020104,-0.07,000005.SZE,4128.61,0.1104,3.1335,3.0785,0.0232,3.0914,before,-1.354,3.1335,2111320.6
3.0785,20020107,-0.09,000005.SZE,7176.93,0.1919,3.0914,3.0299,0.0157,3.0364,before,-1.7647,3.0785,3596999.5
3.0731,20020108,0.0,000005.SZE,2776.2,0.0742,3.0364,3.0299,0.013999999999999999,3.0364,before,0.0,3.0299,1396002.6
3.0364,20020109,-0.08,000005.SZE,5131.28,0.1372,3.0364,2.9814,0.018000000000000002,2.9878,before,-1.5968,3.0364,2539140.9
3.0785,20020110,0.1,000005.SZE,6856.33,0.1833,2.9878,2.9328,0.0487,3.0483,before,2.0284,2.9878,3366134.3
3.0483,20020111,-0.16,000005.SZE,4743.93,0.1269,3.0483,2.9511,0.0318,2.9511,before,-3.1809,3.0483,2332800.3
2.9328,20020114,-0.47,000005.SZE,18084.55,0.4836,2.9511,2.6544,0.0945,2.6663,before,-9.6509,2.9328,8220673.6
2.6965,20020115,-0.07,000005.SZE,8588.66,0.2297,2.6663,2.5756,0.0455,2.6242,before,-1.5909,2.6177,3755502.1
2.7148,20020116,0.08,000005.SZE,6470.45,0.17300000000000001,2.6242,2.5756,0.0531,2.6728,before,1.8476,2.5756,2827041.3
2.6663,20020117,-0.33,000005.SZE,10181.77,0.2723,2.6728,2.4246,0.0907,2.4731,before,-7.483,2.6663,4324556.5
2.485,20020118,-0.17,000005.SZE,16054.92,0.4293,2.4731,2.3329,0.0613,2.3695,before,-4.1667,2.4548,6380558.0
2.3814,20020121,-0.39,000005.SZE,14058.52,0.3759,2.3695,2.1332,0.1049,2.1332,before,-9.9744,2.3641,5140098.7
2.1397,20020122,-0.3,000005.SZE,20566.59,0.55,2.1332,1.9271,0.0994,1.952,before,-8.5227,2.048,6975521.6
2.1451,20020123,0.32,000005.SZE,25404.12,0.6793,1.952,1.8905,0.1304,2.1451,before,9.9379,1.952,8574819.1
2.3512,20020124,0.25,000005.SZE,55257.86,1.4777,2.1451,2.0307,0.1497,2.2972,before,7.0621,2.1818,20812007.1
2.4116,20020125,0.15,000005.SZE,35541.93,0.9504,2.2972,2.2724,0.0607,2.3879,before,3.9578,2.2908,13758623.2
2.4116,20020128,-0.38,000005.SZE,30544.73,0.8168,2.3879,2.1516,0.1091,2.1581,before,-9.6447,2.3641,11436532.7
2.3641,20020129,0.32,000005.SZE,26700.46,0.7140000000000001,2.1581,2.0663,0.1376,2.3512,before,8.9888,2.1214,10005652.1
2.4116,20020130,0.01,000005.SZE,40822.49,1.0917,2.3512,2.2304,0.0773,2.3577,before,0.2577,2.3026,15687606.6
2.5454,20020131,0.26,000005.SZE,71521.95,1.9126,2.3577,2.3577,0.0797,2.5152,before,6.6838,2.3577,29148395.3
2.594,20020201,0.01,000005.SZE,52485.22,1.4035,2.5152,2.4364,0.0627,2.5217,before,0.24100000000000002,2.4969,21775957.9
2.6005,20020204,0.11,000005.SZE,33072.58,0.8844,2.5217,2.4602,0.0553,2.5875,before,2.6442,2.5217,13911138.3
2.6965,20020205,0.11,000005.SZE,47594.01,1.2727,2.5875,2.5519,0.0562,2.6544,before,2.5761,2.5875,20778835.8
2.6609,20020206,-0.29,000005.SZE,36974.63,0.9888,2.6544,2.4731,0.0708,2.4785,before,-6.621,2.6544,15639605.2
2.5692,20020207,0.06,000005.SZE,24623.43,0.6585,2.4785,2.4602,0.044000000000000004,2.5152,before,1.4669999999999999,2.4731,10293470.8
2.5692,20020208,0.03,000005.SZE,21346.49,0.5708,2.5152,2.5152,0.0217,2.5336,before,0.7229,2.5217,8962009.2
2.7882,20020225,0.42,000005.SZE,58659.88,1.5687,2.5336,2.594,0.0766,2.7882,before,10.0478,2.6059,26238583.9
2.9393,20020226,0.07,000005.SZE,95234.16,2.5467,2.7882,2.758,0.0652,2.8303,before,1.5217,2.7882,44956579.0
2.9091,20020227,-0.02,000005.SZE,37665.81,1.0072,2.8303,2.7936,0.0407,2.8184,before,-0.4283,2.8303,17731235.0
2.8539999999999996,20020228,-0.03,000005.SZE,23493.02,0.6282,2.8184,2.7817,0.0258,2.8001,before,-0.6452,2.8184,10887519.2
2.9026,20020301,0.02,000005.SZE,43418.84,1.1611,2.8001,2.6728,0.0823,2.8119,before,0.4329,2.7882,19991477.3
2.8605,20020304,0.07,000005.SZE,25469.91,0.6811,2.8119,2.745,0.0409,2.8539999999999996,before,1.5086,2.7634,11886022.9
3.0601,20020305,0.28,000005.SZE,79158.14,2.1168,2.8539999999999996,2.8422,0.0764,3.0245,before,5.9448,2.8788,38937407.1
3.3277,20020306,0.4,000005.SZE,188379.49,5.0376,3.0245,3.0245,0.1002,3.2662,before,8.016,3.0245,100533717.4
3.5759,20020307,0.51,000005.SZE,207913.35,5.5599,3.2662,3.2123,0.1113,3.5759,before,9.462,3.2425,116970204.2
3.7572,20020308,0.02,000005.SZE,225423.51,6.0282,3.5759,3.4119,0.0966,3.5878,before,0.33899999999999997,3.5759,133097835.7
3.6245,20020311,-0.04,000005.SZE,138098.17,3.693,3.5878,3.4,0.0625,3.5639999999999996,before,-0.6757,3.5759,80355044.5
3.6363,20020312,-0.18,000005.SZE,137404.21,3.6744,3.5639999999999996,3.4367,0.0561,3.455,before,-3.0612,3.5338,80381806.8
3.4486,20020313,-0.35,000005.SZE,108692.13,2.9066,3.455,3.2425,0.0596,3.2425,before,-6.1404,3.3935,59767937.8
3.455,20020314,0.33,000005.SZE,91333.67,2.4424,3.2425,3.2058,0.0766,3.4421,before,6.1682,3.2123,50903106.0
3.4907,20020315,-0.32,000005.SZE,59202.23,1.5832,3.4421,3.2241,0.0775,3.2489999999999997,before,-5.6338,3.455,32932318.9
3.3763,20020318,0.2,000005.SZE,55221.36,1.4767,3.2489999999999997,3.2489999999999997,0.0392,3.3698,before,3.7313,3.2489999999999997,30172380.1
3.4238,20020319,-0.03,000005.SZE,61650.84,1.6486,3.3698,3.2543,0.0504,3.3515,before,-0.5396,3.3331,34075229.2
3.3935,20020320,0.02,000005.SZE,58952.76,1.5765,3.3515,3.2608,0.0398,3.3633,before,0.3617,3.345,32250785.1
3.5209,20020321,0.16,000005.SZE,94691.71,2.5322,3.3633,3.3515,0.0505,3.4604,before,2.8829,3.3698,54092068.6
3.4788,20020322,-0.15,000005.SZE,45755.69,1.2236,3.4604,3.3331,0.042,3.3698,before,-2.627,3.4604,25532561.3
3.4119,20020325,0.02,000005.SZE,26017.77,0.6958,3.3698,3.3094,0.0306,3.3817,before,0.3597,3.3396,14509821.6
3.3935,20020326,-0.11,000005.SZE,30036.61,0.8032,3.3817,3.2727,0.0358,3.3148,before,-1.9713,3.3817,16396661.1
3.3763,20020327,0.03,000005.SZE,26769.41,0.7159,3.3148,3.2489999999999997,0.0384,3.3331,before,0.5484,3.3094,14606389.8
3.3881,20020328,0.0,000005.SZE,21619.38,0.5781,3.3331,3.2910000000000004,0.0291,3.3331,before,0.0,3.3331,11941542.8
3.3331,20020329,-0.26,000005.SZE,34516.89,0.9229999999999999,3.3331,3.1518,0.0545,3.1756,before,-4.7273,3.3331,18430718.8
3.2306,20020401,0.07,000005.SZE,29633.75,0.7925,3.1756,3.1087,0.0382,3.2177,before,1.3359,3.1518,15494049.2
3.2489999999999997,20020402,-0.13,000005.SZE,22798.97,0.6097,3.2177,3.1216,0.0395,3.1389,before,-2.4482,3.2004,11922744.2
3.2123,20020403,0.0,000005.SZE,18717.67,0.5005,3.1389,3.1087,0.0328,3.1389,before,0.0,3.1389,9721030.3
3.2123,20020404,0.1,000005.SZE,24231.27,0.648,3.1389,3.0785,0.0425,3.2004,before,1.9305,3.1389,12590245.9
3.3935,20020405,0.2,000005.SZE,68939.8,1.8436,3.2004,3.2123,0.0568,3.3212,before,3.7879,3.2123,38016019.7
3.3633,20020408,0.05,000005.SZE,25593.67,0.6844,3.3212,3.2792,0.0255,3.3515,before,0.9124,3.3212,14061251.9
3.5942,20020409,0.18,000005.SZE,76460.86,2.0447,3.3515,3.3094,0.085,3.4604,before,3.255,3.3633,43547506.7
3.509,20020410,-0.08,000005.SZE,43579.53,1.1654,3.4604,3.4065,0.0298,3.4119,before,-1.4011,3.4421,24770612.7
3.455,20020411,-0.12,000005.SZE,33239.92,0.8889,3.4119,3.3331,0.0355,3.3396,before,-2.1314,3.4,18682924.4
3.4,20020412,0.03,000005.SZE,17390.04,0.465,3.3396,3.3212,0.0236,3.3579,before,0.5445,3.3396,9674176.8
3.4184,20020415,0.01,000005.SZE,18478.07,0.4941,3.3579,3.3029,0.0343,3.3633,before,0.1805,3.3698,10234555.8
3.3817,20020416,-0.07,000005.SZE,14862.97,0.3975,3.3633,3.3029,0.0234,3.3212,before,-1.2613,3.3331,8165441.7
3.345,20020417,-0.07,000005.SZE,18244.74,0.4879,3.3212,3.2608,0.0255,3.2792,before,-1.2774,3.3277,9882454.7
3.3029,20020418,-0.13,000005.SZE,20479.79,0.5477,3.2792,3.1874,0.0351,3.2004,before,-2.403,3.3029,10941626.4
3.2543,20020419,0.08,000005.SZE,33161.09,0.8868,3.2004,3.0601,0.0606,3.2489999999999997,before,1.5152,3.1874,17191028.7
3.2608,20020422,-0.07,000005.SZE,12287.68,0.3286,3.2489999999999997,3.1821,0.0243,3.2058,before,-1.306,3.2489999999999997,6514159.2
3.236,20020423,-0.03,000005.SZE,10507.56,0.281,3.2058,3.1821,0.017,3.1874,before,-0.5671,3.2123,5552300.5
3.2004,20020424,-0.07,000005.SZE,10752.54,0.2875,3.1874,3.1389,0.019,3.1454,before,-1.3308,3.1821,5608880.7
3.1821,20020425,0.04,000005.SZE,9300.45,0.2487,3.1454,3.127,0.0173,3.1702,before,0.7707,3.1518,4840392.3
3.2846,20020426,0.14,000005.SZE,15842.45,0.4237,3.1702,3.1821,0.0325,3.2543,before,2.6769,3.1821,8483576.9
3.3331,20020429,0.12,000005.SZE,22270.53,0.5955,3.2543,3.2489999999999997,0.0261,3.3277,before,2.2346,3.2489999999999997,12092196.3
3.3817,20020430,-0.04,000005.SZE,20514.45,0.5486,3.3277,3.3029,0.0237,3.3029,before,-0.7286,3.3331,11262542.6
3.345,20020508,-0.08,000005.SZE,9048.59,0.242,3.3029,3.2489999999999997,0.0294,3.2543,before,-1.4679,3.3029,4908313.6
3.3935,20020509,0.16,000005.SZE,31889.57,0.8528,3.2543,3.2489999999999997,0.0447,3.3515,before,2.9795,3.2543,17588311.6
3.3633,20020510,-0.13,000005.SZE,16045.22,0.4291,3.3515,3.2662,0.0289,3.2727,before,-2.3508,3.3396,8756031.0
3.2727,20020513,-0.04,000005.SZE,10124.43,0.2707,3.2727,3.2123,0.0185,3.2489999999999997,before,-0.7407,3.2425,5415921.7
3.2846,20020514,-0.01,000005.SZE,8866.22,0.2371,3.2489999999999997,3.2241,0.0187,3.2425,before,-0.1866,3.2241,4765605.6
3.2727,20020515,-0.07,000005.SZE,14880.13,0.3979,3.2425,3.1518,0.0374,3.2004,before,-1.3084,3.2727,7903412.6
3.1939,20020516,-0.2,000005.SZE,27890.6,0.7458,3.2004,3.0731,0.0379,3.0785,before,-3.7879,3.1821,14301117.5
3.1454,20020517,0.1,000005.SZE,19197.48,0.5134,3.0785,3.0299,0.0374,3.1389,before,1.9685,3.0785,9806038.6
3.1216,20020520,-0.08,000005.SZE,12044.99,0.3221,3.1389,3.0429,0.0251,3.0914,before,-1.5444,3.1216,6102561.6
3.2425,20020521,0.21,000005.SZE,24552.4,0.6566,3.0914,3.1518,0.0294,3.2177,before,4.1176,3.1518,12997607.4
3.2306,20020522,-0.14,000005.SZE,12050.95,0.3223,3.2177,3.1335,0.0301,3.1335,before,-2.6365,3.2177,6275698.2
3.2123,20020523,0.02,000005.SZE,8862.4,0.237,3.1335,3.1216,0.028999999999999998,3.1454,before,0.3868,3.1216,4623750.3
3.1637,20020524,-0.06,000005.SZE,12060.3,0.3225,3.1454,3.0849,0.025,3.1087,before,-1.1561,3.1637,6179266.2
3.1518,20020527,0.02,000005.SZE,6203.35,0.1659,3.1087,3.0785,0.0234,3.1216,before,0.3899,3.127,3179074.1
3.1637,20020528,0.0,000005.SZE,6765.86,0.1809,3.1216,3.1216,0.0136,3.1216,before,0.0,3.1216,3503929.1
3.1335,20020529,-0.07,000005.SZE,11443.73,0.306,3.1216,3.0666,0.0214,3.0785,before,-1.3592,3.127,5811057.9
3.1087,20020530,-0.03,000005.SZE,11234.82,0.3004,3.0785,3.0299,0.0256,3.0601,before,-0.5906,3.0785,5665861.4
3.0731,20020531,-0.03,000005.SZE,9567.68,0.2559,3.0601,3.0299,0.0139,3.0429,before,-0.5941,3.0547,4803822.3
3.0299,20020603,-0.24,000005.SZE,17505.57,0.4681,3.0429,2.8853,0.0478,2.8972,before,-4.7809,3.0299,8447373.8
2.9511,20020604,0.03,000005.SZE,11361.99,0.3038,2.8972,2.8486,0.0356,2.9155,before,0.6276,2.9091,5448354.3
2.9091,20020605,-0.25,000005.SZE,16133.98,0.4314,2.9155,2.758,0.052000000000000005,2.7634,before,-5.1975,2.9091,7427434.8
3.0429,20020606,0.43,000005.SZE,35295.49,0.9439,2.7634,2.6846,0.1294,3.0245,before,9.4298,2.758,16940108.0
3.1518,20020607,0.15,000005.SZE,49461.92,1.3227,3.0245,2.9209,0.0762,3.1152,before,3.0060000000000002,3.0299,25233574.2
3.1389,20020610,-0.06,000005.SZE,23089.28,0.6174,3.1152,3.0299,0.035,3.0785,before,-1.1673,3.0914,11704177.3
3.1152,20020611,0.0,000005.SZE,12586.66,0.3366,3.0785,3.0299,0.0276,3.0785,before,0.0,3.0547,6384810.9
3.0914,20020612,-0.04,000005.SZE,10300.92,0.2755,3.0785,3.0299,0.0197,3.0547,before,-0.7874,3.0914,5175614.4
3.1152,20020613,-0.02,000005.SZE,9802.78,0.2621,3.0547,3.0364,0.0258,3.0429,before,-0.3968,3.0483,4968219.6
3.0364,20020614,-0.13,000005.SZE,14704.44,0.3932,3.0429,2.9641,0.0239,2.9641,before,-2.5896,3.0364,7235988.6
2.9997,20020617,0.05,000005.SZE,9321.27,0.2493,2.9641,2.8907,0.0368,2.9943,before,1.0225,2.9393,4539605.9
3.1033,20020618,0.16,000005.SZE,22634.14,0.6053,2.9943,2.9997,0.0344,3.0914,before,3.2389,3.0062,11454501.0
3.0914,20020619,-0.11,000005.SZE,12424.54,0.3323,3.0914,3.0126,0.0255,3.0245,before,-2.1569,3.0914,6230122.7
3.2727,20020620,0.3,000005.SZE,82031.33,2.1936,3.0245,3.0245,0.0822,3.2058,before,6.0120000000000005,3.0245,43049526.7
3.5273,20020621,0.53,000005.SZE,276430.14,7.3922,3.2058,3.1874,0.1059,3.5273,before,10.0189,3.2058,158767480.9
3.8791,20020624,0.58,000005.SZE,90658.75,2.4244,3.5273,3.8791,0.0,3.8791,before,9.9656,3.8791,58021600.0
4.2665,20020625,0.64,000005.SZE,522300.36,13.9671,3.8791,4.0604,0.0531,4.2665,before,10.0,4.2665,366453781.5
4.315,20020626,-0.01,000005.SZE,368299.98,9.8489,4.2665,4.0604,0.0597,4.2611,before,-0.142,4.1694,253842675.5
4.3086,20020628,-0.21,000005.SZE,200779.13,5.3691,4.2611,4.0302,0.0654,4.1338,before,-2.9872,4.3086,137436834.8
4.1273,20020701,-0.26,000005.SZE,105012.92,2.8082,4.1338,3.9762,0.0367,3.9762,before,-3.8123,4.1154,69768891.0
4.1694,20020702,0.15,000005.SZE,145331.55,3.8864,3.9762,3.9277,0.061,4.0669,before,2.2866,3.9514,97730395.1
4.1035,20020703,-0.03,000005.SZE,46509.41,1.2437,4.0669,4.0064,0.0238,4.0485,before,-0.4471,4.0604,31060309.9
4.151,20020704,0.02,000005.SZE,64174.17,1.7161,4.0485,4.0248,0.0314,4.0604,before,0.2994,4.0485,43122757.6
4.0604,20020705,-0.08,000005.SZE,35236.56,0.9423,4.0604,3.9277,0.0328,4.0118,before,-1.194,4.0604,23188308.5
4.1208,20020708,0.17,000005.SZE,46954.97,1.2556,4.0118,3.9449,0.0438,4.1154,before,2.568,4.0302,31206691.3
4.164,20020709,-0.09,000005.SZE,66465.98,1.7774,4.1154,4.055,0.0265,4.0604,before,-1.3255,4.0906,45130945.7
4.055,20020710,-0.17,000005.SZE,62627.3,1.6748,4.0604,3.9395,0.0284,3.9579,before,-2.5373,4.0366,41180218.3
3.9935,20020711,-0.09,000005.SZE,42072.88,1.1251,3.9579,3.8791,0.0291,3.9028,before,-1.3783,3.9395,27270710.1
3.9881,20020712,0.04,000005.SZE,31651.36,0.8464,3.9028,3.8791,0.027999999999999997,3.9277,before,0.6211,3.8791,20546981.3
3.9395,20020715,-0.22,000005.SZE,41587.57,1.1121,3.9277,3.7874,0.0386,3.7939,before,-3.3951,3.9093,26314015.3
3.9093,20020716,0.02,000005.SZE,32209.78,0.8613,3.7939,3.7874,0.0319,3.8057,before,0.3195,3.8003,20380284.8
3.9147,20020717,0.17,000005.SZE,36535.11,0.977,3.8057,3.8122,0.0271,3.9093,before,2.707,3.8305,23265584.9
4.0,20020718,0.02,000005.SZE,36952.05,0.9882,3.9093,3.8726,0.0326,3.9212,before,0.3101,3.9277,24021175.5
3.9579,20020719,-0.02,000005.SZE,18408.62,0.4923,3.9212,3.8791,0.0201,3.9093,before,-0.3091,3.9093,11862053.5
3.8845,20020722,-0.16,000005.SZE,30360.11,0.8119,3.9093,3.8057,0.0202,3.8122,before,-2.4806,3.8791,19184380.2
3.8424,20020723,-0.09,000005.SZE,28418.27,0.7599,3.8122,3.7334,0.0286,3.7572,before,-1.4308,3.8122,17714058.1
3.8359,20020724,0.03,000005.SZE,21065.28,0.5633,3.7572,3.7518,0.0226,3.7755,before,0.4839,3.7518,13135544.1
3.8305,20020725,-0.16,000005.SZE,36804.79,0.9842,3.7755,3.6428,0.0498,3.6784,before,-2.5682,3.7874,22442426.2
3.7086,20020726,-0.07,000005.SZE,26395.82,0.7059,3.6784,3.6363,0.0198,3.6363,before,-1.1532,3.6849,15922693.7
3.7216,20020729,0.13,000005.SZE,21767.91,0.5821,3.6363,3.6126,0.03,3.7151,before,2.1667,3.6363,13146671.2
3.7334,20020730,-0.03,000005.SZE,14662.53,0.3921,3.7151,3.6665,0.0179,3.6967,before,-0.4894,3.727,8941865.2
3.7334,20020731,-0.06,000005.SZE,15055.2,0.4026,3.6967,3.6363,0.0262,3.6611,before,-0.9836,3.7086,9170196.0
3.727,20020801,0.05,000005.SZE,22986.93,0.6147,3.6611,3.5942,0.0364,3.6914,before,0.8278,3.6482,13894590.7
3.6967,20020802,-0.04,000005.SZE,10353.84,0.2769,3.6914,3.6428,0.0148,3.6665,before,-0.6568,3.673,6262648.2
3.6665,20020805,-0.04,000005.SZE,10140.48,0.2712,3.6665,3.6298,0.0099,3.6428,before,-0.6612,3.6665,6095166.8
3.9633,20020806,0.33,000005.SZE,102216.19,2.7334,3.6428,3.6126,0.0965,3.8424,before,5.4908,3.6363,65018930.5
3.8057,20020807,-0.14,000005.SZE,27711.0,0.741,3.8424,3.7399,0.0174,3.7572,before,-2.2082,3.7755,17238079.3
3.8241,20020808,-0.02,000005.SZE,21908.53,0.5859,3.7572,3.7399,0.0226,3.7453,before,-0.3226,3.7572,13648184.4
3.7755,20020809,-0.06,000005.SZE,16866.77,0.451,3.7453,3.7032,0.0194,3.7086,before,-0.9709,3.7518,10360910.3
3.7399,20020812,-0.01,000005.SZE,14388.96,0.3848,3.7086,3.673,0.018000000000000002,3.7032,before,-0.1634,3.7032,8805225.1
3.7518,20020813,0.02,000005.SZE,9849.61,0.2634,3.7032,3.6849,0.018000000000000002,3.7151,before,0.3273,3.6914,6057086.1
3.7874,20020814,0.11,000005.SZE,14170.98,0.379,3.7151,3.6967,0.0245,3.782,before,1.7945,3.6967,8761824.9
3.8122,20020815,-0.1,000005.SZE,12230.91,0.3271,3.782,3.7032,0.0288,3.7216,before,-1.6026,3.7874,7565590.6
3.782,20020816,0.02,000005.SZE,16753.14,0.44799999999999995,3.7216,3.6665,0.0309,3.7334,before,0.3257,3.7216,10279162.8
3.7572,20020819,-0.02,000005.SZE,8401.68,0.2247,3.7334,3.7086,0.013000000000000001,3.7216,before,-0.3247,3.7572,5177636.1
3.8122,20020820,0.11,000005.SZE,23058.05,0.6166,3.7216,3.6967,0.0309,3.7874,before,1.7915,3.6967,14357243.6
3.9028,20020821,0.02,000005.SZE,39418.37,1.0541,3.7874,3.782,0.032,3.8003,before,0.32,3.7874,24985301.4
3.8187,20020822,-0.02,000005.SZE,29364.96,0.7853,3.8003,3.7334,0.0223,3.7874,before,-0.319,3.8003,18293122.7
3.8187,20020823,0.0,000005.SZE,13589.94,0.3634,3.7874,3.7572,0.016,3.7874,before,0.0,3.7572,8500032.3
3.7939,20020826,-0.11,000005.SZE,17615.81,0.4711,3.7874,3.7151,0.0208,3.7216,before,-1.76,3.7874,10866778.7
3.7453,20020827,0.0,000005.SZE,18873.9,0.5047,3.7216,3.6967,0.013000000000000001,3.7216,before,0.0,3.7216,11562254.1
3.7453,20020828,-0.03,000005.SZE,14096.89,0.377,3.7216,3.673,0.0195,3.7032,before,-0.4886,3.7216,8617307.7
3.7334,20020829,0.0,000005.SZE,10761.94,0.2878,3.7032,3.6967,0.0098,3.7032,before,0.0,3.7032,6584186.0
3.7755,20020830,0.03,000005.SZE,9254.65,0.2475,3.7032,3.6967,0.0213,3.7216,before,0.491,3.7032,5699433.5
3.7334,20020902,0.02,000005.SZE,6453.07,0.1726,3.7216,3.6967,0.0098,3.7334,before,0.3257,3.727,3960178.5
3.8305,20020903,0.05,000005.SZE,17279.66,0.4621,3.7334,3.7453,0.0227,3.7636,before,0.8117,3.7518,10772775.6
3.8057,20020904,-0.03,000005.SZE,10614.11,0.2838,3.7636,3.7453,0.0161,3.7453,before,-0.4831,3.7755,6599009.8
3.7453,20020905,-0.1,000005.SZE,20682.16,0.5531,3.7453,3.673,0.0194,3.6849,before,-1.6181,3.7453,12610698.5
3.727,20020906,-0.06,000005.SZE,24309.86,0.6501,3.6849,3.6363,0.0247,3.6482,before,-0.9868,3.6849,14674460.3
3.673,20020909,-0.04,000005.SZE,15526.63,0.4152,3.6482,3.6061,0.0183,3.6245,before,-0.6645,3.6363,9285003.1
3.6784,20020910,0.04,000005.SZE,25184.96,0.6735,3.6245,3.6180000000000003,0.0167,3.6482,before,0.6689,3.6428,15141391.5
3.6611,20020911,-0.03,000005.SZE,13983.49,0.3739,3.6482,3.5996,0.0166,3.6298,before,-0.4983,3.6611,8342277.0
3.6482,20020912,0.0,000005.SZE,10469.97,0.28,3.6298,3.5996,0.0134,3.6298,before,0.0,3.6298,6252133.3
3.6245,20020913,-0.03,000005.SZE,3936.07,0.1053,3.6298,3.6061,0.005,3.6126,before,-0.5008,3.6061,2346397.2
3.5942,20020916,-0.22,000005.SZE,18157.45,0.4856,3.6126,3.4723,0.0336,3.4788,before,-3.6913,3.5942,10514160.1
3.5273,20020917,-0.06,000005.SZE,15812.01,0.4228,3.4788,3.3817,0.0418,3.4421,before,-1.0453,3.4788,8944609.5
3.4421,20020918,-0.11,000005.SZE,8740.71,0.2337,3.4421,3.3698,0.0211,3.3763,before,-1.9366,3.4421,4886948.7
3.7086,20020919,0.48,000005.SZE,60917.46,1.629,3.3763,3.3331,0.1113,3.6665,before,8.6176,3.3331,36057186.8
3.7086,20020920,-0.18,000005.SZE,42198.72,1.1285,3.6665,3.5457,0.0446,3.5576,before,-2.9752,3.6363,25197664.2
3.6363,20020923,0.02,000005.SZE,15329.19,0.4099,3.5576,3.4971,0.0392,3.5694,before,0.3407,3.4971,9061012.7
3.5942,20020924,-0.04,000005.SZE,10242.2,0.2739,3.5694,3.5338,0.017,3.5457,before,-0.6791,3.5694,6024945.7
3.6363,20020925,0.04,000005.SZE,15785.76,0.4221,3.5457,3.5273,0.0308,3.5694,before,0.6838,3.5392,9366708.2
3.6061,20020926,-0.04,000005.SZE,10583.38,0.28300000000000003,3.5694,3.5457,0.017,3.5457,before,-0.6791,3.5694,6218758.5
3.5813,20020927,-0.06,000005.SZE,11729.99,0.3137,3.5457,3.4853,0.0274,3.509,before,-1.0256,3.5457,6824358.3
3.5576,20021008,0.02,000005.SZE,7468.45,0.1997,3.509,3.455,0.0294,3.5209,before,0.3454,3.455,4321465.4
3.5209,20021009,-0.31,000005.SZE,17807.5,0.4762,3.5209,3.1756,0.0981,3.3331,before,-5.3356,3.5209,9847737.5
3.4184,20021010,0.03,000005.SZE,9164.51,0.2451,3.3331,3.3212,0.0291,3.3515,before,0.5455,3.3212,5080658.8
3.4065,20021011,0.0,000005.SZE,7731.39,0.2067,3.3515,3.345,0.0181,3.3515,before,0.0,3.4065,4301878.2
3.5273,20021014,0.14,000005.SZE,14898.56,0.3984,3.3515,3.3212,0.0615,3.4367,before,2.5316,3.3515,8377184.7
3.4788,20021015,-0.05,000005.SZE,7010.25,0.1875,3.4367,3.4,0.0229,3.4065,before,-0.8818,3.4184,3964497.6
3.5759,20021016,0.11,000005.SZE,19411.15,0.5191,3.4065,3.4065,0.0498,3.4723,before,1.9573,3.4065,11231725.1
3.5025,20021017,-0.11,000005.SZE,10480.47,0.2803,3.4723,3.4,0.0297,3.4065,before,-1.9197,3.4788,5931189.5
3.4788,20021018,0.03,000005.SZE,10306.58,0.2756,3.4065,3.3633,0.0338,3.4238,before,0.5338,3.3935,5819763.0
3.4669,20021021,0.06,000005.SZE,6949.43,0.1858,3.4238,3.3881,0.023,3.4604,before,1.0619,3.4238,3931824.8
3.5155,20021022,0.07,000005.SZE,15407.38,0.41200000000000003,3.4604,3.4238,0.0263,3.5025,before,1.2259,3.4669,8863582.0
3.5639999999999996,20021023,0.05,000005.SZE,17890.27,0.4784,3.5025,3.455,0.0311,3.5338,before,0.8651,3.5025,10367617.1
3.5457,20021024,-0.08,000005.SZE,12892.33,0.3448,3.5338,3.4853,0.0172,3.4853,before,-1.3722,3.5209,7473576.4
3.4907,20021025,-0.14,000005.SZE,13366.17,0.3574,3.4853,3.3817,0.0313,3.4,before,-2.4348,3.4669,7555640.2
3.4119,20021028,-0.06,000005.SZE,10605.73,0.2836,3.4,3.345,0.0196,3.3633,before,-1.0695,3.3881,5899120.8
3.4,20021029,0.04,000005.SZE,11631.12,0.311,3.3633,3.3277,0.0216,3.3881,before,0.7207,3.3633,6443751.7
3.4,20021030,-0.03,000005.SZE,5448.13,0.1457,3.3881,3.345,0.0161,3.3698,before,-0.5367,3.4,3028825.6
3.4238,20021031,-0.05,000005.SZE,8422.86,0.2252,3.3698,3.3396,0.0252,3.3396,before,-0.8993,3.4119,4695888.5
3.3935,20021101,0.06,000005.SZE,5742.73,0.1536,3.3396,3.3396,0.0163,3.3763,before,1.0889,3.3396,3185510.2
3.4723,20021104,0.1,000005.SZE,9406.23,0.2515,3.3763,3.4,0.0215,3.4367,before,1.7953,3.4065,5318386.3
3.5338,20021105,0.09,000005.SZE,31422.33,0.8403,3.4367,3.4184,0.0335,3.4907,before,1.5873,3.455,18064807.8
3.5273,20021106,0.0,000005.SZE,15208.22,0.4067,3.4907,3.455,0.0208,3.4907,before,0.0,3.5025,8782702.7
3.5273,20021107,0.03,000005.SZE,10692.08,0.2859,3.4907,3.4788,0.0139,3.509,before,0.5208,3.5025,6175592.5
3.5694,20021108,-0.24,000005.SZE,17876.62,0.478,3.509,3.3633,0.0587,3.3633,before,-4.1451,3.5511,10121155.7
3.4065,20021111,-0.03,000005.SZE,10471.44,0.28,3.3633,3.3277,0.0234,3.345,before,-0.5405,3.3633,5785592.2
3.3698,20021112,-0.2,000005.SZE,18575.96,0.4968,3.345,3.2123,0.0471,3.2241,before,-3.6232,3.345,10026753.1
3.2425,20021113,-0.03,000005.SZE,16551.71,0.4426,3.2241,3.127,0.0357,3.2058,before,-0.5639,3.2241,8695362.1
3.2123,20021114,-0.19,000005.SZE,11245.04,0.3007,3.2058,3.0914,0.0378,3.0914,before,-3.5917,3.2058,5863042.4
3.1821,20021115,0.0,000005.SZE,17800.43,0.47600000000000003,3.0914,3.0429,0.0451,3.0914,before,0.0,3.0666,9119811.3
3.1335,20021118,-0.1,000005.SZE,10742.7,0.2873,3.0914,3.0299,0.0333,3.0299,before,-1.9608,3.1216,5413094.7
3.0914,20021119,0.07,000005.SZE,14968.45,0.4003,3.0299,2.9576,0.044000000000000004,3.0731,before,1.4,3.0299,7503928.6
3.0785,20021120,-0.15,000005.SZE,11796.4,0.3155,3.0731,2.9695,0.0355,2.9814,before,-2.9586,3.0785,5861542.4
2.9695,20021121,-0.35,000005.SZE,24403.4,0.6526,2.9814,2.7030000000000003,0.0894,2.7699,before,-7.1138,2.9695,11381474.8
2.8788,20021122,0.01,000005.SZE,25272.1,0.6758,2.7699,2.6609,0.0788,2.7753,before,0.2188,2.7699,11568069.7
2.8486,20021125,0.08,000005.SZE,12458.69,0.3332,2.7753,2.7278,0.0437,2.8238,before,1.7467,2.7397,5773869.9
2.8724,20021126,-0.1,000005.SZE,13005.26,0.3478,2.8238,2.7397,0.0472,2.7634,before,-2.1459,2.8303,6034350.0
2.8422,20021127,0.09,000005.SZE,14024.88,0.375,2.7634,2.6846,0.057,2.8184,before,1.9737,2.7332,6425251.2
2.9576,20021128,0.21,000005.SZE,24830.95,0.664,2.8184,2.7936,0.0581,2.9457,before,4.5161,2.8184,11798278.7
3.1702,20021129,0.12,000005.SZE,59092.59,1.5802,2.9457,2.9026,0.0905,3.0180000000000002,before,2.4691,2.9457,29617025.5
3.0299,20021202,-0.24,000005.SZE,26541.86,0.7098,3.0180000000000002,2.867,0.0542,2.8724,before,-4.8193,3.0299,12908395.9
2.9760000000000004,20021203,0.11,000005.SZE,15985.73,0.4275,2.8724,2.8486,0.0443,2.9393,before,2.3207,2.9091,7722898.1
2.9997,20021204,0.0,000005.SZE,14071.21,0.3763,2.9393,2.9155,0.0289,2.9393,before,0.0,2.9695,6887101.1
2.9511,20021205,-0.03,000005.SZE,9461.81,0.253,2.9393,2.8972,0.0186,2.9209,before,-0.6186,2.9328,4548879.2
3.0180000000000002,20021206,0.03,000005.SZE,13225.6,0.3537,2.9209,2.9091,0.0373,2.9393,before,0.6224,2.9209,6469084.5
2.9576,20021209,-0.03,000005.SZE,6960.24,0.1861,2.9393,2.9091,0.0165,2.9209,before,-0.6186,2.9328,3356914.5
2.9393,20021210,-0.1,000005.SZE,8753.0,0.2341,2.9209,2.8539999999999996,0.028999999999999998,2.8605,before,-2.0747,2.9209,4181186.0
2.867,20021211,-0.05,000005.SZE,10766.51,0.2879,2.8605,2.7278,0.0487,2.8303,before,-1.0593,2.8486,4983590.6
2.9155,20021212,0.04,000005.SZE,11660.49,0.3118,2.8303,2.8066,0.0385,2.8539999999999996,before,0.8565,2.8303,5535561.2
2.9091,20021213,0.04,000005.SZE,9631.89,0.2576,2.8539999999999996,2.7936,0.0403,2.8788,before,0.8493,2.8184,4530783.7
2.9274,20021216,0.04,000005.SZE,11204.27,0.2996,2.8788,2.8788,0.0168,2.9026,before,0.8421,2.9155,5370238.5
2.9695,20021217,0.06,000005.SZE,12843.53,0.3435,2.9026,2.9026,0.023,2.9393,before,1.2526,2.9026,6227754.9
3.0299,20021218,0.0,000005.SZE,23241.04,0.6215,2.9393,2.9209,0.0371,2.9393,before,0.0,2.9328,11456821.6
2.9576,20021219,0.0,000005.SZE,7781.51,0.2081,2.9393,2.9091,0.0165,2.9393,before,0.0,2.9393,3755428.3
2.9814,20021220,0.04,000005.SZE,13885.81,0.3713,2.9393,2.9274,0.0186,2.9641,before,0.8247,2.9393,6766446.6
3.0245,20021223,0.02,000005.SZE,17829.55,0.4768,2.9641,2.9576,0.0225,2.9760000000000004,before,0.409,2.9943,8792400.2
2.9997,20021224,-0.02,000005.SZE,9119.07,0.2439,2.9760000000000004,2.9393,0.0204,2.9641,before,-0.4073,2.9695,4459982.4
2.9943,20021225,-0.06,000005.SZE,8598.89,0.2299,2.9641,2.9274,0.0225,2.9274,before,-1.227,2.9760000000000004,4181144.8
2.9274,20021226,-0.19,000005.SZE,15336.01,0.4101,2.9274,2.8066,0.0414,2.8119,before,-3.9337,2.9274,7225104.9
2.8605,20021227,0.01,000005.SZE,11005.59,0.2943,2.8119,2.758,0.0366,2.8184,before,0.2155,2.8119,5101759.7
2.8303,20021230,-0.05,000005.SZE,8334.44,0.2229,2.8184,2.7753,0.0194,2.7882,before,-1.0753,2.7882,3840653.5
2.8066,20021231,-0.04,000005.SZE,8565.83,0.2291,2.7882,2.7634,0.0152,2.7634,before,-0.8696,2.7882,3934671.0
2.7817,20030102,-0.09,000005.SZE,12402.83,0.3317,2.7634,2.6965,0.0307,2.7094,before,-1.9737,2.7634,5591371.2
2.745,20030103,0.0,000005.SZE,7568.82,0.2024,2.7094,2.6846,0.0224,2.7094,before,0.0,2.6965,3388661.9
2.7699,20030106,0.09,000005.SZE,7325.85,0.1959,2.7094,2.6846,0.0313,2.7634,before,2.0134,2.7094,3313690.9
2.8001,20030107,-0.02,000005.SZE,5187.03,0.1387,2.7634,2.7332,0.0241,2.7515,before,-0.4386,2.758,2367859.1
2.8486,20030108,0.16,000005.SZE,10583.94,0.28300000000000003,2.7515,2.7278,0.0441,2.8486,before,3.5242,2.7515,4889181.3
2.9393,20030109,0.09,000005.SZE,21919.06,0.5862,2.8486,2.8119,0.0447,2.9026,before,1.9149,2.8539999999999996,10414646.1
2.9393,20030110,-0.09,000005.SZE,27373.93,0.732,2.9026,2.8303,0.0376,2.8486,before,-1.8789,2.9026,13010215.2
2.8788,20030113,-0.03,000005.SZE,10978.86,0.2936,2.8486,2.8066,0.0255,2.8303,before,-0.6383,2.8486,5143740.9
3.0785,20030114,0.29,000005.SZE,58450.48,1.5631,2.8303,2.8119,0.0942,3.0062,before,6.2099,2.8486,28609856.1
3.1518,20030115,0.05,000005.SZE,83580.02,2.2351,3.0062,2.9576,0.0645,3.0364,before,1.0081,3.0062,42079228.9
3.1087,20030116,0.07,000005.SZE,37130.33,0.9929,3.0364,3.0180000000000002,0.0299,3.0785,before,1.3972,3.0666,18755290.9
3.1087,20030117,-0.05,000005.SZE,28587.72,0.7645,3.0785,3.0299,0.0256,3.0483,before,-0.9843,3.0785,14428403.9
3.1033,20030120,0.07,000005.SZE,26081.69,0.6975,3.0483,2.9943,0.0358,3.0914,before,1.3917,3.0299,13109187.8
3.1087,20030121,-0.19,000005.SZE,21516.01,0.5754,3.0914,2.9695,0.0451,2.9760000000000004,before,-3.7255,3.0914,10760094.3
2.9997,20030122,0.01,000005.SZE,15849.53,0.4238,2.9760000000000004,2.9457,0.0183,2.9814,before,0.2037,2.9814,7786346.2
2.9997,20030123,-0.05,000005.SZE,12130.24,0.3244,2.9814,2.9393,0.0203,2.9511,before,-1.0163,2.9695,5942785.8
3.0180000000000002,20030124,0.06,000005.SZE,12916.2,0.3454,2.9511,2.9274,0.0308,2.9878,before,1.232,2.9457,6329334.8
3.0785,20030127,0.09,000005.SZE,17641.88,0.4718,2.9878,2.9878,0.0304,3.0429,before,1.8256,3.0245,8830517.8
3.0601,20030128,0.0,000005.SZE,11205.62,0.2997,3.0429,3.0180000000000002,0.0139,3.0429,before,0.0,3.0429,5616379.6
3.0666,20030129,0.0,000005.SZE,18179.84,0.4862,3.0429,3.0364,0.01,3.0429,before,0.0,3.0547,9150510.2
3.0483,20030210,-0.07,000005.SZE,7221.69,0.1931,3.0429,2.9943,0.0179,2.9997,before,-1.3944,3.0429,3587087.2
3.0299,20030211,0.05,000005.SZE,7878.19,0.2107,2.9997,2.9695,0.0202,3.0299,before,1.0101,2.9695,3912988.4
3.0666,20030212,0.06,000005.SZE,13814.17,0.3694,3.0299,3.0180000000000002,0.016,3.0666,before,1.2,3.0299,6954533.8
3.1033,20030213,-0.03,000005.SZE,17754.84,0.4748,3.0666,3.0429,0.0198,3.0483,before,-0.5929,3.0666,8989572.0
3.0914,20030214,0.01,000005.SZE,17599.31,0.4706,3.0483,3.0299,0.0199,3.0547,before,0.1988,3.0483,8879173.1
3.0849,20030217,-0.04,000005.SZE,15841.76,0.4236,3.0547,3.0180000000000002,0.0218,3.0299,before,-0.7937,3.0299,7955567.5
3.0299,20030218,-0.03,000005.SZE,9975.08,0.2667,3.0299,2.9997,0.01,3.0126,before,-0.6,3.0299,4956589.6
3.0547,20030219,0.07,000005.SZE,10609.47,0.2837,3.0126,2.9997,0.0181,3.0547,before,1.4085,3.0126,5300471.2
3.0601,20030220,-0.03,000005.SZE,10532.3,0.2817,3.0547,3.0299,0.0099,3.0364,before,-0.5952,3.0601,5285773.8
3.0731,20030221,-0.07,000005.SZE,20570.34,0.5501,3.0364,2.9814,0.0299,2.9943,before,-1.3972,3.0180000000000002,10249208.5
3.0299,20030224,0.02,000005.SZE,14667.22,0.3922,2.9943,2.9695,0.0202,3.0062,before,0.4049,2.9695,7286307.7
3.127,20030225,0.16,000005.SZE,53373.72,1.4273,3.0062,2.9997,0.0423,3.1033,before,3.2258,3.0062,27213460.2
3.1033,20030226,-0.05,000005.SZE,12997.89,0.3476,3.1033,3.0547,0.0156,3.0731,before,-0.9766,3.1033,6591119.3
3.0914,20030227,-0.01,000005.SZE,10816.9,0.2893,3.0731,3.0547,0.0118,3.0666,before,-0.1972,3.0601,5477385.3
3.0666,20030228,-0.02,000005.SZE,10689.92,0.2859,3.0666,3.0299,0.0119,3.0547,before,-0.3953,3.0601,5380334.6
3.0849,20030303,0.04,000005.SZE,10156.63,0.2716,3.0547,3.0364,0.0159,3.0785,before,0.7937,3.0483,5131346.6
3.0914,20030304,-0.04,000005.SZE,9357.07,0.2502,3.0785,3.0483,0.0138,3.0547,before,-0.7874,3.0785,4741604.5
3.0968,20030305,0.05,000005.SZE,20427.71,0.5463,3.0547,3.0483,0.0159,3.0849,before,0.9921,3.0547,10359419.1
3.0849,20030306,-0.13,000005.SZE,16244.65,0.4344,3.0849,2.9997,0.0275,3.0062,before,-2.5540000000000003,3.0849,8133612.8
3.0364,20030307,-0.01,000005.SZE,11184.06,0.2991,3.0062,2.9943,0.0141,2.9997,before,-0.2016,2.9997,5555641.0
2.9997,20030310,-0.16,000005.SZE,17363.31,0.4643,2.9997,2.8972,0.0343,2.9026,before,-3.2323,2.9943,8401403.7
2.9274,20030311,0.01,000005.SZE,8848.65,0.2366,2.9026,2.8853,0.0146,2.9091,before,0.2088,2.9091,4248370.9
2.9209,20030312,-0.02,000005.SZE,9032.71,0.2415,2.9091,2.8605,0.0208,2.8972,before,-0.4167,2.9155,4303279.4
2.9091,20030313,-0.09,000005.SZE,9944.74,0.2659,2.8972,2.8368,0.0251,2.8422,before,-1.8828,2.9091,4696096.3
2.8853,20030314,0.04,000005.SZE,6221.71,0.1664,2.8422,2.8486,0.0128,2.867,before,0.8529,2.8486,2943807.7
2.8486,20030317,-0.08,000005.SZE,9264.28,0.2477,2.867,2.7936,0.019,2.8184,before,-1.6913,2.8486,4295438.7
2.8605,20030318,-0.02,000005.SZE,9809.74,0.2623,2.8184,2.8001,0.0215,2.8066,before,-0.4301,2.8184,4576740.5
2.8303,20030319,0.0,000005.SZE,7947.45,0.2125,2.8066,2.7753,0.0194,2.8066,before,0.0,2.7882,3677918.4
2.8184,20030320,-0.02,000005.SZE,9762.7,0.2611,2.8066,2.7817,0.013000000000000001,2.7936,before,-0.43200000000000005,2.7936,4507415.1
2.8368,20030321,0.05,000005.SZE,7156.1,0.1914,2.7936,2.7817,0.0195,2.8238,before,1.0846,2.7936,3328891.9
2.8486,20030324,0.01,000005.SZE,5327.14,0.1425,2.8238,2.8238,0.0086,2.8303,before,0.2146,2.8238,2491486.1
2.8422,20030325,-0.06,000005.SZE,6712.18,0.1795,2.8303,2.7882,0.0193,2.7936,before,-1.2848,2.8303,3101357.4
2.8066,20030326,-0.07,000005.SZE,6415.32,0.1716,2.7936,2.7332,0.026000000000000002,2.7515,before,-1.5184,2.7936,2923051.8
2.8724,20030327,0.18,000005.SZE,12112.93,0.3239,2.7515,2.7515,0.0441,2.8605,before,3.9648,2.8303,5623034.4
2.8907,20030328,-0.04,000005.SZE,11911.53,0.3185,2.8605,2.8303,0.0212,2.8368,before,-0.8475,2.8788,5618873.5
2.867,20030331,0.02,000005.SZE,9033.01,0.2416,2.8368,2.8119,0.0192,2.8486,before,0.4274,2.8184,4232711.2
3.0666,20030401,0.22,000005.SZE,40551.62,1.0844,2.8486,2.8368,0.0809,2.9814,before,4.6809,2.8972,19836724.2
2.9878,20030402,-0.09,000005.SZE,15733.47,0.4207,2.9814,2.9155,0.0244,2.9274,before,-1.8293,2.9878,7644819.4
2.9511,20030403,-0.07,000005.SZE,12144.73,0.3248,2.9274,2.8724,0.0269,2.8853,before,-1.4493,2.9274,5799387.5
2.9328,20030404,0.04,000005.SZE,10285.36,0.275,2.8853,2.867,0.0231,2.9091,before,0.8403,2.8972,4915919.9
2.9328,20030407,-0.06,000005.SZE,14209.29,0.38,2.9091,2.8605,0.025,2.8724,before,-1.25,2.9209,6765414.0
2.867,20030408,-0.13,000005.SZE,28087.95,0.7511,2.8724,2.7515,0.0401,2.7936,before,-2.7426,2.867,12989605.5
2.8486,20030409,0.08,000005.SZE,20590.93,0.5506,2.7936,2.7515,0.0347,2.8422,before,1.7354,2.7936,9448331.1
2.9393,20030410,0.05,000005.SZE,37093.67,0.9919,2.8422,2.8119,0.0448,2.8724,before,1.0661,2.8486,17590492.9
2.9393,20030411,0.05,000005.SZE,42261.13,1.1301,2.8724,2.8238,0.0401,2.9026,before,1.0549,2.867,19998779.4
3.0299,20030414,0.13,000005.SZE,65555.94,1.7531,2.9026,2.8972,0.0459,2.9814,before,2.714,2.9026,32089926.5
2.6911,20030417,-0.23,000005.SZE,16115.0,0.4309,2.8303,2.6911,0.0,2.6911,before,-4.9251,2.6911,7155060.0
2.6609,20030418,-0.2,000005.SZE,156812.77,4.1934,2.6911,2.5573,0.0383,2.5692,before,-4.5045,2.5573,66860226.9
2.6005,20030421,0.01,000005.SZE,64065.7,1.7132,2.5692,2.5519,0.0189,2.5756,before,0.2358,2.5573,27217423.4
2.5756,20030422,-0.21,000005.SZE,69452.31,1.8573,2.5756,2.4483,0.0494,2.4483,before,-4.9412,2.5638,28294479.3
2.4785,20030423,-0.05,000005.SZE,106089.52,2.8369999999999997,2.4483,2.3275,0.0619,2.4181,before,-1.2376,2.4246,41914766.6
2.3944,20030424,-0.16,000005.SZE,61531.76,1.6455,2.4181,2.2972,0.0401,2.3209999999999997,before,-4.01,2.3944,23673130.1
2.3458,20030425,-0.11,000005.SZE,41861.92,1.1195,2.3209999999999997,2.2422,0.0444,2.2541,before,-2.8721,2.3091,15740154.0
2.2606,20030428,-0.13,000005.SZE,63901.36,1.7088,2.2541,2.1397,0.0538,2.1753,before,-3.4946,2.2487,22889947.2
2.2854,20030429,0.15,000005.SZE,88118.31,2.3564,2.1753,2.1516,0.0613,2.267,before,4.1783,2.1699,32870419.4
2.2487,20030430,-0.15,000005.SZE,73994.46,1.9787,2.267,2.1516,0.0428,2.1753,before,-4.0107,2.2422,26678663.6
2.2001,20030512,-0.18,000005.SZE,61252.96,1.6380000000000001,2.1753,2.0663,0.0613,2.0663,before,-5.0139,2.1581,21159633.7
2.1095,20030513,0.0,000005.SZE,80270.94,2.1466,2.0663,2.0059,0.0499,2.0663,before,0.0,2.0178,27263161.4
2.1581,20030514,0.11,000005.SZE,79366.54,2.1224,2.0663,2.0609,0.0469,2.1332,before,3.2258,2.0663,27792572.8
2.1753,20030515,0.03,000005.SZE,60509.64,1.6181,2.1332,2.0793,0.0455,2.1516,before,0.8523,2.1397,21209261.4
2.1581,20030516,-0.05,000005.SZE,40580.81,1.0852,2.1516,2.1095,0.0225,2.1214,before,-1.4085,2.1268,14265697.7
2.2304,20030519,0.18,000005.SZE,99323.58,2.6561,2.1214,2.103,0.06,2.2304,before,5.1429,2.1149,36057915.7
2.2606,20030520,-0.01,000005.SZE,64444.77,1.7234,2.2304,2.2001,0.0272,2.2239,before,-0.2717,2.2422,23653833.5
2.2239,20030521,-0.01,000005.SZE,38175.28,1.0209,2.2239,2.1699,0.0245,2.2185,before,-0.2725,2.2239,13824488.2
2.2541,20030522,0.0,000005.SZE,42168.17,1.1276,2.2185,2.1883,0.0301,2.2185,before,0.0,2.2119999999999997,15436121.0
2.2119999999999997,20030523,-0.06,000005.SZE,65090.01,1.7406,2.2185,2.1332,0.0355,2.1818,before,-1.6393,2.2119999999999997,23276417.1
2.2368,20030526,0.04,000005.SZE,39585.51,1.0586,2.1818,2.1581,0.0361,2.2055,before,1.1111,2.1818,14374938.9
2.2908,20030527,0.09,000005.SZE,70730.22,1.8914,2.2055,2.1937,0.044000000000000004,2.2606,before,2.4725,2.2001,26187323.0
2.3641,20030528,0.03,000005.SZE,108273.11,2.8954,2.2606,2.2487,0.0509,2.2789,before,0.8043,2.267,41294985.5
2.2908,20030529,-0.07,000005.SZE,55514.28,1.4845,2.2789,2.1883,0.0452,2.2368,before,-1.8617,2.2724,20433155.3
2.2972,20030530,0.04,000005.SZE,50850.68,1.3598,2.2368,2.2119999999999997,0.0379,2.2606,before,1.084,2.2119999999999997,19046187.0
2.3393,20030602,0.11,000005.SZE,61885.24,1.6549,2.2606,2.2487,0.0402,2.3275,before,2.9491,2.2606,23583769.9
2.4062,20030603,-0.02,000005.SZE,123368.39,3.2991,2.3275,2.3091,0.0417,2.3156,before,-0.5208,2.3329,48191176.3
2.3458,20030604,-0.05,000005.SZE,59839.01,1.6002,2.3156,2.2541,0.0393,2.2854,before,-1.3089,2.3156,22543017.4
2.3329,20030605,0.01,000005.SZE,33464.45,0.8949,2.2854,2.2789,0.0239,2.2908,before,0.2653,2.2908,12746757.6
2.3209999999999997,20030606,-0.11,000005.SZE,37735.87,1.0091,2.2908,2.2239,0.0423,2.2239,before,-2.9101,2.2908,14022382.0
2.2119999999999997,20030609,-0.11,000005.SZE,31112.51,0.8320000000000001,2.2239,2.1581,0.0245,2.1581,before,-2.9973,2.2001,11234689.8
2.2185,20030610,0.08,000005.SZE,21254.39,0.5684,2.1581,2.1581,0.0281,2.2055,before,2.2472,2.1581,7659777.9
2.2368,20030611,0.04,000005.SZE,17715.37,0.4737,2.2055,2.1937,0.0192,2.2304,before,1.0989,2.1937,6490810.8
2.267,20030612,0.03,000005.SZE,24947.38,0.6671,2.2304,2.2001,0.0299,2.2487,before,0.8152,2.2368,9241814.9
2.2724,20030613,0.01,000005.SZE,28423.99,0.7601,2.2487,2.2119999999999997,0.027000000000000003,2.2541,before,0.2695,2.267,10578174.0
2.3091,20030616,0.07,000005.SZE,44103.59,1.1794,2.2541,2.2422,0.0296,2.2972,before,1.8817,2.2422,16692034.3
2.2972,20030617,-0.11,000005.SZE,27224.59,0.728,2.2972,2.2119999999999997,0.0369,2.2304,before,-2.9024,2.2972,10091064.0
2.2606,20030618,0.02,000005.SZE,21812.96,0.5833,2.2304,2.2119999999999997,0.0217,2.2422,before,0.5435,2.2119999999999997,8055089.5
2.2854,20030619,-0.04,000005.SZE,24610.7,0.6581,2.2422,2.2001,0.0378,2.2185,before,-1.0811,2.2422,9081676.3
2.3091,20030620,0.09,000005.SZE,60730.25,1.624,2.2185,2.2001,0.0492,2.2724,before,2.459,2.2185,22861594.7
2.2724,20030623,-0.12,000005.SZE,30434.7,0.8139,2.2724,2.1883,0.0373,2.2001,before,-3.2,2.2724,11132542.0
2.2304,20030624,0.05,000005.SZE,14612.15,0.3908,2.2001,2.1883,0.0193,2.2304,before,1.3774,2.1937,5333735.7
2.2422,20030625,-0.05,000005.SZE,18873.56,0.5047,2.2304,2.1818,0.0272,2.2001,before,-1.3587,2.2239,6864685.0
2.2119999999999997,20030626,-0.08,000005.SZE,33201.16,0.8879,2.2001,2.1268,0.0386,2.1516,before,-2.2039,2.2001,11811053.5
2.1332,20030630,-0.17,000005.SZE,36002.85,0.9628,2.1516,2.0426,0.0423,2.048,before,-4.7887,2.1268,12332768.2
2.0793,20030701,0.01,000005.SZE,17248.01,0.4612,2.048,2.0307,0.0237,2.0545,before,0.2959,2.0307,5868240.3
2.0728,20030702,0.03,000005.SZE,18807.16,0.5029,2.0545,2.0124,0.0295,2.0728,before,0.885,2.0545,6334009.3
2.1149,20030703,0.06,000005.SZE,15667.32,0.419,2.0728,2.0545,0.0292,2.1095,before,1.7544,2.0728,5417036.7
2.1095,20030704,-0.05,000005.SZE,12000.16,0.3209,2.1095,2.0728,0.0172,2.0793,before,-1.4368,2.103,4133510.5
2.0728,20030707,-0.05,000005.SZE,13756.96,0.3679,2.0793,2.0307,0.0204,2.048,before,-1.4577,2.0609,4630960.8
2.0912,20030708,0.06,000005.SZE,12522.7,0.3349,2.048,2.0361,0.0266,2.0847,before,1.7751,2.048,4271334.9
2.0793,20030709,-0.03,000005.SZE,8748.48,0.2339,2.0847,2.0545,0.0116,2.0663,before,-0.8721,2.0793,2979285.2
2.0793,20030710,0.02,000005.SZE,19474.12,0.5208,2.0663,2.0361,0.0205,2.0793,before,0.5865,2.0609,6609138.1
2.0912,20030711,-0.03,000005.SZE,13825.95,0.3697,2.0793,2.048,0.0204,2.0609,before,-0.8746,2.0847,4709062.7
2.1095,20030714,0.03,000005.SZE,15552.44,0.4159,2.0609,2.0609,0.0235,2.0793,before,0.8824,2.0609,5350041.8
2.0912,20030715,-0.02,000005.SZE,8421.94,0.2252,2.0793,2.0609,0.0146,2.0663,before,-0.5831,2.0793,2877385.6
2.0966,20030716,0.03,000005.SZE,10259.01,0.2743,2.0663,2.0545,0.0205,2.0847,before,0.8798,2.0663,3521690.3
2.0912,20030717,-0.01,000005.SZE,15187.68,0.4061,2.0847,2.0609,0.0145,2.0793,before,-0.2907,2.0847,5188691.4
2.0912,20030718,-0.11,000005.SZE,22441.02,0.6001,2.0793,2.0124,0.0379,2.0124,before,-3.207,2.0793,7556195.4
2.0124,20030721,-0.17,000005.SZE,38179.33,1.021,2.0124,1.9088,0.0512,1.9088,before,-5.1205,2.0059,12171459.1
1.952,20030722,0.06,000005.SZE,18571.02,0.4966,1.9088,1.9034,0.0254,1.9455,before,1.9048,1.9088,5924033.1
1.952,20030723,0.01,000005.SZE,12043.86,0.3221,1.9455,1.9271,0.0125,1.952,before,0.3115,1.9455,3855555.6
1.9574,20030724,-0.04,000005.SZE,8372.97,0.2239,1.952,1.9217,0.0186,1.9271,before,-1.2422,1.939,2667632.8
1.9271,20030725,-0.11,000005.SZE,22892.04,0.6122,1.9271,1.8602,0.0346,1.8602,before,-3.4591,1.9271,7129757.0
1.8667,20030728,-0.01,000005.SZE,21741.53,0.5814,1.8602,1.8182,0.0261,1.8548,before,-0.3257,1.8484,6592742.7
1.9217,20030729,0.08,000005.SZE,20653.31,0.5523,1.8548,1.8548,0.0359,1.9034,before,2.6144,1.8667,6447704.7
1.9088,20030730,-0.06,000005.SZE,13498.48,0.361,1.9034,1.8602,0.0255,1.8667,before,-1.9108,1.9034,4192214.3
1.8851,20030731,-0.02,000005.SZE,8194.13,0.2191,1.8667,1.8548,0.0162,1.8548,before,-0.6494,1.8667,2517647.0
1.8851,20030801,0.05,000005.SZE,12802.64,0.3424,1.8548,1.8365,0.0261,1.8851,before,1.6340000000000001,1.8548,3922467.5
1.9455,20030804,0.07,000005.SZE,29847.34,0.7982,1.8851,1.8484,0.0514,1.9271,before,2.2508,1.8786,9400325.2
1.9638,20030805,0.02,000005.SZE,28894.41,0.7727,1.9271,1.8969,0.0346,1.939,before,0.6289,1.9153,9228437.7
1.9692,20030806,0.03,000005.SZE,32150.75,0.8598,1.939,1.9153,0.0281,1.9574,before,0.9375,1.939,10368571.1
1.9638,20030807,-0.01,000005.SZE,17409.48,0.4656,1.9574,1.9271,0.0186,1.952,before,-0.3096,1.9574,5582745.5
1.9692,20030808,-0.05,000005.SZE,22799.97,0.6097,1.952,1.9153,0.027999999999999997,1.9217,before,-1.5528,1.9455,7276480.0
1.9638,20030811,0.06,000005.SZE,19800.65,0.5295,1.9217,1.9153,0.0252,1.9574,before,1.8927,1.9217,6337541.7
1.9638,20030812,-0.01,000005.SZE,14076.42,0.3764,1.9574,1.9336,0.0155,1.952,before,-0.3096,1.9638,4535408.2
1.9455,20030813,-0.06,000005.SZE,13759.16,0.3679,1.952,1.9153,0.0155,1.9153,before,-1.8634,1.9455,4369236.4
1.9217,20030814,-0.05,000005.SZE,14443.32,0.3862,1.9153,1.8732,0.0253,1.8851,before,-1.5823,1.9088,4506822.3
1.8905,20030815,-0.02,000005.SZE,10711.03,0.2864,1.8851,1.8602,0.0161,1.8732,before,-0.6431,1.8851,3306662.2
1.8851,20030818,0.0,000005.SZE,6574.8,0.1758,1.8732,1.8548,0.0162,1.8732,before,0.0,1.8548,2030028.4
1.939,20030819,0.06,000005.SZE,19940.05,0.5332,1.8732,1.8732,0.0356,1.9088,before,1.9417,1.8732,6294642.2
1.9088,20030820,-0.04,000005.SZE,13076.46,0.3497,1.9088,1.8602,0.0254,1.8851,before,-1.2698,1.8905,4054037.5
1.9822,20030821,0.16,000005.SZE,85791.85,2.2942,1.8851,1.8969,0.045,1.9822,before,5.1447,1.8969,27925604.4
2.0243,20030822,0.04,000005.SZE,74577.59,1.9943,1.9822,1.952,0.0367,2.0059,before,1.2232,1.9822,24548119.8
2.0178,20030825,-0.06,000005.SZE,36713.01,0.9818,2.0059,1.9574,0.0302,1.9692,before,-1.8127,1.9876,12029436.6
2.0059,20030826,0.05,000005.SZE,28982.93,0.775,1.9692,1.9574,0.0246,2.0005,before,1.5385,1.9692,9513397.9
2.0307,20030827,0.02,000005.SZE,35870.51,0.9592,2.0005,1.9822,0.0242,2.0124,before,0.6061,2.0059,11883083.1
2.0178,20030828,-0.11,000005.SZE,20055.8,0.5363,2.0124,1.9455,0.0361,1.9455,before,-3.3133,2.0178,6544782.1
1.9638,20030829,0.01,000005.SZE,24581.02,0.6573,1.9455,1.9153,0.0249,1.952,before,0.3115,1.939,7855823.2
1.9876,20030901,0.06,000005.SZE,23494.96,0.6283,1.952,1.939,0.0248,1.9876,before,1.8634,1.939,7636373.1
2.0005,20030902,-0.02,000005.SZE,20237.13,0.5412,1.9876,1.9574,0.0213,1.9757,before,-0.6098,2.0005,6580114.4
1.994,20030903,0.01,000005.SZE,18911.24,0.5057,1.9757,1.9455,0.0245,1.9822,before,0.3067,1.9692,6144043.7
2.0178,20030904,0.02,000005.SZE,24463.29,0.6542,1.9822,1.9692,0.0245,1.994,before,0.6116,1.9757,8057590.7
2.0361,20030905,0.06,000005.SZE,67688.55,1.8101,1.994,1.9757,0.0304,2.0307,before,1.8237,1.9876,22502423.3
2.0728,20030908,0.03,000005.SZE,55410.11,1.4818,2.0307,2.0307,0.0209,2.048,before,0.8955,2.0426,18731339.1
2.048,20030909,-0.07,000005.SZE,22459.85,0.6006,2.048,1.994,0.0266,2.0059,before,-2.0709999999999997,2.0426,7471136.7
2.0059,20030910,-0.01,000005.SZE,12854.49,0.3437,2.0059,1.9757,0.0151,2.0005,before,-0.3021,2.0005,4221005.1
2.048,20030911,0.02,000005.SZE,13432.4,0.3592,2.0005,1.9876,0.0303,2.0124,before,0.6061,1.994,4476560.3
2.0178,20030912,-0.09,000005.SZE,15432.18,0.4127,2.0124,1.952,0.0331,1.9574,before,-2.7108,2.0178,5034599.9
1.9757,20030915,-0.06,000005.SZE,22441.81,0.6001,1.9574,1.9217,0.0279,1.9217,before,-1.8576,1.952,7191468.0
1.9757,20030916,0.09,000005.SZE,19383.86,0.5184,1.9217,1.9217,0.0284,1.9757,before,2.8391,1.9217,6230881.2
1.9757,20030917,-0.05,000005.SZE,13385.72,0.358,1.9757,1.9271,0.0245,1.9455,before,-1.5337,1.9692,4292125.4
1.9822,20030918,0.05,000005.SZE,15957.73,0.4267,1.9455,1.9271,0.027999999999999997,1.9757,before,1.5576,1.939,5158052.7
2.0124,20030919,0.04,000005.SZE,22935.45,0.6133,1.9757,1.9574,0.0276,2.0005,before,1.227,1.9692,7534348.6
2.0307,20030922,0.01,000005.SZE,17093.21,0.4571,2.0005,1.9822,0.0242,2.0059,before,0.303,2.0005,5654285.6
2.0178,20030923,0.01,000005.SZE,12491.54,0.33399999999999996,2.0059,1.9876,0.0151,2.0124,before,0.3021,2.0059,4124711.6
2.0124,20030924,-0.02,000005.SZE,12097.59,0.3235,2.0124,1.9822,0.0151,2.0005,before,-0.6024,2.0124,3979981.0
1.994,20030925,-0.08,000005.SZE,11564.97,0.3093,2.0005,1.9455,0.0242,1.952,before,-2.4242,1.994,3752211.2
1.9638,20030926,-0.02,000005.SZE,11623.39,0.3108,1.952,1.9271,0.0186,1.939,before,-0.6211,1.952,3719644.6
1.939,20030929,-0.08,000005.SZE,21764.44,0.5820000000000001,1.939,1.8786,0.0313,1.8905,before,-2.5,1.939,6819506.0
1.9217,20030930,0.03,000005.SZE,9947.01,0.266,1.8905,1.8786,0.0224,1.9088,before,0.9615,1.8905,3113411.7
1.9271,20031008,0.02,000005.SZE,6740.79,0.1803,1.9088,1.8851,0.0222,1.9217,before,0.6349,1.9034,2124345.6
1.9271,20031009,0.01,000005.SZE,7862.01,0.2102,1.9217,1.8969,0.0158,1.9271,before,0.3155,1.9088,2483688.4
1.9692,20031010,0.07,000005.SZE,20173.1,0.5395,1.9271,1.9088,0.0314,1.9692,before,2.2013,1.9271,6488448.2
2.0243,20031013,0.07,000005.SZE,60045.66,1.6057,1.9692,1.9822,0.0215,2.0124,before,2.1538,1.994,19868078.4
2.0178,20031014,-0.04,000005.SZE,17163.71,0.45899999999999996,2.0124,1.9822,0.0181,1.9876,before,-1.2048,2.0124,5647955.9
2.0847,20031015,0.07,000005.SZE,87550.15,2.3412,1.9876,1.9876,0.0488,2.0307,before,2.1341,1.9876,29780430.7
2.0307,20031016,-0.09,000005.SZE,37047.37,0.9907,2.0307,1.9692,0.0299,1.9757,before,-2.6866,2.0124,12157907.3
2.0243,20031017,0.04,000005.SZE,16531.74,0.4421,1.9757,1.9692,0.0276,2.0005,before,1.227,1.9692,5463440.8
2.0307,20031020,-0.01,000005.SZE,10657.16,0.285,2.0005,1.9822,0.0242,1.994,before,-0.303,2.0005,3525044.0
2.0545,20031021,0.08,000005.SZE,30420.95,0.8135,1.994,1.9822,0.0365,2.0426,before,2.4316,1.9822,10168583.0
2.0728,20031022,0.01,000005.SZE,48033.97,1.2845,2.0426,2.0243,0.0237,2.048,before,0.2967,2.0426,16261970.0
2.0545,20031023,-0.07,000005.SZE,21794.39,0.5828,2.048,2.0005,0.0266,2.0059,before,-2.0709999999999997,2.048,7271125.1
2.0178,20031024,-0.06,000005.SZE,26579.8,0.7108,2.0059,1.9638,0.0272,1.9692,before,-1.8127,2.0005,8687902.3
1.9692,20031027,-0.09,000005.SZE,41309.44,1.1047,1.9692,1.8732,0.0492,1.9153,before,-2.7692,1.9638,12964787.3
1.9271,20031028,0.0,000005.SZE,18819.19,0.5033,1.9153,1.8851,0.0222,1.9153,before,0.0,1.9088,5901771.3
1.9271,20031029,-0.08,000005.SZE,33666.84,0.9003,1.9153,1.8182,0.057,1.8667,before,-2.5316,1.9153,10334205.1
1.8548,20031030,-0.05,000005.SZE,21715.82,0.5807,1.8667,1.8182,0.0195,1.8365,before,-1.6234,1.8246,6577384.9
1.8969,20031031,0.06,000005.SZE,17622.89,0.4713,1.8365,1.8246,0.0396,1.8732,before,1.9802,1.8419,5445717.3
1.8905,20031103,0.02,000005.SZE,10800.46,0.2888,1.8732,1.8548,0.0194,1.8851,before,0.6472,1.8786,3334223.0
1.9088,20031104,0.03,000005.SZE,43538.96,1.1643,1.8851,1.8484,0.0322,1.9034,before,0.9646,1.8786,13492411.5
1.9153,20031105,-0.07,000005.SZE,22191.8,0.5934,1.9034,1.8548,0.0318,1.8602,before,-2.2293,1.8905,6890498.8
1.8548,20031106,-0.15,000005.SZE,63336.35,1.6937,1.8602,1.7696,0.0456,1.7696,before,-4.886,1.8548,18695601.5
1.7577,20031107,-0.07,000005.SZE,31134.58,0.8326,1.7696,1.6973,0.0342,1.7275,before,-2.3973,1.7577,8857912.7
1.7513,20031110,0.03,000005.SZE,12632.73,0.3378,1.7275,1.7027,0.0281,1.7459,before,1.0526,1.7275,3587765.4
1.7577,20031111,0.0,000005.SZE,14161.57,0.3787,1.7459,1.7092,0.0278,1.7459,before,0.0,1.7394,4058177.4
1.7577,20031112,-0.03,000005.SZE,10510.34,0.2811,1.7459,1.7209999999999999,0.0208,1.7275,before,-1.0417,1.7577,3007073.4
1.7577,20031113,0.04,000005.SZE,14511.48,0.3881,1.7275,1.7157,0.0246,1.7513,before,1.4035,1.7275,4157012.3
1.7577,20031114,-0.01,000005.SZE,9714.36,0.2598,1.7513,1.7329,0.0138,1.7459,before,-0.34600000000000003,1.7459,2797793.1
1.7459,20031117,-0.01,000005.SZE,9859.02,0.2636,1.7459,1.7275,0.0104,1.7394,before,-0.3472,1.7275,2821581.3
1.7696,20031118,0.02,000005.SZE,17479.91,0.4674,1.7394,1.7275,0.0244,1.7513,before,0.6969,1.7459,5052923.2
1.7696,20031119,0.02,000005.SZE,16454.94,0.44,1.7513,1.7275,0.0242,1.7631,before,0.6920000000000001,1.7459,4769273.0
1.8117,20031120,0.06,000005.SZE,33805.44,0.904,1.7631,1.7513,0.0344,1.7998,before,2.0619,1.7696,9953195.5
1.8365,20031121,-0.03,000005.SZE,28589.1,0.7645,1.7998,1.7761,0.0337,1.7815,before,-1.0101,1.8063,8495328.0
1.8182,20031124,0.06,000005.SZE,27202.31,0.7274,1.7815,1.7761,0.0238,1.8182,before,2.0408,1.7815,8109889.2
1.8667,20031125,0.04,000005.SZE,47480.27,1.2697,1.8182,1.8117,0.03,1.8419,before,1.3333,1.8182,14395385.6
1.8667,20031126,-0.01,000005.SZE,32637.68,0.8728,1.8419,1.8117,0.0296,1.8365,before,-0.3289,1.8419,9871730.5
1.8365,20031127,-0.1,000005.SZE,26847.01,0.7179,1.8365,1.7631,0.0396,1.7761,before,-3.3003,1.8365,7959853.4
1.7761,20031128,-0.02,000005.SZE,19428.52,0.5195,1.7761,1.7394,0.0205,1.7631,before,-0.6826,1.7761,5629767.4
1.7879,20031201,0.03,000005.SZE,18042.12,0.4825,1.7631,1.7459,0.0241,1.7815,before,1.0309,1.7631,5274434.2
1.83,20031202,0.06,000005.SZE,32464.88,0.8682,1.7815,1.7696,0.034,1.8182,before,2.0408,1.7879,9622045.9
1.8246,20031203,-0.05,000005.SZE,26130.6,0.6988,1.8182,1.7815,0.0233,1.7879,before,-1.6667,1.8182,7745672.7
1.7998,20031204,0.01,000005.SZE,19986.26,0.5345,1.7879,1.7815,0.0102,1.7944,before,0.33899999999999997,1.7879,5905544.1
1.8484,20031205,0.04,000005.SZE,29999.3,0.8022,1.7944,1.7998,0.027000000000000003,1.8182,before,1.3514,1.7998,9022516.3
1.8419,20031208,0.01,000005.SZE,26315.52,0.7037,1.8182,1.8063,0.02,1.8246,before,0.3333,1.8246,7913013.0
1.8246,20031209,-0.05,000005.SZE,17679.36,0.4728,1.8246,1.7879,0.0199,1.7944,before,-1.6611,1.8246,5253241.3
1.8117,20031210,0.01,000005.SZE,15608.11,0.4174,1.7944,1.7879,0.0135,1.7998,before,0.3378,1.7944,4629538.2
1.8182,20031211,0.01,000005.SZE,18988.41,0.5078,1.7998,1.7944,0.0135,1.8063,before,0.3367,1.7998,5655578.3
1.8365,20031212,0.02,000005.SZE,20635.01,0.5518,1.8063,1.8063,0.0168,1.8182,before,0.6711,1.8063,6193193.5
1.83,20031215,-0.01,000005.SZE,13207.11,0.3532,1.8182,1.7998,0.0167,1.8117,before,-0.3333,1.8182,3945124.8
1.8182,20031216,-0.03,000005.SZE,19236.36,0.5144,1.8117,1.7815,0.0201,1.7944,before,-1.0033,1.8117,5701579.7
1.7998,20031217,0.0,000005.SZE,16726.9,0.4473,1.7944,1.7815,0.0101,1.7944,before,0.0,1.7879,4932947.6
1.7944,20031218,-0.13,000005.SZE,34422.55,0.9205,1.7944,1.7027,0.0507,1.7157,before,-4.3919,1.7879,9862548.8
1.7092,20031219,-0.14,000005.SZE,39811.0,1.0646,1.7157,1.6304,0.0459,1.6304,before,-4.947,1.7092,10785283.7
1.6304,20031222,-0.05,000005.SZE,55532.3,1.485,1.6304,1.5516,0.0483,1.6002,before,-1.8587,1.5516,14344440.2
1.679,20031223,0.13,000005.SZE,14974.36,0.4004,1.6002,1.6185,0.0379,1.679,before,4.9242,1.6185,4121218.6
1.7631,20031224,0.06,000005.SZE,82613.02,2.2092,1.679,1.6844,0.0469,1.7157,before,2.1661,1.7631,23671351.8
1.7329,20031225,-0.02,000005.SZE,25704.11,0.6874,1.7157,1.6725,0.0353,1.7027,before,-0.7067,1.6973,7210405.2
1.7092,20031226,-0.01,000005.SZE,16306.52,0.4361,1.7027,1.6725,0.0214,1.6973,before,-0.3559,1.7027,4549567.4
1.6908,20031229,-0.11,000005.SZE,24037.02,0.6428,1.6973,1.6121,0.0464,1.6304,before,-3.9286,1.6725,6501481.0
1.6488,20031230,0.01,000005.SZE,25025.24,0.6692,1.6304,1.5635,0.052000000000000005,1.6369,before,0.3717,1.6304,6654614.9
1.6488,20031231,-0.03,000005.SZE,18242.65,0.4878,1.6369,1.6056,0.0259,1.6185,before,-1.1111,1.6369,4883670.1
1.6304,20040102,-0.01,000005.SZE,16571.83,0.4432,1.6185,1.5754,0.0337,1.6121,before,-0.3745,1.6239,4377488.4
1.6185,20040105,-0.08,000005.SZE,46835.52,1.2525,1.6121,1.5516,0.0414,1.5635,before,-3.0075,1.6056,12171955.2
1.6304,20040106,0.07,000005.SZE,78327.02,2.0946,1.5635,1.4912,0.0891,1.6056,before,2.7132,1.5635,19840506.5
1.6304,20040107,-0.05,000005.SZE,39963.93,1.0687,1.6056,1.5398,0.0566,1.5754,before,-1.8868,1.6056,10442669.1
1.6239,20040108,0.07,000005.SZE,41174.59,1.1011,1.5754,1.5516,0.0462,1.6185,before,2.6923,1.5754,10814327.7
1.6671,20040109,0.04,000005.SZE,41364.04,1.1061,1.6185,1.5937,0.0449,1.6423,before,1.4981,1.6121,11151115.0
1.6606,20040112,0.0,000005.SZE,23698.24,0.6337,1.6423,1.6185,0.0258,1.6423,before,0.0,1.6369,6379803.0
1.7092,20040113,0.08,000005.SZE,63763.03,1.7051,1.6423,1.6239,0.0517,1.6908,before,2.952,1.6423,17543558.0
1.6844,20040114,-0.05,000005.SZE,25318.9,0.6771,1.6908,1.6541,0.0179,1.6606,before,-1.7921,1.6844,6960172.2
1.679,20040115,-0.05,000005.SZE,29728.39,0.795,1.6606,1.6239,0.0328,1.6304,before,-1.8248,1.6606,8059748.0
1.6606,20040116,0.02,000005.SZE,24036.46,0.6428,1.6304,1.6239,0.0223,1.6423,before,0.7435,1.6304,6507520.2
1.7157,20040129,0.11,000005.SZE,29219.53,0.7814,1.6423,1.6423,0.0443,1.7092,before,4.059,1.6725,8155087.6
1.7696,20040130,0.03,000005.SZE,50497.09,1.3504,1.7092,1.6844,0.0496,1.7275,before,1.0638,1.7157,14448354.8
1.7815,20040202,0.06,000005.SZE,45010.59,1.2037,1.7275,1.7275,0.0316,1.7631,before,2.1053,1.7631,13001599.0
1.8246,20040203,0.09,000005.SZE,54478.96,1.4569,1.7631,1.7459,0.0447,1.8182,before,3.0928,1.7631,16094042.4
1.9088,20040204,0.11,000005.SZE,81351.97,2.1755,1.8182,1.8182,0.05,1.8851,before,3.6667,1.8246,25112822.3
1.9822,20040205,0.15,000005.SZE,94285.67,2.5213,1.8851,1.8667,0.0611,1.9757,before,4.8232,1.8969,30052851.8
1.9822,20040206,-0.16,000005.SZE,103424.08,2.7657,1.9757,1.8786,0.0521,1.8786,before,-4.908,1.9757,32567432.6
1.9153,20040209,0.04,000005.SZE,64595.65,1.7274,1.8786,1.8246,0.0484,1.9034,before,1.2903,1.8484,20104897.0
2.0005,20040210,0.16,000005.SZE,92939.72,2.4854,1.9034,1.8969,0.0541,2.0005,before,5.0955,1.9034,30248172.6
2.103,20040211,0.17,000005.SZE,34971.25,0.9352,2.0005,2.103,0.0,2.103,before,5.1515,2.103,12135023.8
2.2055,20040212,0.17,000005.SZE,15021.12,0.4017,2.103,2.2055,0.0,2.2055,before,4.8991,2.2055,5467687.7
2.2972,20040213,0.08,000005.SZE,322905.31,8.635,2.2055,2.0966,0.0907,2.2541,before,2.1978,2.2055,114358492.2
2.2606,20040216,-0.07,000005.SZE,136763.06,3.6573,2.2541,2.1516,0.0484,2.2119999999999997,before,-1.8817,2.2055,49720434.0
2.3026,20040217,0.02,000005.SZE,115888.36,3.0989999999999998,2.2119999999999997,2.2001,0.0466,2.2239,before,0.5479,2.2119999999999997,42972291.9
2.2972,20040218,0.07,000005.SZE,123790.38,3.3103,2.2239,2.1818,0.0518,2.267,before,1.9074,2.2304,45912234.1
2.2972,20040219,-0.01,000005.SZE,91001.94,2.4335,2.267,2.2055,0.0401,2.2606,before,-0.2674,2.2724,33819281.8
2.376,20040220,0.17,000005.SZE,179700.89,4.8055,2.2606,2.2487,0.0563,2.3641,before,4.5576,2.2541,69117207.5
2.4116,20040223,-0.13,000005.SZE,128197.42,3.4282,2.3641,2.267,0.0615,2.2854,before,-3.3333,2.376,49850678.8
2.2854,20040224,-0.16,000005.SZE,133994.81,3.5832,2.2854,2.1699,0.0504,2.1883,before,-4.244,2.267,48770523.8
2.267,20040225,-0.04,000005.SZE,82825.02,2.2149,2.1883,2.1516,0.0526,2.1635,before,-1.1079999999999999,2.1818,30229623.0
2.1818,20040226,-0.15,000005.SZE,91704.4,2.4523,2.1635,2.0545,0.0588,2.0728,before,-4.2017,2.1214,31683466.9
2.1397,20040227,0.1,000005.SZE,61108.02,1.6341,2.0728,2.0178,0.0585,2.1332,before,2.924,2.0663,21000830.9
2.1699,20040301,0.04,000005.SZE,44436.01,1.1883,2.1332,2.103,0.0313,2.1581,before,1.1364,2.1332,15655645.5
2.1937,20040302,-0.01,000005.SZE,38458.49,1.0284,2.1581,2.1397,0.0253,2.1516,before,-0.2809,2.1451,13702672.1
2.1818,20040303,-0.13,000005.SZE,45568.14,1.2186,2.1516,2.0609,0.0563,2.0728,before,-3.662,2.1581,15826362.2
2.0847,20040304,0.01,000005.SZE,35288.24,0.9437,2.0728,2.0178,0.0322,2.0793,before,0.2924,2.0609,11953412.8
2.1149,20040305,-0.05,000005.SZE,28661.42,0.7665,2.0793,2.0426,0.035,2.048,before,-1.4577,2.0912,9778159.0
2.0793,20040308,-0.14,000005.SZE,34951.11,0.9346,2.048,1.9574,0.0592,1.9638,before,-4.1419999999999995,2.0426,11639598.9
1.9822,20040309,0.02,000005.SZE,29292.55,0.7833,1.9638,1.9271,0.0278,1.9757,before,0.6173,1.9271,9497500.0
2.0178,20040310,0.07,000005.SZE,21682.61,0.5798,1.9757,1.9638,0.0276,2.0178,before,2.1472,1.9757,7123756.1
2.0728,20040311,0.07,000005.SZE,39316.62,1.0514,2.0178,2.0005,0.036000000000000004,2.0609,before,2.1021,2.0307,13247754.2
2.0545,20040312,-0.06,000005.SZE,26384.49,0.7056,2.0609,2.0005,0.0265,2.0243,before,-1.7647,2.048,8799849.0
2.0545,20040315,0.03,000005.SZE,31905.22,0.8532,2.0243,2.0005,0.0269,2.0426,before,0.8982,2.0307,10698832.7
2.0847,20040316,0.05,000005.SZE,32482.74,0.8686,2.0426,2.0361,0.0237,2.0728,before,1.4837,2.0426,11066985.7
2.103,20040317,0.02,000005.SZE,32267.91,0.8629,2.0728,2.0609,0.0205,2.0847,before,0.5848,2.0728,11074029.8
2.0912,20040318,-0.11,000005.SZE,34305.49,0.9174,2.0847,2.0124,0.0378,2.0178,before,-3.1977,2.0847,11581309.6
2.0793,20040319,0.08,000005.SZE,33228.08,0.8886,2.0178,2.0005,0.039,2.0663,before,2.4024,2.0005,11279794.3
2.1699,20040323,0.09,000005.SZE,65259.17,1.7451,2.0966,2.0728,0.0462,2.1516,before,2.6012,2.0912,22969657.2
2.2055,20040324,-0.04,000005.SZE,51279.4,1.3713,2.1516,2.1095,0.0451,2.1268,before,-1.1268,2.1516,18306233.4
2.1516,20040325,-0.02,000005.SZE,31116.66,0.8321,2.1268,2.0966,0.0256,2.1149,before,-0.5698,2.1397,10907222.5
2.1635,20040326,0.01,000005.SZE,21346.64,0.5708,2.1149,2.0912,0.0344,2.1214,before,0.2865,2.1214,7448789.9
2.1397,20040329,-0.01,000005.SZE,28121.52,0.752,2.1214,2.0966,0.02,2.1149,before,-0.2857,2.1149,9856333.1
2.1397,20040330,0.01,000005.SZE,25663.05,0.6863,2.1149,2.0912,0.0229,2.1214,before,0.2865,2.1214,8938002.7
2.1937,20040331,0.09,000005.SZE,58449.79,1.5630000000000002,2.1214,2.1149,0.0371,2.1753,before,2.5714,2.1149,20915681.9
2.2239,20040401,0.04,000005.SZE,57022.24,1.5249,2.1753,2.1753,0.0223,2.2001,before,1.1142,2.1937,20719039.3
2.2487,20040402,0.06,000005.SZE,61177.31,1.636,2.2001,2.2001,0.022000000000000002,2.2368,before,1.6529,2.2119999999999997,22510366.5
2.3458,20040405,0.18,000005.SZE,150732.5,4.0308,2.2368,2.2541,0.0407,2.3458,before,4.878,2.2541,58173751.4
2.3879,20040406,0.0,000005.SZE,100688.27,2.6926,2.3458,2.3091,0.0336,2.3458,before,0.0,2.3512,38984794.2
2.3512,20040407,-0.09,000005.SZE,72071.95,1.9273,2.3458,2.2724,0.0336,2.2908,before,-2.3256,2.3512,27375365.0
2.3458,20040408,0.02,000005.SZE,54592.97,1.4599,2.2908,2.2724,0.0317,2.3026,before,0.5291,2.2908,20829432.6
2.3458,20040409,-0.15,000005.SZE,88983.53,2.3796,2.3026,2.1883,0.0684,2.2119999999999997,before,-3.9474,2.3091,33549631.7
2.3209999999999997,20040412,0.17,000005.SZE,103641.99,2.7715,2.2119999999999997,2.1937,0.0575,2.3156,before,4.6575,2.2119999999999997,39241656.5
2.3458,20040413,-0.04,000005.SZE,56427.61,1.5090000000000001,2.3156,2.2724,0.0314,2.2908,before,-1.0471,2.3209999999999997,21379956.0
2.3275,20040414,-0.09,000005.SZE,61439.01,1.643,2.2908,2.1753,0.0661,2.2368,before,-2.381,2.2854,22689256.9
2.267,20040415,-0.13,000005.SZE,57899.68,1.5483,2.2368,2.1268,0.0623,2.1581,before,-3.523,2.2422,20840396.9
2.1753,20040416,-0.08,000005.SZE,59481.55,1.5906,2.1581,2.048,0.059000000000000004,2.1095,before,-2.2472,2.1516,20584578.1
2.0728,20040419,-0.17,000005.SZE,93378.55,2.4971,2.1095,2.0059,0.0316,2.0059,before,-4.8851,2.0059,31208589.9
2.0005,20040420,-0.17,000005.SZE,66017.14,1.7654,2.0059,1.9034,0.0483,1.9034,before,-5.136,1.9757,21053685.4
1.9876,20040421,0.07,000005.SZE,106416.15,2.8457,1.9034,1.8063,0.0955,1.9455,before,2.2293,1.8246,32769406.0
1.9692,20040422,-0.16,000005.SZE,88141.8,2.3571,1.9455,1.8484,0.0623,1.8484,before,-4.9844,1.939,27389127.2
1.8851,20040423,0.02,000005.SZE,43889.79,1.1737,1.8484,1.8117,0.0393,1.8602,before,0.6557,1.8365,13437250.2
1.952,20040426,0.15,000005.SZE,18922.98,0.506,1.8602,1.9034,0.0261,1.952,before,4.886,1.9217,6080468.4
2.048,20040427,0.07,000005.SZE,118913.38,3.1799,1.952,1.9692,0.0404,1.994,before,2.1739,2.048,39669215.5
1.9876,20040428,-0.08,000005.SZE,47590.94,1.2727,1.994,1.8969,0.0456,1.9455,before,-2.4316,1.9876,15139892.9
2.0243,20040429,0.06,000005.SZE,38897.16,1.0402,1.9455,1.9692,0.027999999999999997,1.9822,before,1.8692,1.9692,12752143.3
1.994,20040430,0.0,000005.SZE,29700.63,0.7942,1.9822,1.9034,0.0459,1.9822,before,0.0,1.9822,9549219.8
1.9822,20040510,-0.09,000005.SZE,15911.26,0.4255,1.9822,1.9217,0.0306,1.9271,before,-2.7523,1.9822,5106276.4
1.9271,20040511,-0.01,000005.SZE,15038.87,0.4022,1.9271,1.8969,0.0157,1.9217,before,-0.3145,1.9088,4749465.4
1.994,20040512,0.12,000005.SZE,26162.45,0.6996,1.9217,1.9088,0.0442,1.994,before,3.7855,1.9217,8459525.6
1.994,20040513,-0.04,000005.SZE,14855.16,0.3973,1.994,1.9574,0.0182,1.9692,before,-1.2158,1.994,4828819.8
2.0307,20040514,0.08,000005.SZE,59834.85,1.6001,1.9692,1.9692,0.0308,2.0178,before,2.4615,1.9692,19831034.8
2.0609,20040518,0.01,000005.SZE,57066.68,1.5261,2.0178,1.9692,0.045,2.0243,before,0.3003,2.0307,18957669.0
2.0426,20040519,-0.04,000005.SZE,32696.18,0.8743,2.0243,1.9876,0.0269,2.0005,before,-1.1976,2.0243,10875911.7
2.0178,20040520,-0.03,000005.SZE,16774.81,0.4486,2.0005,1.9692,0.0242,1.9822,before,-0.9091,2.0005,5504137.9
1.9876,20040521,-0.05,000005.SZE,20612.31,0.5512,1.9822,1.9217,0.0336,1.952,before,-1.5291,1.9757,6631922.0
1.952,20040524,-0.05,000005.SZE,16204.99,0.4333,1.952,1.9088,0.0217,1.9217,before,-1.5528,1.939,5147431.7
1.9217,20040525,-0.1,000005.SZE,25379.74,0.6787,1.9217,1.8484,0.0379,1.8602,before,-3.1546,1.9217,7881693.0
1.8786,20040526,0.01,000005.SZE,13697.89,0.3663,1.8602,1.8365,0.0228,1.8667,before,0.3257,1.8602,4196924.8
1.9271,20040527,0.08,000005.SZE,22117.73,0.5915,1.8667,1.8484,0.0422,1.9153,before,2.5974,1.8667,6923552.2
1.9217,20040528,-0.04,000005.SZE,14479.17,0.3872,1.9153,1.8786,0.0222,1.8905,before,-1.2658,1.9153,4539855.7
1.9088,20040531,-0.02,000005.SZE,10103.12,0.2702,1.8905,1.8667,0.0224,1.8786,before,-0.6409999999999999,1.8905,3130017.3
1.9153,20040601,0.06,000005.SZE,17103.36,0.4574,1.8786,1.8786,0.0194,1.9153,before,1.9355,1.8851,5360944.4
1.939,20040602,0.03,000005.SZE,23760.27,0.6354,1.9153,1.8851,0.0285,1.9336,before,0.9494,1.9217,7482410.5
1.9336,20040603,-0.04,000005.SZE,16121.47,0.4311,1.9336,1.8969,0.0188,1.9088,before,-1.2539,1.9336,5068725.8
1.9217,20040604,0.01,000005.SZE,18766.7,0.5019,1.9088,1.8905,0.0159,1.9153,before,0.3175,1.9088,5898539.7
2.0124,20040607,0.07,000005.SZE,79758.11,2.1329,1.9153,1.9336,0.0411,1.9574,before,2.2152,1.9336,25994329.8
1.9822,20040608,0.03,000005.SZE,30549.28,0.8169,1.9574,1.9336,0.0248,1.9757,before,0.9288,1.939,9865893.9
1.9876,20040609,-0.16,000005.SZE,27781.98,0.7429,1.9757,1.8786,0.0552,1.8786,before,-4.908,1.9757,8801692.7
1.8905,20040610,0.01,000005.SZE,24019.83,0.6423,1.8786,1.8365,0.028999999999999998,1.8851,before,0.3226,1.8667,7383408.8
1.9153,20040611,-0.02,000005.SZE,20698.12,0.5535,1.8851,1.8602,0.0289,1.8732,before,-0.6431,1.8786,6452143.5
1.8969,20040614,-0.06,000005.SZE,30712.16,0.8213,1.8732,1.8117,0.0453,1.8365,before,-1.9417,1.8905,9314501.4
1.8667,20040615,0.05,000005.SZE,20637.0,0.5519,1.8365,1.8063,0.033,1.8667,before,1.6502,1.8182,6263555.4
1.8786,20040616,-0.01,000005.SZE,14174.89,0.3791,1.8667,1.8246,0.0292,1.8602,before,-0.3247,1.8419,4335060.5
1.8667,20040617,-0.05,000005.SZE,13063.97,0.3494,1.8602,1.8246,0.0228,1.83,before,-1.6287,1.8602,3958592.2
1.8365,20040618,0.0,000005.SZE,17815.55,0.4764,1.83,1.8063,0.0166,1.83,before,0.0,1.8182,5338101.8
1.8365,20040621,0.01,000005.SZE,9337.26,0.2497,1.83,1.8117,0.0132,1.8365,before,0.3311,1.83,2811301.0
1.8602,20040622,0.03,000005.SZE,13890.76,0.3715,1.8365,1.8246,0.0198,1.8548,before,0.9901,1.8365,4231839.0
1.8484,20040624,-0.09,000005.SZE,21067.32,0.5634,1.8548,1.7944,0.0294,1.7998,before,-2.9412,1.8484,6309983.4
1.7944,20040625,-0.15,000005.SZE,35098.98,0.9386,1.7998,1.7092,0.0471,1.7092,before,-5.0505,1.7944,9955096.5
1.679,20040628,-0.14,000005.SZE,28670.79,0.7667,1.7092,1.6239,0.0319,1.6239,before,-4.9645,1.679,7734540.2
1.6541,20040629,0.04,000005.SZE,20045.92,0.5361,1.6239,1.5635,0.055999999999999994,1.6488,before,1.4925,1.6056,5339290.2
1.6606,20040630,-0.06,000005.SZE,12302.33,0.32899999999999996,1.6488,1.6121,0.0294,1.6121,before,-2.2059,1.6488,3325874.8
1.679,20040701,0.11,000005.SZE,19773.19,0.5288,1.6121,1.5883,0.0564,1.679,before,4.1353,1.5883,5401895.5
1.7092,20040702,0.0,000005.SZE,14742.25,0.3942,1.679,1.6488,0.0361,1.679,before,0.0,1.679,4093043.9
1.6973,20040705,0.0,000005.SZE,9041.77,0.2418,1.679,1.6541,0.0253,1.679,before,0.0,1.6671,2504475.4
1.7513,20040706,0.07,000005.SZE,23719.33,0.6343,1.679,1.679,0.0433,1.7209999999999999,before,2.5271,1.679,6713115.6
1.7275,20040707,0.0,000005.SZE,11875.09,0.3176,1.7209999999999999,1.6908,0.0211,1.7209999999999999,before,0.0,1.7209999999999999,3349593.5
1.7329,20040708,-0.02,000005.SZE,11294.04,0.302,1.7209999999999999,1.6973,0.0211,1.7092,before,-0.7042,1.7157,3186788.7
1.7157,20040709,-0.02,000005.SZE,14642.6,0.3916,1.7092,1.679,0.0213,1.6973,before,-0.7092,1.7092,4096485.9
1.7815,20040712,0.14,000005.SZE,78597.95,2.1018,1.6973,1.7577,0.0143,1.7815,before,5.0,1.7815,23093029.4
1.8419,20040713,-0.03,000005.SZE,60292.61,1.6123,1.7815,1.7329,0.0612,1.7631,before,-1.0204,1.8063,17764085.2
1.7696,20040714,-0.04,000005.SZE,28475.73,0.7615,1.7631,1.6973,0.0412,1.7394,before,-1.3746,1.7577,8088853.1
1.7577,20040715,0.02,000005.SZE,17409.25,0.4656,1.7394,1.7092,0.0279,1.7513,before,0.6969,1.7329,4986019.2
1.7879,20040716,0.04,000005.SZE,45378.08,1.2135,1.7513,1.7209999999999999,0.0381,1.7761,before,1.3841,1.7577,13145083.3
1.7696,20040719,-0.04,000005.SZE,21631.54,0.5785,1.7761,1.7459,0.0137,1.7513,before,-1.3652,1.7696,6254340.5
1.7577,20040720,-0.04,000005.SZE,17381.48,0.4648,1.7513,1.7157,0.0242,1.7275,before,-1.3841,1.7459,4968318.8
1.7459,20040721,-0.01,000005.SZE,12641.32,0.33799999999999997,1.7275,1.7157,0.0175,1.7209999999999999,before,-0.3509,1.7209999999999999,3600004.0
1.7329,20040722,-0.1,000005.SZE,19989.34,0.5345,1.7209999999999999,1.6606,0.0423,1.6606,before,-3.5211,1.7275,5581357.4
1.6908,20040723,0.04,000005.SZE,12277.28,0.3283,1.6606,1.6488,0.0255,1.6844,before,1.4599,1.6606,3378091.8
1.6844,20040726,-0.05,000005.SZE,8966.37,0.2398,1.6844,1.6488,0.0216,1.6541,before,-1.7986,1.6844,2452665.6
1.6725,20040727,-0.05,000005.SZE,11885.01,0.3178,1.6541,1.6121,0.0366,1.6239,before,-1.8315,1.6488,3199157.3
1.6423,20040728,0.02,000005.SZE,10215.79,0.2732,1.6239,1.6121,0.0187,1.6369,before,0.7463,1.6239,2747188.5
1.6725,20040729,0.05,000005.SZE,8402.64,0.2247,1.6369,1.6423,0.0185,1.6671,before,1.8519,1.6488,2299448.2
1.7092,20040730,0.05,000005.SZE,19947.45,0.5334,1.6671,1.6541,0.0327,1.6973,before,1.8182,1.6725,5537346.2
1.6973,20040802,-0.03,000005.SZE,8680.74,0.2321,1.6973,1.6541,0.025,1.679,before,-1.0714,1.6973,2389909.1
1.7459,20040803,0.07,000005.SZE,35390.75,0.9464,1.679,1.6908,0.0325,1.7209999999999999,before,2.5271,1.6908,10067789.6
1.7459,20040804,0.04,000005.SZE,29268.04,0.7827,1.7209999999999999,1.6973,0.0282,1.7459,before,1.4085,1.7027,8347288.0
1.7459,20040805,-0.03,000005.SZE,15290.9,0.4089,1.7459,1.7157,0.0174,1.7275,before,-1.0417,1.7459,4365932.1
1.7459,20040806,-0.03,000005.SZE,12696.07,0.3395,1.7275,1.6844,0.0351,1.7092,before,-1.0526,1.7092,3581471.1
1.6973,20040809,-0.05,000005.SZE,9688.03,0.2591,1.7092,1.6606,0.0213,1.679,before,-1.7730000000000001,1.6973,2680017.7
1.7027,20040810,0.03,000005.SZE,9472.7,0.2533,1.679,1.6606,0.0253,1.6973,before,1.083,1.679,2623412.9
1.6973,20040811,-0.04,000005.SZE,11066.24,0.2959,1.6973,1.6671,0.0179,1.6725,before,-1.4286,1.6844,3056871.8
1.6671,20040812,-0.04,000005.SZE,11658.61,0.3118,1.6725,1.6304,0.0217,1.6488,before,-1.4493,1.6606,3158062.5
1.679,20040813,0.05,000005.SZE,12215.0,0.3266,1.6488,1.6369,0.0257,1.679,before,1.8382,1.6369,3337857.6
1.7631,20040816,0.11,000005.SZE,63338.46,1.6938,1.679,1.6844,0.0469,1.7459,before,3.9711,1.6973,17986060.4
1.7459,20040817,-0.01,000005.SZE,20643.0,0.552,1.7459,1.7027,0.0243,1.7394,before,-0.3472,1.7275,5878693.8
1.7394,20040818,-0.01,000005.SZE,14208.49,0.38,1.7394,1.7092,0.0174,1.7329,before,-0.3484,1.7275,4049670.3
1.7275,20040819,-0.06,000005.SZE,16455.12,0.44,1.7329,1.6844,0.0245,1.6973,before,-2.0979,1.7275,4606684.5
1.7027,20040820,0.0,000005.SZE,13832.23,0.3699,1.6973,1.6541,0.0286,1.6973,before,0.0,1.6908,3829160.8
1.6973,20040823,-0.02,000005.SZE,7396.88,0.1978,1.6973,1.6725,0.0143,1.6844,before,-0.7143,1.6973,2050988.1
1.7329,20040824,0.06,000005.SZE,17024.27,0.4553,1.6844,1.6725,0.036000000000000004,1.7209999999999999,before,2.1583,1.6844,4819424.5
1.7459,20040825,0.01,000005.SZE,18643.98,0.4986,1.7209999999999999,1.7092,0.0211,1.7275,before,0.3521,1.7209999999999999,5334160.4
1.7329,20040826,0.0,000005.SZE,12617.65,0.3374,1.7275,1.6908,0.0246,1.7275,before,0.0,1.7209999999999999,3552411.4
1.7275,20040827,-0.14,000005.SZE,22587.31,0.604,1.7275,1.6423,0.0491,1.6423,before,-4.9123,1.7275,6177217.6
1.6488,20040830,-0.01,000005.SZE,12620.49,0.3375,1.6423,1.5819,0.0406,1.6369,before,-0.369,1.6239,3359525.3
1.6908,20040831,0.06,000005.SZE,13437.98,0.3594,1.6369,1.6369,0.0333,1.6725,before,2.2222,1.6369,3691372.2
1.6725,20040901,-0.07,000005.SZE,9045.0,0.2419,1.6725,1.6239,0.028999999999999998,1.6304,before,-2.5362,1.6725,2444695.0
1.6671,20040902,0.05,000005.SZE,11160.95,0.2985,1.6304,1.6056,0.0372,1.6606,before,1.8587,1.6239,2999682.9
1.6725,20040903,-0.01,000005.SZE,10531.88,0.2816,1.6606,1.6369,0.0219,1.6541,before,-0.365,1.6488,2873900.6
1.6541,20040906,-0.02,000005.SZE,6308.65,0.1687,1.6541,1.6304,0.0147,1.6423,before,-0.7326,1.6541,1712438.6
1.6541,20040907,0.02,000005.SZE,5221.36,0.1396,1.6423,1.6369,0.0111,1.6541,before,0.738,1.6423,1416373.6
1.6541,20040908,-0.02,000005.SZE,7536.69,0.2015,1.6541,1.6239,0.0183,1.6423,before,-0.7326,1.6541,2032762.2
1.6423,20040909,-0.04,000005.SZE,10056.95,0.2689,1.6423,1.6056,0.0221,1.6185,before,-1.476,1.6369,2684025.4
1.6304,20040910,0.01,000005.SZE,8218.6,0.2198,1.6185,1.5937,0.0225,1.6239,before,0.3745,1.6056,2178721.5
1.6185,20040913,-0.11,000005.SZE,10496.03,0.2807,1.6239,1.5452,0.0448,1.557,before,-4.1045,1.6121,2740265.2
1.6121,20040914,0.08,000005.SZE,13381.01,0.3578,1.557,1.5635,0.0311,1.6056,before,3.1128,1.5635,3520533.9
1.6844,20040915,0.1,000005.SZE,40778.98,1.0905,1.6056,1.6002,0.0528,1.6671,before,3.7736,1.6056,11149186.6
1.7027,20040916,0.06,000005.SZE,41707.48,1.1153,1.6671,1.6423,0.0364,1.7027,before,2.1818,1.6725,11497209.6
1.7459,20040917,0.06,000005.SZE,50264.71,1.3442,1.7027,1.679,0.0391,1.7394,before,2.1352,1.7027,14190082.5
1.8063,20040920,0.1,000005.SZE,68394.96,1.829,1.7394,1.7209999999999999,0.0488,1.7998,before,3.4843,1.7459,19850314.3
1.8419,20040921,0.03,000005.SZE,79047.54,2.1139,1.7998,1.7513,0.0505,1.8182,before,1.0101,1.7998,23548180.6
1.8667,20040922,-0.09,000005.SZE,84185.25,2.2512,1.8182,1.7577,0.06,1.7631,before,-3.0,1.8484,25167300.1
1.8063,20040923,0.07,000005.SZE,35655.39,0.9535,1.7631,1.7459,0.0344,1.8063,before,2.4055,1.7631,10426771.1
1.8182,20040924,-0.14,000005.SZE,61081.57,1.6334,1.8063,1.7157,0.057,1.7209999999999999,before,-4.698,1.8182,17849647.6
1.7696,20040927,-0.08,000005.SZE,26446.93,0.7072,1.7209999999999999,1.6606,0.0634,1.6725,before,-2.8169,1.7275,7455759.2
1.6973,20040928,0.03,000005.SZE,16188.72,0.4329,1.6725,1.6541,0.0254,1.6908,before,1.087,1.6908,4486692.2
1.7027,20040929,-0.04,000005.SZE,11840.49,0.3166,1.6908,1.6671,0.0215,1.6671,before,-1.4337,1.6973,3281863.0
1.6844,20040930,-0.06,000005.SZE,16741.58,0.4477,1.6671,1.6185,0.04,1.6304,before,-2.1818,1.6725,4555823.5
1.6844,20041008,0.09,000005.SZE,10230.36,0.2736,1.6304,1.6185,0.0409,1.6844,before,3.3457,1.6369,2788206.3
1.7027,20041011,-0.04,000005.SZE,19389.97,0.5185,1.6844,1.6541,0.0288,1.6606,before,-1.4388,1.6844,5368689.5
1.679,20041012,-0.03,000005.SZE,12560.42,0.3359,1.6606,1.6369,0.0255,1.6423,before,-1.0949,1.6606,3422639.9
1.6541,20041013,-0.01,000005.SZE,13541.55,0.3621,1.6423,1.6239,0.0185,1.6369,before,-0.369,1.6488,3655374.8
1.6369,20041014,-0.12,000005.SZE,25834.58,0.6909,1.6369,1.5635,0.0444,1.5635,before,-4.4444,1.6369,6749691.0
1.5883,20041015,0.02,000005.SZE,17277.92,0.462,1.5635,1.5452,0.0271,1.5754,before,0.7752,1.5635,4455929.9
1.6488,20041018,0.11,000005.SZE,17939.67,0.4797,1.5754,1.5516,0.0615,1.6423,before,4.2308,1.5635,4683386.2
1.6671,20041019,-0.02,000005.SZE,31895.33,0.8529,1.6423,1.6239,0.0258,1.6304,before,-0.738,1.6369,8675698.6
1.6239,20041020,-0.03,000005.SZE,18466.86,0.4938,1.6304,1.5754,0.0297,1.6121,before,-1.1152,1.6239,4855632.9
1.6121,20041021,-0.11,000005.SZE,25296.92,0.6765,1.6121,1.5398,0.0451,1.5452,before,-4.1353,1.5937,6562746.4
1.5516,20041022,-0.09,000005.SZE,29967.96,0.8014,1.5452,1.4664,0.0549,1.4912,before,-3.5294,1.5452,7330009.6
1.5096,20041025,-0.12,000005.SZE,23025.0,0.6157,1.4912,1.4178,0.061,1.4178,before,-4.878,1.4912,5440354.9
1.4178,20041026,-0.05,000005.SZE,43973.89,1.1759,1.4178,1.3455,0.0513,1.3876,before,-2.1368,1.3574,9854386.6
1.4545,20041027,0.1,000005.SZE,31014.51,0.8294,1.3876,1.3639,0.0655,1.4481,before,4.3668,1.3876,7240130.5
1.4664,20041028,-0.02,000005.SZE,24625.7,0.6585,1.4481,1.4178,0.0335,1.4362,before,-0.8368,1.4545,5854963.8
1.4243,20041029,-0.12,000005.SZE,36704.24,0.9815,1.4362,1.3639,0.0422,1.3639,before,-5.0633,1.3941,8370583.2
1.3519999999999999,20041101,-0.05,000005.SZE,32647.44,0.873,1.3639,1.297,0.04,1.3337,before,-2.2222,1.3519999999999999,7079926.5
1.3337,20041102,0.0,000005.SZE,20232.52,0.541,1.3337,1.3035,0.0227,1.3337,before,0.0,1.3337,4416109.9
1.3639,20041103,0.05,000005.SZE,22725.93,0.6077,1.3337,1.3207,0.0318,1.3639,before,2.2727,1.3337,5043591.6
1.3822,20041104,-0.07,000005.SZE,25971.51,0.6945,1.3639,1.3089,0.0533,1.3207,before,-3.1111,1.3639,5786349.0
1.3391,20041105,-0.02,000005.SZE,15182.68,0.406,1.3207,1.3035,0.0275,1.3089,before,-0.9174,1.3207,3301768.7
1.3758,20041108,0.07,000005.SZE,26127.26,0.6987,1.3089,1.3035,0.0556,1.3519999999999999,before,3.2407,1.3089,5829730.4
1.3693,20041109,0.03,000005.SZE,15037.45,0.4021,1.3519999999999999,1.3337,0.0269,1.3693,before,1.3453,1.3519999999999999,3361044.3
1.406,20041110,0.04,000005.SZE,39711.06,1.0619,1.3693,1.3455,0.0442,1.3941,before,1.7699,1.3822,9060643.0
1.4178,20041111,-0.02,000005.SZE,41107.51,1.0993,1.3941,1.3758,0.0304,1.3822,before,-0.8696,1.3941,9477917.8
1.3876,20041112,-0.04,000005.SZE,21339.11,0.5706,1.3822,1.3519999999999999,0.0263,1.3574,before,-1.7544,1.3693,4805124.8
1.3995,20041115,0.05,000005.SZE,14801.32,0.3958,1.3574,1.3519999999999999,0.0357,1.3876,before,2.2321,1.3519999999999999,3369213.2
1.4362,20041116,0.03,000005.SZE,29594.3,0.7914,1.3876,1.3758,0.0437,1.406,before,1.31,1.3822,6874844.2
1.4243,20041117,0.03,000005.SZE,28811.8,0.7705,1.406,1.3941,0.0216,1.4243,before,1.2931,1.4124,6710837.9
1.4481,20041118,0.02,000005.SZE,56075.56,1.4995,1.4243,1.4178,0.0213,1.4362,before,0.8511,1.4308,13254763.4
1.4481,20041119,0.0,000005.SZE,20314.43,0.5432,1.4362,1.4178,0.0211,1.4362,before,0.0,1.4427,4798675.2
1.4609999999999999,20041122,0.01,000005.SZE,28561.39,0.7638,1.4362,1.4308,0.0211,1.4427,before,0.4219,1.4427,6824411.1
1.4729,20041123,0.05,000005.SZE,35499.63,0.9493,1.4427,1.4308,0.0294,1.4729,before,2.1008,1.4545,8531546.0
1.4664,20041124,-0.12,000005.SZE,32410.25,0.8667,1.4729,1.3995,0.0453,1.3995,before,-4.9383,1.4664,7596253.6
1.3941,20041125,-0.04,000005.SZE,19584.4,0.5237,1.3995,1.3455,0.0346,1.3758,before,-1.7316,1.3941,4413514.8
1.3995,20041126,0.03,000005.SZE,11652.37,0.3116,1.3758,1.3639,0.0264,1.3941,before,1.3216,1.3758,2668396.9
1.4124,20041129,-0.03,000005.SZE,11064.84,0.2959,1.3941,1.3693,0.0304,1.3758,before,-1.3043,1.3876,2533402.5
1.406,20041130,0.05,000005.SZE,13970.25,0.3736,1.3758,1.3693,0.0264,1.406,before,2.2026,1.3822,3208071.2
1.4481,20041201,0.05,000005.SZE,30419.29,0.8135,1.406,1.406,0.0302,1.4362,before,2.1552,1.4124,7185968.0
1.4308,20041202,-0.03,000005.SZE,17245.7,0.4612,1.4362,1.3995,0.0211,1.4178,before,-1.2658,1.4308,4030268.5
1.4308,20041203,0.0,000005.SZE,15217.04,0.4069,1.4178,1.406,0.0171,1.4178,before,0.0,1.4124,3559482.0
1.4481,20041206,0.05,000005.SZE,19259.4,0.515,1.4178,1.4124,0.0256,1.4481,before,2.1368,1.4124,4551175.9
1.4481,20041207,-0.04,000005.SZE,11917.0,0.3187,1.4481,1.4124,0.0251,1.4243,before,-1.6736,1.4481,2802932.6
1.4609999999999999,20041208,0.04,000005.SZE,22107.16,0.5912,1.4243,1.4178,0.0298,1.4481,before,1.7021,1.4243,5254418.9
1.4966,20041209,0.0,000005.SZE,54778.5,1.4649,1.4481,1.4243,0.0502,1.4481,before,0.0,1.4729,13170714.1
1.4481,20041210,-0.12,000005.SZE,25908.03,0.6928,1.4481,1.3758,0.0502,1.3758,before,-5.0209,1.4481,6017986.1
1.4124,20041213,0.03,000005.SZE,12036.54,0.3219,1.3758,1.3455,0.0485,1.3941,before,1.3216,1.3639,2751919.0
1.4124,20041214,-0.02,000005.SZE,6536.37,0.1748,1.3941,1.3822,0.0217,1.3822,before,-0.8696,1.3876,1499156.0
1.3822,20041215,-0.05,000005.SZE,20532.83,0.5491,1.3822,1.3153,0.0482,1.3519999999999999,before,-2.193,1.3822,4552105.6
1.3519999999999999,20041216,-0.03,000005.SZE,11579.19,0.3096,1.3519999999999999,1.3337,0.0135,1.3337,before,-1.3453,1.3519999999999999,2555617.5
1.3519999999999999,20041217,0.03,000005.SZE,7888.06,0.2109,1.3337,1.3207,0.0227,1.3519999999999999,before,1.3636,1.3272,1744032.4
1.3455,20041220,-0.01,000005.SZE,6914.9,0.1849,1.3519999999999999,1.3207,0.0179,1.3455,before,-0.4484,1.3455,1521839.8
1.3639,20041221,0.01,000005.SZE,5678.51,0.1519,1.3455,1.3391,0.018000000000000002,1.3519999999999999,before,0.4505,1.3455,1266415.8
1.3995,20041222,0.08,000005.SZE,17306.45,0.4628,1.3519999999999999,1.3455,0.0404,1.3995,before,3.5874,1.3574,3919968.4
1.4178,20041223,-0.03,000005.SZE,20598.6,0.5508,1.3995,1.3693,0.0346,1.3822,before,-1.2987,1.4124,4735392.2
1.3876,20041224,0.01,000005.SZE,6409.23,0.1714,1.3822,1.3693,0.0132,1.3876,before,0.4386,1.3758,1461565.7
1.3941,20041227,-0.04,000005.SZE,5981.58,0.16,1.3876,1.3639,0.0218,1.3639,before,-1.7467,1.3822,1356011.9
1.3639,20041228,-0.03,000005.SZE,7603.81,0.2033,1.3639,1.3391,0.0178,1.3455,before,-1.3333,1.3639,1693210.8
1.3519999999999999,20041229,-0.01,000005.SZE,6707.66,0.1794,1.3455,1.3337,0.0135,1.3391,before,-0.4505,1.3455,1486451.3
1.3519999999999999,20041230,-0.01,000005.SZE,7914.05,0.2116,1.3391,1.3272,0.0181,1.3337,before,-0.4525,1.3337,1747991.0
1.3574,20041231,0.0,000005.SZE,7105.28,0.19,1.3337,1.3207,0.0273,1.3337,before,0.0,1.3337,1566411.6
1.3337,20050104,-0.07,000005.SZE,8678.03,0.2321,1.3337,1.2733,0.0455,1.2905,before,-3.1818,1.3337,1864268.4
1.3337,20050105,0.05,000005.SZE,8361.86,0.2236,1.2905,1.2733,0.0469,1.3207,before,2.3474,1.2733,1810878.4
1.3272,20050106,-0.01,000005.SZE,7821.53,0.2092,1.3207,1.3035,0.0183,1.3153,before,-0.4587,1.3207,1697602.9
1.3822,20050107,0.11,000005.SZE,30034.27,0.8032,1.3153,1.3153,0.0507,1.3822,before,5.0691,1.3153,6725455.9
1.4427,20050110,0.07,000005.SZE,71925.8,1.9234,1.3822,1.3941,0.0351,1.4243,before,3.0702,1.4124,16799542.4
1.4362,20050111,-0.01,000005.SZE,17957.36,0.4802,1.4243,1.3995,0.0255,1.4178,before,-0.4255,1.4243,4185810.1
1.4178,20050112,-0.03,000005.SZE,12999.19,0.3476,1.4178,1.3941,0.0171,1.3995,before,-1.2821,1.4178,3012216.7
1.4124,20050113,0.02,000005.SZE,14389.86,0.3848,1.3995,1.3822,0.0216,1.4124,before,0.8658,1.3941,3330096.1
1.4124,20050114,-0.09,000005.SZE,13922.65,0.3723,1.4124,1.3574,0.0386,1.3574,before,-3.8627,1.4124,3181814.3
1.3574,20050117,-0.07,000005.SZE,18622.63,0.498,1.3574,1.3153,0.0313,1.3153,before,-3.125,1.3519999999999999,4097574.9
1.3574,20050118,0.07,000005.SZE,13121.33,0.3509,1.3153,1.3089,0.0369,1.3574,before,3.2258,1.3153,2901207.1
1.3693,20050119,-0.01,000005.SZE,6358.95,0.17,1.3574,1.3391,0.0223,1.3519999999999999,before,-0.4464,1.3574,1424166.3
1.3693,20050120,0.03,000005.SZE,11931.6,0.3191,1.3519999999999999,1.3391,0.0224,1.3693,before,1.3453,1.3519999999999999,2672202.8
1.3758,20050121,-0.02,000005.SZE,15436.56,0.4128,1.3693,1.3272,0.0354,1.3574,before,-0.885,1.3693,3454240.2
1.3995,20050124,0.05,000005.SZE,19892.71,0.532,1.3574,1.3693,0.0223,1.3876,before,2.2321,1.3693,4530555.2
1.4178,20050125,0.03,000005.SZE,21597.55,0.5776,1.3876,1.3639,0.0393,1.406,before,1.31,1.3822,4953892.9
1.4178,20050126,-0.04,000005.SZE,16442.62,0.4397,1.406,1.3822,0.0259,1.3822,before,-1.7241,1.3995,3800044.7
1.3876,20050127,-0.02,000005.SZE,11063.84,0.2959,1.3822,1.3639,0.0175,1.3693,before,-0.8772,1.3822,2511281.4
1.3758,20050128,-0.07,000005.SZE,21443.95,0.5734,1.3693,1.3035,0.0531,1.3272,before,-3.0973,1.3693,4696443.8
1.3272,20050131,-0.09,000005.SZE,17766.74,0.4751,1.3272,1.2603,0.0502,1.2733,before,-4.1096,1.3272,3753187.7
1.297,20050201,0.01,000005.SZE,10230.86,0.2736,1.2733,1.2603,0.0286,1.2786,before,0.4762,1.2786,2153652.3
1.3455,20050202,0.09,000005.SZE,19908.86,0.5324,1.2786,1.2733,0.0569,1.3337,before,4.2654,1.2851,4300153.0
1.3391,20050203,-0.07,000005.SZE,19677.98,0.5262,1.3337,1.2905,0.0364,1.2905,before,-3.1818,1.3391,4254301.0
1.3153,20050204,0.04,000005.SZE,13091.23,0.3501,1.2905,1.2733,0.0329,1.3153,before,1.8779,1.2905,2817695.6
1.3822,20050216,0.06,000005.SZE,17644.49,0.4718,1.3153,1.3153,0.0507,1.3519999999999999,before,2.765,1.3153,3929380.1
1.3693,20050217,0.01,000005.SZE,8815.27,0.2357,1.3519999999999999,1.3337,0.0269,1.3574,before,0.4484,1.3391,1958763.1
1.3574,20050218,-0.06,000005.SZE,9176.89,0.2454,1.3574,1.3207,0.0268,1.3207,before,-2.6786,1.3574,2024557.9
1.3519999999999999,20050221,0.05,000005.SZE,11961.88,0.3199,1.3207,1.3207,0.0229,1.3519999999999999,before,2.2936,1.3207,2641506.7
1.3822,20050222,0.04,000005.SZE,27140.5,0.7258,1.3519999999999999,1.3337,0.0359,1.3758,before,1.7937,1.3519999999999999,6114302.7
1.3941,20050223,0.01,000005.SZE,33452.55,0.8946,1.3758,1.3693,0.0176,1.3822,before,0.4405,1.3758,7626137.4
1.3876,20050224,0.0,000005.SZE,21810.44,0.5832,1.3822,1.3639,0.0175,1.3822,before,0.0,1.3822,4952275.3
1.4124,20050225,0.0,000005.SZE,29055.05,0.777,1.3822,1.3822,0.0219,1.3822,before,0.0,1.3822,6681216.0
1.3876,20050228,-0.02,000005.SZE,20649.36,0.5522,1.3822,1.3639,0.0175,1.3693,before,-0.8772,1.3822,4674228.1
1.4362,20050301,0.07,000005.SZE,42873.37,1.1465,1.3693,1.3574,0.0575,1.4124,before,3.0973,1.3639,9921140.7
1.4178,20050302,-0.06,000005.SZE,25789.0,0.6896,1.4124,1.3693,0.0343,1.3758,before,-2.5751,1.3941,5937036.8
1.3941,20050303,0.01,000005.SZE,10773.9,0.2881,1.3758,1.3639,0.022000000000000002,1.3822,before,0.4405,1.3639,2446896.1
1.406,20050304,0.01,000005.SZE,15378.39,0.4112,1.3822,1.3822,0.0175,1.3876,before,0.4386,1.3822,3535055.4
1.4124,20050307,0.01,000005.SZE,14490.43,0.3875,1.3876,1.3876,0.0175,1.3941,before,0.4367,1.4124,3334810.1
1.4124,20050308,0.02,000005.SZE,24131.35,0.6453,1.3941,1.3941,0.013000000000000001,1.406,before,0.8696,1.406,5594503.1
1.4481,20050309,0.07,000005.SZE,53374.25,1.4273,1.406,1.4124,0.0259,1.4481,before,3.0172,1.4124,12568395.3
1.4664,20050310,-0.06,000005.SZE,77034.57,2.06,1.4481,1.406,0.0418,1.4124,before,-2.5105,1.4545,18180961.7
1.4427,20050311,0.04,000005.SZE,42760.98,1.1435,1.4124,1.3941,0.0343,1.4362,before,1.7167,1.406,10035302.0
1.4664,20050314,0.04,000005.SZE,66710.02,1.7839,1.4362,1.4178,0.0338,1.4609999999999999,before,1.6878,1.4481,15888947.1
1.4481,20050315,-0.1,000005.SZE,49716.27,1.3295,1.4609999999999999,1.3876,0.0415,1.3995,before,-4.1494,1.4481,11494569.8
1.3995,20050316,-0.03,000005.SZE,17812.27,0.4763,1.3995,1.3574,0.0303,1.3822,before,-1.2987,1.3941,4048696.3
1.3822,20050317,-0.07,000005.SZE,19526.25,0.5222,1.3822,1.3337,0.0351,1.3391,before,-3.0702,1.3693,4338519.1
1.3391,20050318,-0.02,000005.SZE,18877.87,0.5048,1.3391,1.3089,0.0226,1.3272,before,-0.905,1.3337,4123181.6
1.3272,20050321,0.0,000005.SZE,9392.39,0.2512,1.3272,1.3089,0.0137,1.3272,before,0.0,1.3207,2043345.6
1.3207,20050322,-0.11,000005.SZE,28441.7,0.7606,1.3272,1.2603,0.0457,1.2603,before,-5.0228,1.3153,5972199.5
1.2668,20050323,-0.07,000005.SZE,27562.06,0.7371,1.2603,1.1999,0.0529,1.2182,before,-3.3654,1.2603,5552133.6
1.2366,20050324,0.03,000005.SZE,13318.67,0.3562,1.2182,1.1999,0.0299,1.2366,before,1.4925,1.2117,2690826.2
1.2484,20050325,0.01,000005.SZE,14395.52,0.385,1.2366,1.2117,0.0294,1.242,before,0.4902,1.2366,2930507.1
1.2366,20050328,-0.03,000005.SZE,12387.2,0.3313,1.242,1.2117,0.0195,1.2247,before,-1.4634,1.2366,2488390.1
1.2366,20050329,0.0,000005.SZE,9099.6,0.2433,1.2247,1.2117,0.0198,1.2247,before,0.0,1.2247,1840034.2
1.2301,20050330,-0.05,000005.SZE,22436.16,0.6,1.2247,1.1697,0.0495,1.1934,before,-2.4752,1.2117,4421795.7
1.1934,20050331,0.0,000005.SZE,12651.65,0.3383,1.1934,1.1578,0.0305,1.1934,before,0.0,1.188,2461714.1
1.242,20050401,0.06,000005.SZE,18497.33,0.4946,1.1934,1.1761,0.0558,1.2301,before,3.0457,1.1815,3693399.0
1.2182,20050404,-0.06,000005.SZE,11873.73,0.3175,1.2301,1.1815,0.0296,1.1934,before,-2.9557,1.2182,2359551.2
1.2366,20050405,0.03,000005.SZE,15222.79,0.4071,1.1934,1.188,0.0406,1.2117,before,1.5228,1.1934,3054676.8
1.2484,20050406,0.06,000005.SZE,19816.79,0.5299,1.2117,1.2064,0.035,1.2484,before,3.0,1.2117,4020918.9
1.2851,20050407,0.02,000005.SZE,34446.26,0.9211,1.2484,1.2366,0.0388,1.2603,before,0.9709,1.2484,7127636.8
1.2668,20050408,-0.02,000005.SZE,26766.99,0.7158,1.2603,1.2301,0.0288,1.2484,before,-0.9615,1.2603,5517640.1
1.2668,20050411,0.0,000005.SZE,20037.75,0.5358,1.2484,1.2366,0.0243,1.2484,before,0.0,1.242,4132286.4
1.2603,20050412,-0.05,000005.SZE,19291.82,0.5159,1.2484,1.2117,0.0388,1.2182,before,-2.4272,1.2484,3935745.9
1.242,20050413,0.02,000005.SZE,20527.02,0.5489,1.2182,1.2182,0.0199,1.2301,before,0.995,1.2247,4171939.3
1.2366,20050414,-0.04,000005.SZE,16693.03,0.4464,1.2301,1.1999,0.0296,1.2064,before,-1.9704,1.2366,3351407.6
1.2064,20050415,-0.05,000005.SZE,18683.71,0.4996,1.2064,1.1697,0.0302,1.1761,before,-2.5126,1.1999,3638912.7
1.1697,20050418,-0.05,000005.SZE,14316.13,0.3828,1.1761,1.133,0.0309,1.1459,before,-2.5773,1.1697,2727200.8
1.1632,20050419,0.02,000005.SZE,10251.7,0.2741,1.1459,1.133,0.0265,1.1578,before,1.0582,1.1459,1941889.4
1.1513,20050420,-0.09,000005.SZE,15984.8,0.4275,1.1578,1.0974,0.0471,1.1028,before,-4.712,1.1513,2960068.5
1.1028,20050421,-0.09,000005.SZE,22449.0,0.6003,1.1028,1.0488,0.0495,1.0488,before,-4.9451,1.0974,3915845.4
1.1028,20050422,0.08,000005.SZE,46086.65,1.2324,1.0488,0.9938,0.10400000000000001,1.0974,before,4.6243,1.0305,7773792.1
1.079,20050425,-0.09,000005.SZE,4596.0,0.1229,1.0974,1.0423,0.0331,1.0423,before,-4.9724,1.079,796210.0
1.0305,20050426,-0.04,000005.SZE,34465.24,0.9217,1.0423,0.9884,0.0407,1.0186,before,-2.3256,0.9884,5689486.5
1.0423,20050427,0.01,000005.SZE,23523.69,0.6291,1.0186,0.9754,0.0655,1.024,before,0.5952,1.0121,3923573.7
1.0488,20050428,0.02,000005.SZE,18981.35,0.5076,1.024,1.0003,0.0473,1.0359,before,1.1834,1.0057,3224257.7
0.9819,20050429,-0.09,000005.SZE,10410.0,0.2784,1.0359,0.9819,0.0,0.9819,before,-5.2632,0.9819,1686420.0
0.9571,20050509,-0.08,000005.SZE,12137.0,0.3246,0.9819,0.9334,0.0247,0.9334,before,-4.9383,0.9334,1870954.0
0.8913,20050510,-0.08,000005.SZE,6582.0,0.17600000000000002,0.9334,0.8848,0.0065,0.8848,before,-5.1948,0.8913,961898.0
0.8783,20050511,-0.07,000005.SZE,37453.63,1.0016,0.8848,0.8427,0.0411,0.8427,before,-4.7945,0.8481,5238677.2
0.8362,20050512,-0.07,000005.SZE,19679.35,0.5263,0.8427,0.7996,0.0432,0.7996,before,-5.0360000000000005,0.8362,2610377.3
0.8362,20050513,0.03,000005.SZE,36921.11,0.9873,0.7996,0.7575,0.0985,0.8179,before,2.2727,0.764,4806180.0
0.8244,20050516,-0.02,000005.SZE,21346.29,0.5708,0.8179,0.7823,0.0519,0.8059999999999999,before,-1.4815,0.7996,2831365.3
0.8362,20050517,0.05,000005.SZE,23118.02,0.6182,0.8059999999999999,0.7877,0.0602,0.8362,before,3.7594,0.8059999999999999,3144202.6
0.8481,20050518,0.02,000005.SZE,24931.88,0.6667,0.8362,0.8125,0.0435,0.8481,before,1.4493,0.8362,3431221.7
0.8481,20050519,-0.01,000005.SZE,16629.02,0.4447,0.8481,0.8298,0.0214,0.8427,before,-0.7143,0.8481,2306531.2
0.8481,20050520,-0.05,000005.SZE,18757.04,0.5016,0.8427,0.8059999999999999,0.0504,0.8125,before,-3.5971,0.8427,2562064.5
0.8059999999999999,20050523,-0.06,000005.SZE,24579.03,0.6573,0.8125,0.7693,0.0448,0.7758,before,-4.4776,0.8059999999999999,3146684.8
0.8125,20050524,0.06,000005.SZE,31101.86,0.8317,0.7758,0.7509999999999999,0.0781,0.8125,before,4.6875,0.7693,4097918.3
0.8481,20050525,0.04,000005.SZE,32676.32,0.8738,0.8125,0.8059999999999999,0.0522,0.8362,before,2.9851,0.8179,4483625.0
0.8783,20050527,0.04,000005.SZE,85675.05,2.2911,0.8362,0.8059999999999999,0.087,0.8611,before,2.8986,0.8298,12265420.9
0.9031,20050530,0.07,000005.SZE,66248.1,1.7716,0.8611,0.8427,0.0704,0.9031,before,4.9296,0.8481,9672511.5
0.9096,20050531,-0.03,000005.SZE,42149.38,1.1271,0.9031,0.8611,0.0537,0.8848,before,-2.0134,0.9096,6181172.1
0.8913,20050601,-0.05,000005.SZE,30207.44,0.8078,0.8848,0.8427,0.0548,0.8546,before,-3.4247,0.8913,4284442.8
0.8783,20050602,0.0,000005.SZE,22466.45,0.6008,0.8546,0.8481,0.0355,0.8546,before,0.0,0.8546,3204434.8
0.8665,20050603,0.01,000005.SZE,16839.21,0.4503,0.8546,0.8362,0.0355,0.8611,before,0.7092,0.8546,2369243.5
0.8665,20050606,0.01,000005.SZE,17693.83,0.4732,0.8611,0.8427,0.0282,0.8665,before,0.7042,0.8546,2495382.7
0.8783,20050607,0.01,000005.SZE,25583.76,0.6841,0.8665,0.8481,0.035,0.8729,before,0.6993,0.8611,3645788.6
0.915,20050608,0.07,000005.SZE,67118.77,1.7949,0.8729,0.8481,0.0764,0.915,before,4.8611,0.8729,9900506.4
0.9269,20050609,-0.02,000005.SZE,47223.98,1.2628,0.915,0.8967,0.0331,0.9031,before,-1.3245,0.9215,7077906.4
0.915,20050610,-0.01,000005.SZE,25683.13,0.6868,0.9031,0.8848,0.0336,0.8967,before,-0.6711,0.9096,3789720.3
0.915,20050613,0.02,000005.SZE,26345.63,0.7045,0.8967,0.8783,0.0405,0.9096,before,1.3514,0.8913,3900054.9
0.9215,20050614,-0.02,000005.SZE,27744.9,0.7419,0.9096,0.8967,0.0267,0.8967,before,-1.3333,0.9096,4170311.2
0.8967,20050615,-0.07,000005.SZE,26545.0,0.7099,0.8967,0.8546,0.0473,0.8546,before,-4.7297,0.8913,3785274.0
0.8481,20050616,-0.03,000005.SZE,20902.85,0.5589999999999999,0.8546,0.8125,0.0426,0.8362,before,-2.1277,0.8427,2846492.5
0.8362,20050617,-0.01,000005.SZE,11761.27,0.3145,0.8362,0.8179,0.0217,0.8298,before,-0.7246,0.8298,1602974.0
0.8427,20050620,0.01,000005.SZE,17949.08,0.48,0.8298,0.7996,0.0511,0.8362,before,0.7299,0.8244,2439110.9
0.8481,20050621,0.01,000005.SZE,20358.25,0.5444,0.8362,0.8244,0.028999999999999998,0.8427,before,0.7246,0.8362,2815824.3
0.8481,20050622,0.01,000005.SZE,15740.28,0.4209,0.8427,0.8298,0.0216,0.8481,before,0.7194,0.8427,2188733.7
0.8481,20050623,-0.03,000005.SZE,17634.12,0.4716,0.8481,0.8179,0.0357,0.8298,before,-2.1429,0.8481,2425479.6
0.8298,20050624,-0.01,000005.SZE,8835.97,0.2363,0.8298,0.8125,0.0219,0.8244,before,-0.7299,0.8244,1196735.0
0.8427,20050627,0.02,000005.SZE,24733.76,0.6614,0.8244,0.8179,0.0294,0.8362,before,1.4706,0.8244,3405270.9
0.8362,20050628,-0.03,000005.SZE,16727.58,0.4473,0.8362,0.8059999999999999,0.0362,0.8179,before,-2.1739,0.8362,2257754.3
0.8244,20050629,-0.02,000005.SZE,17079.14,0.4567,0.8179,0.7996,0.0296,0.8059999999999999,before,-1.4815,0.8179,2273860.0
0.8059999999999999,20050630,-0.07,000005.SZE,17935.21,0.4796,0.8059999999999999,0.764,0.0526,0.764,before,-5.2632,0.8059999999999999,2313615.1
0.7996,20050701,0.03,000005.SZE,36469.7,0.9753,0.764,0.7509999999999999,0.0635,0.7823,before,2.381,0.7509999999999999,4717324.1
0.7758,20050704,-0.03,000005.SZE,25595.25,0.6845,0.7823,0.7456,0.0388,0.764,before,-2.3256,0.7575,3156125.1
0.7996,20050705,0.06,000005.SZE,59269.99,1.585,0.764,0.7509999999999999,0.0635,0.7996,before,4.7619,0.7509999999999999,7775541.8
0.8125,20050706,-0.01,000005.SZE,18188.75,0.4864,0.7996,0.7823,0.0379,0.7942,before,-0.7576,0.8059999999999999,2372675.0
0.7996,20050707,0.01,000005.SZE,12743.81,0.3408,0.7942,0.7758,0.0305,0.7996,before,0.7634,0.7942,1659739.8
0.7996,20050708,-0.05,000005.SZE,14554.76,0.3892,0.7996,0.764,0.0455,0.7693,before,-3.7879,0.7996,1855139.8
0.7877,20050711,-0.03,000005.SZE,11500.02,0.3075,0.7693,0.7391,0.063,0.7509999999999999,before,-2.3622,0.764,1447361.2
0.7693,20050712,0.02,000005.SZE,20948.89,0.5602,0.7509999999999999,0.7273,0.0565,0.764,before,1.6129,0.7509999999999999,2579704.0
0.764,20050713,-0.02,000005.SZE,11719.63,0.3134,0.764,0.7391,0.0317,0.7509999999999999,before,-1.5873,0.764,1440614.1
0.7509999999999999,20050714,-0.02,000005.SZE,9181.73,0.2455,0.7509999999999999,0.7337,0.0242,0.7391,before,-1.6129,0.7337,1126234.9
0.7456,20050715,-0.02,000005.SZE,14094.47,0.3769,0.7391,0.7208,0.0328,0.7273,before,-1.6393,0.7391,1705667.1
0.7273,20050718,-0.05,000005.SZE,20925.82,0.5596,0.7273,0.6906,0.05,0.6971,before,-4.1667,0.7208,2394774.5
0.7273,20050719,0.03,000005.SZE,29957.3,0.8011,0.6971,0.6668,0.087,0.7154,before,2.6087,0.6971,3464688.4
0.7337,20050720,0.0,000005.SZE,43145.36,1.1538,0.7154,0.6906,0.0593,0.7154,before,0.0,0.6971,5108221.6
0.7337,20050721,0.01,000005.SZE,35362.76,0.9457,0.7154,0.7035,0.0424,0.7208,before,0.8475,0.7154,4167088.7
0.7509999999999999,20050722,0.03,000005.SZE,68613.87,1.8348,0.7208,0.7089,0.0588,0.7391,before,2.521,0.7208,8293946.9
0.7391,20050725,-0.02,000005.SZE,22542.15,0.6028,0.7391,0.7089,0.040999999999999995,0.7273,before,-1.6393,0.7391,2690983.7
0.7456,20050726,0.02,000005.SZE,36667.49,0.9805,0.7273,0.7154,0.0417,0.7391,before,1.6667,0.7154,4428469.1
0.7509999999999999,20050727,0.01,000005.SZE,33648.87,0.8998,0.7391,0.7154,0.0492,0.7456,before,0.8197,0.7391,4062990.1
0.7693,20050728,0.02,000005.SZE,52185.21,1.3955,0.7456,0.7337,0.0488,0.7575,before,1.626,0.7456,6493370.6
0.7877,20050729,0.02,000005.SZE,61757.48,1.6515,0.7575,0.7509999999999999,0.048,0.7693,before,1.6,0.7575,7875905.2
0.7758,20050801,0.0,000005.SZE,20324.93,0.5435,0.7693,0.7456,0.0394,0.7693,before,0.0,0.764,2553257.7
0.7758,20050802,0.0,000005.SZE,24794.28,0.6629999999999999,0.7693,0.7509999999999999,0.0315,0.7693,before,0.0,0.764,3135671.3
0.8059999999999999,20050803,0.06,000005.SZE,98627.58,2.6375,0.7693,0.7693,0.0472,0.8059999999999999,before,4.7244,0.7758,13041159.7
0.8059999999999999,20050804,-0.02,000005.SZE,49916.14,1.3348,0.8059999999999999,0.7758,0.0376,0.7942,before,-1.5038,0.8059999999999999,6474381.8
0.8125,20050805,0.02,000005.SZE,43142.01,1.1537,0.7942,0.7823,0.0382,0.8059999999999999,before,1.5267,0.7942,5698043.8
0.8244,20050808,0.02,000005.SZE,49210.77,1.3159999999999998,0.8059999999999999,0.7996,0.0301,0.8179,before,1.5038,0.8125,6617653.5
0.8611,20050809,0.05,000005.SZE,59653.58,1.5952,0.8179,0.8059999999999999,0.0667,0.8481,before,3.7037,0.8179,8200296.5
0.8729,20050810,0.02,000005.SZE,44248.1,1.1833,0.8481,0.8298,0.05,0.8611,before,1.4286,0.8546,6209347.5
0.8665,20050811,-0.01,000005.SZE,43834.64,1.1722,0.8611,0.8481,0.0211,0.8546,before,-0.7042,0.8611,6207480.7
0.8848,20050812,-0.05,000005.SZE,57497.87,1.5376,0.8546,0.8179,0.078,0.8244,before,-3.5461,0.8665,8107845.7
0.8481,20050815,0.04,000005.SZE,47131.63,1.2604,0.8244,0.8125,0.0441,0.8481,before,2.9412,0.8179,6420652.9
0.8783,20050816,0.04,000005.SZE,68064.63,1.8202,0.8481,0.8362,0.05,0.8729,before,2.8571,0.8481,9676278.3
0.8783,20050817,0.01,000005.SZE,75927.42,2.0304,0.8729,0.8298,0.0556,0.8783,before,0.6944,0.8665,10763337.8
0.9215,20050818,-0.04,000005.SZE,137299.21,3.6716,0.8783,0.8546,0.0759,0.8546,before,-2.7586,0.8783,20430334.7
0.8729,20050819,-0.02,000005.SZE,59311.28,1.5861,0.8546,0.8244,0.0567,0.8427,before,-1.4184,0.8481,8349770.8
0.8848,20050822,0.07,000005.SZE,71958.68,1.9243,0.8427,0.8362,0.0576,0.8848,before,5.0360000000000005,0.8427,10409464.4
0.9269,20050823,0.02,000005.SZE,84680.44,2.2645,0.8848,0.8783,0.0548,0.8967,before,1.3699,0.9215,12685678.4
0.9398,20050824,0.07,000005.SZE,115563.8,3.0904,0.8967,0.8967,0.0473,0.9398,before,4.7297,0.9398,17539104.4
0.9517,20050825,-0.03,000005.SZE,135694.29,3.6287,0.9398,0.8913,0.0645,0.9215,before,-1.9355,0.9215,20694412.8
0.97,20050826,0.08,000005.SZE,135147.55,3.6141,0.9215,0.915,0.0592,0.97,before,5.2632,0.9269,21249755.0
1.0186,20050829,-0.02,000005.SZE,209366.98,5.5988,0.97,0.9398,0.0813,0.9571,before,-1.25,1.0186,34166946.6
0.9517,20050830,-0.08,000005.SZE,35467.0,0.9484,0.9571,0.9096,0.0443,0.9096,before,-5.0633,0.9517,5351294.5
0.8967,20050831,-0.05,000005.SZE,120930.78,3.2339,0.9096,0.8665,0.0333,0.8783,before,-3.3333,0.8665,17404324.3
0.9215,20050901,0.05,000005.SZE,76067.01,2.0342,0.8783,0.8665,0.0621,0.9096,before,3.4483,0.8783,11267029.7
0.9215,20050902,-0.01,000005.SZE,58217.38,1.5568,0.9096,0.8913,0.0333,0.9031,before,-0.6667,0.9096,8721024.5
0.9452,20050905,0.07,000005.SZE,84995.27,2.2729,0.9031,0.8967,0.0537,0.9452,before,4.698,0.9031,13108708.6
0.9754,20050906,-0.04,000005.SZE,111858.34,2.9913,0.9452,0.915,0.0641,0.9215,before,-2.5641,0.9636,17574666.5
0.97,20050907,0.07,000005.SZE,70560.58,1.8869,0.9215,0.915,0.0592,0.9636,before,4.6053,0.915,11043233.5
0.97,20050908,-0.01,000005.SZE,66221.39,1.7709,0.9636,0.9334,0.0377,0.9571,before,-0.6289,0.9636,10358330.4
0.9884,20050909,0.01,000005.SZE,69103.43,1.8479,0.9571,0.9334,0.057,0.9636,before,0.6329,0.9571,10964021.0
1.0057,20050912,0.07,000005.SZE,97585.33,2.6096,0.9636,0.9571,0.0503,1.0057,before,4.4025,0.97,15890672.0
1.0488,20050913,0.05,000005.SZE,131456.64,3.5154,1.0057,0.9884,0.0602,1.0359,before,3.012,1.0057,22307813.1
1.0488,20050914,-0.07,000005.SZE,146135.88,3.9079,1.0359,0.9819,0.0643,0.9938,before,-4.0936,1.0305,24182193.7
1.0186,20050915,0.03,000005.SZE,60265.66,1.6116,0.9938,0.9819,0.0366,1.0121,before,1.8293,0.9819,10040455.6
1.0542,20050916,0.04,000005.SZE,81035.42,2.167,1.0121,1.0003,0.0539,1.0359,before,2.3952,1.0057,13796830.1
1.0844,20050919,0.08,000005.SZE,103689.24,2.7728,1.0359,1.0305,0.0526,1.0844,before,4.6784,1.0359,18293273.8
1.1395,20050920,0.09,000005.SZE,167034.79,4.4668,1.0844,1.079,0.0559,1.1395,before,5.0279,1.0844,30628736.2
1.1632,20050921,-0.08,000005.SZE,163028.78,4.3596,1.1395,1.0844,0.0691,1.0909,before,-4.2553,1.1395,30240704.7
1.079,20050922,-0.09,000005.SZE,55107.61,1.4737,1.0909,1.0359,0.0389,1.0359,before,-5.0,1.079,9480662.5
1.0186,20050923,-0.09,000005.SZE,102923.47,2.7523,1.0359,0.9819,0.0351,0.9819,before,-5.2632,0.9884,16853665.7
0.9636,20050926,-0.08,000005.SZE,70883.4,1.8955,0.9819,0.9334,0.0309,0.9334,before,-4.9383,0.9571,10995077.0
0.9636,20050927,0.03,000005.SZE,58744.24,1.5709,0.9334,0.8967,0.0714,0.9517,before,1.9481,0.9031,9104257.0
0.9452,20050928,-0.08,000005.SZE,53341.7,1.4264,0.9517,0.9031,0.0446,0.9031,before,-5.0955,0.9452,8052506.2
0.9452,20050929,0.07,000005.SZE,43596.93,1.1659,0.9031,0.8913,0.0604,0.9452,before,4.698,0.8967,6637545.3
0.97,20050930,-0.02,000005.SZE,33866.35,0.9056,0.9452,0.9215,0.0513,0.9334,before,-1.2821,0.9398,5272865.7
0.9398,20051010,-0.04,000005.SZE,15823.87,0.4232,0.9334,0.9096,0.0325,0.9096,before,-2.5974,0.9334,2415286.2
0.9571,20051011,0.07,000005.SZE,37791.39,1.0106,0.9096,0.8967,0.0667,0.9517,before,4.6667,0.9096,5823526.7
0.9754,20051012,0.03,000005.SZE,36954.95,0.9882,0.9517,0.9398,0.0382,0.97,before,1.9108,0.9452,5851127.0
0.9636,20051013,-0.05,000005.SZE,39977.98,1.0691,0.97,0.9215,0.0438,0.9398,before,-3.125,0.9571,6190289.7
0.9398,20051014,-0.04,000005.SZE,21874.07,0.5849,0.9398,0.9096,0.0323,0.915,before,-2.5806,0.9334,3324174.5
0.9334,20051017,0.01,000005.SZE,18917.82,0.5059,0.915,0.9031,0.0331,0.9215,before,0.6623,0.915,2859359.5
0.9269,20051018,0.0,000005.SZE,35752.54,0.9561,0.9215,0.8729,0.0592,0.9215,before,0.0,0.915,5310244.4
0.9269,20051019,-0.03,000005.SZE,34662.66,0.9269,0.9215,0.8967,0.0329,0.9031,before,-1.9737,0.9215,5213012.4
0.8967,20051020,-0.02,000005.SZE,34188.25,0.9142,0.9031,0.8729,0.0268,0.8913,before,-1.3423,0.8967,5001124.1
0.9096,20051021,0.03,000005.SZE,23891.1,0.6389,0.8913,0.8783,0.034,0.9096,before,2.0408,0.8913,3541665.9
0.9334,20051024,0.04,000005.SZE,29178.19,0.7803,0.9096,0.9031,0.0333,0.9334,before,2.6667,0.9215,4417451.5
0.9636,20051025,0.03,000005.SZE,89378.18,2.3901,0.9334,0.9269,0.039,0.9517,before,1.9481,0.9269,13920398.1
0.9452,20051026,-0.08,000005.SZE,36412.08,0.9737,0.9517,0.9031,0.0446,0.9031,before,-5.0955,0.9452,5513385.1
0.9031,20051027,-0.05,000005.SZE,32044.61,0.8569,0.9031,0.8665,0.0403,0.8729,before,-3.3557,0.8848,4654167.9
0.8913,20051028,-0.05,000005.SZE,40337.85,1.0787,0.8729,0.8298,0.0694,0.8427,before,-3.4722,0.8783,5685783.3
0.8729,20051031,0.05,000005.SZE,20792.12,0.556,0.8427,0.8362,0.0432,0.8729,before,3.5971,0.8481,2951080.8
0.8848,20051101,-0.01,000005.SZE,24539.95,0.6562,0.8729,0.8427,0.0486,0.8665,before,-0.6944,0.8611,3487825.7
0.8913,20051102,0.04,000005.SZE,35962.25,0.9617,0.8665,0.8611,0.035,0.8913,before,2.7972,0.8611,5196820.9
0.8967,20051103,-0.03,000005.SZE,26387.8,0.7057,0.8913,0.8665,0.034,0.8729,before,-2.0408,0.8848,3827711.4
0.8848,20051104,0.02,000005.SZE,16278.85,0.4353,0.8729,0.8665,0.0208,0.8848,before,1.3889,0.8665,2364014.5
0.8967,20051107,0.02,000005.SZE,19025.03,0.5088,0.8848,0.8729,0.0274,0.8967,before,1.3699,0.8783,2773388.8
0.9334,20051108,0.06,000005.SZE,42573.77,1.1385,0.8967,0.8848,0.0541,0.9334,before,4.0541,0.8967,6439546.8
0.9398,20051109,-0.03,000005.SZE,29584.92,0.7911,0.9334,0.9096,0.0325,0.915,before,-1.9481,0.9269,4519497.1
0.9215,20051110,-0.08,000005.SZE,32078.16,0.8578,0.915,0.8665,0.0596,0.8665,before,-5.297999999999999,0.9096,4704718.6
0.8913,20051111,0.02,000005.SZE,18726.27,0.5008,0.8665,0.8427,0.0559,0.8783,before,1.3986,0.8611,2702797.7
0.9215,20051114,0.07,000005.SZE,67384.97,1.8019999999999998,0.8783,0.8729,0.0552,0.9215,before,4.8276,0.8729,10212725.3
0.9452,20051115,0.02,000005.SZE,34936.23,0.9342,0.9215,0.9031,0.0461,0.9334,before,1.3158,0.9096,5323828.5
0.9398,20051116,0.0,000005.SZE,28656.49,0.7663,0.9334,0.9096,0.0325,0.9334,before,0.0,0.9334,4365031.7
0.9334,20051117,-0.03,000005.SZE,24077.48,0.6439,0.9334,0.9096,0.026000000000000002,0.915,before,-1.9481,0.9334,3652303.8
0.9398,20051118,0.03,000005.SZE,30219.45,0.8081,0.915,0.9096,0.0331,0.9334,before,1.9868,0.9096,4643206.6
0.97,20051121,0.05,000005.SZE,58638.98,1.5681,0.9334,0.9334,0.039,0.9636,before,3.2468,0.9398,9224759.9
0.9636,20051122,-0.07,000005.SZE,36192.95,0.9679,0.9636,0.9215,0.044000000000000004,0.9215,before,-4.4025,0.9636,5620729.2
0.9398,20051123,0.03,000005.SZE,22227.06,0.5944,0.9215,0.9096,0.0329,0.9398,before,1.9737,0.9215,3410060.7
0.9517,20051124,0.01,000005.SZE,20225.02,0.5408,0.9398,0.9334,0.0194,0.9452,before,0.6452,0.9334,3141246.5
0.9452,20051125,0.0,000005.SZE,18367.72,0.4912,0.9452,0.9215,0.0256,0.9452,before,0.0,0.9398,2837891.8
0.9517,20051128,0.0,000005.SZE,19740.83,0.5279,0.9452,0.9269,0.0256,0.9452,before,0.0,0.9398,3058273.9
0.9452,20051129,-0.04,000005.SZE,18697.98,0.5,0.9452,0.9096,0.0385,0.9215,before,-2.5641,0.9398,2856950.8
0.9334,20051130,0.02,000005.SZE,17503.74,0.4681,0.9215,0.9096,0.0263,0.9334,before,1.3158,0.915,2651170.2
0.9517,20051201,0.02,000005.SZE,33351.9,0.8919,0.9334,0.9215,0.0325,0.9452,before,1.2987,0.9334,5170712.7
0.9452,20051202,-0.03,000005.SZE,18261.97,0.4884,0.9452,0.9215,0.0256,0.9269,before,-1.9231,0.9452,2803142.4
0.9269,20051205,-0.06,000005.SZE,26876.18,0.7187,0.9269,0.8848,0.0458,0.8913,before,-3.9216,0.9215,3985636.1
0.9031,20051206,0.01,000005.SZE,21834.46,0.5839,0.8913,0.8783,0.0272,0.8967,before,0.6803,0.8848,3213335.5
0.9215,20051207,0.04,000005.SZE,24378.76,0.6519,0.8967,0.8848,0.0405,0.9215,before,2.7027,0.8967,3636505.6
0.9215,20051208,-0.03,000005.SZE,12680.44,0.3391,0.9215,0.8967,0.0263,0.9031,before,-1.9737,0.9215,1894861.3
0.9215,20051209,0.03,000005.SZE,16119.59,0.4311,0.9031,0.8967,0.0268,0.9215,before,2.0134,0.9096,2421658.3
0.9269,20051212,-0.01,000005.SZE,18124.81,0.4847,0.9215,0.9096,0.0197,0.915,before,-0.6579,0.9215,2744288.8
0.9398,20051214,0.03,000005.SZE,36082.33,0.9649,0.915,0.9096,0.0331,0.9334,before,1.9868,0.915,5514025.8
0.9819,20051215,0.08,000005.SZE,104856.14,2.804,0.9334,0.9517,0.0325,0.9819,before,5.1948,0.9517,16948465.9
1.0305,20051216,0.08,000005.SZE,176826.84,4.7286,0.9819,0.9819,0.0494,1.0305,before,4.9383,1.0003,29604598.0
1.0305,20051219,-0.05,000005.SZE,64189.61,1.7165,1.0305,0.9819,0.0471,1.0003,before,-2.9412,1.0305,10661158.2
1.0186,20051220,0.02,000005.SZE,42304.48,1.1313,1.0003,0.9884,0.0303,1.0121,before,1.2121,1.0003,7014044.8
1.0121,20051221,-0.03,000005.SZE,36303.58,0.9708,1.0121,0.9819,0.0299,0.9938,before,-1.7964,1.0121,5967953.8
1.0003,20051222,0.0,000005.SZE,23980.76,0.6413,0.9938,0.9819,0.0183,0.9938,before,0.0,0.9938,3922956.0
1.0423,20051223,0.07,000005.SZE,62567.7,1.6732,0.9938,0.9938,0.0488,1.0359,before,4.2683,0.9938,10562561.7
1.0542,20051226,-0.01,000005.SZE,39498.44,1.0563,1.0359,1.0186,0.0351,1.0305,before,-0.5848,1.0359,6719108.0
1.079,20051227,0.04,000005.SZE,56551.22,1.5123,1.0305,1.024,0.0529,1.0542,before,2.3529,1.0359,9829750.5
1.0672,20051228,-0.03,000005.SZE,45019.83,1.2039,1.0542,1.0305,0.0345,1.0359,before,-1.7241,1.0542,7731293.1
1.0542,20051229,0.01,000005.SZE,39806.12,1.0645,1.0359,1.024,0.0292,1.0423,before,0.5848,1.0423,6829804.0
1.0488,20051230,-0.08,000005.SZE,51766.16,1.3843,1.0423,0.9884,0.0581,0.9938,before,-4.6512,1.0488,8661690.5
1.0186,20060104,0.03,000005.SZE,37136.41,0.9931,0.9938,0.9754,0.0427,1.0121,before,1.8293,0.9884,6168730.9
1.0186,20060105,0.01,000005.SZE,32549.08,0.8704,1.0121,0.9938,0.024,1.0186,before,0.5988,1.0121,5406925.6
1.0423,20060106,0.02,000005.SZE,42215.71,1.1289,1.0186,1.0057,0.0357,1.0305,before,1.1905,1.0186,7172378.3
1.0542,20060109,0.02,000005.SZE,39276.02,1.0503,1.0305,1.024,0.0294,1.0423,before,1.1765,1.0305,6739288.9
1.0488,20060110,-0.01,000005.SZE,32467.53,0.8682,1.0423,1.0186,0.0291,1.0359,before,-0.5814,1.0423,5510385.4
1.0359,20060111,-0.01,000005.SZE,33725.54,0.9019,1.0359,1.0186,0.0175,1.0305,before,-0.5848,1.0305,5725193.3
1.0423,20060112,0.02,000005.SZE,40914.92,1.0941,1.0305,1.0121,0.0294,1.0423,before,1.1765,1.024,6919504.2
1.0488,20060113,-0.02,000005.SZE,32621.49,0.8723,1.0423,1.0186,0.0291,1.0305,before,-1.1628,1.0423,5545958.6
1.0359,20060116,-0.01,000005.SZE,31967.12,0.8549,1.0305,1.0121,0.0235,1.024,before,-0.5882,1.0359,5400217.2
1.0542,20060117,0.02,000005.SZE,47201.77,1.2622,1.024,1.0003,0.0533,1.0359,before,1.1834,1.0121,8044687.9
1.0488,20060118,0.01,000005.SZE,51266.17,1.3709,1.0359,1.0305,0.0175,1.0423,before,0.5848,1.0359,8774786.0
1.0488,20060119,-0.01,000005.SZE,31857.03,0.8519,1.0423,1.0305,0.0174,1.0359,before,-0.5814,1.0423,5449057.8
1.0423,20060120,-0.02,000005.SZE,36866.53,0.9859,1.0359,1.0121,0.0292,1.024,before,-1.1696,1.0359,6237684.9
1.0359,20060123,0.01,000005.SZE,29417.2,0.7867,1.024,1.0121,0.0237,1.0305,before,0.5917,1.024,4965839.1
1.0305,20060124,-0.04,000005.SZE,35256.27,0.9428,1.0305,1.0057,0.0235,1.0057,before,-2.3529,1.0305,5923915.4
1.0305,20060125,0.01,000005.SZE,28808.75,0.7704,1.0057,0.9938,0.0361,1.0121,before,0.6024,1.0003,4800198.3
1.0359,20060206,0.04,000005.SZE,31602.42,0.8451,1.0121,1.0121,0.024,1.0359,before,2.3952,1.0186,5354847.7
1.0359,20060207,-0.02,000005.SZE,28830.9,0.7709999999999999,1.0359,1.0186,0.0175,1.024,before,-1.1696,1.0359,4878617.8
1.0359,20060208,0.02,000005.SZE,29922.45,0.8002,1.024,1.0186,0.0178,1.0359,before,1.1834,1.024,5087830.9
1.0909,20060209,0.09,000005.SZE,134413.1,3.5944,1.0359,1.0423,0.0468,1.0909,before,5.2632,1.0423,24129275.8
1.0974,20060210,-0.01,000005.SZE,65092.29,1.7407,1.0909,1.0672,0.0278,1.0844,before,-0.5556,1.0974,11562054.0
1.1028,20060213,0.0,000005.SZE,41235.06,1.1027,1.0844,1.0726,0.0279,1.0844,before,0.0,1.079,7404650.1
1.1276,20060214,0.02,000005.SZE,45996.87,1.23,1.0844,1.079,0.0447,1.0974,before,1.1173,1.0844,8389839.6
1.1028,20060215,-0.02,000005.SZE,39560.1,1.0579,1.0974,1.0672,0.0331,1.0844,before,-1.105,1.0974,7086754.6
1.0844,20060216,-0.07,000005.SZE,45222.68,1.2093,1.0844,1.0305,0.0503,1.0423,before,-3.9106,1.079,7880815.3
1.0607,20060217,0.0,000005.SZE,34629.49,0.9259999999999999,1.0423,1.024,0.0349,1.0423,before,0.0,1.0423,5960790.8
1.0974,20060220,0.08,000005.SZE,70588.86,1.8877,1.0423,1.0305,0.064,1.0909,before,4.6512,1.0488,12552680.6
1.0974,20060221,0.01,000005.SZE,32482.95,0.8686,1.0909,1.0726,0.0222,1.0974,before,0.5556,1.079,5816390.5
1.0974,20060222,-0.04,000005.SZE,34502.92,0.9227,1.0974,1.0726,0.0221,1.0726,before,-2.2099,1.0974,6174151.7
1.0909,20060223,0.02,000005.SZE,37245.75,0.996,1.0726,1.0542,0.0339,1.0844,before,1.1299,1.0726,6599761.1
1.1028,20060224,0.01,000005.SZE,45278.38,1.2108,1.0844,1.079,0.0223,1.0909,before,0.5587,1.0909,8167098.0
1.1028,20060227,0.0,000005.SZE,29752.06,0.7956,1.0909,1.079,0.0222,1.0909,before,0.0,1.0909,5360921.7
1.0909,20060228,-0.01,000005.SZE,28941.05,0.7739,1.0909,1.0672,0.0222,1.0844,before,-0.5556,1.0909,5154648.0
1.0844,20060301,0.0,000005.SZE,18574.69,0.4967,1.0844,1.0726,0.0112,1.0844,before,0.0,1.0844,3307320.4
1.079,20060302,-0.06,000005.SZE,37509.41,1.0031,1.0844,1.0423,0.0335,1.0488,before,-3.352,1.079,6591753.9
1.0844,20060303,0.02,000005.SZE,30453.1,0.8144,1.0488,1.0488,0.0347,1.0607,before,1.1561,1.0542,5345509.9
1.0726,20060306,0.0,000005.SZE,19754.72,0.5283,1.0607,1.0488,0.0229,1.0607,before,0.0,1.0542,3455810.3
1.0607,20060307,-0.06,000005.SZE,35046.98,0.9372,1.0607,1.0121,0.0457,1.024,before,-3.4286,1.0607,5961675.4
1.024,20060308,-0.03,000005.SZE,21800.59,0.583,1.024,0.9938,0.0296,1.0057,before,-1.7751,1.0186,3635199.3
1.024,20060309,0.0,000005.SZE,18716.89,0.5005,1.0057,1.0003,0.0241,1.0057,before,0.0,1.0121,3120307.7
1.0359,20060310,0.04,000005.SZE,20379.16,0.545,1.0057,1.0003,0.0361,1.0305,before,2.4096,1.0057,3405042.7
1.0305,20060313,0.0,000005.SZE,9221.27,0.2466,1.0305,1.0121,0.0176,1.0305,before,0.0,1.0305,1557555.5
1.0305,20060314,-0.04,000005.SZE,10689.65,0.2859,1.0305,1.0057,0.0235,1.0057,before,-2.3529,1.0305,1795462.9
1.0305,20060315,0.03,000005.SZE,14676.42,0.3925,1.0057,1.0121,0.0181,1.024,before,1.8072,1.0121,2465075.9
1.024,20060316,-0.02,000005.SZE,15484.1,0.4141,1.024,1.0057,0.0178,1.0121,before,-1.1834,1.0186,2587796.6
1.0186,20060317,0.01,000005.SZE,12364.94,0.3307,1.0121,1.0003,0.018000000000000002,1.0186,before,0.5988,1.0057,2057470.7
1.0423,20060320,0.04,000005.SZE,24759.31,0.6621,1.0186,1.0057,0.0357,1.0423,before,2.381,1.0186,4202584.6
1.0542,20060321,-0.02,000005.SZE,27139.11,0.7257,1.0423,1.0305,0.0233,1.0305,before,-1.1628,1.0423,4658293.0
1.0359,20060322,0.0,000005.SZE,16680.41,0.4461,1.0305,1.0186,0.0176,1.0305,before,0.0,1.0305,2828828.8
1.0423,20060323,0.02,000005.SZE,17737.89,0.4743,1.0305,1.024,0.0176,1.0423,before,1.1765,1.024,3026618.7
1.0488,20060324,-0.02,000005.SZE,15514.69,0.4149,1.0423,1.024,0.0233,1.0305,before,-1.1628,1.0488,2640015.3
1.0542,20060327,0.04,000005.SZE,32250.37,0.8624,1.0305,1.0057,0.0471,1.0542,before,2.3529,1.0305,5484673.2
1.1092,20060328,0.07,000005.SZE,90946.0,2.432,1.0542,1.0423,0.0632,1.0974,before,4.023,1.0488,16280912.4
1.1028,20060329,-0.03,000005.SZE,58804.28,1.5725,1.0974,1.0726,0.0276,1.079,before,-1.6575,1.0974,10554872.5
1.0909,20060330,-0.03,000005.SZE,35016.06,0.9364,1.079,1.0542,0.0337,1.0607,before,-1.6854,1.0844,6215201.0
1.0844,20060331,0.03,000005.SZE,31045.57,0.8302,1.0607,1.0488,0.0343,1.079,before,1.7143,1.0542,5453971.9
1.0974,20060403,0.0,000005.SZE,37381.53,0.9996,1.079,1.0726,0.0225,1.079,before,0.0,1.079,6670018.4
1.0844,20060404,0.0,000005.SZE,43789.61,1.171,1.079,1.0607,0.0225,1.079,before,0.0,1.079,7730788.5
1.0974,20060405,0.02,000005.SZE,38387.88,1.0266,1.079,1.0672,0.0281,1.0909,before,1.1236,1.0844,6879730.2
1.0974,20060406,-0.02,000005.SZE,33914.89,0.9069,1.0909,1.0726,0.0222,1.079,before,-1.1111,1.0909,6049784.5
1.0844,20060407,0.0,000005.SZE,33855.56,0.9054,1.079,1.0672,0.0169,1.079,before,0.0,1.079,6013615.9
1.133,20060410,0.09,000005.SZE,68188.97,1.8235,1.079,1.079,0.0506,1.133,before,5.0562,1.079,12480911.8
1.188,20060411,0.09,000005.SZE,149009.88,3.9848,1.133,1.1632,0.0214,1.188,before,4.8128,1.1761,29170334.0
1.2484,20060412,0.04,000005.SZE,140225.68,3.7499,1.188,1.1697,0.0663,1.2117,before,2.0408,1.242,27999374.9
1.2668,20060413,0.0,000005.SZE,135624.75,3.6268,1.2117,1.2064,0.05,1.2117,before,0.0,1.2117,27815960.0
1.2301,20060414,0.03,000005.SZE,56593.76,1.5134,1.2117,1.1934,0.03,1.2301,before,1.5,1.2064,11340618.7
1.2905,20060417,0.1,000005.SZE,42567.85,1.1383,1.2301,1.2182,0.0591,1.2905,before,4.9261,1.2301,9025978.2
1.3574,20060418,0.11,000005.SZE,46270.34,1.2373,1.2905,1.3337,0.0188,1.3574,before,5.1643,1.3519999999999999,10352570.3
1.4243,20060419,0.04,000005.SZE,207583.64,5.5511,1.3574,1.3272,0.0714,1.3822,before,1.7857,1.3941,47405307.5
1.4481,20060420,0.1,000005.SZE,176752.72,4.7266,1.3822,1.3822,0.0482,1.4427,before,4.386,1.3822,41863985.8
1.5096,20060421,0.01,000005.SZE,134214.72,3.5891,1.4427,1.3941,0.0798,1.4481,before,0.4202,1.4427,32468163.9
1.4912,20060424,0.0,000005.SZE,101581.69,2.7165,1.4481,1.406,0.0586,1.4481,before,0.0,1.4427,24337872.5
1.4664,20060425,-0.04,000005.SZE,116765.48,3.1225,1.4481,1.406,0.0418,1.4243,before,-1.6736,1.4362,27541550.8
1.4664,20060426,-0.03,000005.SZE,72920.73,1.95,1.4243,1.3822,0.0596,1.406,before,-1.2766,1.4178,17122992.6
1.4783,20060427,0.12,000005.SZE,92091.41,2.4627,1.406,1.3941,0.0603,1.4783,before,5.1724,1.406,22267896.9
1.5516,20060428,0.05,000005.SZE,164368.53,4.3955,1.4783,1.4664,0.0574,1.5096,before,2.0492,1.5398,41229844.8
1.5819,20060508,0.12,000005.SZE,109801.17,2.9363,1.5096,1.515,0.0442,1.5819,before,4.8193,1.5398,28527425.1
1.6606,20060509,0.13,000005.SZE,43142.37,1.1537,1.5819,1.6121,0.0307,1.6606,before,4.9808,1.6369,11782954.9
1.7459,20060525,0.14,000005.SZE,3713.67,0.0993,1.6606,1.7459,0.0,1.7459,before,5.1095,1.7459,1069537.0
1.83,20060526,0.14,000005.SZE,2217.21,0.0593,1.7459,1.83,0.0,1.83,before,4.8611,1.83,669597.4
1.9217,20060529,0.15,000005.SZE,5189.06,0.1388,1.83,1.9217,0.0,1.9217,before,4.9669,1.9217,1644932.0
2.0178,20060530,0.16,000005.SZE,5250.72,0.1404,1.9217,2.0178,0.0,2.0178,before,5.0473,2.0178,1748489.8
2.1214,20060531,0.17,000005.SZE,10740.25,0.2872,2.0178,2.1214,0.0,2.1214,before,5.1051,2.1214,3759087.5
2.2304,20060601,0.18,000005.SZE,7621.96,0.2038,2.1214,2.2304,0.0,2.2304,before,5.1429,2.2304,2804881.3
2.3393,20060602,0.18,000005.SZE,24815.18,0.6636,2.2304,2.3393,0.0,2.3393,before,4.8913,2.3393,9578659.5
2.4548,20060605,0.16,000005.SZE,298264.22,7.9761,2.3393,2.2239,0.0984,2.4364,before,4.1451,2.4548,116204947.3
2.3998,20060731,-1.93,000005.SZE,326874.88,5.2982,2.4364,2.0297,0.092,2.0901,before,-48.01,2.2897,73859139.8
2.0901,20060801,-0.04,000005.SZE,238495.71,3.8657,2.0901,1.9897,0.0478,2.0502,before,-1.9139,2.0502,48008945.8
2.0901,20060802,-0.01,000005.SZE,193453.18,3.1356,2.0502,1.9595,0.0634,2.0404,before,-0.4878,2.0297,38924713.9
2.1397,20060803,0.1,000005.SZE,321987.03,5.2189,2.0404,2.0502,0.0441,2.1397,before,4.902,2.0901,68440820.9
2.2196,20060804,-0.04,000005.SZE,208136.79,3.3736,2.1397,2.0804,0.0654,2.0998,before,-1.8692,2.1095,44810095.7
2.0804,20060807,-0.1,000005.SZE,126897.26,2.0568,2.0998,2.0005,0.0381,2.0005,before,-4.7619,2.0804,25631005.9
2.0404,20060808,0.03,000005.SZE,88401.22,1.4329,2.0005,1.9498,0.045,2.0297,before,1.5,1.98,17764127.3
2.0404,20060809,-0.04,000005.SZE,72041.7,1.1677,2.0297,1.98,0.0296,1.9897,before,-1.9704,2.0297,14415495.3
2.0901,20060810,0.09,000005.SZE,128449.55,2.082,1.9897,1.98,0.0553,2.0804,before,4.5226,2.0005,26414640.9
2.1095,20060811,0.0,000005.SZE,67542.88,1.0948,2.0804,2.0404,0.0337,2.0804,before,0.0,2.0696,14043941.5
2.1505,20060814,0.04,000005.SZE,166612.81,2.7005,2.0804,2.0599,0.0433,2.1203,before,1.9231,2.0804,35284043.5
2.2304,20060815,0.11,000005.SZE,158829.95,2.5744,2.1203,2.0901,0.066,2.2304,before,5.1887,2.0998,34709668.4
2.3404,20060816,0.11,000005.SZE,183179.02,2.9691,2.2304,2.3005,0.0179,2.3404,before,4.9327,2.3199,42703433.0
2.4602,20060817,0.05,000005.SZE,432739.46,7.0141,2.3404,2.3005,0.0684,2.39,before,2.1368,2.4397,103421518.2
2.4203,20060818,-0.1,000005.SZE,191216.4,3.0993,2.39,2.2703,0.0628,2.2897,before,-4.1841,2.3598,44744036.5
2.3598,20060821,0.05,000005.SZE,175591.01,2.8461,2.2897,2.1796,0.0786,2.3404,before,2.1834,2.1796,39762217.8
2.3695,20060822,-0.05,000005.SZE,126670.91,2.0531,2.3404,2.2595,0.047,2.2897,before,-2.1368,2.3102,29384045.4
2.3404,20060823,0.0,000005.SZE,79918.29,1.2954,2.2897,2.2703,0.0306,2.2897,before,0.0,2.3296,18357987.9
2.3998,20060824,0.1,000005.SZE,206641.5,3.3494,2.2897,2.2703,0.0568,2.39,before,4.3668,2.28,48805747.2
2.4904,20060825,0.0,000005.SZE,187710.91,3.0425,2.39,2.3695,0.0502,2.39,before,0.0,2.3998,45392137.0
2.5098,20060828,0.12,000005.SZE,383801.15,6.2208,2.39,2.39,0.0502,2.5098,before,5.0209,2.4203,95224281.0
2.6404,20060829,0.13,000005.SZE,320381.57,5.1929,2.5098,2.5605,0.0319,2.6404,before,5.1793,2.5897,84166483.5
2.7504,20060830,0.04,000005.SZE,578198.61,9.3717,2.6404,2.6199,0.0492,2.6803,before,1.5152,2.7504,155387520.9
2.7397,20060831,0.01,000005.SZE,221542.19,3.5909,2.6803,2.6501,0.0336,2.69,before,0.3731,2.6695,59550948.5
2.7397,20060901,-0.04,000005.SZE,244108.24,3.9566,2.69,2.6199,0.0446,2.6501,before,-1.4869999999999999,2.69,65353111.8
2.6803,20060904,0.01,000005.SZE,139514.68,2.2613,2.6501,2.6199,0.0226,2.6598,before,0.3774,2.6296,36960806.8
2.7202,20060905,0.01,000005.SZE,142496.35,2.3097,2.6598,2.6296,0.0338,2.6695,before,0.3759,2.6598,38102262.8
2.6803,20060906,-0.09,000005.SZE,206535.7,3.3476,2.6695,2.54,0.0524,2.58,before,-3.3708,2.6695,53678105.0
2.5897,20060907,-0.04,000005.SZE,239918.67,3.8887,2.58,2.4505,0.0543,2.54,before,-1.5504,2.5897,59919231.0
2.6296,20060908,0.08,000005.SZE,185964.32,3.0142,2.54,2.4699,0.063,2.6199,before,3.1496,2.5098,47687644.4
2.7202,20060911,0.07,000005.SZE,228560.16,3.7046,2.6199,2.6296,0.0344,2.69,before,2.6718,2.6404,61033255.7
2.7105,20060912,-0.05,000005.SZE,119709.46,1.9403,2.69,2.6296,0.0297,2.6404,before,-1.8587,2.6997,31880610.5
2.6598,20060913,-0.07,000005.SZE,102837.04,1.6668,2.6404,2.5605,0.0379,2.5702,before,-2.6515,2.6296,26769163.1
2.6102,20060914,-0.01,000005.SZE,81983.76,1.3288,2.5702,2.5195,0.035,2.5605,before,-0.3891,2.5605,20884152.2
2.6199,20060915,0.04,000005.SZE,94178.68,1.5265,2.5605,2.5195,0.0391,2.6005,before,1.5625,2.5497,24302312.0
2.6501,20060918,0.03,000005.SZE,115654.15,1.8746,2.6005,2.5702,0.0308,2.6296,before,1.1538,2.6005,30326803.1
2.6695,20060919,0.01,000005.SZE,129759.44,2.1032,2.6296,2.5897,0.0304,2.6404,before,0.3802,2.6296,34093469.1
2.7299,20060920,0.05,000005.SZE,269495.17,4.3681,2.6404,2.6005,0.0492,2.69,before,1.8939,2.6501,72193180.3
2.6997,20060921,-0.04,000005.SZE,131393.77,2.1297,2.69,2.6404,0.0223,2.6501,before,-1.4869999999999999,2.6803,35062429.1
2.6803,20060922,-0.02,000005.SZE,127851.21,2.0723,2.6501,2.6102,0.0264,2.6296,before,-0.7547,2.6404,33818370.0
2.6501,20060925,0.0,000005.SZE,99919.17,1.6195,2.6296,2.58,0.0266,2.6296,before,0.0,2.6199,26116813.2
2.6598,20060926,0.03,000005.SZE,111835.99,1.8127,2.6296,2.5702,0.0342,2.6598,before,1.1407,2.6296,29156724.5
2.6997,20060927,-0.01,000005.SZE,192127.86,3.1141,2.6598,2.6199,0.0301,2.6501,before,-0.3759,2.6501,51219298.7
2.6501,20060928,-0.03,000005.SZE,86984.99,1.4099,2.6501,2.6102,0.0151,2.6199,before,-1.1321,2.6404,22842447.8
2.6598,20060929,0.01,000005.SZE,103417.04,1.6762,2.6199,2.6005,0.0229,2.6296,before,0.3817,2.6199,27140041.1
2.6803,20061009,-0.01,000005.SZE,111516.2,1.8075,2.6296,2.6005,0.0304,2.6199,before,-0.3802,2.6598,29316047.4
2.6296,20061010,-0.04,000005.SZE,146347.47,2.3721,2.6199,2.5702,0.0229,2.58,before,-1.5267,2.6199,37882702.3
2.6404,20061011,0.06,000005.SZE,87696.5,1.4214,2.58,2.5702,0.0271,2.6404,before,2.3256,2.58,22787986.9
2.6501,20061012,-0.05,000005.SZE,126200.59,2.0455,2.6404,2.58,0.0265,2.5897,before,-1.8939,2.6501,33013758.3
2.5897,20061013,-0.02,000005.SZE,115257.77,1.8682,2.5897,2.5605,0.0116,2.5702,before,-0.7722,2.5897,29666900.7
2.5897,20061016,0.01,000005.SZE,111517.42,1.8075,2.5702,2.5303,0.0233,2.58,before,0.3891,2.5702,28465425.3
2.6005,20061017,0.02,000005.SZE,78929.5,1.2793,2.58,2.5605,0.0155,2.6005,before,0.7752,2.58,20400614.5
2.6404,20061018,0.04,000005.SZE,106855.7,1.732,2.6005,2.5605,0.0308,2.6404,before,1.5385,2.6005,27802684.2
2.6296,20061019,-0.05,000005.SZE,67845.15,1.0997,2.6404,2.58,0.0189,2.5897,before,-1.8939,2.6296,17673503.6
2.6005,20061020,-0.01,000005.SZE,69732.65,1.1303,2.5897,2.5605,0.0154,2.58,before,-0.3861,2.6005,17982397.5
2.58,20061023,-0.13,000005.SZE,127715.94,2.0701,2.58,2.4505,0.0504,2.4505,before,-5.0388,2.58,31999037.5
2.5702,20061024,0.12,000005.SZE,114147.35,1.8502,2.4505,2.43,0.0571,2.5702,before,4.898,2.4505,28968571.5
2.6997,20061025,0.07,000005.SZE,367813.24,5.9617,2.5702,2.6102,0.035,2.6404,before,2.7237,2.6803,97965273.6
2.6296,20061026,-0.03,000005.SZE,81742.06,1.3249,2.6404,2.5897,0.0152,2.6102,before,-1.1364,2.6296,21322850.7
2.6005,20061027,-0.06,000005.SZE,82305.82,1.3341,2.6102,2.5001,0.0383,2.5497,before,-2.2989,2.6005,21007734.7
2.5497,20061030,-0.06,000005.SZE,108714.84,1.7621,2.5497,2.43,0.0471,2.4904,before,-2.3529,2.5497,26944958.7
2.5001,20061031,0.01,000005.SZE,66591.8,1.0794,2.4904,2.4505,0.0201,2.5001,before,0.4016,2.4699,16505656.8
2.5195,20061101,-0.02,000005.SZE,61335.99,0.9942,2.5001,2.4505,0.027999999999999997,2.4796,before,-0.8,2.4904,15209147.8
2.4796,20061102,-0.02,000005.SZE,102828.9,1.6667,2.4796,2.4203,0.0242,2.4602,before,-0.8065,2.4796,25183796.8
2.4796,20061103,0.0,000005.SZE,64337.29,1.0428,2.4602,2.43,0.0203,2.4602,before,0.0,2.4505,15818505.1
2.4505,20061106,-0.05,000005.SZE,95614.56,1.5498,2.4602,2.3998,0.0203,2.4095,before,-2.0325,2.43,23131672.7
2.4095,20061107,-0.06,000005.SZE,114844.97,1.8615,2.4095,2.2897,0.0498,2.3501,before,-2.4896,2.3998,26811698.2
2.4095,20061108,0.01,000005.SZE,58893.14,0.9546,2.3501,2.2897,0.0511,2.3598,before,0.4255,2.3404,13913913.6
2.4203,20061109,0.04,000005.SZE,57541.53,0.9327,2.3598,2.3404,0.0339,2.3998,before,1.6949,2.3598,13755565.2
2.4095,20061110,-0.08,000005.SZE,68820.55,1.1155,2.3998,2.3005,0.0458,2.3199,before,-3.3333,2.39,16123711.5
2.3296,20061113,-0.12,000005.SZE,95135.23,1.5419999999999998,2.3199,2.2001,0.055999999999999994,2.2001,before,-5.1724,2.3005,21271484.7
2.2001,20061114,-0.03,000005.SZE,103919.73,1.6844,2.2001,2.0901,0.05,2.1699,before,-1.3636,2.1796,22123607.5
2.2196,20061115,0.04,000005.SZE,69578.55,1.1278,2.1699,2.1505,0.0323,2.2098,before,1.8433,2.1699,15233951.6
2.2196,20061116,-0.06,000005.SZE,76251.23,1.2359,2.2098,2.1397,0.0362,2.1505,before,-2.7149,2.2098,16564348.2
2.2595,20061117,0.11,000005.SZE,88229.88,1.4301,2.1505,2.1203,0.0651,2.2595,before,5.1163,2.1505,19769123.4
2.3695,20061120,0.11,000005.SZE,72621.88,1.1771,2.2595,2.3005,0.031,2.3695,before,4.8673,2.3005,17157725.0
2.4904,20061121,0.05,000005.SZE,228317.09,3.7007,2.3695,2.3998,0.038,2.4203,before,2.1097,2.4796,55702502.7
2.4095,20061122,-0.06,000005.SZE,99098.14,1.6062,2.4203,2.3102,0.0413,2.3598,before,-2.4793,2.4095,23305813.0
2.43,20061123,0.01,000005.SZE,75482.71,1.2235,2.3598,2.3296,0.0424,2.3695,before,0.4237,2.3501,17951033.0
2.4203,20061124,0.03,000005.SZE,85414.76,1.3844,2.3695,2.3296,0.038,2.3998,before,1.2658,2.3598,20320757.2
2.3998,20061127,-0.01,000005.SZE,61792.66,1.0016,2.3998,2.3598,0.0167,2.39,before,-0.4167,2.39,14678251.6
2.4796,20061128,0.05,000005.SZE,130376.9,2.1132,2.39,2.3598,0.0502,2.4397,before,2.0921,2.39,31660700.3
2.4796,20061129,0.01,000005.SZE,101316.85,1.6422,2.4397,2.3598,0.0492,2.4505,before,0.4098,2.4095,24733989.9
2.5195,20061130,0.06,000005.SZE,170006.24,2.7555,2.4505,2.43,0.0367,2.5098,before,2.449,2.4505,42337902.8
2.58,20061201,-0.03,000005.SZE,173527.31,2.8126,2.5098,2.4796,0.0398,2.4796,before,-1.1952,2.5098,43887268.0
2.54,20061204,0.06,000005.SZE,207921.3,3.3701,2.4796,2.4602,0.0323,2.54,before,2.4194,2.4796,51810103.0
2.6695,20061205,0.13,000005.SZE,357545.92,5.7953,2.54,2.5605,0.0433,2.6695,before,5.1181,2.5702,93733554.4
2.8001,20061206,0.04,000005.SZE,473894.84,7.6811,2.6695,2.5897,0.0787,2.7105,before,1.4981,2.7796,129008536.0
2.7397,20061207,-0.1,000005.SZE,228656.35,3.7062,2.7105,2.6102,0.048,2.6102,before,-3.69,2.6997,60877236.5
2.6199,20061208,-0.13,000005.SZE,148123.53,2.4009,2.6102,2.4796,0.0536,2.4796,before,-4.9808,2.5702,37526768.3
2.54,20061211,0.06,000005.SZE,89073.27,1.4437,2.4796,2.4203,0.0484,2.54,before,2.4194,2.43,22240277.2
2.5702,20061212,-0.04,000005.SZE,83898.29,1.3599,2.54,2.4505,0.0472,2.5001,before,-1.5748,2.5702,20965144.7
2.54,20061213,-0.02,000005.SZE,69065.81,1.1195,2.5001,2.4505,0.036000000000000004,2.4796,before,-0.8,2.4904,17250159.0
2.5303,20061214,0.04,000005.SZE,75412.68,1.2223,2.4796,2.4796,0.0202,2.5195,before,1.6129,2.4796,18904257.0
2.5303,20061215,-0.01,000005.SZE,112230.96,1.8191,2.5195,2.4796,0.0198,2.5098,before,-0.3968,2.5195,28043306.5
2.5195,20061218,-0.01,000005.SZE,165706.63,2.6859,2.5098,2.4699,0.0199,2.5001,before,-0.3984,2.5195,41257159.9
2.5001,20061219,-0.04,000005.SZE,133892.41,2.1702,2.5001,2.43,0.027999999999999997,2.4602,before,-1.6,2.4904,32878379.5
2.58,20061220,0.12,000005.SZE,150438.0,2.4384,2.4602,2.43,0.061,2.58,before,4.878,2.4505,38369569.9
2.6695,20061221,-0.03,000005.SZE,219519.7,3.5581,2.58,2.5303,0.0543,2.5497,before,-1.1628,2.6695,57350702.5
2.5897,20061222,0.0,000005.SZE,95311.4,1.5449,2.5497,2.5001,0.0353,2.5497,before,0.0,2.5303,24222428.2
2.6695,20061225,0.06,000005.SZE,177043.84,2.8696,2.5497,2.5098,0.0627,2.6102,before,2.3529,2.5605,45859812.0
2.6598,20061226,-0.04,000005.SZE,102565.5,1.6624,2.6102,2.5497,0.0421,2.5702,before,-1.5326,2.6102,26613738.5
2.5702,20061227,-0.03,000005.SZE,92395.34,1.4976,2.5702,2.5098,0.0233,2.54,before,-1.1673,2.5702,23434060.5
2.5702,20061228,-0.07,000005.SZE,103881.93,1.6838,2.54,2.4602,0.0433,2.4699,before,-2.7559,2.5303,26009873.1
2.5195,20061229,0.02,000005.SZE,117452.91,1.9037,2.4699,2.4699,0.0202,2.4904,before,0.8097,2.4699,29244989.0
2.7904,20070110,0.13,000005.SZE,371912.31,6.0281,2.6598,2.6598,0.0489,2.7904,before,4.8872,2.6598,102239822.0
2.9296,20070111,0.14,000005.SZE,424459.39,6.8799,2.7904,2.8001,0.0466,2.9296,before,5.0179,2.8001,123635107.0
2.99,20070112,-0.15,000005.SZE,316023.03,5.1223,2.9296,2.7796,0.0717,2.7796,before,-5.1195,2.9695,90460945.6
3.0202,20070116,0.14,000005.SZE,385291.89,6.245,2.8799,2.84,0.0625,3.0202,before,4.8611,2.9101,113794008.9
3.1702,20070117,0.04,000005.SZE,407410.15,6.6035,3.0202,2.9695,0.0662,3.0601,before,1.3245,3.0396,124943962.5
3.0105,20070119,0.04,000005.SZE,246531.05,3.9959,2.9501,2.9101,0.0339,2.99,before,1.3559,2.9501,73018472.3
3.2802,20070130,-0.1,000005.SZE,189587.36,3.0729,3.25,3.1497,0.04,3.1497,before,-3.0769,3.25,60636496.7
3.1303,20070131,-0.16,000005.SZE,228672.44,3.7064,3.1497,2.99,0.0444,2.99,before,-5.0794,3.1303,69461403.2
2.9695,20070201,-0.05,000005.SZE,204813.73,3.3197,2.99,2.84,0.0435,2.9404,before,-1.6722,2.9404,59530367.0
3.0903,20070202,0.02,000005.SZE,186377.31,3.0209,2.9404,2.8799,0.0714,2.9598,before,0.6803,2.9404,56065753.4
3.1,20070207,0.02,000005.SZE,124627.25,2.02,3.0396,3.0299,0.023,3.0601,before,0.6579,3.0698,38138688.5
3.0795,20070209,-0.03,000005.SZE,132531.69,2.1481,3.0601,3.0105,0.0229,3.0299,before,-0.9804,3.0504,40282790.4
3.1799,20070212,0.15,000005.SZE,233926.37,3.7916,3.0299,3.0299,0.0495,3.1799,before,4.9505,3.0299,73105015.0
3.3396,20070213,0.16,000005.SZE,196303.63,3.1818,3.1799,3.2597,0.0252,3.3396,before,5.0314,3.2997,65180549.2
3.5101,20070214,0.17,000005.SZE,109704.22,1.7781,3.3396,3.4799,0.009000000000000001,3.5101,before,5.0898,3.5101,38475999.8
3.6903,20070215,0.18,000005.SZE,29836.74,0.4836,3.5101,3.6903,0.0,3.6903,before,5.1282,3.6903,11009757.1
3.8705,20070216,0.05,000005.SZE,685893.08,11.1173,3.6903,3.7,0.0461,3.7399,before,1.355,3.8705,261396650.7
4.1402,20070302,-0.02,000005.SZE,192995.05,3.1282,4.0399,3.96,0.0446,4.0205,before,-0.495,4.0496,77915120.5
4.0604,20070306,0.02,000005.SZE,162640.36,2.6362,3.9902,3.8899,0.0426,4.0097,before,0.5013,3.9697,64859618.8
4.1003,20070307,0.03,000005.SZE,175230.85,2.8402,4.0097,3.9805,0.0299,4.0399,before,0.7481,4.0,71002295.4
4.4499,20070309,0.12,000005.SZE,336897.85,5.4606,4.2395,4.26,0.0448,4.3604,before,2.8302,4.4499,147765854.0
4.5805,20070312,0.22,000005.SZE,207752.79,3.3674,4.3604,4.3701,0.0482,4.5805,before,5.0459,4.4402,93093164.7
5.0498,20070314,0.18,000005.SZE,404783.02,6.5609,4.8103,4.6096,0.0915,4.9905,before,3.7422,4.8999,199176344.3
5.0801,20070316,-0.15,000005.SZE,251471.66,4.0760000000000005,5.0401,4.8502,0.0456,4.8902,before,-2.9762,5.0498,124225802.9
4.9603,20070319,0.02,000005.SZE,203569.56,3.2996,4.8902,4.6495,0.0634,4.9096,before,0.409,4.6905,98572926.6
5.5505,20070323,0.26,000005.SZE,466458.4,7.5606,5.2905,5.38,0.0321,5.5505,before,4.9149,5.4804,257553528.9
6.0695,20070329,-0.3,000005.SZE,305321.33,4.9488,6.09,5.7901,0.046,5.7901,before,-4.9261,6.0695,179250897.8
6.0695,20070330,0.13,000005.SZE,437409.18,7.0898,5.7901,5.4998,0.0984,5.9195,before,2.2453,5.5095,248041266.4
6.1202,20070404,-0.09,000005.SZE,197865.91,3.2071,6.0997,5.9595,0.0262,6.0102,before,-1.4754,6.0997,119394956.1
6.1796,20070405,0.06,000005.SZE,182236.53,2.9538,6.0102,5.94,0.0399,6.0695,before,0.9983,6.0005,110691209.5
6.1505,20070406,-0.07,000005.SZE,314946.12,5.1048,6.0695,5.9595,0.0313,6.0005,before,-1.1532,6.0296,189906038.0
6.3004,20070409,0.3,000005.SZE,413431.64,6.7011,6.0005,5.9595,0.0567,6.3004,before,5.0,6.0005,253048670.2
6.5001,20070412,0.0,000005.SZE,289396.64,4.6907,6.39,6.2605,0.0376,6.39,before,0.0,6.3803,184140702.4
6.7105,20070413,0.07,000005.SZE,517830.92,8.3933,6.39,6.2497,0.07200000000000001,6.4601,before,1.0955,6.3296,336646118.3
6.7795,20070416,0.32,000005.SZE,469655.93,7.6124,6.4601,6.3997,0.0588,6.7795,before,4.9536,6.4299,313908972.0
7.1205,20070417,0.34,000005.SZE,469519.24,7.6102,6.7795,6.9997,0.0177,7.1205,before,5.0147,7.1097,333988927.5
7.7204,20070426,0.37,000005.SZE,299617.93,4.8564,7.3503,7.4,0.0435,7.7204,before,5.034,7.4,229747888.6
8.11,20070509,0.39,000005.SZE,276437.26,4.4806,7.7204,7.8003,0.0402,8.11,before,5.0518,8.11,223065627.4
8.4704,20070510,0.06,000005.SZE,448176.47,7.2643,8.11,8.1003,0.0456,8.1704,before,0.7398,8.4704,371880282.0
8.1898,20070511,-0.16,000005.SZE,298317.82,4.8353,8.1704,7.8499,0.0416,8.0096,before,-1.9584,8.1704,238260255.0
8.1898,20070514,-0.05,000005.SZE,311170.45,5.0436,8.0096,7.6999,0.0612,7.96,before,-0.6242,7.8197,249260628.4
8.3495,20070515,0.12,000005.SZE,452006.56,7.3264,7.96,7.9104,0.0553,8.0798,before,1.5075,7.96,367555956.7
8.1995,20070516,0.03,000005.SZE,264540.1,4.2878,8.0798,7.8596,0.0421,8.11,before,0.3713,8.0798,212820894.4
8.4995,20070517,0.24,000005.SZE,393757.91,6.3822,8.11,8.1305,0.0456,8.3495,before,2.9593,8.1305,327914244.0
8.5999,20070518,0.13,000005.SZE,381315.76,6.1806,8.3495,8.2999,0.0359,8.4801,before,1.5569,8.4304,323348836.5
8.8998,20070521,0.42,000005.SZE,442841.69,7.1778,8.4801,8.1197,0.092,8.8998,before,4.9528,8.2502,386329657.8
8.4596,20070711,-0.44,000005.SZE,28946.0,0.4692,8.8998,8.4596,0.0,8.4596,before,-4.9438,8.4596,24488316.0
7.6395,20070713,-0.4,000005.SZE,4190.0,0.0679,8.0398,7.6395,0.0,7.6395,before,-4.9751,7.6395,3201160.0
7.2597,20070716,-0.38,000005.SZE,5124.0,0.0831,7.6395,7.2597,0.0,7.2597,before,-4.9738,7.2597,3720024.0
7.8003,20070801,-0.35,000005.SZE,474512.53,7.6911,7.4895,7.1205,0.0908,7.1399,before,-4.6729,7.66,355807069.1
7.4205,20070802,0.27,000005.SZE,287602.42,4.6615,7.1399,6.95,0.0658,7.4097,before,3.7815,7.1097,208727644.1
7.6503,20070803,0.02,000005.SZE,271931.41,4.4075,7.4097,7.3298,0.0432,7.4302,before,0.2699,7.5996,202589160.8
7.8003,20070806,0.37,000005.SZE,326664.98,4.5051,7.4302,7.5003,0.0404,7.8003,before,4.9798,7.6999,250724906.6
8.1898,20070807,0.02,000005.SZE,319033.59,4.3998,7.8003,7.7097,0.0615,7.8197,before,0.2564,7.9395,254449365.6
7.7496,20070808,-0.38,000005.SZE,213886.5,2.9497,7.8197,7.4302,0.0409,7.4399,before,-4.8593,7.6999,161400239.7
7.7798,20070809,0.12,000005.SZE,133288.5,1.8382,7.4399,7.4895,0.039,7.5597,before,1.6129,7.6395,101029115.9
7.5197,20070810,-0.36,000005.SZE,193176.53,2.6641,7.5597,7.1799,0.045,7.2004,before,-4.7619,7.5197,140001425.1
7.3503,20070813,-0.11,000005.SZE,142847.94,1.97,7.2004,6.9705,0.0528,7.0903,before,-1.5278,7.1,101578649.1
7.3298,20070814,0.13,000005.SZE,120605.35,1.6633,7.0903,7.1,0.0324,7.2198,before,1.8336,7.1,87004438.9
7.5003,20070815,0.15,000005.SZE,216943.69,2.9919,7.2198,7.1496,0.0485,7.3698,before,2.0776,7.2101,159440939.9
7.66,20070816,0.26,000005.SZE,236177.62,3.2572,7.3698,7.2597,0.0543,7.6298,before,3.5278,7.3698,176916495.9
7.8996,20070817,-0.13,000005.SZE,268272.35,3.6998,7.6298,7.5003,0.0524,7.5003,before,-1.7038,7.7302,206716793.7
7.81,20070820,0.18,000005.SZE,269051.1,3.7105,7.5003,7.6503,0.0213,7.6805,before,2.4,7.7604,207535459.9
7.7496,20070821,-0.05,000005.SZE,209911.44,2.8949,7.6805,7.51,0.0313,7.6298,before,-0.6509999999999999,7.6503,159889569.9
7.7302,20070822,0.01,000005.SZE,186637.84,2.574,7.6298,7.4496,0.0367,7.6395,before,0.1311,7.51,142173275.7
7.8402,20070823,0.2,000005.SZE,253979.33,3.5027,7.6395,7.6395,0.0262,7.8402,before,2.6178,7.6395,196853368.9
8.0603,20070824,-0.05,000005.SZE,232853.89,3.2113,7.8402,7.7204,0.0434,7.7895,before,-0.6378,7.9805,182866005.2
7.8996,20070828,-0.32,000005.SZE,238668.86,3.2915,7.7895,7.4496,0.0578,7.4701,before,-4.1078,7.8996,181376822.6
7.5305,20070829,-0.22,000005.SZE,171453.53,2.3645,7.4701,7.2101,0.0428,7.25,before,-2.9451,7.4,125153516.4
7.6104,20070830,0.36,000005.SZE,171740.51,2.3685,7.25,7.25,0.0497,7.6104,before,4.9655,7.2996,129189065.5
7.9902,20070831,0.38,000005.SZE,155693.57,2.1472,7.6104,7.7798,0.0276,7.9902,before,4.9934,7.8996,124060320.9
8.3905,20070903,0.4,000005.SZE,81818.41,1.1284,7.9902,8.2999,0.0113,8.3905,before,5.0063,8.3905,68625587.8
8.7995,20070904,-0.16,000005.SZE,494361.99,6.8178,8.3905,8.0398,0.0906,8.2297,before,-1.9069999999999998,8.7995,418501864.7
8.4402,20070905,-0.1,000005.SZE,198543.59,2.7381,8.2297,7.9999,0.0535,8.1305,before,-1.2151,8.2103,162498871.0
8.4898,20070906,0.09,000005.SZE,212747.23,2.9339999999999997,8.1305,8.1402,0.0431,8.22,before,1.107,8.2297,176249026.8
8.1995,20070907,-0.4,000005.SZE,254403.85,3.5085,8.22,7.81,0.0474,7.8197,before,-4.8662,8.1801,203802217.7
8.1003,20070910,0.16,000005.SZE,199629.58,2.7531,7.8197,7.5402,0.0716,7.9805,before,2.046,7.6201,158198138.5
8.0798,20070911,-0.4,000005.SZE,189796.15,2.6175,7.9805,7.5802,0.0627,7.5802,before,-5.0125,8.0096,147182160.6
7.96,20070912,0.38,000005.SZE,222824.26,3.073,7.5802,7.2802,0.0897,7.96,before,5.0132,7.5402,168062069.6
8.2697,20070913,0.1,000005.SZE,274209.53,3.7817,7.96,7.9503,0.0402,8.0603,before,1.2563,8.2697,222382421.8
8.1197,20070914,-0.13,000005.SZE,147649.6,2.0363,8.0603,7.7097,0.0509,7.9298,before,-1.6129,7.9999,117176211.3
8.1003,20070917,0.06,000005.SZE,177769.84,2.4517,7.9298,7.81,0.0366,7.9902,before,0.7566,7.8899,141831126.1
8.0495,20070918,-0.18,000005.SZE,161671.66,2.2296,7.9902,7.6999,0.0438,7.81,before,-2.2528,8.0096,126806184.2
7.8801,20070919,-0.18,000005.SZE,128146.09,1.7673,7.81,7.5899,0.0371,7.6298,before,-2.3047,7.8003,98966431.8
7.8704,20070920,0.11,000005.SZE,107548.81,1.4832,7.6298,7.6805,0.0249,7.7399,before,1.4417,7.7496,83494336.9
7.7701,20070921,-0.2,000005.SZE,127788.49,1.7624,7.7399,7.4399,0.0426,7.5402,before,-2.5839999999999996,7.7604,96639705.1
7.9201,20070924,0.38,000005.SZE,195902.79,2.7017,7.5402,7.5197,0.0531,7.9201,before,5.0398,7.6999,152788229.9
8.1995,20070925,0.14,000005.SZE,236787.81,3.2656,7.9201,7.8996,0.0379,8.0603,before,1.7677,8.0204,190737153.7
8.1305,20070926,-0.31,000005.SZE,111038.23,1.5313,8.0603,7.7097,0.0521,7.7496,before,-3.8462,8.0603,87576391.8
7.8996,20070927,0.07,000005.SZE,86147.23,1.1881,7.7496,7.5802,0.0413,7.8197,before,0.9032,7.7496,66600854.1
7.9805,20070928,0.05,000005.SZE,110756.66,1.5275,7.8197,7.8197,0.0205,7.8704,before,0.6394,7.9503,87516695.5
8.0495,20071008,-0.02,000005.SZE,151166.57,2.0848,7.8704,7.81,0.0305,7.8499,before,-0.2541,7.9999,119698719.8
8.1801,20071009,0.23,000005.SZE,188816.25,2.6039999999999996,7.8499,7.8003,0.0484,8.0798,before,2.9299,7.9201,151562174.1
8.4801,20071010,0.4,000005.SZE,135328.55,1.8663,8.0798,8.2697,0.026000000000000002,8.4801,before,4.9505,8.2805,114385906.9
8.8998,20071011,-0.26,000005.SZE,517391.02,7.1354,8.4801,8.0603,0.0991,8.22,before,-3.0660000000000003,8.8998,443173742.7
8.2103,20071012,-0.32,000005.SZE,238857.44,3.2941,8.22,7.81,0.0487,7.8996,before,-3.8929,8.1995,188612756.0
7.8899,20071015,-0.05,000005.SZE,153034.77,2.1105,7.8996,7.5996,0.0367,7.8499,before,-0.6329,7.8899,118344378.3
7.9902,20071016,0.0,000005.SZE,93199.23,1.2853,7.8499,7.66,0.042,7.8499,before,0.0,7.8305,72988651.2
7.9805,20071017,-0.09,000005.SZE,84006.19,1.1585,7.8499,7.6201,0.0459,7.7604,before,-1.1465,7.8499,64968857.2
7.7496,20071018,-0.2,000005.SZE,91510.22,1.262,7.7604,7.55,0.0258,7.5597,before,-2.5773,7.7496,69633323.5
7.8003,20071019,0.11,000005.SZE,65964.78,0.9097,7.5597,7.5597,0.0317,7.6697,before,1.455,7.5597,50653815.9
7.8801,20071022,-0.02,000005.SZE,83920.92,1.1574,7.6697,7.6104,0.0352,7.6503,before,-0.2608,7.6697,64964600.5
7.8003,20071023,-0.11,000005.SZE,82763.8,1.1414,7.6503,7.2802,0.068,7.5402,before,-1.4379,7.6503,62007870.9
7.5996,20071024,-0.25,000005.SZE,76583.73,1.0562,7.5402,7.2802,0.0424,7.2899,before,-3.3156,7.5197,56575829.3
7.2295,20071025,-0.36,000005.SZE,97210.9,1.3407,7.2899,6.9295,0.0412,6.9295,before,-4.9383,7.2101,67709615.6
6.8,20071026,-0.25,000005.SZE,125079.43,1.725,6.9295,6.5799,0.0317,6.6803,before,-3.6075,6.5799,82851024.9
7.0104,20071029,0.33,000005.SZE,32967.47,0.4547,6.6803,6.8,0.0314,7.0104,before,4.9401,6.9295,22954770.9
7.3395,20071030,-0.09,000005.SZE,86676.78,1.1954,7.0104,6.7903,0.0785,6.9198,before,-1.2839,7.3395,60892730.2
7.2705,20071031,0.35,000005.SZE,115527.42,1.5933,6.9198,6.8,0.0679,7.2705,before,5.0578,6.9802,81984609.0
7.5003,20071101,-0.05,000005.SZE,79572.77,1.0974,7.2705,7.0903,0.0564,7.2198,before,-0.6878,7.2004,57533862.7
7.2996,20071102,-0.26,000005.SZE,70364.53,0.9704,7.2198,6.9295,0.0512,6.9597,before,-3.6011,7.0795,49852999.1
7.2597,20071105,0.06,000005.SZE,49787.94,0.6866,6.9597,6.8497,0.0589,7.0202,before,0.8621,6.9997,35176438.5
7.2295,20071106,0.05,000005.SZE,43684.25,0.6025,7.0202,6.9997,0.0328,7.0698,before,0.7123,7.0202,31109383.4
7.1799,20071107,-0.17,000005.SZE,63446.86,0.875,7.0698,6.8,0.0537,6.9004,before,-2.4045,7.0698,44143550.5
6.9899,20071108,-0.28,000005.SZE,71143.06,0.9811,6.9004,6.6004,0.0565,6.6198,before,-4.058,6.84,47720678.0
6.7601,20071109,0.12,000005.SZE,55132.8,0.7603,6.6198,6.4796,0.0423,6.7396,before,1.8127,6.6004,36508093.6
6.7396,20071112,-0.31,000005.SZE,61330.0,0.8458,6.7396,6.3997,0.0504,6.4299,before,-4.5994,6.65,39735203.0
6.6004,20071113,0.05,000005.SZE,40252.58,0.5551,6.4299,6.3997,0.0311,6.4796,before,0.7776,6.4698,26072143.0
6.7299,20071114,0.2,000005.SZE,53919.33,0.7436,6.4796,6.4796,0.0386,6.6803,before,3.0864,6.5195,35683019.4
6.7504,20071116,-0.13,000005.SZE,42950.55,0.5923,6.6803,6.4504,0.0449,6.5497,before,-1.9461,6.5001,28236191.2
6.6803,20071119,0.12,000005.SZE,34109.63,0.4704,6.5497,6.5195,0.0244,6.6695,before,1.8321,6.5497,22583729.3
6.8702,20071120,0.09,000005.SZE,50096.82,0.6909,6.6695,6.6101,0.039,6.7601,before,1.3493,6.6101,33836474.9
6.8497,20071121,-0.13,000005.SZE,36861.8,0.5084,6.7601,6.6004,0.037000000000000005,6.6295,before,-1.9231,6.7601,24639557.4
6.5702,20071122,-0.33,000005.SZE,68289.91,0.9418,6.6295,6.3004,0.0407,6.3004,before,-4.9774,6.5702,43487961.2
6.3004,20071123,-0.04,000005.SZE,51061.93,0.7042,6.3004,6.0199,0.0444,6.2605,before,-0.6349,6.2098,31229166.2
6.39,20071126,-0.25,000005.SZE,68223.51,0.9409,6.2605,6.0102,0.0607,6.0102,before,-3.9936,6.3199,42137752.7
6.2001,20071127,0.04,000005.SZE,50168.84,0.6919,6.0102,5.9498,0.0416,6.0501,before,0.6656,5.9595,30468408.5
6.1202,20071128,-0.1,000005.SZE,35847.9,0.4944,6.0501,5.94,0.0298,5.9498,before,-1.6529,6.0501,21581024.6
6.09,20071129,0.14,000005.SZE,45319.54,0.625,5.9498,5.9595,0.0218,6.09,before,2.3529,6.0005,27337352.9
6.1602,20071130,-0.1,000005.SZE,36254.97,0.5,6.09,5.98,0.0296,5.9897,before,-1.642,6.1105,21896825.0
6.2897,20071203,0.3,000005.SZE,81156.69,1.1192,5.9897,5.9595,0.0551,6.2897,before,5.0083,5.9595,50031936.9
6.5799,20071204,0.09,000005.SZE,138083.08,1.9043,6.2897,6.2897,0.0461,6.3803,before,1.4308,6.4504,89314208.4
6.54,20071205,0.12,000005.SZE,66707.24,0.92,6.3803,6.2605,0.0439,6.5001,before,1.8809,6.3803,42762369.9
6.7903,20071206,0.18,000005.SZE,123272.94,1.7001,6.5001,6.5799,0.0323,6.6803,before,2.7692,6.69,82265214.9
6.7202,20071207,-0.02,000005.SZE,54212.78,0.7477,6.6803,6.5001,0.0329,6.6598,before,-0.2994,6.6598,35847441.6
6.8497,20071210,0.07,000005.SZE,93002.42,1.2826,6.6598,6.4396,0.0616,6.7299,before,1.0511,6.5001,62154742.3
6.8,20071211,0.01,000005.SZE,43497.99,0.5999,6.7299,6.6695,0.0193,6.7396,before,0.1486,6.8,29221066.8
6.7299,20071212,-0.22,000005.SZE,120638.42,1.6637,6.7396,6.4904,0.0356,6.5195,before,-3.2641,6.7202,79159355.6
6.5896,20071213,-0.01,000005.SZE,80880.06,1.1154,6.5195,6.4396,0.023,6.5098,before,-0.1534,6.4698,52806255.9
6.7396,20071214,0.09,000005.SZE,51920.01,0.716,6.5098,6.4504,0.0445,6.6004,before,1.3825,6.4796,34218089.1
6.65,20071217,-0.32,000005.SZE,83590.09,1.1528,6.6004,6.2702,0.0576,6.2799,before,-4.8485,6.65,53389946.2
6.3695,20071218,-0.09,000005.SZE,79058.75,1.0851,6.2799,6.1505,0.035,6.1904,before,-1.4331,6.3004,49188967.4
6.3803,20071219,0.17,000005.SZE,57719.27,0.7922,6.1904,6.2303,0.0242,6.3598,before,2.7464,6.2497,36372603.5
6.5098,20071220,0.11,000005.SZE,61184.49,0.8397,6.3598,6.3004,0.033,6.4698,before,1.7296,6.3199,39515550.4
6.5799,20071221,0.08,000005.SZE,70601.85,0.9690000000000001,6.4698,6.39,0.0294,6.5497,before,1.2365,6.3997,45923528.5
6.7105,20071224,0.03,000005.SZE,106685.23,1.4642,6.5497,6.54,0.026000000000000002,6.5799,before,0.45799999999999996,6.54,70668338.4
6.6997,20071226,0.2,000005.SZE,127264.88,1.7467,6.4904,6.3997,0.0462,6.69,before,3.0817,6.4904,84054307.7
6.84,20071227,0.09,000005.SZE,111995.8,1.5371,6.69,6.6803,0.0239,6.7795,before,1.3453,6.7202,75883082.0
7.1205,20071228,0.33,000005.SZE,205721.48,2.8235,6.7795,6.7202,0.059000000000000004,7.1097,before,4.8673,6.8,143217733.8
7.3201,20080102,0.09,000005.SZE,159886.69,2.1944,7.1097,6.9997,0.045,7.2004,before,1.2658,7.1205,114990805.2
7.5597,20080103,0.27,000005.SZE,131913.81,1.8105,7.2004,7.1205,0.0611,7.4701,before,3.75,7.1799,98203091.9
7.5899,20080104,-0.09,000005.SZE,118023.38,1.6198,7.4701,7.3104,0.0375,7.3795,before,-1.2048,7.5899,87846974.3
7.5899,20080107,0.21,000005.SZE,164058.68,2.2516,7.3795,7.1604,0.0583,7.5899,before,2.8455,7.3795,121539197.8
7.7701,20080108,-0.2,000005.SZE,154273.27,2.1173,7.5899,7.2802,0.0646,7.3903,before,-2.635,7.5899,116451766.5
7.4798,20080109,0.07,000005.SZE,90817.8,1.2464,7.3903,7.2597,0.0298,7.4604,before,0.9472,7.3903,67172108.0
7.7496,20080110,0.13,000005.SZE,128844.83,1.7684,7.4604,7.4097,0.0456,7.5899,before,1.7426,7.5003,98092874.4
7.7496,20080111,0.15,000005.SZE,117533.54,1.6131,7.5899,7.5305,0.028999999999999998,7.7399,before,1.9763,7.6201,90261015.8
7.9902,20080114,-0.04,000005.SZE,119773.62,1.6439,7.7399,7.6697,0.0413,7.6999,before,-0.5168,7.7701,93982167.9
7.7798,20080115,-0.03,000005.SZE,126908.22,1.7418,7.6999,7.5802,0.026000000000000002,7.6697,before,-0.3896,7.7204,97211409.8
7.5996,20080116,-0.38,000005.SZE,173604.78,2.3827,7.6697,7.2899,0.0404,7.2899,before,-4.9544,7.5899,128079435.6
7.4205,20080117,-0.07,000005.SZE,105556.24,1.4487,7.2899,6.9295,0.0672,7.2198,before,-0.9602,7.1604,75810409.4
7.3698,20080118,0.08,000005.SZE,65850.35,0.9038,7.2198,7.1896,0.0249,7.2996,before,1.1079999999999999,7.1896,47944679.6
7.5899,20080121,0.15,000005.SZE,167685.81,2.3014,7.2996,7.2403,0.0479,7.4496,before,2.0548,7.3503,124602935.1
7.81,20080122,-0.36,000005.SZE,550111.1,7.5501,7.4496,7.0795,0.098,7.0903,before,-4.8322,7.5899,413590676.0
7.4,20080123,0.31,000005.SZE,211601.86,2.9042,7.0903,6.9004,0.0705,7.4,before,4.3724,6.9004,151696200.6
7.5802,20080124,0.0,000005.SZE,162405.66,2.229,7.4,7.3903,0.0257,7.4,before,0.0,7.5003,121613011.8
7.5003,20080125,-0.08,000005.SZE,120122.42,1.6486,7.4,7.2004,0.0405,7.3201,before,-1.0811,7.3503,87782181.7
7.2996,20080128,-0.37,000005.SZE,94995.98,1.3038,7.3201,6.95,0.0478,6.95,before,-5.0546,7.2996,66519567.5
7.0299,20080129,0.07,000005.SZE,133000.27,1.8254,6.95,6.6004,0.0619,7.0202,before,1.0072,6.7299,90274720.6
7.25,20080130,0.1,000005.SZE,124433.98,1.7078,7.0202,6.8,0.0641,7.1205,before,1.4245,7.25,88006190.1
7.1604,20080131,-0.21,000005.SZE,42593.4,0.5846,7.1205,6.9101,0.0351,6.9101,before,-2.9494,7.1205,29904093.5
6.9802,20080201,-0.35,000005.SZE,93044.53,1.2770000000000001,6.9101,6.5605,0.0608,6.5605,before,-5.0651,6.9004,61704674.7
6.8896,20080204,0.33,000005.SZE,65808.16,0.9032,6.5605,6.6198,0.0412,6.8896,before,5.0305,6.6198,44947146.2
7.2295,20080205,0.3,000005.SZE,152200.17,2.0889,6.8896,7.0299,0.028999999999999998,7.1896,before,4.3541,7.1496,109243380.1
7.2295,20080213,-0.1,000005.SZE,48385.23,0.6641,7.1896,6.9802,0.0348,7.0903,before,-1.3908,7.1604,34439487.1
7.2004,20080214,0.06,000005.SZE,47061.61,0.6459,7.0903,7.0795,0.0169,7.1496,before,0.8463,7.1302,33606908.4
7.1399,20080215,-0.14,000005.SZE,55940.29,0.7678,7.1496,6.8896,0.035,7.0104,before,-1.9580000000000002,7.1,39031291.2
7.2295,20080218,0.12,000005.SZE,72870.18,1.0001,7.0104,7.0202,0.03,7.1302,before,1.7118,7.0903,51854046.2
7.2101,20080219,0.04,000005.SZE,92317.09,1.2670000000000001,7.1302,7.0698,0.0196,7.1701,before,0.561,7.1302,66011230.9
7.2597,20080220,0.01,000005.SZE,71903.81,0.9869,7.1701,7.1097,0.0209,7.1799,before,0.1395,7.1799,51714057.7
7.2705,20080221,0.02,000005.SZE,68343.41,0.938,7.1799,7.0601,0.0292,7.2004,before,0.2786,7.1,49077480.3
7.3698,20080222,-0.02,000005.SZE,101323.12,1.3906,7.2004,7.0698,0.0417,7.1799,before,-0.2778,7.2004,73174856.3
7.36,20080225,0.03,000005.SZE,115909.43,1.5908,7.1799,7.1,0.0362,7.2101,before,0.4178,7.1896,84072313.0
7.4604,20080226,0.2,000005.SZE,142034.8,1.9494,7.2101,7.2295,0.0319,7.4097,before,2.7739,7.2996,104435343.9
7.6503,20080227,-0.08,000005.SZE,126808.26,1.7404,7.4097,7.3298,0.0432,7.3298,before,-1.0796,7.5996,94755657.0
7.3903,20080228,-0.03,000005.SZE,98047.58,1.3457,7.3298,7.1399,0.0341,7.2996,before,-0.4093,7.3395,70890185.0
7.3503,20080229,-0.02,000005.SZE,58013.77,0.7962,7.2996,7.2101,0.0192,7.2802,before,-0.27399999999999997,7.25,42264219.1
7.5402,20080303,0.17,000005.SZE,120418.88,1.6527,7.2802,7.1496,0.0536,7.4496,before,2.3352,7.2802,88972547.8
7.5802,20080304,0.12,000005.SZE,148519.51,2.0384,7.4496,7.3298,0.0336,7.5705,before,1.6107,7.4496,110602621.3
7.9503,20080305,0.38,000005.SZE,420747.48,5.7746,7.5705,7.5802,0.0489,7.9503,before,5.0198,7.6395,325279805.6
8.3495,20080306,-0.05,000005.SZE,341630.29,4.6888,7.9503,7.8996,0.0566,7.8996,before,-0.6289,8.0798,278204292.9
8.1402,20080307,-0.02,000005.SZE,149313.34,2.0493,7.8996,7.7496,0.0494,7.8801,before,-0.2532,7.8899,118774953.9
8.0895,20080310,-0.15,000005.SZE,132642.21,1.8205,7.8801,7.6503,0.0558,7.7302,before,-1.9036,7.8899,104604956.7
7.9503,20080311,0.17,000005.SZE,103594.85,1.4218,7.7302,7.5996,0.0453,7.8996,before,2.1992,7.6999,80507261.8
8.0798,20080312,-0.24,000005.SZE,88445.71,1.2139,7.8996,7.5996,0.0608,7.66,before,-3.0380000000000003,7.9999,68840607.2
7.6201,20080313,-0.38,000005.SZE,115827.66,1.5897,7.66,7.2802,0.0444,7.2802,before,-4.9608,7.5003,85227976.8
7.4399,20080314,-0.05,000005.SZE,62897.39,0.8632,7.2802,7.1,0.0467,7.2295,before,-0.6868,7.1496,45566117.8
7.2004,20080317,-0.36,000005.SZE,92406.93,1.2683,7.2295,6.8702,0.0456,6.8702,before,-4.9793,7.1896,64344891.7
6.9004,20080318,-0.34,000005.SZE,62367.13,0.856,6.8702,6.5303,0.0539,6.5303,before,-4.9491,6.7504,41206826.8
6.7698,20080319,0.17,000005.SZE,114003.72,1.5647,6.5303,6.2098,0.0858,6.6997,before,2.6034,6.54,74315187.9
7.0396,20080320,0.34,000005.SZE,178734.75,2.4531,6.6997,6.69,0.0522,7.0396,before,5.0746,6.8896,123363536.4
7.2996,20080321,0.04,000005.SZE,107614.9,1.4769999999999999,7.0396,7.0396,0.0369,7.0795,before,0.5682,7.1496,77105469.2
7.4302,20080324,0.2,000005.SZE,119087.78,1.6344,7.0795,7.1496,0.0395,7.2802,before,2.8249,7.1496,87463789.1
7.4496,20080325,0.09,000005.SZE,75490.01,1.0361,7.2802,7.0601,0.0536,7.3698,before,1.2363,7.1799,54953026.7
7.4496,20080326,0.01,000005.SZE,53204.42,0.7302,7.3698,7.1799,0.0366,7.3795,before,0.1357,7.3503,38871288.0
7.4895,20080327,-0.37,000005.SZE,85696.55,1.1762,7.3795,7.0104,0.065,7.0104,before,-5.0136,7.2101,60830415.1
7.1496,20080328,0.14,000005.SZE,93978.21,1.2898,7.0104,6.6598,0.0699,7.1496,before,1.9971,6.8,64769556.1
7.1399,20080331,-0.29,000005.SZE,44690.5,0.6134,7.1496,6.7903,0.049,6.8605,before,-4.0559,6.9597,31138803.0
6.9899,20080401,-0.34,000005.SZE,61579.62,0.8452,6.8605,6.5195,0.0685,6.5195,before,-4.9563,6.8205,40990123.5
6.5605,20080402,-0.33,000005.SZE,90813.15,1.2464,6.5195,6.1904,0.0567,6.1904,before,-5.0613,6.2303,56894804.1
6.2001,20080403,-0.09,000005.SZE,82569.96,1.1332,6.1904,5.8796,0.0517,6.0997,before,-1.454,6.0102,49327704.1
6.4105,20080407,0.31,000005.SZE,60865.94,0.8354,6.0997,5.98,0.0705,6.4105,before,5.082,6.0803,38442066.4
6.65,20080408,0.07,000005.SZE,59508.78,0.8167,6.4105,6.3404,0.0484,6.4796,before,1.092,6.4504,38786075.6
6.5702,20080409,-0.32,000005.SZE,55216.38,0.7578,6.4796,6.1602,0.0633,6.1602,before,-4.9383,6.4601,35001443.8
6.3997,20080410,0.18,000005.SZE,40915.4,0.5615,6.1602,6.0005,0.0649,6.3404,before,2.9221,6.0997,25259393.8
6.4796,20080411,0.11,000005.SZE,33052.54,0.4536,6.3404,6.2497,0.0363,6.4504,before,1.735,6.3404,20965743.3
6.5303,20080414,-0.32,000005.SZE,48184.6,0.6613,6.4504,6.13,0.062,6.13,before,-4.9612,6.5303,29797634.1
6.2001,20080415,0.01,000005.SZE,52590.97,0.7218,6.13,5.8203,0.062,6.1397,before,0.1631,6.0501,31532934.2
6.1904,20080416,-0.15,000005.SZE,30055.05,0.4125,6.1397,5.98,0.0342,5.9897,before,-2.443,6.1397,18244029.0
6.1505,20080417,-0.13,000005.SZE,61702.51,0.8468,5.9897,5.6897,0.0768,5.8602,before,-2.1703,6.0199,36334981.2
5.7501,20080418,-0.29,000005.SZE,43270.0,0.5939,5.8602,5.5699,0.0307,5.5699,before,-4.9488,5.7501,24113858.0
5.8203,20080421,-0.28,000005.SZE,115481.47,1.5849,5.5699,5.2905,0.0952,5.2905,before,-5.0269,5.8203,62150272.1
5.0304,20080422,-0.26,000005.SZE,25921.0,0.3558,5.2905,5.0304,0.0,5.0304,before,-4.9149,5.0304,13038263.0
5.2797,20080423,0.25,000005.SZE,75131.56,1.0312,5.0304,4.8297,0.0895,5.2797,before,4.9702,5.0304,38501261.9
5.5397,20080424,0.26,000005.SZE,171196.69,2.3496,5.2797,5.38,0.0303,5.5397,before,4.9242,5.5397,94151233.1
5.7804,20080425,0.15,000005.SZE,117213.66,1.6087,5.5397,5.4998,0.0505,5.6897,before,2.7076,5.6002,66507766.1
5.7598,20080428,-0.23,000005.SZE,104429.41,1.4333,5.6897,5.4102,0.0615,5.4599,before,-4.0422,5.7598,57547390.2
5.6196,20080429,0.01,000005.SZE,76363.76,1.0481,5.4599,5.3595,0.0476,5.4696,before,0.1832,5.4405,41783927.1
5.6897,20080430,0.2,000005.SZE,204745.9,2.8101,5.4696,5.3196,0.0676,5.6703,before,3.6563,5.38,112069514.8
5.9498,20080505,0.28,000005.SZE,208048.67,2.8554,5.6703,5.7404,0.037000000000000005,5.9498,before,4.9383,5.7598,121747557.8
6.1602,20080506,0.05,000005.SZE,139234.05,1.9109,5.9498,5.9001,0.0437,6.0005,before,0.8403,6.0501,84270498.0
6.0803,20080507,-0.3,000005.SZE,99693.84,1.3683,6.0005,5.7005,0.0633,5.7005,before,-5.0,5.9897,58483603.2
5.7404,20080508,0.03,000005.SZE,95915.23,1.3164,5.7005,5.5203,0.0386,5.7296,before,0.5263,5.6002,53969885.3
5.7901,20080509,-0.24,000005.SZE,106928.34,1.4676,5.7296,5.4405,0.0611,5.4901,before,-4.1885,5.7501,59381423.8
5.4502,20080512,-0.17,000005.SZE,109034.24,1.4965,5.4901,5.2203,0.0419,5.3196,before,-3.0965,5.4005,57598115.0
5.2905,20080513,-0.16,000005.SZE,108638.01,1.4909999999999999,5.3196,5.0596,0.0432,5.1599,before,-3.0075,5.0995,56338483.9
5.42,20080514,0.26,000005.SZE,72420.94,0.9940000000000001,5.1599,5.1696,0.0484,5.42,before,5.0388,5.1696,38710681.4
5.5505,20080515,-0.06,000005.SZE,83616.1,1.1476,5.42,5.3002,0.0461,5.3595,before,-1.107,5.4502,45324515.9
5.4297,20080516,-0.09,000005.SZE,55467.6,0.7613,5.3595,5.1502,0.0522,5.27,before,-1.6791,5.3498,29367559.7
5.4901,20080519,0.04,000005.SZE,40719.43,0.5589,5.27,5.1998,0.055,5.3099,before,0.759,5.27,21613490.4
5.38,20080520,-0.27,000005.SZE,82085.79,1.1266,5.3099,5.0401,0.064,5.0401,before,-5.0847,5.3498,42152845.0
5.0498,20080521,-0.05,000005.SZE,105677.24,1.4504,5.0401,4.7898,0.0516,4.9905,before,-0.9921,4.8999,51327974.7
5.2203,20080522,0.09,000005.SZE,75828.68,1.0407,4.9905,4.8599,0.0721,5.0801,before,1.8036,4.9495,38368838.1
5.1901,20080523,0.11,000005.SZE,62871.89,0.8629,5.0801,5.0196,0.0335,5.1901,before,2.1654,5.0704,32102305.6
5.1901,20080526,-0.19,000005.SZE,43587.8,0.5982,5.1901,4.9495,0.0462,5.0002,before,-3.6609,5.1405,22004397.5
5.0596,20080527,-0.02,000005.SZE,35178.72,0.4828,5.0002,4.8902,0.034,4.9797,before,-0.4,5.0002,17481932.5
5.0596,20080528,0.07,000005.SZE,56843.42,0.7802,4.9797,4.8999,0.0321,5.0498,before,1.4056,4.9797,28411910.8
5.0704,20080529,-0.18,000005.SZE,44279.45,0.6077,5.0498,4.8502,0.0436,4.8697,before,-3.5644,5.0704,21900726.5
4.9398,20080530,-0.14,000005.SZE,73176.23,1.0043,4.8697,4.7002,0.0493,4.7305,before,-2.8747,4.8297,35134284.8
4.97,20080602,0.16,000005.SZE,80374.25,1.1031,4.7305,4.7499,0.0465,4.8902,before,3.3827,4.7596,39242757.1
5.12,20080603,0.18,000005.SZE,68011.65,0.9334,4.8902,4.8502,0.0552,5.0704,before,3.681,4.9301,33700544.5
5.0898,20080604,-0.18,000005.SZE,42164.77,0.5787,5.0704,4.8902,0.0394,4.8902,before,-3.5503,5.0304,20974169.3
5.0196,20080605,0.06,000005.SZE,36094.53,0.4954,4.8902,4.8297,0.0389,4.9495,before,1.227,4.8999,17762908.6
5.0002,20080606,0.03,000005.SZE,36775.63,0.5047,4.9495,4.8804,0.0242,4.9797,before,0.6061,4.9905,18205485.0
4.8697,20080610,-0.25,000005.SZE,49975.86,0.6859,4.9797,4.7305,0.0281,4.7305,before,-5.0201,4.8697,23679951.8
4.5298,20080611,-0.24,000005.SZE,20843.0,0.2861,4.7305,4.4898,0.0085,4.4898,before,-5.074,4.4898,9360984.3
4.3701,20080612,-0.22,000005.SZE,46080.25,0.6324,4.4898,4.2697,0.0223,4.2697,before,-4.8998,4.2999,19712866.0
4.1499,20080613,-0.21,000005.SZE,75547.97,1.0369,4.2697,4.0604,0.0211,4.0604,before,-4.918,4.1499,30734751.8
4.0,20080616,-0.2,000005.SZE,111207.74,1.5263,4.0604,3.8597,0.0345,3.8597,before,-4.9261,3.9104,43103220.8
3.8295,20080617,-0.19,000005.SZE,63432.42,0.8706,3.8597,3.6698,0.0415,3.6698,before,-4.9223,3.81,23693046.9
3.7701,20080618,0.02,000005.SZE,134803.41,1.8501,3.6698,3.4896,0.0763,3.6903,before,0.545,3.5004,48572519.9
3.7,20080619,-0.18,000005.SZE,59782.08,0.8205,3.6903,3.5101,0.0515,3.5101,before,-4.878,3.7,21197898.8
3.5004,20080620,-0.18,000005.SZE,137816.71,1.8915,3.5101,3.3299,0.0484,3.3299,before,-5.1282,3.3299,46547223.0
3.4399,20080623,0.01,000005.SZE,135384.09,1.8581,3.3299,3.1605,0.0841,3.3396,before,0.3003,3.25,43936663.0
3.6698,20080625,0.33,000005.SZE,45561.37,0.6253,3.3396,3.6698,0.0,3.6698,before,9.8802,3.6698,16721022.8
4.0399,20080626,0.37,000005.SZE,475254.17,6.5227,3.6698,3.8403,0.0545,4.0399,before,10.0817,4.0399,191111831.4
4.0205,20080627,-0.24,000005.SZE,287691.77,3.9485,4.0399,3.7496,0.0668,3.8003,before,-5.9406,4.0205,111536907.9
3.9395,20080630,0.02,000005.SZE,94824.64,1.3014,3.8003,3.6698,0.0711,3.8198,before,0.5263,3.7496,36225525.7
3.8802,20080701,-0.31,000005.SZE,88569.27,1.2156,3.8198,3.4399,0.1152,3.5101,before,-8.1152,3.8003,32134783.0
3.5996,20080702,-0.03,000005.SZE,71125.31,0.9762,3.5101,3.4604,0.0399,3.4799,before,-0.8547,3.5004,25116513.8
3.6795,20080703,0.08,000005.SZE,107396.08,1.474,3.4799,3.2997,0.1092,3.5597,before,2.2989,3.4702,37691004.5
3.6201,20080704,-0.06,000005.SZE,70970.88,0.9741,3.5597,3.4604,0.0449,3.5004,before,-1.6854,3.55,25093194.8
3.85,20080707,0.33,000005.SZE,145620.5,1.9986,3.5004,3.4497,0.1143,3.8295,before,9.4286,3.5101,53311310.8
3.9503,20080708,0.08,000005.SZE,154507.7,2.1206,3.8295,3.6504,0.0783,3.9104,before,2.0888,3.8295,58726640.8
4.1305,20080709,0.17,000005.SZE,223714.14,3.0704,3.9104,3.9104,0.0563,4.0798,before,4.3478,3.9697,90305503.7
4.1003,20080710,-0.13,000005.SZE,162306.81,2.2276,4.0798,3.9104,0.0466,3.9503,before,-3.1863,4.0,64812562.6
3.96,20080711,-0.08,000005.SZE,85012.51,1.1668,3.9503,3.7895,0.043,3.8705,before,-2.0253,3.8899,32763536.3
4.0496,20080714,0.11,000005.SZE,83507.5,1.1461,3.8705,3.8802,0.0439,3.9805,before,2.8424,3.8802,33200704.6
4.0399,20080715,-0.18,000005.SZE,96188.09,1.3201,3.9805,3.8003,0.0603,3.8003,before,-4.5226,4.0,37320343.2
3.7798,20080716,-0.3,000005.SZE,114286.51,1.5685,3.8003,3.4205,0.0947,3.5004,before,-7.8947,3.7798,40601520.1
3.6396,20080717,-0.03,000005.SZE,56763.39,0.7791,3.5004,3.4302,0.06,3.4702,before,-0.8571,3.5899,20070413.2
3.5899,20080718,0.11,000005.SZE,49209.99,0.6754,3.4702,3.4097,0.0519,3.5802,before,3.17,3.5295,17310861.5
3.7302,20080721,0.14,000005.SZE,64268.5,0.8821,3.5802,3.5101,0.0615,3.7205,before,3.9106,3.5403,23571813.3
3.7895,20080722,0.0,000005.SZE,65948.08,0.9051,3.7205,3.6601,0.0349,3.7205,before,0.0,3.7302,24617204.8
3.7701,20080723,-0.03,000005.SZE,50882.09,0.6983,3.7205,3.6601,0.0296,3.6903,before,-0.8065,3.7205,18896091.2
3.85,20080724,0.11,000005.SZE,85353.79,1.1715,3.6903,3.7,0.0407,3.8003,before,2.9810000000000003,3.7,32317522.1
3.81,20080725,-0.02,000005.SZE,61371.95,0.8423,3.8003,3.7097,0.0263,3.7798,before,-0.5263,3.7604,22993005.2
3.8996,20080728,0.03,000005.SZE,64137.94,0.8803,3.7798,3.7895,0.0291,3.81,before,0.7937,3.8003,24629912.3
3.7701,20080729,-0.13,000005.SZE,54141.68,0.7431,3.81,3.6601,0.0289,3.6795,before,-3.4121,3.7399,20101940.6
3.7701,20080730,0.0,000005.SZE,40656.34,0.5579999999999999,3.6795,3.6201,0.0408,3.6795,before,0.0,3.7604,15005011.2
3.5295,20080731,-0.29,000005.SZE,100157.65,1.3746,3.6795,3.3504,0.0489,3.3903,before,-7.8804,3.5198,34473802.0
3.5004,20080801,0.09,000005.SZE,62775.39,0.8616,3.3903,3.3396,0.0472,3.4799,before,2.6549,3.3795,21480060.6
3.4799,20080804,-0.11,000005.SZE,36491.98,0.5008,3.4799,3.3698,0.0316,3.3698,before,-3.1609,3.4799,12462830.2
3.4,20080805,-0.16,000005.SZE,54878.69,0.7531,3.3698,3.1896,0.0623,3.2101,before,-4.7478,3.3795,17990998.4
3.3299,20080806,0.07,000005.SZE,50874.05,0.6974,3.2101,3.1605,0.053,3.2802,before,2.1807,3.2295,16510031.0
3.3299,20080807,0.02,000005.SZE,32563.9,0.4464,3.2802,3.2403,0.0274,3.2997,before,0.6098,3.2997,10692121.2
3.3299,20080808,-0.3,000005.SZE,45161.93,0.6191,3.2997,2.9997,0.1,2.9997,before,-9.0909,3.2997,14152039.1
3.0504,20080811,-0.29,000005.SZE,75619.14,1.0366,2.9997,2.6997,0.1167,2.7105,before,-9.6667,3.0105,21157848.7
2.7602,20080812,-0.01,000005.SZE,58524.9,0.8023,2.7105,2.6199,0.0517,2.6997,before,-0.369,2.6997,15752127.8
2.7202,20080813,0.01,000005.SZE,57917.94,0.7939,2.6997,2.5702,0.0556,2.7105,before,0.3704,2.6803,15300828.7
2.7504,20080814,0.01,000005.SZE,40564.59,0.5561,2.7105,2.6404,0.0406,2.7202,before,0.369,2.7105,10987549.1
2.7504,20080815,0.01,000005.SZE,31041.09,0.4255,2.7202,2.6803,0.0257,2.7299,before,0.3676,2.6997,8451280.0
2.7602,20080818,-0.27,000005.SZE,51827.69,0.7105,2.7299,2.4602,0.1099,2.4602,before,-9.8901,2.7504,13297713.0
2.5303,20080819,0.03,000005.SZE,35906.13,0.4922,2.4602,2.3803,0.061,2.4904,before,1.2195,2.4203,8889632.3
2.7397,20080820,0.25,000005.SZE,109195.73,1.4969,2.4904,2.4397,0.1205,2.7397,before,10.0402,2.4699,29092423.8
2.84,20080821,-0.05,000005.SZE,85841.54,1.1767,2.7397,2.6501,0.0693,2.69,before,-1.8248,2.69,23619708.8
2.7796,20080822,0.02,000005.SZE,50192.77,0.688,2.69,2.6199,0.0595,2.7105,before,0.7435,2.6598,13577642.7
2.7796,20080825,0.02,000005.SZE,35304.0,0.4839,2.7105,2.6598,0.0443,2.7299,before,0.738,2.69,9641610.4
2.6997,20080826,-0.15,000005.SZE,36554.72,0.5011,2.7299,2.5195,0.0659,2.58,before,-5.4945,2.6997,9532024.5
2.6404,20080827,-0.01,000005.SZE,25555.11,0.3503,2.58,2.5001,0.0543,2.5702,before,-0.3876,2.5605,6565499.7
2.6005,20080828,-0.03,000005.SZE,29641.91,0.4063,2.5702,2.5001,0.0389,2.54,before,-1.1673,2.5001,7540141.5
2.6803,20080829,0.09,000005.SZE,61543.14,0.8436,2.54,2.5195,0.063,2.6296,before,3.5433,2.5195,16109131.6
2.8896,20080901,0.26,000005.SZE,285972.27,3.9201,2.6296,2.5897,0.1141,2.8896,before,9.8859,2.6005,80903623.6
3.1303,20080902,0.14,000005.SZE,256946.88,3.5222,2.8896,2.7202,0.1419,3.0299,before,4.8443,2.8605,76556894.9
3.1098,20080903,-0.02,000005.SZE,142218.39,1.9495,3.0299,2.9004,0.0693,3.0105,before,-0.6601,2.9695,42641941.6
3.0299,20080904,-0.07,000005.SZE,82458.5,1.1303,3.0105,2.8799,0.0498,2.9404,before,-2.3256,3.0105,24278733.3
2.9598,20080905,-0.14,000005.SZE,66710.79,0.9145,2.9404,2.8001,0.0544,2.8001,before,-4.7619,2.8497,19215338.6
3.0795,20080908,0.17,000005.SZE,140344.33,1.9238,2.8001,2.84,0.0857,2.9695,before,6.0714,2.84,41900797.7
3.0698,20080909,0.03,000005.SZE,122395.99,1.6778,2.9695,2.9004,0.0572,2.9997,before,1.0101,2.9404,36770975.9
3.0601,20080910,-0.03,000005.SZE,82117.63,1.1257,2.9997,2.8605,0.0667,2.9695,before,-1.0,2.9997,24352154.4
2.9803,20080911,-0.17,000005.SZE,72443.79,0.9931,2.9695,2.7602,0.0741,2.8001,before,-5.7239,2.9598,20663541.5
2.8799,20080912,0.0,000005.SZE,43640.16,0.5982,2.8001,2.7504,0.0464,2.8001,before,0.0,2.7904,12264285.4
2.9101,20080916,-0.01,000005.SZE,81883.07,1.1225,2.8001,2.6997,0.075,2.7904,before,-0.3571,2.7699,23026277.6
2.8001,20080917,-0.27,000005.SZE,113422.63,1.5548,2.7904,2.5098,0.1039,2.5195,before,-9.6774,2.7202,29330626.4
2.4699,20080918,-0.14,000005.SZE,97685.08,1.3391,2.5195,2.2703,0.0794,2.3803,before,-5.5556,2.3199,22856920.7
2.6199,20080919,0.24,000005.SZE,88981.45,1.2198,2.3803,2.5195,0.042,2.6199,before,10.084,2.6005,23211242.1
2.8799,20080922,0.12,000005.SZE,177001.68,2.4263,2.6199,2.6598,0.084,2.7397,before,4.5802,2.8001,49227535.0
2.6695,20080923,-0.24,000005.SZE,86846.5,1.1905,2.7397,2.4699,0.073,2.5001,before,-8.7591,2.6695,22126039.3
2.5098,20080924,0.01,000005.SZE,51662.76,0.7082,2.5001,2.3803,0.052000000000000005,2.5098,before,0.4,2.43,12622578.6
2.6404,20080925,0.05,000005.SZE,76405.89,1.0474,2.5098,2.5098,0.0518,2.5605,before,1.992,2.5303,19571162.6
2.7105,20080926,0.07,000005.SZE,95693.91,1.3118,2.5605,2.4796,0.0898,2.6296,before,2.7344,2.5702,24661824.9
2.6501,20081006,-0.05,000005.SZE,75322.87,1.0325,2.6296,2.4796,0.0646,2.58,before,-1.9011,2.58,19195764.5
2.6501,20081007,0.0,000005.SZE,58223.29,0.7981,2.58,2.4796,0.0659,2.58,before,0.0,2.4796,14976503.0
2.5702,20081008,-0.14,000005.SZE,48372.4,0.6631,2.58,2.4203,0.0581,2.4397,before,-5.4264,2.54,12029375.6
2.6005,20081009,0.01,000005.SZE,56492.93,0.7744,2.4397,2.4397,0.0656,2.4505,before,0.4098,2.5195,14118891.0
2.3695,20081010,-0.24,000005.SZE,79797.07,1.0939,2.4505,2.2098,0.0653,2.2098,before,-9.7959,2.3598,18107161.8
2.28,20081013,0.07,000005.SZE,57971.62,0.7947,2.2098,2.0404,0.1086,2.28,before,3.1674,2.1397,12519659.1
2.3803,20081014,-0.06,000005.SZE,72027.45,0.9874,2.28,2.2196,0.0702,2.2196,before,-2.6316,2.3501,16693964.6
2.2703,20081015,0.03,000005.SZE,58308.9,0.7993,2.2196,2.1505,0.0541,2.2498,before,1.3514,2.2001,12888162.8
2.3803,20081016,0.03,000005.SZE,185160.89,2.5382,2.2498,2.0998,0.1244,2.28,before,1.3333,2.2001,42539331.5
2.3501,20081017,-0.04,000005.SZE,87202.16,1.1954,2.28,2.1796,0.0746,2.2401,before,-1.7544,2.3005,19588735.4
2.3296,20081020,0.07,000005.SZE,80254.69,1.1001,2.2401,2.1796,0.067,2.3102,before,3.125,2.2703,18216507.8
2.4699,20081021,0.07,000005.SZE,189208.34,2.5937,2.3102,2.3598,0.0476,2.3803,before,3.0303,2.3598,45626899.7
2.3695,20081022,-0.1,000005.SZE,79490.96,1.0897,2.3803,2.2703,0.042,2.28,before,-4.2017,2.3005,18369038.6
2.3404,20081023,0.05,000005.SZE,61226.43,0.8393,2.28,2.2498,0.0395,2.3296,before,2.193,2.3005,14102439.5
2.3296,20081024,-0.11,000005.SZE,72906.53,0.9994,2.3296,2.1796,0.0644,2.2196,before,-4.721,2.3005,16312207.8
2.1904,20081027,-0.21,000005.SZE,67318.11,0.9228,2.2196,2.0005,0.0856,2.0102,before,-9.4595,2.1904,13943716.2
2.0804,20081028,0.04,000005.SZE,66857.51,0.9165,2.0102,1.9304,0.0746,2.0502,before,1.99,1.9498,13454728.4
2.1203,20081029,-0.06,000005.SZE,53687.1,0.7359,2.0502,1.9897,0.0634,1.9897,before,-2.9268,2.0998,10931187.2
2.0404,20081030,0.0,000005.SZE,51898.39,0.7114,1.9897,1.9703,0.0352,1.9897,before,0.0,2.0005,10435073.9
2.0199,20081031,-0.05,000005.SZE,33358.82,0.4573,1.9897,1.9196,0.0503,1.9401,before,-2.5126,2.0005,6561368.6
1.9401,20081103,-0.05,000005.SZE,34515.46,0.4731,1.9401,1.87,0.0361,1.8905,before,-2.5773,1.9099,6559914.7
1.87,20081104,-0.09,000005.SZE,57224.09,0.7844,1.8905,1.7599,0.0582,1.7998,before,-4.7619,1.8602,10316343.2
1.8905,20081105,0.08,000005.SZE,52705.81,0.7225,1.7998,1.7998,0.05,1.8797,before,4.4444,1.7998,9782060.4
1.8505,20081106,-0.07,000005.SZE,38531.49,0.5282,1.8797,1.7804,0.0372,1.8095,before,-3.7234,1.83,6987395.5
1.8602,20081107,0.03,000005.SZE,45591.28,0.625,1.8095,1.7599,0.0552,1.8397,before,1.6575,1.7696,8355430.1
2.0102,20081110,0.16,000005.SZE,92829.08,1.2725,1.8397,1.8797,0.0707,2.0005,before,8.6957,1.8905,18004758.5
2.1904,20081111,0.19,000005.SZE,204566.49,2.8042,2.0005,1.9304,0.13,2.1904,before,9.5,2.0005,42796945.6
2.2098,20081112,-0.01,000005.SZE,196364.9,2.6918,2.1904,2.0599,0.0685,2.1796,before,-0.4566,2.1602,41919732.3
2.2897,20081113,0.05,000005.SZE,206360.01,2.8288,2.1796,2.0804,0.0963,2.2304,before,2.2936,2.13,45466496.2
2.3501,20081114,0.11,000005.SZE,258543.86,3.5441,2.2304,2.1904,0.0717,2.3404,before,4.9327,2.2304,59045987.1
2.39,20081117,0.05,000005.SZE,246034.82,3.3726,2.3404,2.2703,0.0513,2.39,before,2.1368,2.3404,57597202.5
2.39,20081118,-0.24,000005.SZE,185289.31,2.5399,2.39,2.1505,0.1004,2.1505,before,-10.0418,2.3501,41633718.9
2.28,20081119,0.12,000005.SZE,158705.38,2.1755,2.1505,2.0804,0.09300000000000001,2.2703,before,5.5814,2.13,34827558.6
2.5001,20081120,0.23,000005.SZE,407547.91,5.5867,2.2703,2.1904,0.1366,2.5001,before,10.1322,2.2098,98562521.6
2.7397,20081121,0.08,000005.SZE,518944.17,7.1137,2.5001,2.3005,0.17600000000000002,2.58,before,3.2,2.4397,131248659.9
2.58,20081124,-0.25,000005.SZE,231343.38,3.1712,2.58,2.3199,0.1008,2.3296,before,-9.6899,2.4796,56339985.2
2.4203,20081125,0.01,000005.SZE,152229.14,2.0868,2.3296,2.2304,0.0815,2.3404,before,0.4292,2.3296,35613578.5
2.4397,20081126,0.0,000005.SZE,116139.09,1.5919999999999999,2.3404,2.2498,0.0812,2.3404,before,0.0,2.3296,27460120.9
2.4397,20081128,0.01,000005.SZE,190495.21,2.6113,2.3404,2.3296,0.047,2.3501,before,0.4274,2.3803,45400348.8
2.3998,20081201,0.03,000005.SZE,131559.51,1.8034,2.3501,2.2196,0.0766,2.3803,before,1.2766,2.2897,30598619.6
2.4505,20081202,0.01,000005.SZE,149696.02,2.052,2.3803,2.2897,0.0672,2.39,before,0.4202,2.3102,35774635.2
2.4904,20081203,0.09,000005.SZE,200588.01,2.7497,2.39,2.3998,0.0377,2.4796,before,3.7657,2.3998,49296831.0
2.5702,20081204,-0.02,000005.SZE,289969.91,3.9749,2.4796,2.4505,0.0484,2.4602,before,-0.8065,2.5098,72680057.7
2.5702,20081205,0.09,000005.SZE,244708.27,3.3545,2.4602,2.4095,0.065,2.5497,before,3.6585,2.4095,61539553.5
2.8098,20081208,0.26,000005.SZE,596419.45,8.1757,2.5497,2.6199,0.0745,2.8098,before,10.1961,2.6501,163673237.7
2.9695,20081209,0.03,000005.SZE,581475.54,7.9708,2.8098,2.8098,0.0569,2.84,before,1.0676,2.9004,167685172.6
2.8896,20081210,0.01,000005.SZE,252373.35,3.4595,2.84,2.7299,0.0563,2.8497,before,0.3521,2.8303,70946514.5
2.8799,20081211,-0.08,000005.SZE,205175.24,2.8125,2.8497,2.7602,0.0421,2.7699,before,-2.807,2.8605,57904412.7
2.7602,20081212,-0.19,000005.SZE,209146.89,2.867,2.7699,2.5098,0.0903,2.58,before,-6.8592,2.6997,54953303.0
2.6695,20081215,0.04,000005.SZE,145608.36,1.996,2.58,2.5098,0.062,2.6199,before,1.5504,2.5897,37903921.0
2.8799,20081216,0.26,000005.SZE,485820.46,6.6596,2.6199,2.6598,0.084,2.8799,before,9.9237,2.6695,136931706.5
2.9803,20081217,0.02,000005.SZE,475127.22,6.513,2.8799,2.8098,0.059000000000000004,2.9004,before,0.6944,2.9501,138134632.5
3.1195,20081218,0.1,000005.SZE,420434.91,5.7633,2.9004,2.9296,0.0655,2.9997,before,3.4483,2.9695,126936173.8
3.0202,20081219,-0.04,000005.SZE,267617.84,3.6685,2.9997,2.8896,0.0433,2.9598,before,-1.3333,3.0202,78904674.4
2.9598,20081222,-0.08,000005.SZE,190662.59,2.6136,2.9598,2.8303,0.0439,2.8799,before,-2.7027,2.9404,55050280.9
2.9296,20081223,-0.17,000005.SZE,179718.87,2.4636,2.8799,2.6997,0.0799,2.7105,before,-5.9028,2.9296,50384794.2
2.69,20081224,-0.16,000005.SZE,147594.97,2.0232,2.7105,2.5098,0.0664,2.5497,before,-5.9041,2.6803,38565704.6
2.6404,20081225,0.09,000005.SZE,150206.47,2.059,2.5497,2.5195,0.0471,2.6404,before,3.5294,2.5702,38658924.9
2.6404,20081226,-0.08,000005.SZE,76586.0,1.0498,2.6404,2.54,0.0379,2.5605,before,-3.0303,2.6404,19765801.7
2.6199,20081229,0.02,000005.SZE,86741.9,1.1891,2.5605,2.4796,0.0547,2.58,before,0.7813,2.58,22090421.6
2.6501,20081230,-0.01,000005.SZE,108226.12,1.4836,2.58,2.5303,0.0465,2.5702,before,-0.3876,2.58,28176192.8
2.5605,20081231,-0.09,000005.SZE,81356.01,1.1152,2.5702,2.4602,0.0389,2.4796,before,-3.5019,2.5605,20429943.2
2.5605,20090105,0.08,000005.SZE,78224.69,1.0723,2.4796,2.4904,0.0282,2.5605,before,3.2258,2.4904,19808108.8
2.6501,20090106,0.08,000005.SZE,125166.83,1.7158,2.5605,2.5605,0.0352,2.6404,before,3.125,2.5702,32671873.3
2.6803,20090107,-0.03,000005.SZE,101285.77,1.3884,2.6404,2.6102,0.0265,2.6102,before,-1.1364,2.6404,26690974.1
2.5897,20090108,-0.07,000005.SZE,103606.7,1.4202,2.6102,2.4904,0.0383,2.54,before,-2.682,2.5897,26248501.3
2.69,20090109,0.11,000005.SZE,139043.31,1.906,2.54,2.5195,0.0669,2.6501,before,4.3307,2.5702,36136601.3
2.6803,20090112,-0.02,000005.SZE,121641.92,1.6675,2.6501,2.6102,0.0264,2.6296,before,-0.7547,2.6404,32200510.9
2.6404,20090113,-0.07,000005.SZE,85803.4,1.1762,2.6296,2.5605,0.0304,2.5605,before,-2.6616,2.6404,22196611.9
2.6404,20090114,0.08,000005.SZE,97146.31,1.3317,2.5605,2.54,0.0391,2.6404,before,3.125,2.54,25260902.7
2.7904,20090115,0.03,000005.SZE,206996.12,2.8375,2.6404,2.6005,0.07200000000000001,2.6695,before,1.1364,2.6199,55787071.2
2.7699,20090116,0.04,000005.SZE,185379.38,2.5412,2.6695,2.6695,0.0375,2.7105,before,1.4981,2.6695,50383645.8
2.7504,20090119,0.04,000005.SZE,169829.43,2.3280000000000003,2.7105,2.6404,0.0406,2.7504,before,1.476,2.7202,45914443.6
2.7796,20090120,-0.02,000005.SZE,133992.22,1.8368,2.7504,2.6695,0.04,2.7299,before,-0.7273,2.7796,36486993.8
2.7299,20090121,-0.04,000005.SZE,94548.39,1.2961,2.7299,2.6598,0.0256,2.69,before,-1.4652,2.6997,25403661.7
2.7299,20090122,0.02,000005.SZE,96509.0,1.3229,2.69,2.6803,0.0186,2.7105,before,0.7435,2.69,26087146.1
2.8001,20090123,0.04,000005.SZE,164590.39,2.2562,2.7105,2.6803,0.0443,2.7504,before,1.476,2.6997,45140372.4
2.8799,20090202,0.12,000005.SZE,189489.2,2.5975,2.7504,2.7299,0.0545,2.8702,before,4.3636,2.7504,52992919.5
2.9695,20090203,0.07,000005.SZE,250949.84,3.44,2.8702,2.8195,0.0523,2.9404,before,2.439,2.8605,72516404.7
3.0601,20090205,-0.09,000005.SZE,314835.0,4.3157,2.9404,2.7504,0.1054,2.8497,before,-3.0612,2.99,92960844.8
3.0299,20090206,0.15,000005.SZE,352245.6,4.8286,2.8497,2.8497,0.0632,2.9997,before,5.2632,2.8702,104062143.6
3.0601,20090209,0.04,000005.SZE,410457.6,5.6265,2.9997,2.9695,0.03,3.0396,before,1.3333,3.0105,124011277.9
3.1303,20090210,0.08,000005.SZE,372893.34,5.1116,3.0396,2.9803,0.0493,3.1195,before,2.6316,3.0504,114624086.4
3.2705,20090211,0.01,000005.SZE,394111.56,5.4025,3.1195,3.0299,0.0769,3.1303,before,0.3205,3.0601,124458932.7
3.4,20090212,0.24,000005.SZE,478945.35,6.5654,3.1303,3.1,0.0958,3.3698,before,7.6677,3.1195,154263551.5
3.6903,20090213,0.31,000005.SZE,692622.38,9.4944,3.3698,3.3795,0.092,3.6795,before,9.1988,3.4,245200948.0
3.7701,20090216,-0.06,000005.SZE,565309.03,7.7492,3.6795,3.5101,0.0707,3.6201,before,-1.6304,3.7097,204855744.1
3.7302,20090217,0.02,000005.SZE,448784.68,6.1519,3.6201,3.4497,0.0773,3.6396,before,0.5525,3.6298,160629722.3
3.8198,20090218,-0.04,000005.SZE,638510.71,8.7527,3.6396,3.55,0.0742,3.5996,before,-1.0989,3.6504,236751735.9
3.7,20090219,-0.07,000005.SZE,331853.34,4.5489999999999995,3.5996,3.4497,0.0694,3.5295,before,-1.9444,3.5295,117585953.7
3.6104,20090220,0.04,000005.SZE,223820.9,3.0681,3.5295,3.4302,0.051,3.5705,before,1.1331,3.5101,78739128.7
3.7399,20090223,0.12,000005.SZE,354167.38,4.8549,3.5705,3.5996,0.0392,3.6903,before,3.3613,3.5996,129919165.8
3.7097,20090224,-0.26,000005.SZE,330195.72,4.5263,3.6903,3.4302,0.0759,3.4302,before,-7.0461,3.6504,117472560.6
3.4896,20090225,-0.08,000005.SZE,280076.72,3.8393,3.4302,3.1896,0.0875,3.3504,before,-2.3324,3.4205,92990415.7
3.3698,20090226,-0.27,000005.SZE,224646.43,3.0794,3.3504,3.0202,0.1045,3.0795,before,-8.0597,3.3299,72188344.5
3.0396,20090227,-0.12,000005.SZE,203045.9,2.7833,3.0795,2.8896,0.0487,2.9598,before,-3.8961,3.0396,59873193.9
3.0903,20090302,0.09,000005.SZE,154594.44,2.1192,2.9598,2.8896,0.0676,3.0504,before,3.0405,2.9004,46720655.1
3.0795,20090303,-0.05,000005.SZE,126427.38,1.7331,3.0504,2.9501,0.0426,2.9997,before,-1.6393,2.99,38228198.7
3.1896,20090304,0.18,000005.SZE,243095.45,3.3323,2.9997,3.0105,0.06,3.1799,before,6.0,3.0202,76181638.7
3.29,20090305,0.01,000005.SZE,262906.5,3.6039,3.1799,3.1195,0.0535,3.1896,before,0.3145,3.2101,84496567.9
3.2802,20090306,0.09,000005.SZE,263441.4,3.6112,3.1896,3.1098,0.0533,3.2802,before,2.8213,3.1303,85231645.5
3.4702,20090309,0.01,000005.SZE,451767.54,6.1928,3.2802,3.25,0.0671,3.29,before,0.3049,3.3396,151949567.8
3.3202,20090310,0.02,000005.SZE,153833.19,2.1087,3.29,3.0903,0.0699,3.3105,before,0.6079,3.2101,49184016.6
3.3903,20090311,-0.08,000005.SZE,155845.12,2.1363,3.3105,3.1497,0.0725,3.2295,before,-2.4169,3.3601,51032734.0
3.25,20090312,-0.02,000005.SZE,122509.96,1.6794,3.2295,3.0795,0.0526,3.2101,before,-0.6192,3.1605,38699176.7
3.25,20090313,0.02,000005.SZE,131428.07,1.8016,3.2101,3.1497,0.0312,3.2295,before,0.6231,3.2101,42044970.8
3.25,20090316,0.0,000005.SZE,121172.82,1.661,3.2295,3.1702,0.0248,3.2295,before,0.0,3.2403,39018518.2
3.3903,20090317,0.12,000005.SZE,249570.58,3.4211,3.2295,3.1896,0.0619,3.3504,before,3.7152,3.2295,82433247.2
3.4,20090318,-0.02,000005.SZE,229742.91,3.1493,3.3504,3.3202,0.0239,3.3299,before,-0.597,3.3504,77233808.7
3.4399,20090319,0.09,000005.SZE,243587.5,3.3391,3.3299,3.3105,0.039,3.4205,before,2.7027,3.3299,82745680.1
3.4399,20090320,-0.08,000005.SZE,220357.12,3.0206,3.4205,3.2997,0.0409,3.3396,before,-2.3392,3.4302,73702281.8
3.4097,20090323,0.04,000005.SZE,223419.09,3.0626,3.3396,3.2597,0.0449,3.3795,before,1.1976,3.3299,75216517.4
3.4799,20090324,0.04,000005.SZE,260459.59,3.5704,3.3795,3.3795,0.0296,3.4205,before,1.1834,3.4097,89332895.2
3.4399,20090325,-0.16,000005.SZE,214908.71,2.946,3.4205,3.2597,0.0526,3.2597,before,-4.6784,3.4205,72035502.5
3.3396,20090326,0.07,000005.SZE,161320.77,2.2114,3.2597,3.2101,0.0399,3.3299,before,2.1472,3.2597,53022395.9
3.4702,20090327,0.13,000005.SZE,337114.76,4.6212,3.3299,3.3299,0.042,3.4604,before,3.9039,3.3504,114505564.6
3.6903,20090330,0.2,000005.SZE,649744.94,8.9067,3.4604,3.5004,0.0549,3.6601,before,5.7803,3.5004,236604173.1
3.8705,20090331,0.12,000005.SZE,723356.16,9.9157,3.6601,3.5101,0.0984,3.7798,before,3.2787,3.6601,272415399.4
3.8295,20090401,-0.03,000005.SZE,472693.99,6.4797,3.7798,3.6795,0.0397,3.7496,before,-0.7937,3.8198,176993449.6
3.7895,20090402,-0.07,000005.SZE,315529.86,4.3253,3.7496,3.6795,0.0293,3.6795,before,-1.8667,3.7604,117104561.4
3.7399,20090403,-0.07,000005.SZE,272164.86,3.7308,3.6795,3.5802,0.0435,3.6104,before,-1.9022,3.7,98846971.5
3.6601,20090407,0.03,000005.SZE,157121.39,2.1538,3.6104,3.5802,0.0222,3.6396,before,0.831,3.5996,56904785.5
3.6504,20090408,-0.19,000005.SZE,207576.78,2.8455,3.6396,3.4497,0.0549,3.4497,before,-5.2198,3.6396,73565039.8
3.55,20090409,0.09,000005.SZE,144888.09,1.9861,3.4497,3.4205,0.0377,3.5403,before,2.6087,3.4497,50526893.4
3.7798,20090410,0.21,000005.SZE,412497.32,5.6545,3.5403,3.5802,0.0565,3.7496,before,5.9322,3.5802,152391856.3
3.7895,20090413,-0.03,000005.SZE,319323.46,4.3773,3.7496,3.6698,0.032,3.7205,before,-0.8,3.7604,118463404.1
3.7701,20090414,0.02,000005.SZE,295647.87,4.0527,3.7205,3.6504,0.0323,3.7399,before,0.5376,3.7399,109681589.7
3.7205,20090415,-0.06,000005.SZE,244774.82,3.3554,3.7399,3.6104,0.0294,3.6795,before,-1.6043,3.7097,89631945.6
3.7399,20090416,0.04,000005.SZE,307417.57,4.2141,3.6795,3.6104,0.0353,3.7205,before,1.087,3.6903,113437492.7
3.7701,20090417,-0.04,000005.SZE,247715.7,3.3957,3.7205,3.6698,0.0269,3.6795,before,-1.0753,3.7205,92088801.9
3.85,20090420,0.15,000005.SZE,432073.38,5.9228,3.6795,3.6298,0.0598,3.8295,before,4.0761,3.6504,163204305.6
3.8198,20090421,-0.04,000005.SZE,320419.0,4.3923,3.8295,3.7,0.0313,3.7895,before,-1.0444,3.8003,120563553.1
3.8899,20090422,-0.15,000005.SZE,378670.5,5.1908,3.7895,3.6201,0.0712,3.6396,before,-3.9578,3.7895,143389392.7
3.6396,20090423,-0.04,000005.SZE,200402.02,2.7471,3.6396,3.4896,0.0412,3.5996,before,-1.0989,3.5996,71600552.9
3.6504,20090424,-0.05,000005.SZE,116656.71,1.5991,3.5996,3.5403,0.0306,3.55,before,-1.3889,3.6201,41746524.2
3.55,20090427,-0.17,000005.SZE,143169.59,1.9626,3.55,3.3601,0.0535,3.3795,before,-4.7887,3.55,49182389.2
3.4399,20090428,0.03,000005.SZE,121568.4,1.6665,3.3795,3.3396,0.0296,3.4097,before,0.8876,3.3601,41233373.6
3.5101,20090429,0.09,000005.SZE,128302.92,1.7588,3.4097,3.3795,0.0381,3.5004,before,2.6393,3.4097,44456865.9
3.5597,20090430,0.01,000005.SZE,168355.1,2.3078,3.5004,3.4702,0.0257,3.5101,before,0.2857,3.5295,59187327.5
3.6504,20090504,0.12,000005.SZE,216495.06,2.9677,3.5101,3.5101,0.0399,3.6298,before,3.4188,3.5101,77968060.1
3.7496,20090505,0.04,000005.SZE,228805.35,3.1365,3.6298,3.6396,0.0303,3.6698,before,1.1019,3.6504,84121030.5
3.7798,20090506,0.09,000005.SZE,314454.81,4.3105,3.6698,3.6298,0.0409,3.7604,before,2.4523,3.6698,117279500.5
3.8003,20090507,-0.03,000005.SZE,339358.72,4.6519,3.7604,3.5996,0.0532,3.7302,before,-0.7979,3.7798,125894908.2
4.1003,20090508,0.37,000005.SZE,1089100.31,14.9294,3.7302,3.6795,0.1126,4.1003,before,9.9196,3.7302,440018167.4
4.4003,20090511,-0.07,000005.SZE,1249569.31,17.1291,4.1003,4.0205,0.0927,4.0302,before,-1.7073,4.2902,528469186.4
4.1996,20090512,0.15,000005.SZE,528239.1,7.2411,4.0302,3.8403,0.0893,4.1802,before,3.7221,3.8996,212833106.7
4.1899,20090513,-0.13,000005.SZE,422289.0,5.7887,4.1802,4.0496,0.0335,4.0496,before,-3.11,4.1003,173179523.5
4.1499,20090514,0.04,000005.SZE,380426.54,5.2149,4.0496,3.9902,0.0395,4.0895,before,0.9877,4.0205,155410325.3
4.1402,20090515,-0.03,000005.SZE,282202.11,3.8684,4.0895,4.0302,0.0269,4.0604,before,-0.7335,4.0895,114898293.3
4.0496,20090518,-0.01,000005.SZE,243191.39,3.3337,4.0604,3.8996,0.0369,4.0496,before,-0.2463,4.0399,96849479.1
4.1305,20090519,0.01,000005.SZE,263217.6,3.6082,4.0496,4.0302,0.0247,4.0604,before,0.2469,4.0399,107122743.1
4.0701,20090520,-0.06,000005.SZE,219197.99,3.0048,4.0604,3.9805,0.0222,4.0,before,-1.4778,4.0604,87972301.9
4.0604,20090521,-0.01,000005.SZE,262524.31,3.5987,4.0,3.9395,0.03,3.9902,before,-0.25,3.9805,105081294.1
4.0097,20090522,-0.01,000005.SZE,153097.28,2.0987,3.9902,3.9201,0.0226,3.9805,before,-0.2506,3.96,60689372.4
3.9902,20090525,0.0,000005.SZE,172729.59,2.3678,3.9805,3.85,0.0352,3.9805,before,0.0,3.8802,67729814.1
3.9902,20090526,-0.05,000005.SZE,171352.97,2.3489,3.9805,3.9298,0.0151,3.9298,before,-1.2563,3.96,67788370.7
4.2201,20090527,0.13,000005.SZE,411286.55,5.6379,3.9298,4.0,0.055999999999999994,4.0604,before,3.3079,4.0302,168584778.3
4.1597,20090601,0.03,000005.SZE,304409.61,4.1728,4.0604,4.0701,0.0222,4.0895,before,0.7389,4.11,124916995.9
4.11,20090602,-0.02,000005.SZE,251348.8,3.4455,4.0895,4.0302,0.0196,4.0701,before,-0.489,4.1003,102176965.4
4.1899,20090603,0.07,000005.SZE,420339.65,5.7620000000000005,4.0701,4.0496,0.0344,4.1402,before,1.7199,4.0604,174206089.6
4.1499,20090604,-0.07,000005.SZE,302890.54,4.152,4.1402,4.0205,0.0314,4.0701,before,-1.6908,4.1499,122985466.5
4.1003,20090605,-0.07,000005.SZE,194256.19,2.6629,4.0701,4.0,0.0246,4.0,before,-1.7199,4.0701,78325463.5
4.1003,20090608,0.05,000005.SZE,183347.51,2.5133,4.0,3.9697,0.0325,4.0496,before,1.25,4.0,73971435.5
4.0701,20090609,0.0,000005.SZE,171101.17,2.3454,4.0496,3.9503,0.0296,4.0496,before,0.0,4.0496,68620793.0
4.4499,20090610,0.31,000005.SZE,883273.57,12.1079,4.0496,4.0604,0.0963,4.3604,before,7.6543,4.0604,376615407.7
4.3204,20090611,-0.16,000005.SZE,470219.86,6.4458,4.3604,4.1499,0.039,4.1996,before,-3.6697,4.2902,198683469.1
4.2201,20090612,-0.12,000005.SZE,242166.24,3.3196,4.1996,4.0399,0.0429,4.0798,before,-2.8571,4.1996,99775745.2
4.1402,20090615,0.06,000005.SZE,165303.75,2.266,4.0798,4.0496,0.0221,4.1402,before,1.4706,4.0798,67750618.4
4.1197,20090616,-0.05,000005.SZE,146698.29,2.0109,4.1402,4.0604,0.0145,4.0895,before,-1.2077,4.0798,59874478.4
4.2503,20090617,0.1,000005.SZE,287129.7,3.9360000000000004,4.0895,4.0399,0.0513,4.1899,before,2.445,4.0798,119219246.0
4.1899,20090618,-0.05,000005.SZE,210326.77,2.8832,4.1899,4.1305,0.0143,4.1402,before,-1.1933,4.1704,87380253.8
4.2104,20090619,0.02,000005.SZE,216944.0,2.9739,4.1402,4.1197,0.0217,4.1597,before,0.4831,4.1305,90437233.3
4.2999,20090622,0.01,000005.SZE,248951.83,3.4126,4.1597,4.1499,0.0361,4.1704,before,0.2404,4.1899,105043467.1
4.1899,20090623,-0.03,000005.SZE,180987.46,2.481,4.1704,4.1003,0.0216,4.1402,before,-0.7194,4.1305,74782813.0
4.1996,20090624,0.03,000005.SZE,186105.83,2.5511,4.1402,4.1197,0.0193,4.1704,before,0.7246,4.1402,77480367.5
4.2902,20090626,0.08,000005.SZE,364760.68,5.0001,4.1704,4.1802,0.0264,4.2503,before,1.9185,4.1802,154430915.1
4.4499,20090629,0.08,000005.SZE,526642.46,7.2192,4.2503,4.2104,0.0565,4.3301,before,1.8824,4.2503,229273487.0
4.3496,20090630,-0.14,000005.SZE,279444.58,3.8306,4.3301,4.1704,0.0416,4.1899,before,-3.2333,4.3398,118382898.4
4.56,20090701,0.19,000005.SZE,761469.55,10.4382,4.1899,4.1499,0.0979,4.3798,before,4.5346,4.1704,337055282.4
4.82,20090702,0.44,000005.SZE,1086334.4,14.8914,4.3798,4.4003,0.0959,4.82,before,10.0457,4.4402,498239632.3
5.2603,20090703,0.3,000005.SZE,1343954.14,18.4229,4.82,4.67,0.1224,5.12,before,6.2241,4.7995,677758059.3
5.2603,20090706,-0.08,000005.SZE,724862.89,9.9364,5.12,5.0002,0.0508,5.0401,before,-1.5625,5.12,367809138.8
5.0401,20090707,-0.12,000005.SZE,487226.27,6.6789,5.0401,4.8502,0.0377,4.9204,before,-2.381,5.0401,239403050.8
5.1502,20090708,0.18,000005.SZE,584856.41,8.0172,4.9204,4.8405,0.063,5.0995,before,3.6585,4.8804,293133339.6
5.1297,20090709,-0.07,000005.SZE,389602.27,5.3407,5.0995,4.9797,0.0294,5.0304,before,-1.3725,5.1103,195768526.7
5.0801,20090710,-0.04,000005.SZE,374356.47,5.1317,5.0304,4.9204,0.0318,4.9905,before,-0.7952,5.0304,187305443.2
5.0099,20090713,-0.04,000005.SZE,284037.21,3.8936,4.9905,4.8999,0.022000000000000002,4.9495,before,-0.8016,4.9495,140527404.1
5.0498,20090714,0.07,000005.SZE,388883.29,5.3308,4.9495,4.9096,0.0283,5.0196,before,1.4141,4.9398,193462402.2
5.0401,20090715,-0.06,000005.SZE,344374.92,4.7207,5.0196,4.9398,0.0199,4.9603,before,-1.1952,5.0196,170793877.9
5.0099,20090716,-0.05,000005.SZE,324395.69,4.4468,4.9603,4.8999,0.0222,4.9096,before,-1.0081,4.97,160372385.2
4.9603,20090717,0.01,000005.SZE,226108.27,3.0995,4.9096,4.8804,0.0163,4.9204,before,0.2037,4.9204,110991131.5
4.97,20090720,0.03,000005.SZE,323687.37,4.4371,4.9204,4.8599,0.0224,4.9495,before,0.6098,4.9204,158944545.4
5.1998,20090721,0.14,000005.SZE,861388.15,11.8079,4.9495,4.8999,0.0606,5.0898,before,2.8283,4.9603,437274771.4
5.1297,20090722,-0.01,000005.SZE,432192.35,5.9245,5.0898,5.0002,0.0255,5.0801,before,-0.1965,5.0498,218304826.6
5.4005,20090723,0.12,000005.SZE,687135.41,9.4192,5.0801,5.0304,0.0728,5.1998,before,2.3622,5.0995,359264606.9
5.2398,20090724,-0.15,000005.SZE,419625.53,5.7522,5.1998,4.9797,0.05,5.0498,before,-2.8846,5.2095,213338828.9
5.0995,20090727,0.04,000005.SZE,304508.6,4.1742,5.0498,5.0099,0.0178,5.0898,before,0.7921,5.0498,154033942.4
5.1696,20090728,0.03,000005.SZE,417069.28,5.7172,5.0898,5.0002,0.0334,5.12,before,0.5894,5.0801,211902292.3
5.0995,20090729,-0.42,000005.SZE,450505.49,6.1755,5.12,4.6096,0.0957,4.7002,before,-8.2031,5.0995,221560498.8
4.8297,20090730,-0.02,000005.SZE,281306.3,3.8561,4.7002,4.4995,0.0702,4.6797,before,-0.4255,4.7002,130921964.3
4.8502,20090731,0.17,000005.SZE,269258.79,3.6910000000000003,4.6797,4.6797,0.0363,4.8502,before,3.6325,4.6797,128723023.8
4.9495,20090803,0.05,000005.SZE,230426.62,3.1587,4.8502,4.7995,0.0309,4.8999,before,1.0309,4.8599,112271885.2
5.0002,20090804,0.02,000005.SZE,248847.56,3.4112,4.8999,4.82,0.0367,4.9204,before,0.4082,4.8999,122529577.8
4.9204,20090805,-0.02,000005.SZE,257494.89,3.5297,4.9204,4.7704,0.0305,4.8999,before,-0.4065,4.8999,125027849.9
5.0099,20090806,0.01,000005.SZE,337879.38,4.6316,4.8999,4.71,0.0612,4.9096,before,0.2041,4.8697,164759332.9
4.8999,20090807,-0.19,000005.SZE,197856.75,2.7122,4.9096,4.7002,0.0407,4.7197,before,-3.8697,4.8999,94999584.5
4.7898,20090810,-0.05,000005.SZE,150194.73,2.0589,4.7197,4.5697,0.0466,4.67,before,-1.0593,4.7499,70234247.1
4.7499,20090811,0.03,000005.SZE,97155.83,1.3318,4.67,4.6603,0.0193,4.7002,before,0.6424,4.6603,45716368.9
4.7197,20090812,-0.26,000005.SZE,150697.8,2.0658,4.7002,4.4197,0.0638,4.4402,before,-5.5319,4.7002,68903953.5
4.52,20090813,0.05,000005.SZE,161345.82,2.2117,4.4402,4.3096,0.0473,4.4898,before,1.1261,4.4305,71406670.5
4.5103,20090814,-0.24,000005.SZE,156985.38,1.7180000000000002,4.4898,4.2503,0.0579,4.2503,before,-5.3452,4.4995,68382075.8
4.1996,20090817,-0.41,000005.SZE,189167.07,2.0702,4.2503,3.8295,0.0871,3.8403,before,-9.6471,4.1996,75836946.4
3.9805,20090818,0.11,000005.SZE,144037.47,1.5763,3.8403,3.8003,0.0469,3.9503,before,2.8646,3.8403,56255894.0
3.9902,20090819,-0.25,000005.SZE,140552.21,1.5382,3.9503,3.6601,0.0835,3.7,before,-6.3291,3.9902,53784949.6
3.85,20090820,0.14,000005.SZE,143791.27,1.5737,3.7,3.6795,0.0459,3.8403,before,3.7838,3.6795,54278141.9
3.9298,20090821,0.07,000005.SZE,148117.66,1.621,3.8403,3.7798,0.0391,3.9104,before,1.8229,3.8403,57481247.3
3.9902,20090824,0.07,000005.SZE,150823.78,1.6506,3.9104,3.8705,0.0307,3.9805,before,1.7903,3.9298,59462335.3
3.9697,20090825,-0.08,000005.SZE,163492.77,1.7893,3.9805,3.8003,0.0427,3.8996,before,-2.0101,3.9697,63484114.0
4.0399,20090826,0.11,000005.SZE,161971.75,1.7726,3.8996,3.8403,0.0513,4.0097,before,2.8205,3.8899,64464039.8
4.0895,20090827,0.03,000005.SZE,155170.54,1.6982,4.0097,3.9201,0.0424,4.0399,before,0.7481,4.0,62472354.5
4.0701,20090828,-0.05,000005.SZE,112125.59,1.2271,4.0399,3.9503,0.0297,3.9902,before,-1.2376,4.0399,44780145.0
3.96,20090831,-0.3,000005.SZE,135018.67,1.4776,3.9902,3.6795,0.0702,3.6903,before,-7.5188,3.9503,50927528.6
3.8198,20090901,0.06,000005.SZE,100006.95,1.0945,3.6903,3.6396,0.0488,3.7496,before,1.626,3.6698,37344761.0
3.81,20090902,0.01,000005.SZE,62844.54,0.6878,3.7496,3.6795,0.0347,3.7604,before,0.2667,3.7205,23557932.3
4.0,20090903,0.22,000005.SZE,186421.0,2.0402,3.7604,3.7496,0.0665,3.9805,before,5.8511,3.7798,72607603.5
4.0205,20090904,-0.01,000005.SZE,174389.12,1.9085,3.9805,3.9104,0.0276,3.9697,before,-0.2513,3.9697,69141026.8
4.0205,20090907,-0.03,000005.SZE,161833.41,1.7711,3.9697,3.9104,0.0277,3.9395,before,-0.7557,3.9697,64322637.2
3.9902,20090908,0.05,000005.SZE,142224.99,1.5565,3.9395,3.8802,0.0279,3.9902,before,1.2690000000000001,3.8996,56270418.4
4.0302,20090909,-0.01,000005.SZE,138642.62,1.5173,3.9902,3.9201,0.0276,3.9805,before,-0.2506,3.9902,55037178.0
4.0798,20090910,0.05,000005.SZE,264912.97,2.8992,3.9805,3.9298,0.0377,4.0302,before,1.2563,3.9697,106726111.2
4.3798,20090911,0.25,000005.SZE,476425.87,5.2139999999999995,4.0302,3.9805,0.0993,4.2805,before,6.2035,4.0097,199701725.5
4.71,20090914,0.43,000005.SZE,851088.21,9.3143,4.2805,4.41,0.0701,4.71,before,10.0467,4.4197,392792773.7
5.1297,20090915,0.16,000005.SZE,1197412.8,13.1045,4.71,4.71,0.0892,4.8697,before,3.397,4.8999,589226384.4
5.0898,20090916,0.08,000005.SZE,811720.96,8.8835,4.8697,4.6398,0.0924,4.9495,before,1.6427,4.7995,399107909.2
4.97,20090917,-0.05,000005.SZE,518816.73,5.6779,4.9495,4.7995,0.0343,4.8999,before,-1.0101,4.9398,252957102.2
4.9204,20090918,-0.26,000005.SZE,443373.35,4.8523,4.8999,4.5999,0.0653,4.6398,before,-5.3061,4.8999,210270080.5
4.7596,20090921,0.11,000005.SZE,247196.39,2.7053,4.6398,4.5298,0.0496,4.7499,before,2.3707,4.6301,115610934.2
4.7499,20090922,-0.19,000005.SZE,189812.52,2.0773,4.7499,4.56,0.04,4.56,before,-4.0,4.7499,87996766.6
4.5999,20090923,-0.25,000005.SZE,195229.86,2.1366,4.56,4.2999,0.0658,4.3096,before,-5.4825,4.5503,86516803.7
4.4898,20090924,0.11,000005.SZE,216918.19,2.374,4.3096,4.26,0.0534,4.4197,before,2.5522,4.2902,94887058.2
4.4003,20090925,-0.14,000005.SZE,135590.11,1.4839,4.4197,4.2503,0.0339,4.2805,before,-3.1674,4.3895,58548759.5
4.3398,20090928,-0.22,000005.SZE,120386.66,1.3175,4.2805,4.0205,0.0748,4.0604,before,-5.1402,4.2201,50608024.7
4.0701,20090929,-0.1,000005.SZE,128125.69,1.4022,4.0604,3.8802,0.0468,3.96,before,-2.4631,4.0,50828449.6
4.1003,20090930,0.12,000005.SZE,110534.81,1.2097,3.96,4.0097,0.0227,4.0798,before,3.0303,4.0302,44862416.2
4.2805,20091009,0.19,000005.SZE,120228.14,1.3158,4.0798,4.0895,0.0466,4.2697,before,4.6569,4.1499,50736334.9
4.2902,20091012,-0.05,000005.SZE,115225.41,1.261,4.2697,4.1996,0.0211,4.2201,before,-1.171,4.2697,48794017.2
4.4704,20091013,0.16,000005.SZE,214082.71,2.3429,4.2201,4.1499,0.0758,4.3798,before,3.7915,4.1802,92658790.1
4.4898,20091014,0.01,000005.SZE,238637.2,2.6116,4.3798,4.3096,0.0411,4.3895,before,0.2283,4.3096,105677972.7
4.6797,20091015,0.13,000005.SZE,276002.78,3.0206,4.3895,4.4003,0.0638,4.52,before,2.9613,4.4402,125060278.5
4.5503,20091016,-0.07,000005.SZE,194935.13,2.1334,4.52,4.3496,0.0442,4.4499,before,-1.5487,4.52,86156837.7
4.67,20091019,0.16,000005.SZE,313018.41,3.4257,4.4499,4.41,0.0584,4.6096,before,3.5955,4.4499,143638527.2
4.6603,20091020,0.0,000005.SZE,231616.91,2.5348,4.6096,4.5503,0.0239,4.6096,before,0.0,4.6603,106220840.3
4.9905,20091021,0.21,000005.SZE,643990.16,7.0478,4.6096,4.5298,0.0998,4.82,before,4.5553,4.5902,311009038.9
5.1502,20091022,0.14,000005.SZE,739019.94,8.0878,4.82,4.6603,0.1017,4.9603,before,2.9046,4.7002,365046595.1
5.0995,20091023,-0.04,000005.SZE,605115.47,6.6224,4.9603,4.8502,0.0504,4.9204,before,-0.8065,4.8999,301484115.1
4.9495,20091026,-0.16,000005.SZE,369208.45,4.0406,4.9204,4.7197,0.0467,4.7596,before,-3.252,4.9398,177222965.2
4.71,20091027,-0.2,000005.SZE,284701.7,3.1158,4.7596,4.5503,0.0336,4.56,before,-4.2017,4.71,131827181.6
4.67,20091028,0.11,000005.SZE,208030.41,2.2767,4.56,4.4995,0.0373,4.67,before,2.4123,4.4995,96017116.5
4.6204,20091029,-0.15,000005.SZE,165144.13,1.8073,4.67,4.4995,0.0257,4.52,before,-3.2119999999999997,4.6096,75275024.8
4.6495,20091030,0.03,000005.SZE,168120.47,1.8399,4.52,4.5395,0.0243,4.5503,before,0.6637,4.56,77238642.9
4.6495,20091102,0.1,000005.SZE,215273.5,2.356,4.5503,4.4003,0.0549,4.6495,before,2.1978,4.4499,97967080.5
4.8697,20091103,0.16,000005.SZE,349354.31,3.8233,4.6495,4.6398,0.0495,4.8103,before,3.4409,4.6797,165761084.6
4.7995,20091104,-0.06,000005.SZE,222307.07,2.4329,4.8103,4.6905,0.0229,4.7499,before,-1.2474,4.7898,105375880.3
4.82,20091105,0.02,000005.SZE,199751.22,2.1861,4.7499,4.7002,0.0253,4.7704,before,0.4211,4.7402,95110843.8
4.8902,20091106,0.05,000005.SZE,311145.17,3.4052,4.7704,4.7596,0.0273,4.82,before,1.0482,4.7898,149997593.9
4.8697,20091109,-0.04,000005.SZE,213651.84,2.3382,4.82,4.71,0.0332,4.7801,before,-0.8299,4.8297,102110508.4
4.8502,20091110,0.02,000005.SZE,285114.85,3.1203,4.7801,4.7596,0.0188,4.7995,before,0.4184,4.8405,137291749.9
4.9905,20091111,0.19,000005.SZE,609760.39,6.6732,4.7995,4.7402,0.0521,4.9905,before,3.9583,4.7995,298525804.6
5.0596,20091112,-0.09,000005.SZE,618924.32,6.7735,4.9905,4.8902,0.0341,4.8999,before,-1.8036,5.0304,307253874.2
4.9096,20091113,0.0,000005.SZE,266160.39,2.9129,4.8999,4.7596,0.0306,4.8999,before,0.0,4.8697,128757064.8
5.0002,20091116,0.1,000005.SZE,423988.22,4.6401,4.8999,4.8999,0.0204,5.0002,before,2.0408,4.9495,210384954.6
5.0704,20091117,-0.02,000005.SZE,412365.28,4.5129,5.0002,4.9495,0.024,4.9797,before,-0.4,5.0002,206457048.6
5.0196,20091118,0.0,000005.SZE,305026.72,3.3382,4.9797,4.8999,0.0241,4.9797,before,0.0,4.9905,150893128.9
5.23,20091119,0.18,000005.SZE,762462.82,8.3444,4.9797,4.9398,0.0582,5.1599,before,3.6145,4.97,388711692.9
5.3196,20091120,0.1,000005.SZE,787741.9,8.621,5.1599,5.0498,0.0523,5.2603,before,1.9380000000000002,5.0898,409989861.5
5.3002,20091123,-0.04,000005.SZE,441780.47,4.8348,5.2603,5.1804,0.0228,5.2203,before,-0.7605,5.1998,231053970.2
5.3897,20091124,-0.16,000005.SZE,774202.26,8.4729,5.2203,4.9495,0.0843,5.0596,before,-3.0651,5.23,405700904.8
5.5699,20091125,0.51,000005.SZE,992037.81,10.8569,5.0596,4.97,0.1186,5.5699,before,10.0791,5.0002,530016624.5
6.13,20091126,0.56,000005.SZE,475033.34,5.1988,5.5699,6.13,0.0,6.13,before,10.0539,6.13,291195437.4
6.6997,20091127,0.07,000005.SZE,2581555.53,28.2525,6.13,5.9303,0.1256,6.2001,before,1.1419,6.1202,1640582756.4
6.4504,20091130,0.1,000005.SZE,1358068.15,14.8627,6.2001,6.0199,0.0694,6.3004,before,1.6129,6.0199,848066774.8
6.9295,20091201,0.63,000005.SZE,1433274.44,15.6858,6.3004,6.0695,0.1365,6.9295,before,10.0,6.1602,937321386.8
7.3795,20091202,-0.1,000005.SZE,1819292.31,19.9103,6.9295,6.7299,0.0938,6.8302,before,-1.443,6.9899,1275471308.1
6.7903,20091203,-0.13,000005.SZE,1025721.89,11.2255,6.8302,6.4601,0.0483,6.6997,before,-1.9034,6.6803,679853600.8
6.6403,20091204,-0.37,000005.SZE,920064.11,10.0692,6.6997,6.0501,0.0881,6.3296,before,-5.5224,6.6403,586191579.6
6.5605,20091207,0.12,000005.SZE,502863.91,5.5033,6.3296,6.24,0.0506,6.4504,before,1.8957,6.3296,322374695.7
6.65,20091208,-0.01,000005.SZE,486969.05,5.3294,6.4504,6.39,0.0403,6.4396,before,-0.155,6.4601,317064878.4
6.3501,20091209,-0.21,000005.SZE,369792.4,4.047,6.4396,6.1699,0.027999999999999997,6.2303,before,-3.2609,6.3501,230896844.4
6.4299,20091210,0.12,000005.SZE,370905.83,4.0592,6.2303,6.1505,0.0449,6.3501,before,1.9262,6.2098,233207435.8
6.3501,20091211,-0.13,000005.SZE,247229.98,2.7057,6.3501,6.2001,0.0236,6.2195,before,-2.0472,6.3004,154589900.4
6.2897,20091214,-0.06,000005.SZE,256173.46,2.8036,6.2195,6.0199,0.0434,6.1602,before,-0.9646,6.2897,156671214.2
6.3404,20091215,0.05,000005.SZE,381078.06,4.1705,6.1602,6.0501,0.0471,6.2098,before,0.8117,6.1699,235734180.2
6.1602,20091217,-0.38,000005.SZE,318908.29,3.4901,6.2098,5.7998,0.057999999999999996,5.83,before,-6.1192,6.1202,190185972.8
5.7296,20091218,-0.27,000005.SZE,358723.85,3.9259,5.83,5.38,0.06,5.5602,before,-4.6312,5.7005,198415272.9
5.8095,20091221,0.13,000005.SZE,298048.13,3.2618,5.5602,5.4502,0.0647,5.6897,before,2.3381,5.5505,167597390.7
5.7296,20091222,-0.24,000005.SZE,232712.53,2.5468,5.6897,5.3002,0.0756,5.4502,before,-4.2179,5.6897,128021460.8
5.6498,20091223,0.03,000005.SZE,167887.19,1.8374,5.4502,5.4102,0.044000000000000004,5.4804,before,0.5505,5.4102,92591798.9
5.7696,20091224,0.19,000005.SZE,297511.66,3.2560000000000002,5.4804,5.42,0.0639,5.6703,before,3.4672,5.5203,166294055.4
6.1602,20091225,0.39,000005.SZE,522898.96,5.7226,5.6703,5.6002,0.0988,6.0598,before,6.8783,5.6002,309178898.5
6.1602,20091228,-0.03,000005.SZE,471877.77,5.1642,6.0598,5.9303,0.038,6.0296,before,-0.495,5.9897,285014244.2
6.0404,20091229,-0.04,000005.SZE,297621.65,3.2572,6.0296,5.83,0.0348,5.9897,before,-0.6633,6.0102,176362766.7
6.1505,20091230,0.01,000005.SZE,391026.26,4.2794,5.9897,5.8602,0.0484,6.0005,before,0.1669,5.9498,236036340.5
6.1105,20091231,0.02,000005.SZE,280840.23,3.0735,6.0005,5.8796,0.0383,6.0199,before,0.3333,5.9498,168678199.7
6.0501,20100104,-0.03,000005.SZE,223582.22,2.4469,6.0199,5.9098,0.0233,5.9897,before,-0.4983,6.0102,133478420.7
6.3199,20100105,0.21,000005.SZE,644252.42,7.0507,5.9897,5.83,0.0818,6.2001,before,3.5058,5.9498,391575200.4
6.2799,20100106,-0.12,000005.SZE,494034.08,5.4067,6.2001,6.0598,0.0355,6.0803,before,-1.9355,6.13,305132857.7
6.0695,20100107,-0.25,000005.SZE,314417.23,3.4410000000000003,6.0803,5.8203,0.0411,5.83,before,-4.1118,6.0296,186543381.7
5.9303,20100108,0.06,000005.SZE,167892.49,1.8374,5.83,5.7404,0.0326,5.8904,before,1.0292,5.7998,98244699.4
5.9595,20100111,-0.07,000005.SZE,214233.41,2.3446,5.8904,5.7598,0.034,5.8203,before,-1.1885,5.9001,124734044.6
6.1602,20100112,0.31,000005.SZE,439055.5,4.805,5.8203,5.7501,0.0704,6.13,before,5.3265,5.7998,263919918.6
6.0803,20100113,-0.09,000005.SZE,282899.44,3.0961,6.13,5.9001,0.0294,6.0404,before,-1.4682,6.0005,169096858.6
6.1397,20100114,0.03,000005.SZE,497536.77,5.445,6.0404,5.9498,0.0315,6.0695,before,0.4967,5.9897,301657362.9
6.2001,20100115,0.02,000005.SZE,313566.14,3.4317,6.0695,6.0005,0.0329,6.09,before,0.3295,6.0695,191947636.5
6.2497,20100118,0.13,000005.SZE,362654.14,3.9689,6.09,6.0598,0.0312,6.2195,before,2.1346,6.0803,223818095.9
6.2195,20100119,-0.12,000005.SZE,280766.18,3.0727,6.2195,6.0598,0.0257,6.0997,before,-1.9293,6.2098,171512645.9
6.1505,20100120,-0.21,000005.SZE,327194.38,3.5808,6.0997,5.8796,0.0443,5.8904,before,-3.4426,6.0997,195763183.7
5.9595,20100121,0.0,000005.SZE,160588.34,1.7575,5.8904,5.8095,0.0255,5.8904,before,0.0,5.8505,94586656.9
5.8203,20100122,-0.25,000005.SZE,232992.5,2.5499,5.8904,5.4998,0.0543,5.6401,before,-4.2445,5.8095,132297979.3
5.6703,20100125,-0.19,000005.SZE,158884.0,1.7388,5.6401,5.42,0.0443,5.4502,before,-3.3688,5.6002,87846931.0
5.5095,20100126,-0.3,000005.SZE,169970.17,1.8602,5.4502,5.0596,0.0826,5.1502,before,-5.5046,5.4502,88982839.8
5.2398,20100127,-0.04,000005.SZE,120255.34,1.3161,5.1502,5.0304,0.0408,5.1103,before,-0.7767,5.1502,61701052.9
5.1804,20100128,0.02,000005.SZE,113194.87,1.2388,5.1103,5.0304,0.0294,5.1297,before,0.3914,5.1103,57801340.1
5.4102,20100129,0.26,000005.SZE,251053.4,2.7475,5.1297,5.0498,0.0702,5.3897,before,5.0682,5.0995,130857790.4
5.4998,20100201,0.04,000005.SZE,319676.43,3.4985,5.3897,5.2398,0.0482,5.4297,before,0.7421,5.4005,172164191.7
5.4599,20100202,-0.14,000005.SZE,141460.36,1.5481,5.4297,5.2797,0.0331,5.2905,before,-2.5783,5.4297,76032384.2
5.3498,20100203,0.01,000005.SZE,151504.53,1.6581,5.2905,5.0596,0.0548,5.3002,before,0.18899999999999997,5.2905,79235199.5
5.7696,20100204,0.22,000005.SZE,417612.81,4.5704,5.3002,5.1599,0.1151,5.5203,before,4.1509,5.2603,230654694.5
5.4696,20100205,-0.13,000005.SZE,194414.79,2.1277,5.5203,5.2905,0.0326,5.3897,before,-2.3551,5.3401,104574779.1
5.5095,20100208,0.03,000005.SZE,99911.11,1.0934,5.3897,5.3304,0.0334,5.42,before,0.5566,5.3304,54349199.5
5.4502,20100209,-0.16,000005.SZE,143931.21,1.5752,5.42,5.2203,0.0424,5.2603,before,-2.952,5.4005,76433723.3
5.3401,20100210,0.05,000005.SZE,72621.5,0.7948,5.2603,5.2603,0.0152,5.3099,before,0.9506,5.2797,38403579.9
5.3703,20100211,0.0,000005.SZE,68762.83,0.7525,5.3099,5.3002,0.0132,5.3099,before,0.0,5.3196,36685702.0
5.3498,20100212,0.04,000005.SZE,95077.36,1.0405,5.3099,5.2603,0.0169,5.3498,before,0.7533,5.3498,50432661.3
5.3703,20100222,-0.04,000005.SZE,102259.44,1.1191,5.3498,5.2398,0.0243,5.3099,before,-0.7477,5.3304,54291208.4
5.3304,20100223,-0.03,000005.SZE,93836.02,1.0269,5.3099,5.1901,0.0264,5.2797,before,-0.565,5.3099,49211538.5
5.4502,20100224,0.17,000005.SZE,213312.11,2.3345,5.2797,5.2095,0.0455,5.4502,before,3.2197,5.2095,115236040.2
5.7598,20100225,0.2,000005.SZE,323394.74,3.5392,5.4502,5.4696,0.0532,5.6498,before,3.6697,5.4901,180822188.6
5.7598,20100226,-0.06,000005.SZE,193977.49,2.1229,5.6498,5.53,0.0407,5.5904,before,-1.0619,5.6304,109316047.0
5.7404,20100301,0.15,000005.SZE,266361.68,2.9151,5.5904,5.53,0.0376,5.7404,before,2.6834,5.5397,150473037.3
5.9303,20100302,0.06,000005.SZE,411383.08,4.5022,5.7404,5.6498,0.0488,5.7998,before,1.0453,5.7296,238711837.8
5.8602,20100303,0.04,000005.SZE,240464.11,2.6316,5.7998,5.7404,0.0207,5.8397,before,0.6897,5.7501,138901439.0
6.4202,20100304,0.26,000005.SZE,1159076.23,12.6849,5.8397,6.0501,0.0634,6.0997,before,4.4521,6.3997,731149063.4
6.1904,20100305,0.05,000005.SZE,729451.87,7.9831,6.0997,5.7598,0.0705,6.1505,before,0.8197,6.0005,437516904.4
6.7698,20100308,0.29,000005.SZE,1390990.42,15.222999999999999,6.1505,6.3997,0.0602,6.4396,before,4.7154,6.7698,922797406.1
6.6198,20100309,0.05,000005.SZE,832302.18,9.1087,6.4396,6.2001,0.0652,6.4904,before,0.7764,6.2799,535030713.6
6.4698,20100310,-0.33,000005.SZE,523896.1,5.7335,6.4904,6.0803,0.0601,6.1602,before,-5.0847,6.3695,327377371.0
6.2195,20100311,-0.17,000005.SZE,326170.69,3.5696,6.1602,5.8904,0.0536,5.9897,before,-2.7597,6.1796,197121654.1
6.1602,20100312,0.06,000005.SZE,335179.33,3.6682,5.9897,5.8397,0.0534,6.0501,before,1.0017,5.9897,201583636.6
6.0997,20100315,-0.13,000005.SZE,172554.61,1.8884,6.0501,5.9098,0.0314,5.9195,before,-2.1488,5.9595,103401016.7
6.1202,20100316,0.17,000005.SZE,207640.29,2.2724,5.9195,5.8796,0.0405,6.09,before,2.8716,5.9195,124211742.7
6.2605,20100317,0.12,000005.SZE,270035.69,2.9553,6.09,6.0102,0.0411,6.2098,before,1.9704,6.0695,165827989.4
6.2897,20100318,-0.05,000005.SZE,279379.6,3.0575,6.2098,6.1202,0.0274,6.1602,before,-0.8052,6.2098,173406124.9
6.2303,20100319,0.02,000005.SZE,181459.32,1.9859,6.1602,6.13,0.0162,6.1796,before,0.3247,6.1602,112087538.7
6.1796,20100322,-0.08,000005.SZE,198167.52,2.1687,6.1796,6.0803,0.0162,6.0997,before,-1.2945,6.1699,121093871.5
6.1699,20100323,-0.01,000005.SZE,175664.38,1.9225,6.0997,6.0695,0.0164,6.09,before,-0.1639,6.1202,107489440.3
6.2497,20100324,0.1,000005.SZE,295655.45,3.2357,6.09,6.0404,0.0345,6.1904,before,1.642,6.0997,181867618.2
6.1904,20100325,-0.32,000005.SZE,308741.8,3.3789,6.1904,5.8602,0.0533,5.8699,before,-5.1696,6.1904,184448865.8
6.0296,20100326,0.06,000005.SZE,182906.01,2.0017,5.8699,5.8397,0.0324,5.9303,before,1.0221,5.8904,108790120.7
5.98,20100329,0.03,000005.SZE,161594.89,1.7685,5.9303,5.8904,0.0152,5.9595,before,0.5059,5.9303,95989763.3
5.98,20100330,0.0,000005.SZE,121641.98,1.3312,5.9595,5.9001,0.0134,5.9595,before,0.0,5.9498,72250125.3
6.0501,20100331,0.0,000005.SZE,162169.54,1.7748,5.9595,5.9303,0.0201,5.9595,before,0.0,5.94,97211903.0
6.0997,20100401,0.11,000005.SZE,215441.69,2.3578,5.9595,5.9498,0.0252,6.0695,before,1.8456,5.9595,130031190.9
6.13,20100402,0.0,000005.SZE,149859.18,1.6401,6.0695,6.0199,0.0181,6.0695,before,0.0,6.09,90854793.8
6.09,20100406,-0.08,000005.SZE,242739.28,2.6565,6.0695,5.9001,0.0313,5.9897,before,-1.318,6.0695,144963652.6
5.9703,20100407,-0.06,000005.SZE,129280.31,1.4148,5.9897,5.9001,0.0117,5.9303,before,-1.0017,5.9703,76596814.0
5.9595,20100408,-0.08,000005.SZE,163416.36,1.7884,5.9303,5.83,0.0219,5.8505,before,-1.3491,5.9303,96244793.5
5.9001,20100409,0.01,000005.SZE,117372.18,1.2845,5.8505,5.8203,0.0137,5.8602,before,0.1709,5.8602,68804984.3
5.9001,20100412,-0.18,000005.SZE,268244.66,2.9357,5.8602,5.6498,0.0427,5.68,before,-3.0717,5.8796,153690062.7
5.7199,20100413,-0.07,000005.SZE,195526.94,2.1398,5.68,5.4998,0.0387,5.6099,before,-1.2324,5.7005,109797907.7
5.7296,20100414,0.12,000005.SZE,156762.47,1.7156,5.6099,5.53,0.0357,5.7296,before,2.1390000000000002,5.6099,88135798.6
5.9098,20100415,0.15,000005.SZE,339063.76,3.7107,5.7296,5.6099,0.0524,5.8796,before,2.6178,5.7199,196572439.0
5.9303,20100416,0.02,000005.SZE,237778.58,2.6022,5.8796,5.6897,0.0408,5.9001,before,0.3401,5.8505,139236574.4
5.94,20100419,-0.46,000005.SZE,286793.04,3.1387,5.9001,5.4405,0.0847,5.4405,before,-7.7966,5.7998,164787031.6
5.6304,20100420,0.02,000005.SZE,183234.14,2.0053,5.4405,5.3002,0.0607,5.4599,before,0.3676,5.4599,99353867.2
5.6002,20100421,0.1,000005.SZE,216655.38,2.3711,5.4599,5.38,0.0403,5.5602,before,1.8315,5.4696,119170613.8
5.5203,20100422,-0.15,000005.SZE,205639.0,2.2505,5.5602,5.3401,0.0324,5.4102,before,-2.6978,5.5203,111152878.9
5.5397,20100423,-0.06,000005.SZE,151412.87,1.6571,5.4102,5.3002,0.0444,5.3498,before,-1.1091,5.5397,81882413.9
5.3595,20100426,-0.18,000005.SZE,154894.3,1.6952,5.3498,5.1502,0.0393,5.1696,before,-3.3645,5.3401,80605930.9
5.1297,20100427,-0.2,000005.SZE,163658.17,1.7911,5.1696,4.8697,0.0503,4.97,before,-3.8685,5.1297,81127892.7
5.0196,20100428,-0.01,000005.SZE,89604.45,0.9806,4.97,4.8999,0.0241,4.9603,before,-0.2012,4.8999,44413385.2
5.0704,20100429,-0.04,000005.SZE,102870.63,1.1258,4.9603,4.9204,0.0302,4.9204,before,-0.8065,4.9905,51422290.3
4.9204,20100430,-0.13,000005.SZE,87515.45,0.9578,4.9204,4.71,0.0427,4.7898,before,-2.6423,4.9204,41778161.1
4.7402,20100504,-0.19,000005.SZE,80305.59,0.8789,4.7898,4.5999,0.0292,4.5999,before,-3.9666,4.7002,37322121.2
4.7801,20100505,0.17,000005.SZE,117429.9,1.2852,4.5999,4.5395,0.0522,4.7704,before,3.6957,4.5805,54960693.6
4.7596,20100506,-0.21,000005.SZE,95274.94,1.0427,4.7704,4.56,0.0419,4.56,before,-4.4025,4.7596,44272848.0
4.5999,20100507,-0.11,000005.SZE,90618.03,0.9917,4.56,4.3895,0.0461,4.4499,before,-2.4123,4.4995,40852016.6
4.56,20100510,0.07,000005.SZE,73837.96,0.8081,4.4499,4.4402,0.027000000000000003,4.52,before,1.5730000000000002,4.4499,33251299.5
4.6204,20100511,-0.1,000005.SZE,103564.86,1.1334,4.52,4.41,0.0465,4.4197,before,-2.2124,4.6204,46777168.6
4.5103,20100512,0.06,000005.SZE,84414.87,0.9238,4.4197,4.3604,0.0339,4.4801,before,1.3575,4.4197,37619544.7
4.5103,20100513,0.02,000005.SZE,85232.25,0.9328,4.4801,4.3798,0.028999999999999998,4.4995,before,0.4464,4.4704,38032857.6
4.5298,20100514,0.02,000005.SZE,81051.33,0.887,4.4995,4.4305,0.0222,4.52,before,0.4444,4.4898,36349713.5
4.4596,20100517,-0.45,000005.SZE,140478.26,1.5374,4.52,4.0701,0.0863,4.0701,before,-9.9558,4.4499,59207235.7
4.2697,20100518,0.12,000005.SZE,169792.14,1.8582,4.0701,3.9104,0.0885,4.1899,before,2.9484,4.0205,69586187.7
4.1899,20100519,-0.13,000005.SZE,102793.79,1.125,4.1899,4.0097,0.043,4.0604,before,-3.1026,4.11,42064218.8
4.1003,20100520,-0.1,000005.SZE,68235.23,0.7468,4.0604,3.9201,0.0443,3.96,before,-2.4631,4.0097,27438889.7
4.0895,20100521,0.1,000005.SZE,112198.35,1.2279,3.96,3.81,0.0707,4.0604,before,2.5253,3.8403,44677608.1
4.2805,20100524,0.19,000005.SZE,177284.2,1.9402,4.0604,4.1003,0.0443,4.2503,before,4.6798,4.1197,74834789.8
4.2201,20100525,-0.1,000005.SZE,111833.25,1.2239,4.2503,4.11,0.0259,4.1499,before,-2.3529,4.2201,46566793.0
4.2395,20100526,0.04,000005.SZE,86128.53,0.9426,4.1499,4.1197,0.0289,4.1899,before,0.9639,4.1499,36006001.0
4.4305,20100527,0.14,000005.SZE,185879.41,2.0343,4.1899,4.1197,0.07400000000000001,4.3301,before,3.3413,4.1499,79552284.1
4.5697,20100528,0.22,000005.SZE,237205.74,2.596,4.3301,4.2298,0.0785,4.5503,before,5.0808,4.3604,104292105.7
4.6797,20100531,-0.19,000005.SZE,376848.73,4.1242,4.5503,4.3604,0.0703,4.3604,before,-4.1758,4.5103,171060785.2
4.26,20100601,-0.2,000005.SZE,154726.79,1.6933,4.3604,4.0895,0.039,4.1597,before,-4.5872,4.26,64685202.0
4.2503,20100602,0.09,000005.SZE,85005.83,0.9303,4.1597,4.11,0.0337,4.2503,before,2.1635,4.1499,35666854.8
4.3301,20100603,-0.06,000005.SZE,98806.87,1.0813,4.2503,4.1802,0.0353,4.1899,before,-1.4118,4.3096,42132619.9
4.2805,20100604,0.03,000005.SZE,77799.98,0.8514,4.1899,4.11,0.0406,4.2201,before,0.716,4.1305,32642151.9
4.1597,20100607,-0.12,000005.SZE,90393.76,0.9893,4.2201,4.0496,0.0261,4.1003,before,-2.8436,4.1305,37119516.6
4.2104,20100608,0.06,000005.SZE,71237.78,0.7796,4.1003,4.0701,0.0341,4.1597,before,1.4634,4.0895,29548238.1
4.4596,20100609,0.17,000005.SZE,191120.27,2.0916,4.1597,4.1305,0.0793,4.3301,before,4.0865,4.1597,81678801.8
4.3398,20100610,-0.09,000005.SZE,108437.86,1.1867,4.3301,4.2298,0.0254,4.2395,before,-2.0785,4.2805,46478116.7
4.2999,20100611,0.01,000005.SZE,65666.1,0.7186,4.2395,4.1996,0.0236,4.2503,before,0.2358,4.26,27816977.9
4.2902,20100618,-0.16,000005.SZE,81600.71,0.893,4.2503,4.0604,0.0541,4.0895,before,-3.7647,4.1996,34070533.0
4.2999,20100621,0.16,000005.SZE,116022.55,1.2698,4.0895,4.0604,0.0587,4.2503,before,3.912,4.1197,48944798.5
4.3301,20100622,0.01,000005.SZE,80644.03,0.8826,4.2503,4.2201,0.0259,4.26,before,0.2353,4.2503,34553307.4
4.4402,20100623,0.13,000005.SZE,195706.61,2.1418,4.26,4.2298,0.0493,4.3895,before,3.0516,4.2697,84766652.8
4.3895,20100624,-0.09,000005.SZE,102473.02,1.1215,4.3895,4.2697,0.0273,4.2999,before,-2.0501,4.3496,44299615.9
4.2902,20100625,-0.13,000005.SZE,97464.41,1.0667,4.2999,4.1197,0.0395,4.1704,before,-3.0233,4.2697,40752047.1
4.2201,20100628,-0.05,000005.SZE,49344.07,0.54,4.1704,4.1003,0.0288,4.1197,before,-1.199,4.1704,20472181.9
4.1597,20100629,-0.23,000005.SZE,100240.08,1.097,4.1197,3.85,0.0752,3.8899,before,-5.5825,4.1402,39789465.3
3.8899,20100630,-0.06,000005.SZE,49990.89,0.5471,3.8899,3.7701,0.0308,3.8295,before,-1.5424,3.8802,19152222.8
3.9201,20100701,-0.02,000005.SZE,58814.79,0.6437,3.8295,3.8003,0.0313,3.81,before,-0.5222,3.8403,22656044.9
3.9201,20100702,0.06,000005.SZE,82011.2,0.8975,3.81,3.6104,0.0814,3.8705,before,1.5748,3.81,31031559.7
3.85,20100705,-0.09,000005.SZE,50743.76,0.5553,3.8705,3.6903,0.0413,3.7798,before,-2.3256,3.81,19110361.3
3.8802,20100706,0.09,000005.SZE,65646.83,0.7184,3.7798,3.7205,0.0423,3.8705,before,2.381,3.7895,25217829.0
3.9201,20100707,0.03,000005.SZE,61047.19,0.6681,3.8705,3.8198,0.0258,3.8996,before,0.7752,3.8899,23635150.6
4.0399,20100708,0.05,000005.SZE,103703.36,1.1349,3.8996,3.9201,0.0308,3.9503,before,1.2821,4.0,41276877.2
4.0399,20100709,0.07,000005.SZE,104886.04,1.1479,3.9503,3.8705,0.043,4.0205,before,1.7722,3.96,41813152.1
4.1704,20100712,0.08,000005.SZE,129373.54,1.4159,4.0205,3.9805,0.0473,4.1003,before,1.99,4.0205,53166875.1
4.0302,20100713,-0.17,000005.SZE,88418.45,0.9677,4.1003,3.9104,0.0293,3.9298,before,-4.1463,4.0302,35028067.9
4.1499,20100714,0.09,000005.SZE,101197.46,1.1075,3.9298,3.9104,0.0611,4.0205,before,2.2901,3.9298,40808912.5
4.0604,20100715,-0.08,000005.SZE,66992.05,0.7332,4.0205,3.9104,0.0373,3.9395,before,-1.99,4.0,26639154.6
3.9395,20100716,-0.02,000005.SZE,59661.28,0.6529,3.9395,3.81,0.033,3.9201,before,-0.5076,3.8996,23185669.4
4.0399,20100719,0.08,000005.SZE,66792.27,0.731,3.9201,3.8597,0.0459,4.0,before,2.0408,3.8802,26510500.0
4.1402,20100720,0.09,000005.SZE,139483.27,1.5265,4.0,3.9805,0.04,4.0895,before,2.25,3.9805,56863459.6
4.1499,20100721,0.04,000005.SZE,154698.07,1.693,4.0895,4.0496,0.0244,4.1305,before,0.978,4.0895,63561733.3
4.1802,20100722,0.04,000005.SZE,145650.81,1.594,4.1305,4.0895,0.0218,4.1704,before,0.9685,4.0895,60454881.8
4.3496,20100723,0.13,000005.SZE,287345.88,3.1447,4.1704,4.0604,0.0695,4.2999,before,3.1175,4.1597,121335845.4
4.3895,20100726,0.08,000005.SZE,295274.4,3.2315,4.2999,4.1996,0.0442,4.3798,before,1.8605,4.2503,127293957.5
4.4305,20100727,-0.08,000005.SZE,180520.03,1.9756,4.3798,4.2902,0.032,4.2999,before,-1.8265,4.3398,78459056.3
4.7305,20100728,0.43,000005.SZE,499904.12,5.4709,4.2999,4.26,0.1093,4.7305,before,10.0,4.2805,230717545.4
4.8999,20100729,0.06,000005.SZE,615291.54,6.7337,4.7305,4.6301,0.0571,4.7898,before,1.2685,4.7305,292846705.1
4.7704,20100730,-0.12,000005.SZE,229398.79,2.5105,4.7898,4.6495,0.0251,4.67,before,-2.5052,4.7197,107731570.7
4.8902,20100802,0.08,000005.SZE,319195.22,3.4933,4.67,4.5805,0.0664,4.7499,before,1.7131,4.67,151011732.3
4.7898,20100803,-0.13,000005.SZE,221918.33,2.4287,4.7499,4.6096,0.0379,4.6204,before,-2.7368,4.7197,104507930.5
4.6603,20100804,0.02,000005.SZE,179727.27,1.9669,4.6204,4.4704,0.0411,4.6398,before,0.4329,4.6204,82101812.6
4.6603,20100805,-0.09,000005.SZE,130170.58,1.4246,4.6398,4.52,0.0302,4.5503,before,-1.9397,4.6204,59869179.6
4.5697,20100806,0.01,000005.SZE,149040.87,1.6311,4.5503,4.41,0.0352,4.56,before,0.2198,4.5503,67092250.8
4.7596,20100809,0.17,000005.SZE,267589.4,2.9285,4.56,4.4995,0.057,4.7305,before,3.7281,4.5503,125682359.2
4.7499,20100810,-0.22,000005.SZE,161696.17,1.7696,4.7305,4.5103,0.0507,4.5103,before,-4.6512,4.7002,74776546.2
4.67,20100811,0.09,000005.SZE,144035.87,1.5763,4.5103,4.4596,0.0466,4.5999,before,1.9956,4.4898,65865023.8
4.7898,20100812,0.05,000005.SZE,287034.86,3.1413,4.5999,4.4995,0.063,4.6495,before,1.087,4.52,134908118.4
4.7801,20100813,0.09,000005.SZE,208140.32,2.2779,4.6495,4.5503,0.0495,4.7402,before,1.9355,4.6301,97508430.9
4.7898,20100816,0.02,000005.SZE,300473.76,3.2884,4.7402,4.6603,0.0274,4.7596,before,0.4219,4.7002,142044065.7
4.8405,20100817,0.02,000005.SZE,283083.72,3.0981,4.7596,4.7197,0.0252,4.7801,before,0.4202,4.7402,135497206.9
4.7801,20100818,-0.1,000005.SZE,171687.62,1.8789,4.7801,4.6603,0.0251,4.6797,before,-2.0921,4.7801,80739559.8
4.7305,20100819,0.04,000005.SZE,132819.09,1.4536,4.6797,4.6204,0.0235,4.7197,before,0.8547,4.6797,62020168.7
5.1599,20100820,0.27,000005.SZE,658406.12,7.2056,4.7197,4.6398,0.1102,4.9905,before,5.7203,4.6603,323392249.5
5.2797,20100823,0.14,000005.SZE,714454.95,7.819,4.9905,5.0099,0.0541,5.1297,before,2.8056,5.0801,366887449.7
5.1804,20100824,-0.06,000005.SZE,373954.97,4.0926,5.1297,4.8902,0.0565,5.0704,before,-1.1696,5.0498,187809668.6
5.0196,20100825,-0.19,000005.SZE,256889.5,2.8114,5.0704,4.8502,0.0335,4.8804,before,-3.7475,5.0002,126467668.3
4.9204,20100826,-0.06,000005.SZE,150396.16,1.6459,4.8804,4.7596,0.0328,4.82,before,-1.2295,4.8697,72473822.8
4.9301,20100827,0.0,000005.SZE,130972.27,1.4334,4.82,4.7898,0.028999999999999998,4.82,before,0.0,4.82,63528968.6
4.8999,20100830,0.02,000005.SZE,157774.77,1.7267,4.82,4.7704,0.027000000000000003,4.8405,before,0.4149,4.8297,76175331.7
4.9495,20100831,0.03,000005.SZE,153722.93,1.6823,4.8405,4.7995,0.031,4.8697,before,0.6198,4.8502,74928406.9
4.9204,20100901,-0.11,000005.SZE,158608.9,1.7358,4.8697,4.7002,0.0452,4.7596,before,-2.2587,4.8999,76274360.5
4.8103,20100902,0.0,000005.SZE,153021.97,1.6747,4.7596,4.71,0.021,4.7596,before,0.0,4.7801,72609920.2
4.8599,20100903,0.06,000005.SZE,138492.94,1.5157,4.7596,4.7305,0.0273,4.82,before,1.2605,4.7596,66503637.8
4.8999,20100906,0.05,000005.SZE,171611.19,1.8781,4.82,4.7995,0.0207,4.8697,before,1.0373,4.8697,83338295.9
4.9204,20100907,-0.02,000005.SZE,115220.43,1.261,4.8697,4.82,0.0205,4.8502,before,-0.4107,4.8902,55966543.8
4.8405,20100908,-0.07,000005.SZE,136383.11,1.4926,4.8502,4.7197,0.0247,4.7801,before,-1.4433,4.8405,64997817.9
4.7801,20100909,-0.21,000005.SZE,198813.59,2.1758,4.7801,4.5697,0.0439,4.5697,before,-4.3933,4.7801,92471438.1
4.6096,20100910,-0.05,000005.SZE,131478.05,1.4389,4.5697,4.4003,0.046,4.52,before,-1.0941,4.5697,59064691.6
4.6398,20100913,0.09,000005.SZE,110075.15,1.2047,4.52,4.4704,0.0376,4.6096,before,1.9912,4.5298,50471009.1
4.6301,20100914,-0.06,000005.SZE,88072.94,0.9639,4.6096,4.5103,0.026000000000000002,4.5503,before,-1.3015,4.6096,40030441.4
4.56,20100915,-0.08,000005.SZE,81566.9,0.8927,4.5503,4.4596,0.022000000000000002,4.4704,before,-1.7582,4.5395,36634143.7
4.4995,20100916,-0.13,000005.SZE,105707.5,1.1569,4.4704,4.2902,0.047,4.3398,before,-2.9083,4.4801,46441966.6
4.5298,20100917,0.12,000005.SZE,110679.44,1.2113,4.3398,4.3204,0.0484,4.4596,before,2.765,4.3398,48796009.6
4.4402,20100920,-0.13,000005.SZE,72327.68,0.7916,4.4596,4.2805,0.0359,4.3301,before,-2.9148,4.4402,31488188.5
4.3798,20100921,0.01,000005.SZE,36092.16,0.395,4.3301,4.2902,0.0208,4.3398,before,0.2309,4.3301,15665152.8
4.3701,20100927,0.02,000005.SZE,59675.56,0.6531,4.3398,4.2805,0.0207,4.3604,before,0.4608,4.3398,25838809.4
4.3895,20100928,-0.07,000005.SZE,81357.75,0.8904,4.3604,4.2805,0.0252,4.2902,before,-1.6055,4.3398,35292062.0
4.3604,20100929,-0.02,000005.SZE,67795.39,0.742,4.2902,4.2298,0.0303,4.2697,before,-0.4662,4.2805,29207355.1
4.4197,20100930,0.1,000005.SZE,96000.09,1.0506,4.2697,4.1499,0.0632,4.3701,before,2.3419,4.1996,41637885.7
4.4305,20101008,0.01,000005.SZE,117608.47,1.2871,4.3701,4.2902,0.032,4.3798,before,0.2288,4.3604,51516061.6
4.4995,20101011,0.09,000005.SZE,157962.66,1.7287,4.3798,4.4003,0.0228,4.4704,before,2.0548,4.4197,70433914.6
4.4898,20101012,-0.04,000005.SZE,118658.08,1.2986,4.4704,4.4003,0.0201,4.4305,before,-0.8949,4.4499,52619044.1
4.6495,20101013,0.13,000005.SZE,208716.2,2.2842,4.4305,4.41,0.0542,4.56,before,2.9345,4.41,95150813.3
4.5697,20101014,-0.16,000005.SZE,147997.42,1.6197,4.56,4.4003,0.0373,4.4003,before,-3.5088,4.56,66365245.1
4.4003,20101015,-0.01,000005.SZE,122843.61,1.3444,4.4003,4.3204,0.0182,4.3895,before,-0.2273,4.4003,53566668.4
4.4596,20101018,0.04,000005.SZE,187532.44,2.0524,4.3895,4.2902,0.0387,4.4305,before,0.9112,4.3798,82216520.0
4.4898,20101019,0.05,000005.SZE,133261.25,1.4584,4.4305,4.3701,0.0271,4.4801,before,1.1287,4.4499,58974240.5
4.3895,20101020,-0.14,000005.SZE,151564.37,1.6587,4.4801,4.3096,0.0179,4.3398,before,-3.125,4.3895,65884746.0
4.3701,20101021,-0.02,000005.SZE,89126.45,0.9754,4.3398,4.2805,0.0207,4.3204,before,-0.4608,4.3204,38461082.6
4.3701,20101022,0.01,000005.SZE,84204.44,0.9215,4.3204,4.3096,0.0139,4.3301,before,0.2315,4.3204,36495847.4
4.3895,20101025,0.05,000005.SZE,131048.19,1.4342,4.3301,4.3204,0.0162,4.3798,before,1.1547,4.3301,57124304.0
4.4704,20101026,0.04,000005.SZE,168524.15,1.8443,4.3798,4.3604,0.0251,4.4197,before,0.9132,4.4197,74618547.4
4.5298,20101027,0.01,000005.SZE,169631.31,1.8564,4.4197,4.3798,0.0339,4.4305,before,0.2262,4.4402,75646503.9
4.4898,20101028,-0.01,000005.SZE,114215.85,1.25,4.4305,4.3895,0.0226,4.4197,before,-0.2257,4.4003,50634254.3
4.4499,20101029,-0.09,000005.SZE,137118.26,1.5006,4.4197,4.2999,0.0339,4.3301,before,-2.0362,4.4197,59594892.5
4.3496,20101101,0.0,000005.SZE,154901.4,1.6952,4.3301,4.2697,0.0185,4.3301,before,0.0,4.3204,66784784.7
4.3496,20101102,-0.02,000005.SZE,170634.56,1.8674,4.3301,4.26,0.0208,4.3096,before,-0.4619,4.3398,73326703.8
4.3604,20101103,0.02,000005.SZE,139818.37,1.5302,4.3096,4.2697,0.0209,4.3301,before,0.46399999999999997,4.2999,60413018.6
4.56,20101104,0.12,000005.SZE,281761.72,3.0836,4.3301,4.2902,0.0624,4.4499,before,2.7714,4.3096,124115056.0
4.4898,20101105,0.0,000005.SZE,206723.31,2.2624,4.4499,4.3798,0.0247,4.4499,before,0.0,4.4197,91556223.3
4.56,20101108,0.09,000005.SZE,262994.15,2.8782,4.4499,4.4596,0.0225,4.5395,before,2.0225,4.4898,118871669.2
4.5902,20101109,-0.01,000005.SZE,194303.3,2.1265,4.5395,4.4995,0.0198,4.5298,before,-0.2203,4.56,88044497.4
4.5298,20101110,-0.05,000005.SZE,186093.34,2.0366,4.5298,4.4197,0.0243,4.4801,before,-1.1038,4.5298,83463172.7
4.5395,20101111,-0.03,000005.SZE,203544.67,2.2276,4.4801,4.41,0.028999999999999998,4.4499,before,-0.6696,4.4499,91252623.9
4.4499,20101112,-0.34,000005.SZE,222660.4,2.4368,4.4499,4.0895,0.0809,4.11,before,-7.6404,4.4197,95219674.3
4.1899,20101115,0.07,000005.SZE,85969.08,0.9408,4.11,4.11,0.0195,4.1802,before,1.7032,4.11,35653915.1
4.1597,20101116,-0.22,000005.SZE,139242.95,1.5239,4.1802,3.9104,0.0598,3.96,before,-5.2632,4.1597,56300730.5
4.0302,20101117,-0.02,000005.SZE,91895.79,1.0057,3.96,3.8597,0.0429,3.9395,before,-0.5051,3.8996,36480838.9
4.0,20101118,0.02,000005.SZE,68122.52,0.7455,3.9395,3.9201,0.0203,3.96,before,0.5076,3.9395,26913602.6
3.9805,20101119,-0.06,000005.SZE,131240.35,1.4363,3.96,3.81,0.0429,3.8996,before,-1.5152,3.9805,51127779.6
3.9902,20101122,0.03,000005.SZE,113904.7,1.2466,3.8996,3.8403,0.0385,3.9298,before,0.7692,3.8802,44643306.5
3.9503,20101123,-0.08,000005.SZE,89299.5,0.9773,3.9298,3.81,0.0356,3.85,before,-2.0356,3.9395,34485630.9
3.8996,20101124,0.04,000005.SZE,64223.59,0.7029,3.85,3.8198,0.0208,3.8899,before,1.0390000000000001,3.85,24830348.8
4.0302,20101125,0.11,000005.SZE,119497.35,1.3078,3.8899,3.8996,0.0334,4.0,before,2.8278,3.9298,47438016.9
4.0,20101126,-0.08,000005.SZE,118332.06,1.295,4.0,3.8899,0.0275,3.9201,before,-2.0,4.0,46403936.2
3.9395,20101129,0.0,000005.SZE,49794.84,0.545,3.9201,3.8802,0.0153,3.9201,before,0.0,3.9104,19474745.9
3.9395,20101130,-0.07,000005.SZE,106659.1,1.1673,3.9201,3.7399,0.051,3.85,before,-1.7857,3.9201,40836554.7
3.9104,20101201,-0.01,000005.SZE,55878.28,0.6115,3.85,3.81,0.026000000000000002,3.8403,before,-0.2597,3.8403,21528803.2
3.9201,20101202,0.03,000005.SZE,63607.91,0.6961,3.8403,3.85,0.0182,3.8705,before,0.7813,3.8597,24680434.6
3.9395,20101203,0.04,000005.SZE,93272.51,1.0208,3.8705,3.85,0.0233,3.9104,before,1.0336,3.8705,36327731.0
3.9298,20101206,-0.02,000005.SZE,63534.11,0.6953,3.9104,3.8705,0.0153,3.8899,before,-0.5115,3.8899,24764632.2
4.0496,20101207,0.11,000005.SZE,181590.99,1.9873,3.8899,3.85,0.0514,4.0,before,2.8278,3.8899,72499567.6
3.96,20101208,-0.09,000005.SZE,97685.86,1.0691,4.0,3.8899,0.0175,3.9104,before,-2.25,3.9503,38312429.0
3.9104,20101209,-0.1,000005.SZE,123552.25,1.3522,3.9104,3.7895,0.0307,3.81,before,-2.5575,3.8996,47305403.6
3.8295,20101210,0.01,000005.SZE,44749.49,0.4897,3.81,3.7701,0.0157,3.8198,before,0.2625,3.8003,17035963.4
3.8996,20101213,0.06,000005.SZE,95491.82,1.0451,3.8198,3.8198,0.0209,3.8802,before,1.5707,3.8295,36937685.7
3.96,20101214,0.03,000005.SZE,107781.74,1.1796,3.8802,3.85,0.0284,3.9104,before,0.7732,3.8996,42038860.3
3.8996,20101215,-0.06,000005.SZE,77190.46,0.8448,3.9104,3.85,0.0128,3.85,before,-1.5345,3.8996,29854181.5
3.9104,20101217,0.03,000005.SZE,48489.06,0.5307,3.85,3.8597,0.013000000000000001,3.8802,before,0.7792,3.8597,18806237.5
3.8996,20101220,-0.06,000005.SZE,75799.74,0.8296,3.8802,3.7798,0.0309,3.8198,before,-1.5464,3.8802,28992300.9
3.96,20101221,0.12,000005.SZE,174561.99,1.9104,3.8198,3.81,0.0393,3.9395,before,3.1414,3.8295,68177926.3
3.96,20101222,-0.08,000005.SZE,90396.97,0.9893,3.9395,3.85,0.0279,3.8597,before,-2.0305,3.9298,35258251.4
3.9298,20101223,-0.01,000005.SZE,64665.5,0.7077,3.8597,3.8403,0.0233,3.85,before,-0.2591,3.8597,25069970.4
4.0399,20101224,0.06,000005.SZE,181780.75,1.9894,3.85,3.8295,0.0545,3.9104,before,1.5584,3.8597,71884460.1
3.9104,20101227,-0.14,000005.SZE,130151.61,1.4244,3.9104,3.7604,0.0384,3.7701,before,-3.5806,3.8899,50041697.3
3.7895,20101228,-0.11,000005.SZE,102316.24,1.1197,3.7701,3.6298,0.0424,3.6601,before,-2.9178,3.7701,37939778.3
3.7,20101229,0.02,000005.SZE,30534.43,0.3342,3.6601,3.6504,0.0137,3.6795,before,0.5464,3.6601,11209283.0
3.7,20101230,-0.04,000005.SZE,50474.53,0.5524,3.6795,3.5996,0.0272,3.6396,before,-1.087,3.7,18343997.8
3.6698,20101231,0.03,000005.SZE,57135.78,0.6253,3.6396,3.6104,0.0165,3.6698,before,0.8242,3.6504,20795618.6
3.7895,20110104,0.08,000005.SZE,111288.34,1.2179,3.6698,3.6601,0.0354,3.7496,before,2.1798,3.6795,41720982.5
3.7895,20110105,0.0,000005.SZE,74331.64,0.8135,3.7496,3.7,0.024,3.7496,before,0.0,3.7496,27804065.1
3.8003,20110106,0.01,000005.SZE,64685.83,0.7079,3.7496,3.7399,0.016,3.7604,before,0.2667,3.7399,24426384.5
3.8996,20110107,0.06,000005.SZE,122615.79,1.3419,3.7604,3.7399,0.0426,3.8198,before,1.5957,3.7604,47118612.7
3.85,20110110,-0.1,000005.SZE,63304.73,0.6928,3.8198,3.7,0.0393,3.7205,before,-2.6178,3.81,23910484.2
3.8003,20110111,0.07,000005.SZE,62109.85,0.6797,3.7205,3.6903,0.0296,3.7895,before,1.8817,3.7302,23356130.1
3.8705,20110112,0.04,000005.SZE,82406.63,0.9019,3.7895,3.7604,0.028999999999999998,3.8295,before,1.0554,3.7798,31503576.3
3.8198,20110113,-0.06,000005.SZE,32448.42,0.3551,3.8295,3.7604,0.0157,3.7701,before,-1.5666,3.8198,12275702.7
3.7701,20110114,-0.05,000005.SZE,35517.04,0.3887,3.7701,3.7,0.0186,3.7205,before,-1.3263,3.7604,13247200.7
3.7205,20110117,-0.19,000005.SZE,74705.75,0.8176,3.7205,3.4896,0.0618,3.5295,before,-5.1075,3.7205,26867604.2
3.5705,20110118,0.0,000005.SZE,35340.35,0.3868,3.5295,3.5004,0.0198,3.5295,before,0.0,3.5004,12466649.6
3.5802,20110119,0.04,000005.SZE,43925.22,0.4807,3.5295,3.5004,0.0227,3.5705,before,1.1331,3.5295,15565232.1
3.5705,20110120,-0.15,000005.SZE,54893.71,0.6008,3.5705,3.4097,0.0448,3.4205,before,-4.2017,3.5597,19157598.3
3.5004,20110121,0.03,000005.SZE,49015.0,0.5364,3.4205,3.4097,0.0263,3.4497,before,0.8772,3.4205,16922983.2
3.4896,20110124,-0.02,000005.SZE,41565.84,0.4549,3.4497,3.4,0.0261,3.4302,before,-0.5797,3.4497,14302691.9
3.4702,20110125,-0.02,000005.SZE,33296.22,0.3644,3.4302,3.3903,0.0233,3.4097,before,-0.5831,3.4302,11382086.5
3.4497,20110126,0.03,000005.SZE,26142.16,0.2861,3.4097,3.4097,0.0117,3.4399,before,0.8798,3.4097,8975039.4
3.4497,20110127,0.01,000005.SZE,49651.27,0.5434,3.4399,3.3903,0.0174,3.4497,before,0.2907,3.4302,17002296.7
3.4896,20110128,0.01,000005.SZE,43291.06,0.4738,3.4497,3.4399,0.0145,3.4604,before,0.2899,3.4497,14968436.0
3.5295,20110131,0.04,000005.SZE,59323.78,0.6492,3.4604,3.4399,0.026000000000000002,3.5004,before,1.1561,3.4604,20706894.7
3.5198,20110201,0.01,000005.SZE,40148.38,0.4394,3.5004,3.4702,0.0143,3.5101,before,0.2857,3.4702,14051673.7
3.5004,20110209,-0.06,000005.SZE,40986.32,0.4486,3.5101,3.4399,0.0171,3.4497,before,-1.7094,3.5004,14228918.3
3.5295,20110210,0.07,000005.SZE,55090.43,0.6029,3.4497,3.4399,0.0261,3.5198,before,2.029,3.4399,19270120.5
3.8705,20110211,0.35,000005.SZE,218540.42,2.3917,3.5198,3.5004,0.1051,3.8705,before,9.9432,3.5101,80977084.5
3.9902,20110214,0.04,000005.SZE,294668.32,3.2248,3.8705,3.7895,0.0517,3.9104,before,1.0336,3.8198,114181018.5
3.8996,20110215,-0.11,000005.SZE,147194.65,1.6109,3.9104,3.8003,0.0256,3.8003,before,-2.8133,3.8899,56668547.9
3.8597,20110216,0.03,000005.SZE,102218.79,1.1187,3.8003,3.7895,0.0184,3.8295,before,0.7895,3.81,39216834.3
3.8597,20110217,-0.03,000005.SZE,95177.79,1.0416,3.8295,3.7399,0.0313,3.8003,before,-0.7833,3.8403,36135716.0
3.8403,20110218,-0.01,000005.SZE,65737.83,0.7194,3.8003,3.7,0.0368,3.7895,before,-0.2632,3.7895,24855400.4
3.9503,20110221,0.15,000005.SZE,236102.02,2.5839,3.7895,3.7496,0.0528,3.9395,before,3.9578,3.7604,91796884.8
4.3204,20110222,0.28,000005.SZE,650539.16,7.1195,3.9395,3.9697,0.0888,4.2201,before,7.1066,3.9697,271143264.2
4.2697,20110223,-0.02,000005.SZE,202708.81,2.2184,4.2201,4.0604,0.0498,4.1996,before,-0.4739,4.1802,84752642.1
4.4596,20110224,0.14,000005.SZE,335118.45,3.6675,4.1996,4.1499,0.0738,4.3398,before,3.3333,4.1802,146344235.2
4.4197,20110225,-0.09,000005.SZE,185910.22,2.0346,4.3398,4.1996,0.0507,4.2503,before,-2.0737,4.2697,79634968.1
4.2999,20110228,0.0,000005.SZE,108643.84,1.189,4.2503,4.1402,0.0376,4.2503,before,0.0,4.2805,45878359.0
4.3398,20110301,0.03,000005.SZE,103076.03,1.1281,4.2503,4.2104,0.0306,4.2805,before,0.7059,4.2503,44019525.8
4.3204,20110302,0.02,000005.SZE,121954.0,1.3347,4.2805,4.2104,0.0257,4.2999,before,0.4673,4.2503,52025071.5
4.3301,20110303,-0.12,000005.SZE,100355.52,1.0983,4.2999,4.1802,0.0349,4.1802,before,-2.7907,4.2902,42546795.7
4.2298,20110304,0.03,000005.SZE,89039.55,0.9744,4.1802,4.1499,0.0191,4.2104,before,0.7177,4.1499,37320022.1
4.2805,20110307,0.01,000005.SZE,101539.65,1.1112,4.2104,4.1899,0.0214,4.2201,before,0.2375,4.2104,42896989.2
4.2503,20110308,-0.01,000005.SZE,78263.2,0.8565,4.2201,4.1499,0.0237,4.2104,before,-0.237,4.2298,32844869.4
4.2395,20110309,-0.04,000005.SZE,79989.19,0.8754,4.2104,4.1597,0.019,4.1704,before,-0.9501,4.2104,33544532.9
4.4305,20110310,0.15,000005.SZE,323912.61,3.5449,4.1704,4.1704,0.0624,4.3204,before,3.5971,4.1802,140334575.8
4.3398,20110311,-0.08,000005.SZE,135234.86,1.48,4.3204,4.1899,0.0347,4.2395,before,-1.8519,4.2805,57589601.6
4.1996,20110314,-0.05,000005.SZE,107425.19,1.1757,4.2395,4.1499,0.0118,4.1899,before,-1.1792,4.1899,44800996.5
4.1996,20110315,-0.12,000005.SZE,126210.75,1.3812,4.1899,3.9503,0.0597,4.0701,before,-2.864,4.1996,51432112.0
4.1197,20110316,0.04,000005.SZE,72846.76,0.7972,4.0701,4.0302,0.0221,4.11,before,0.9828,4.0496,29788386.0
4.1003,20110317,-0.06,000005.SZE,62455.29,0.6835,4.11,4.0097,0.0219,4.0496,before,-1.4599,4.1003,25302393.8
4.1402,20110318,0.06,000005.SZE,53314.01,0.5835,4.0496,4.0496,0.0222,4.11,before,1.4815,4.0604,21793714.4
4.1402,20110321,-0.02,000005.SZE,40385.33,0.442,4.11,4.0701,0.017,4.0895,before,-0.4866,4.11,16535745.8
4.11,20110322,-0.03,000005.SZE,48353.18,0.5292,4.0895,4.0097,0.0244,4.0604,before,-0.7335,4.0798,19540768.2
4.1996,20110323,0.1,000005.SZE,95735.74,1.0477,4.0604,4.0399,0.0394,4.1597,before,2.4631,4.0399,39592094.8
4.1704,20110324,-0.02,000005.SZE,43140.65,0.4721,4.1597,4.1305,0.0096,4.1402,before,-0.4808,4.1597,17884359.5
4.1996,20110325,0.03,000005.SZE,68471.32,0.7493,4.1402,4.1305,0.0169,4.1704,before,0.7246,4.1402,28572924.2
4.2395,20110328,0.04,000005.SZE,101764.89,1.1137,4.1704,4.1704,0.0168,4.2104,before,0.9592,4.1802,42786698.7
4.3798,20110329,-0.01,000005.SZE,196006.31,2.1451,4.2104,4.1305,0.0594,4.1996,before,-0.2375,4.1996,83252030.7
4.2298,20110330,-0.06,000005.SZE,87150.7,0.9538,4.1996,4.1402,0.0214,4.1402,before,-1.4286,4.1996,36416168.5
4.1802,20110331,-0.09,000005.SZE,123599.87,1.3527,4.1402,4.0205,0.0386,4.0496,before,-2.1739,4.1499,50439115.0
4.1704,20110401,0.09,000005.SZE,50465.89,0.5523,4.0496,4.0604,0.0272,4.1402,before,2.2222,4.0701,20762736.9
4.1597,20110406,-0.01,000005.SZE,75405.36,0.8252,4.1402,4.0701,0.0217,4.1305,before,-0.2415,4.11,31070460.8
4.2805,20110407,0.07,000005.SZE,155716.82,1.7042,4.1305,4.1305,0.0363,4.1996,before,1.6949,4.1305,65359729.8
4.2395,20110408,-0.01,000005.SZE,66152.93,0.7240000000000001,4.1996,4.1704,0.0167,4.1899,before,-0.2381,4.2104,27722875.9
4.2201,20110411,-0.04,000005.SZE,79734.32,0.8726,4.1899,4.1402,0.0191,4.1499,before,-0.9547,4.1802,33322644.0
4.2503,20110412,0.1,000005.SZE,137097.99,1.5004,4.1499,4.1197,0.0313,4.2503,before,2.4096,4.1197,57621061.0
4.2697,20110413,0.01,000005.SZE,101448.36,1.1103,4.2503,4.1996,0.0165,4.26,before,0.2353,4.2503,43013504.3
4.26,20110414,-0.06,000005.SZE,80857.51,0.8849,4.26,4.1899,0.0164,4.1996,before,-1.4085,4.26,34125018.8
4.3096,20110415,0.06,000005.SZE,143475.76,1.5702,4.1996,4.1597,0.0357,4.26,before,1.4286,4.1899,60938246.7
4.2902,20110418,0.02,000005.SZE,148270.02,1.6227,4.26,4.2201,0.0164,4.2805,before,0.4695,4.26,63097720.2
4.2697,20110419,-0.12,000005.SZE,125696.04,1.3756,4.2805,4.1402,0.0304,4.1597,before,-2.8037,4.2697,52648044.6
4.1996,20110420,-0.02,000005.SZE,86543.05,0.9471,4.1597,4.1305,0.0168,4.1402,before,-0.4808,4.1704,35995835.7
4.1899,20110421,0.02,000005.SZE,114730.74,1.2556,4.1402,4.1197,0.0169,4.1597,before,0.4831,4.1499,47608936.0
4.1802,20110422,-0.02,000005.SZE,68925.73,0.7543,4.1597,4.1305,0.012,4.1402,before,-0.4808,4.1704,28610952.4
4.1402,20110425,-0.07,000005.SZE,91738.3,1.004,4.1402,4.0604,0.0193,4.0701,before,-1.6908,4.1402,37411474.4
4.1003,20110426,-0.01,000005.SZE,47606.14,0.521,4.0701,4.0302,0.0172,4.0604,before,-0.2457,4.0496,19312753.3
4.0895,20110427,-0.11,000005.SZE,69629.82,0.762,4.0604,3.9298,0.0394,3.9503,before,-2.7094,4.0604,28020809.9
3.9805,20110428,-0.14,000005.SZE,81477.35,0.8917,3.9503,3.8003,0.0456,3.81,before,-3.5443,3.9697,31626540.0
3.8705,20110429,0.05,000005.SZE,42643.68,0.4667,3.81,3.7701,0.0262,3.8597,before,1.3123,3.8295,16325271.7
4.2503,20120424,0.39,000005.SZE,662241.22,7.2476,3.8597,3.9697,0.0725,4.2503,before,10.1036,4.2503,275597539.3
4.6204,20120425,0.09,000005.SZE,651384.78,7.1288,4.2503,4.11,0.12,4.3398,before,2.1176,4.2395,285298793.9
4.4197,20120426,-0.16,000005.SZE,305054.77,3.3385,4.3398,4.1597,0.0599,4.1802,before,-3.6866,4.2503,130060239.0
4.1899,20120427,-0.21,000005.SZE,241047.49,2.638,4.1802,3.9503,0.0574,3.9697,before,-5.0239,4.1402,97477629.0
4.0205,20120502,-0.11,000005.SZE,195668.35,2.1414,3.9697,3.7798,0.0605,3.8597,before,-2.7708,3.9902,75654321.9
3.8802,20120503,-0.05,000005.SZE,132204.25,1.4468,3.8597,3.7798,0.0259,3.81,before,-1.2953,3.8295,50423908.2
3.8597,20120504,0.03,000005.SZE,84541.88,0.9252,3.81,3.81,0.0131,3.8403,before,0.7874,3.81,32455081.9
3.8597,20120507,-0.07,000005.SZE,118675.08,1.2988,3.8403,3.7302,0.0339,3.7701,before,-1.8229,3.85,44883114.2
3.7895,20120508,-0.03,000005.SZE,93480.98,1.0231,3.7701,3.7,0.0239,3.7399,before,-0.7958,3.7798,34909014.7
3.8003,20120509,0.05,000005.SZE,92419.52,1.0114,3.7399,3.7,0.0267,3.7895,before,1.3369,3.7097,34615207.7
3.7798,20120510,-0.07,000005.SZE,91543.55,1.0019,3.7895,3.6903,0.0237,3.7205,before,-1.847,3.7701,34146618.4
3.7399,20120511,-0.11,000005.SZE,97691.21,1.0691,3.7205,3.6104,0.0349,3.6104,before,-2.957,3.7205,35586572.6
3.6903,20120514,0.04,000005.SZE,73467.84,0.804,3.6104,3.6201,0.0194,3.6504,before,1.1079999999999999,3.6504,26880694.7
3.6298,20120515,-0.05,000005.SZE,59070.35,0.6465,3.6504,3.5597,0.0192,3.5996,before,-1.3699,3.6298,21171697.0
3.6201,20120516,-0.07,000005.SZE,61981.73,0.6783,3.5996,3.5198,0.0278,3.5295,before,-1.9444,3.5996,22125601.2
3.5802,20120517,0.04,000005.SZE,47663.1,0.5216,3.5295,3.5198,0.017,3.5705,before,1.1331,3.5198,16935420.0
3.5899,20120518,0.0,000005.SZE,46399.37,0.5078,3.5705,3.5295,0.0168,3.5705,before,0.0,3.55,16547065.4
3.5996,20120521,0.03,000005.SZE,47006.73,0.5144,3.5705,3.55,0.013999999999999999,3.5996,before,0.8403,3.5597,16827895.8
3.6201,20120522,0.01,000005.SZE,58020.05,0.635,3.5996,3.5802,0.0111,3.6104,before,0.2778,3.5996,20872984.0
3.7097,20120523,0.07,000005.SZE,108102.29,1.1831,3.6104,3.5899,0.0332,3.6795,before,1.9391,3.5899,39661676.3
3.7496,20120524,-0.04,000005.SZE,83326.81,0.9119,3.6795,3.6298,0.0326,3.6396,before,-1.087,3.6601,30653081.6
3.6903,20120525,-0.05,000005.SZE,69445.9,0.76,3.6396,3.5802,0.0302,3.5899,before,-1.3736,3.6396,25255105.9
3.6104,20120528,-0.07,000005.SZE,79065.75,0.8653,3.5899,3.4097,0.0557,3.5198,before,-1.9499,3.5996,27563829.2
3.5705,20120529,0.04,000005.SZE,61461.72,0.6726,3.5198,3.4896,0.0227,3.5597,before,1.1364,3.5101,21711640.5
3.6104,20120530,0.01,000005.SZE,57141.96,0.6254,3.5597,3.5295,0.0225,3.5705,before,0.2809,3.5597,20438393.6
3.5597,20120531,-0.04,000005.SZE,62089.27,0.6795,3.5705,3.5004,0.0168,3.5295,before,-1.1204,3.5597,21882550.4
3.55,20120601,-0.02,000005.SZE,45072.58,0.4933,3.5295,3.5004,0.0142,3.5101,before,-0.5666,3.5198,15842783.6
3.4896,20120604,-0.12,000005.SZE,86628.86,0.9481,3.5101,3.3903,0.0285,3.3903,before,-3.4188,3.4702,29791347.8
3.4205,20120605,0.02,000005.SZE,42613.33,0.4664,3.3903,3.3795,0.0118,3.4097,before,0.59,3.4,14472092.1
3.4302,20120606,-0.05,000005.SZE,41908.21,0.4586,3.4097,3.3396,0.0264,3.3601,before,-1.4663,3.4097,14179517.4
3.5597,20120607,0.09,000005.SZE,114970.2,1.2582,3.3601,3.3601,0.0595,3.4497,before,2.6786,3.3795,39797504.4
3.5295,20120608,-0.06,000005.SZE,86867.42,0.9507,3.4497,3.3795,0.0435,3.3903,before,-1.7391,3.5004,29962128.0
3.4497,20120611,0.05,000005.SZE,57906.32,0.6337,3.3903,3.3504,0.0295,3.4399,before,1.4749,3.4097,19746400.8
3.4896,20120612,0.02,000005.SZE,67005.03,0.7333,3.4399,3.3903,0.0291,3.4604,before,0.5814,3.4205,23037792.3
3.5295,20120613,0.01,000005.SZE,59107.43,0.6469,3.4604,3.4399,0.026000000000000002,3.4702,before,0.289,3.5101,20519022.9
3.4702,20120614,-0.06,000005.SZE,48761.2,0.5336,3.4702,3.4,0.0202,3.4097,before,-1.7291,3.4604,16765301.3
3.4399,20120615,-0.02,000005.SZE,39917.49,0.4369,3.4097,3.3396,0.0293,3.3903,before,-0.5865,3.4097,13527036.6
3.4205,20120618,0.0,000005.SZE,38577.73,0.4222,3.3903,3.3698,0.0147,3.3903,before,0.0,3.3903,13097506.2
3.4097,20120619,-0.02,000005.SZE,34528.37,0.3779,3.3903,3.3698,0.0118,3.3698,before,-0.59,3.4,11685439.8
3.4,20120620,-0.04,000005.SZE,63053.16,0.6901,3.3698,3.3202,0.0237,3.3299,before,-1.1869,3.3903,21085701.5
3.4399,20120621,0.02,000005.SZE,91859.9,1.0053,3.3299,3.3105,0.039,3.3504,before,0.6006,3.3299,30938424.4
3.4896,20120625,0.06,000005.SZE,174949.14,1.9146,3.3504,3.2597,0.0687,3.4097,before,1.791,3.3396,59655632.5
3.3903,20120626,-0.14,000005.SZE,103544.65,1.1332,3.4097,3.1098,0.0821,3.2705,before,-4.1056,3.3903,33647086.9
3.2597,20120627,-0.1,000005.SZE,69544.41,0.7611,3.2705,3.1605,0.0306,3.1702,before,-3.0581,3.2403,22359469.9
3.1098,20120629,-0.16,000005.SZE,95004.46,1.0397,3.1702,2.8799,0.0726,3.0105,before,-5.0473,3.1098,28281537.1
3.0202,20120702,-0.01,000005.SZE,45130.99,0.4939,3.0105,2.9695,0.0166,2.9997,before,-0.3322,3.0202,13512761.3
3.0396,20120703,0.01,000005.SZE,57112.26,0.625,2.9997,2.9695,0.0233,3.0105,before,0.3333,2.9997,17174436.6
3.0299,20120704,0.01,000005.SZE,38048.52,0.4164,3.0105,2.9803,0.0166,3.0202,before,0.3322,3.0202,11442413.1
2.9997,20120705,-0.12,000005.SZE,57533.99,0.6297,3.0202,2.8799,0.0397,2.9004,before,-3.9735,2.9997,16837298.2
2.99,20120706,0.06,000005.SZE,61450.49,0.6725,2.9004,2.8896,0.0345,2.9598,before,2.069,2.9198,18074518.8
2.9598,20120709,-0.16,000005.SZE,55481.47,0.6072,2.9598,2.7904,0.0574,2.8001,before,-5.4054,2.9404,15999386.6
2.8303,20120710,-0.07,000005.SZE,43715.17,0.4784,2.8001,2.7299,0.0357,2.7299,before,-2.5,2.7796,12102315.4
2.7504,20120711,0.0,000005.SZE,33519.44,0.3668,2.7299,2.7105,0.0147,2.7299,before,0.0,2.7299,9164047.8
2.7904,20120712,0.05,000005.SZE,34245.9,0.3748,2.7299,2.7202,0.0256,2.7796,before,1.8315,2.7397,9454433.5
2.8001,20120713,0.01,000005.SZE,32426.3,0.3549,2.7796,2.7602,0.0144,2.7904,before,0.3597,2.7699,8999039.6
2.7796,20120716,-0.09,000005.SZE,38343.56,0.4196,2.7904,2.69,0.0323,2.6997,before,-3.2258,2.7699,10422926.8
2.9695,20120717,0.27,000005.SZE,191511.05,2.0959,2.6997,2.6997,0.1,2.9695,before,10.0,2.7105,56130331.2
3.0504,20120718,-0.02,000005.SZE,206783.07,2.263,2.9695,2.8605,0.064,2.9501,before,-0.6734,2.9997,61319884.2
3.0504,20120719,0.05,000005.SZE,163194.3,1.786,2.9501,2.9004,0.0508,2.9997,before,1.6949,2.9296,48818667.8
3.1,20120720,0.01,000005.SZE,113482.73,1.242,2.9997,2.9501,0.05,3.0105,before,0.3333,2.99,34174023.1
2.9598,20120723,-0.11,000005.SZE,62126.77,0.6799,3.0105,2.8799,0.0266,2.9004,before,-3.6545,2.9501,18096262.6
2.9501,20120724,0.03,000005.SZE,32903.79,0.3601,2.9004,2.8605,0.031,2.9296,before,1.0345,2.8799,9586524.7
2.9404,20120725,-0.05,000005.SZE,45703.73,0.5002,2.9296,2.8702,0.0239,2.8799,before,-1.7065,2.9198,13264366.7
2.9198,20120726,-0.03,000005.SZE,32862.3,0.3596,2.8799,2.84,0.0278,2.8497,before,-1.0417,2.8896,9421078.4
2.8799,20120727,-0.02,000005.SZE,32515.76,0.3559,2.8497,2.8195,0.0211,2.8303,before,-0.7018,2.8605,9273045.4
2.8605,20120730,-0.07,000005.SZE,34559.78,0.3782,2.8303,2.7105,0.053,2.7602,before,-2.4735,2.8605,9592211.1
2.7699,20120731,-0.03,000005.SZE,24769.27,0.2711,2.7602,2.7105,0.0217,2.7299,before,-1.087,2.7504,6782609.5
2.7904,20120801,0.03,000005.SZE,24355.74,0.2665,2.7299,2.7105,0.0293,2.7602,before,1.0989,2.7202,6712003.6
2.8303,20120802,0.02,000005.SZE,36286.07,0.3971,2.7602,2.7397,0.0326,2.7796,before,0.7246,2.7602,10087726.6
2.8098,20120803,0.02,000005.SZE,29103.57,0.3185,2.7796,2.7504,0.0216,2.8001,before,0.7194,2.8098,8095531.1
2.8702,20120806,0.05,000005.SZE,40412.03,0.4423,2.8001,2.7699,0.0357,2.8497,before,1.7857,2.7904,11406560.6
2.9101,20120807,0.02,000005.SZE,49851.23,0.5456,2.8497,2.8497,0.0211,2.8702,before,0.7018,2.8605,14300599.5
2.8896,20120808,-0.02,000005.SZE,30490.01,0.3337,2.8702,2.8303,0.0209,2.8497,before,-0.6969,2.8799,8718034.8
3.14,20120809,0.29,000005.SZE,253273.31,2.7718,2.8497,3.1,0.013999999999999999,3.14,before,10.1754,3.14,79509741.5
3.3903,20120810,0.05,000005.SZE,422514.69,4.624,3.14,3.0601,0.1051,3.1896,before,1.5924,3.1,136181989.3
3.1702,20120813,-0.19,000005.SZE,174848.2,1.9135,3.1896,2.9997,0.0533,2.9997,before,-5.9561,3.1,53657020.4
3.0396,20120814,0.01,000005.SZE,101111.21,1.1066,2.9997,2.9101,0.0433,3.0105,before,0.3333,2.9803,30041718.6
3.0504,20120815,0.02,000005.SZE,97104.25,1.0627,3.0105,2.9404,0.0365,3.0299,before,0.6645,3.0105,29208695.0
3.0504,20120816,-0.07,000005.SZE,53566.16,0.5862,3.0299,2.9501,0.033,2.9598,before,-2.3102,3.0504,15962269.4
2.9598,20120817,-0.05,000005.SZE,53448.79,0.5849,2.9598,2.8497,0.0372,2.9101,before,-1.6892,2.9198,15572325.6
2.9004,20120820,-0.04,000005.SZE,53546.83,0.586,2.9101,2.8195,0.0275,2.8702,before,-1.3746,2.9004,15275493.5
2.9404,20120821,0.05,000005.SZE,49489.11,0.5416,2.8702,2.8497,0.0314,2.9198,before,1.7422,2.8702,14381802.9
2.99,20120822,0.03,000005.SZE,64322.26,0.7039,2.9198,2.8896,0.0342,2.9501,before,1.0274,2.9198,18942847.6
3.0299,20120823,0.04,000005.SZE,78602.45,0.8602,2.9501,2.9404,0.0305,2.99,before,1.3559,2.9803,23375468.2
3.0299,20120824,0.01,000005.SZE,97633.06,1.0685,2.99,2.9296,0.0334,2.9997,before,0.3344,2.99,29177886.0
3.0396,20120827,-0.07,000005.SZE,74461.56,0.8149,2.9997,2.9296,0.0367,2.9296,before,-2.3333,2.9803,22185722.7
2.9198,20120828,-0.06,000005.SZE,67534.25,0.7391,2.9296,2.8195,0.0341,2.8702,before,-2.0478,2.9101,19340329.8
2.8605,20120829,-0.08,000005.SZE,43656.06,0.4778,2.8702,2.7904,0.0244,2.7904,before,-2.7875,2.8605,12311166.3
2.8303,20120830,-0.03,000005.SZE,34951.5,0.3825,2.7904,2.7202,0.0394,2.7602,before,-1.0753,2.7904,9702399.1
2.8098,20120831,0.02,000005.SZE,19561.44,0.2141,2.7602,2.7504,0.0217,2.7796,before,0.7246,2.7699,5431375.9
2.84,20120903,0.05,000005.SZE,31029.16,0.3396,2.7796,2.7602,0.0288,2.8303,before,1.7986,2.7796,8741397.5
2.84,20120904,-0.05,000005.SZE,24978.85,0.2734,2.8303,2.7699,0.0247,2.7796,before,-1.7668,2.8303,7004038.2
2.8195,20120905,0.02,000005.SZE,29535.53,0.3232,2.7796,2.7602,0.0216,2.8001,before,0.7194,2.7796,8263590.2
2.84,20120906,0.02,000005.SZE,22308.15,0.2441,2.8001,2.8001,0.0143,2.8195,before,0.7143,2.8098,6277613.9
2.9501,20120907,0.09,000005.SZE,80544.64,0.8815,2.8195,2.8303,0.0426,2.9101,before,3.1915,2.8303,23313125.7
2.9404,20120910,0.01,000005.SZE,58545.63,0.6407,2.9101,2.8896,0.0172,2.9198,before,0.3436,2.9004,17041164.7
3.1303,20120911,0.1,000005.SZE,162004.04,1.7730000000000001,2.9198,2.8799,0.0856,3.0202,before,3.4247,2.9101,48751396.6
3.0396,20120912,-0.01,000005.SZE,92038.78,1.0073,3.0202,2.9598,0.0265,3.0105,before,-0.3311,3.0105,27534111.1
2.9997,20120913,-0.08,000005.SZE,57865.55,0.6333,3.0105,2.9296,0.0233,2.9296,before,-2.6578,2.9997,17180063.8
2.9695,20120914,0.01,000005.SZE,40482.07,0.44299999999999995,2.9296,2.9101,0.0205,2.9404,before,0.3413,2.9501,11908720.4
2.9404,20120917,-0.1,000005.SZE,42335.69,0.4633,2.9404,2.8303,0.0374,2.84,before,-3.4014,2.9101,12178473.3
2.8605,20120918,-0.01,000005.SZE,26115.57,0.2858,2.84,2.8001,0.0211,2.8303,before,-0.3521,2.84,7419785.8
2.9101,20120919,0.07,000005.SZE,45888.35,0.5022,2.8303,2.8303,0.0283,2.9004,before,2.4735,2.8303,13208093.6
2.9101,20120920,-0.09,000005.SZE,31482.4,0.3445,2.9004,2.8001,0.0379,2.8098,before,-3.1034,2.9101,9002015.5
2.8702,20120921,0.02,000005.SZE,31739.6,0.3474,2.8098,2.7699,0.0356,2.8303,before,0.7117,2.8098,8976135.7
2.8605,20120924,0.02,000005.SZE,28791.88,0.3151,2.8303,2.7796,0.0283,2.8497,before,0.7067,2.8098,8142640.2
2.8497,20120925,-0.02,000005.SZE,12993.88,0.1422,2.8497,2.8098,0.013999999999999999,2.8303,before,-0.7018,2.8303,3675441.4
2.8303,20120926,-0.07,000005.SZE,23952.56,0.2621,2.8303,2.7504,0.0283,2.7602,before,-2.4735,2.8303,6668125.1
2.8303,20120927,0.07,000005.SZE,39019.07,0.42700000000000005,2.7602,2.7105,0.0435,2.8303,before,2.5362,2.7397,10833832.9
2.8497,20120928,0.02,000005.SZE,24196.77,0.2648,2.8303,2.7904,0.0212,2.8497,before,0.7067,2.8195,6851219.0
2.8702,20121008,-0.03,000005.SZE,17911.58,0.196,2.8497,2.8098,0.0211,2.8195,before,-1.0526,2.84,5082046.0
2.8799,20121009,0.06,000005.SZE,30314.97,0.3318,2.8195,2.8195,0.0213,2.8799,before,2.1277,2.8303,8680870.1
2.9501,20121010,0.06,000005.SZE,66719.49,0.7302,2.8799,2.8605,0.0313,2.9404,before,2.0833,2.8896,19470072.6
2.9296,20121011,-0.06,000005.SZE,39552.6,0.4329,2.9404,2.8605,0.0238,2.8799,before,-2.0408,2.9296,11458117.6
2.9101,20121012,0.02,000005.SZE,41455.9,0.4537,2.8799,2.84,0.0243,2.9004,before,0.6944,2.8702,11922263.7
2.8799,20121015,-0.08,000005.SZE,44388.2,0.4858,2.9004,2.8001,0.0276,2.8195,before,-2.7586,2.8799,12531195.2
2.8497,20121016,0.0,000005.SZE,26333.19,0.2882,2.8195,2.8001,0.0177,2.8195,before,0.0,2.8001,7432277.6
2.84,20121017,0.02,000005.SZE,27052.95,0.2961,2.8195,2.8001,0.0142,2.84,before,0.7092,2.8195,7641313.6
2.9404,20121018,0.07,000005.SZE,82107.63,0.8986,2.84,2.8303,0.0387,2.9101,before,2.4648,2.8303,23875345.6
2.9695,20121019,0.01,000005.SZE,82837.16,0.9066,2.9101,2.9004,0.0241,2.9198,before,0.3436,2.9101,24313907.8
2.9598,20121022,0.03,000005.SZE,58010.85,0.6349,2.9198,2.8896,0.024,2.9501,before,1.0274,2.9198,16962461.2
3.0903,20121023,0.0,000005.SZE,108745.05,1.1901,2.9501,2.9404,0.0508,2.9501,before,0.0,2.9501,32581941.6
3.0504,20121024,0.07,000005.SZE,118972.54,1.3019999999999998,2.9501,2.8896,0.0542,3.0202,before,2.3729,2.9296,35474893.0
3.0504,20121025,-0.08,000005.SZE,83612.73,0.9151,3.0202,2.9198,0.043,2.9404,before,-2.6489999999999996,3.0202,24969908.3
2.9501,20121026,-0.06,000005.SZE,67668.48,0.7406,2.9404,2.8497,0.034,2.8799,before,-2.0408,2.9296,19545769.0
2.8896,20121029,-0.02,000005.SZE,35209.79,0.3853,2.8799,2.8303,0.0208,2.8605,before,-0.6944,2.8799,10065050.6
2.9198,20121030,0.0,000005.SZE,47692.2,0.5219,2.8605,2.8303,0.0315,2.8605,before,0.0,2.8605,13749830.8
2.9004,20121031,0.04,000005.SZE,44337.09,0.4852,2.8605,2.8303,0.0245,2.9004,before,1.3986,2.8605,12733960.8
2.9997,20121101,0.09,000005.SZE,112756.45,1.234,2.9004,2.8896,0.0379,2.99,before,3.1034,2.9004,33405530.5
3.1799,20121102,0.09,000005.SZE,213894.62,2.3409,2.99,2.9501,0.0769,3.0795,before,3.01,2.9803,65135925.6
3.0396,20121105,-0.1,000005.SZE,105555.07,1.1552,3.0795,2.9695,0.0227,2.9803,before,-3.2468,3.0396,31600090.2
2.9695,20121106,-0.06,000005.SZE,89093.44,0.975,2.9803,2.8605,0.0369,2.9198,before,-2.0134,2.9695,25925419.2
2.9296,20121107,0.01,000005.SZE,39773.77,0.4353,2.9198,2.8896,0.0137,2.9296,before,0.3425,2.9101,11589664.4
2.9598,20121108,-0.05,000005.SZE,55884.63,0.6116,2.9296,2.8605,0.0341,2.8799,before,-1.7065,2.9101,16263342.9
2.9101,20121109,-0.01,000005.SZE,39950.42,0.4372,2.8799,2.8605,0.0174,2.8702,before,-0.3472,2.8702,11500567.6
2.9501,20121112,0.08,000005.SZE,57189.62,0.6259,2.8702,2.8702,0.0279,2.9501,before,2.7875,2.8896,16662282.1
2.9501,20121113,-0.09,000005.SZE,51256.0,0.5609,2.9501,2.8605,0.0305,2.8605,before,-3.0508,2.9404,14770338.0
2.8799,20121114,0.0,000005.SZE,32731.0,0.3582,2.8605,2.8098,0.0245,2.8605,before,0.0,2.8702,9299560.3
2.8702,20121115,-0.05,000005.SZE,30146.91,0.3299,2.8605,2.8001,0.0245,2.8098,before,-1.7483,2.8497,8551160.4
2.8303,20121116,0.0,000005.SZE,28427.91,0.3111,2.8098,2.7699,0.0214,2.8098,before,0.0,2.7904,7954041.9
2.8195,20121119,0.01,000005.SZE,15692.0,0.1717,2.8098,2.7796,0.0142,2.8195,before,0.3559,2.8098,4397655.7
2.8497,20121120,-0.01,000005.SZE,12897.76,0.1412,2.8195,2.8001,0.0177,2.8098,before,-0.3546,2.8303,3639158.6
2.8605,20121121,0.04,000005.SZE,31745.37,0.3474,2.8098,2.7904,0.0249,2.8497,before,1.4235,2.7904,8964911.8
2.84,20121122,-0.07,000005.SZE,49111.83,0.5375,2.8497,2.7699,0.0246,2.7796,before,-2.4561,2.8303,13730668.9
2.8098,20121123,0.0,000005.SZE,28710.01,0.3142,2.7796,2.7699,0.0144,2.7796,before,0.0,2.8001,8008206.8
2.7904,20121126,-0.03,000005.SZE,24003.61,0.2627,2.7796,2.7397,0.018000000000000002,2.7504,before,-1.0791,2.7796,6621237.8
2.7504,20121127,-0.15,000005.SZE,53546.77,0.586,2.7504,2.6005,0.0545,2.6005,before,-5.4545,2.7504,14210456.5
2.6005,20121128,-0.13,000005.SZE,37872.01,0.4145,2.6005,2.4602,0.0538,2.4699,before,-5.0,2.6005,9558392.5
2.5098,20121129,-0.01,000005.SZE,26574.58,0.2908,2.4699,2.4602,0.0202,2.4602,before,-0.4049,2.4699,6602417.8
2.54,20121130,0.06,000005.SZE,33350.57,0.365,2.4602,2.4505,0.0366,2.5195,before,2.439,2.4602,8366060.3
2.5605,20121203,-0.03,000005.SZE,37547.89,0.4109,2.5195,2.4796,0.0317,2.4904,before,-1.1905,2.5195,9456110.3
2.5195,20121204,0.01,000005.SZE,40654.54,0.4449,2.4904,2.4095,0.0442,2.5001,before,0.4016,2.4904,9979131.6
2.6199,20121205,0.09,000005.SZE,69010.77,0.7553,2.5001,2.4699,0.06,2.5897,before,3.6,2.5001,17737842.3
2.6102,20121206,0.0,000005.SZE,28604.9,0.3131,2.5897,2.5605,0.0193,2.5897,before,0.0,2.5897,7396504.6
2.7202,20121207,0.13,000005.SZE,94034.97,1.0291,2.5897,2.58,0.0541,2.7202,before,5.0193,2.58,24981805.0
2.7202,20121210,-0.02,000005.SZE,85530.52,0.9359999999999999,2.7202,2.6501,0.0257,2.6997,before,-0.7353,2.69,22925614.9
2.9695,20121211,0.27,000005.SZE,207962.4,2.2759,2.6997,2.6501,0.1185,2.9695,before,10.0,2.69,60100063.0
3.0299,20121212,-0.06,000005.SZE,263369.12,2.8823,2.9695,2.8303,0.0673,2.9101,before,-2.0202,3.0299,76368987.8
2.9198,20121213,-0.09,000005.SZE,121008.6,1.3243,2.9101,2.8098,0.0378,2.8195,before,-3.0928,2.8702,34587364.6
2.9296,20121214,0.08,000005.SZE,166176.54,1.8186,2.8195,2.7796,0.0532,2.9004,before,2.8369,2.7904,47844007.8
2.9598,20121217,-0.02,000005.SZE,117544.82,1.2864,2.9004,2.8605,0.0345,2.8799,before,-0.6897,2.9101,34012663.3
2.9101,20121218,-0.03,000005.SZE,84773.53,0.9278,2.8799,2.8303,0.0278,2.8497,before,-1.0417,2.8896,24241295.5
2.9404,20121219,0.05,000005.SZE,122789.54,1.3438,2.8497,2.8195,0.0421,2.9004,before,1.7544,2.8195,35562796.3
2.8896,20121220,-0.04,000005.SZE,57745.34,0.632,2.9004,2.8303,0.0207,2.8605,before,-1.3793,2.8799,16544898.6
2.8799,20121221,-0.03,000005.SZE,50732.52,0.5552,2.8605,2.8195,0.021,2.8303,before,-1.0490000000000002,2.8497,14426764.6
2.8497,20121224,0.01,000005.SZE,34802.77,0.3809,2.8303,2.8098,0.0141,2.84,before,0.3534,2.8303,9861109.7
2.9198,20121225,0.05,000005.SZE,110834.77,1.213,2.84,2.8195,0.0352,2.8896,before,1.7606,2.84,32073137.9
3.0795,20121226,0.04,000005.SZE,156373.96,1.7114,2.8896,2.8896,0.0657,2.9296,before,1.3841,2.8896,46368044.2
2.9598,20121227,-0.04,000005.SZE,97260.4,1.0644,2.9296,2.8799,0.0273,2.8896,before,-1.3652,2.9101,28258830.0
2.9501,20121228,0.05,000005.SZE,106245.01,1.1627,2.8896,2.8799,0.0242,2.9404,before,1.7301,2.9004,31083415.4
3.0202,20121231,0.03,000005.SZE,136638.14,1.4954,2.9404,2.9101,0.0374,2.9695,before,1.0204,2.9404,40646154.4
3.0299,20130104,-0.02,000005.SZE,80243.74,0.8782,2.9695,2.9198,0.037000000000000005,2.9501,before,-0.6734,2.99,23766916.2
2.9695,20130107,0.0,000005.SZE,48041.09,0.5258,2.9501,2.9101,0.0203,2.9501,before,0.0,2.9598,14094972.8
2.99,20130108,0.01,000005.SZE,80603.71,0.8821,2.9501,2.9101,0.0271,2.9598,before,0.33899999999999997,2.9404,23815821.3
2.99,20130109,0.0,000005.SZE,74085.34,0.8108,2.9598,2.9296,0.0203,2.9598,before,0.0,2.9695,21932457.2
2.99,20130110,0.01,000005.SZE,68435.34,0.7490000000000001,2.9598,2.9404,0.0169,2.9695,before,0.3378,2.9501,20296170.5
2.9803,20130111,-0.11,000005.SZE,81672.11,0.8938,2.9695,2.8605,0.0404,2.8605,before,-3.7037,2.9803,23759261.6
2.9404,20130114,0.07,000005.SZE,58287.23,0.6379,2.8605,2.8303,0.0385,2.9296,before,2.4476,2.8497,16901078.5
2.9695,20130115,0.03,000005.SZE,96629.1,1.0575,2.9296,2.9101,0.0205,2.9598,before,1.0239,2.9198,28412639.4
2.9695,20130116,-0.04,000005.SZE,76874.41,0.8413,2.9598,2.8896,0.027000000000000003,2.9198,before,-1.3514,2.9598,22528730.0
2.9501,20130117,0.0,000005.SZE,65371.19,0.7154,2.9198,2.8896,0.0205,2.9198,before,0.0,2.9101,19085421.4
3.0601,20130118,0.11,000005.SZE,252924.54,2.7680000000000002,2.9198,2.9101,0.0514,3.0299,before,3.7671,2.9296,76036774.1
3.2101,20130121,0.04,000005.SZE,292235.66,3.1982,3.0299,3.0202,0.0627,3.0698,before,1.3201,3.0299,90890511.1
3.0795,20130122,-0.07,000005.SZE,139172.79,1.5231,3.0698,2.9695,0.0358,2.9997,before,-2.2801,3.0795,41983345.7
3.2997,20130123,0.3,000005.SZE,642847.51,7.0353,2.9997,2.9598,0.1133,3.2997,before,10.0,2.99,210590357.4
3.3698,20130124,-0.08,000005.SZE,579520.04,6.3423,3.2997,3.1799,0.0576,3.2198,before,-2.4242,3.2198,189356079.0
3.2101,20130125,-0.09,000005.SZE,181276.35,1.9839,3.2198,3.0601,0.0466,3.1303,before,-2.795,3.1195,56666135.0
3.2004,20130128,0.04,000005.SZE,167121.82,1.829,3.1303,3.0601,0.0447,3.1702,before,1.278,3.1303,52821599.3
3.2705,20130129,0.02,000005.SZE,155767.83,1.7047,3.1702,3.1303,0.0442,3.1896,before,0.6309,3.1702,50056162.4
3.25,20130130,0.0,000005.SZE,124512.24,1.3627,3.1896,3.1303,0.0376,3.1896,before,0.0,3.1497,39512452.6
3.2198,20130131,-0.09,000005.SZE,146833.6,1.6069,3.1896,3.0795,0.0439,3.1,before,-2.8213,3.2004,45725389.9
3.1303,20130201,-0.02,000005.SZE,92691.69,1.0144,3.1,3.0601,0.0226,3.0795,before,-0.6452,3.1303,28551064.7
3.1497,20130204,0.02,000005.SZE,119919.11,1.3124,3.0795,3.0396,0.0357,3.1,before,0.6494,3.0795,37041798.8
3.1605,20130205,0.06,000005.SZE,135782.27,1.486,3.1,3.0601,0.0323,3.1605,before,1.9355,3.0698,42442362.1
3.1605,20130206,-0.05,000005.SZE,72453.5,0.7929,3.1605,3.1,0.019,3.1098,before,-1.5823,3.1497,22607238.0
3.1303,20130207,0.01,000005.SZE,52388.09,0.5733,3.1098,3.0903,0.0129,3.1195,before,0.3215,3.1,16297948.7
3.1497,20130208,0.03,000005.SZE,59835.27,0.6548,3.1195,3.1,0.016,3.1497,before,0.9615,3.1098,18748223.5
3.1799,20130218,0.0,000005.SZE,64890.11,0.7102,3.1497,3.1195,0.019,3.1497,before,0.0,3.1702,20437875.7
3.1605,20130219,-0.06,000005.SZE,83096.99,0.9094,3.1497,3.0698,0.0286,3.0903,before,-1.9048,3.14,25794878.1
3.1195,20130220,0.03,000005.SZE,58034.71,0.6351,3.0903,3.0698,0.0162,3.1195,before,0.9709,3.0903,17966194.2
3.1,20130221,-0.08,000005.SZE,71238.01,0.7796,3.1195,3.0202,0.0256,3.0396,before,-2.5641,3.0903,21765093.5
3.0601,20130222,-0.03,000005.SZE,50240.2,0.5498,3.0396,2.9997,0.0197,3.0105,before,-0.9868,3.0396,15233352.7
3.0396,20130225,-0.02,000005.SZE,47001.82,0.5144,3.0105,2.9598,0.0266,2.99,before,-0.6645,2.9997,14051718.4
3.0202,20130226,-0.04,000005.SZE,46874.23,0.513,2.99,2.9501,0.0234,2.9501,before,-1.3378,2.99,13947288.9
2.9803,20130227,0.0,000005.SZE,53324.76,0.5836,2.9501,2.9198,0.0203,2.9501,before,0.0,2.9598,15741163.4
3.0202,20130228,0.06,000005.SZE,72498.62,0.7934,2.9501,2.9501,0.0237,3.0105,before,2.0339,2.9501,21693834.3
3.0202,20130301,0.0,000005.SZE,52689.65,0.5766,3.0105,2.9695,0.0166,3.0105,before,0.0,2.9997,15765381.5
2.9501,20130304,-0.26,000005.SZE,169752.37,1.8578,3.0105,2.7105,0.0797,2.7504,before,-8.6379,2.9501,47507290.1
2.7904,20130305,0.03,000005.SZE,60584.09,0.6629999999999999,2.7504,2.7202,0.0255,2.7796,before,1.0909,2.7202,16784118.2
2.8303,20130306,0.05,000005.SZE,72370.4,0.792,2.7796,2.7796,0.018000000000000002,2.8303,before,1.7986,2.7904,20333627.7
2.8702,20130307,0.0,000005.SZE,72443.57,0.7928,2.8303,2.7904,0.0283,2.8303,before,0.0,2.8303,20532815.6
2.8605,20130308,-0.02,000005.SZE,38582.96,0.4223,2.8303,2.8001,0.0212,2.8098,before,-0.7067,2.8303,10896773.1
2.8303,20130311,0.0,000005.SZE,36802.03,0.4028,2.8098,2.7904,0.0142,2.8098,before,0.0,2.8098,10348806.4
2.84,20130312,-0.05,000005.SZE,51278.99,0.5612,2.8098,2.7397,0.0356,2.7602,before,-1.7794,2.8195,14312921.2
2.7602,20130313,-0.06,000005.SZE,48490.74,0.5307,2.7602,2.6803,0.028999999999999998,2.6997,before,-2.1739,2.7602,13149462.7
2.7299,20130314,0.02,000005.SZE,22826.36,0.2498,2.6997,2.6803,0.0185,2.7202,before,0.7407,2.6997,6193542.8
2.7397,20130315,-0.03,000005.SZE,41132.34,0.4502,2.7202,2.6501,0.0331,2.69,before,-1.1029,2.7202,11091869.4
2.7105,20130318,-0.03,000005.SZE,29295.07,0.3206,2.69,2.6598,0.0186,2.6598,before,-1.1152,2.69,7845891.6
2.7202,20130319,0.05,000005.SZE,47975.05,0.525,2.6598,2.6501,0.0263,2.7105,before,1.8797,2.6695,12863678.2
2.7796,20130320,0.06,000005.SZE,56391.66,0.6172,2.7105,2.69,0.0332,2.7699,before,2.214,2.7105,15470606.8
2.8001,20130321,0.01,000005.SZE,67375.03,0.7374,2.7699,2.7504,0.0181,2.7796,before,0.361,2.7796,18711161.8
2.8001,20130322,0.01,000005.SZE,41286.39,0.4518,2.7796,2.7699,0.0108,2.7904,before,0.3597,2.7796,11486441.3
2.8605,20130325,0.03,000005.SZE,67197.23,0.7354,2.7904,2.7796,0.0287,2.8195,before,1.0753,2.7904,18958224.0
2.8303,20130326,-0.04,000005.SZE,48951.98,0.5357,2.8195,2.7504,0.0284,2.7796,before,-1.4184,2.8195,13636817.1
2.8195,20130327,0.0,000005.SZE,31242.57,0.3419,2.7796,2.7602,0.0216,2.7796,before,0.0,2.7796,8717901.8
2.7699,20130328,-0.09,000005.SZE,58396.49,0.6391,2.7796,2.6695,0.036000000000000004,2.69,before,-3.2374,2.7699,15734833.8
2.7397,20130329,0.01,000005.SZE,34630.11,0.379,2.69,2.6695,0.026000000000000002,2.6997,before,0.3717,2.69,9377653.3
2.7504,20130401,0.02,000005.SZE,38287.66,0.419,2.6997,2.6803,0.0259,2.7202,before,0.7407,2.69,10429399.2
2.7504,20130402,0.01,000005.SZE,34630.7,0.379,2.7202,2.7105,0.0147,2.7299,before,0.3676,2.7202,9458469.7
2.7299,20130403,-0.05,000005.SZE,28804.31,0.3152,2.7299,2.6695,0.022000000000000002,2.6803,before,-1.8315,2.7299,7758044.1
2.6803,20130408,-0.04,000005.SZE,21055.98,0.2304,2.6803,2.6199,0.0224,2.6404,before,-1.4925,2.6803,5558707.3
2.69,20130409,0.05,000005.SZE,26470.91,0.2897,2.6404,2.6501,0.0152,2.69,before,1.8939,2.6501,7076770.3
2.7202,20130410,0.02,000005.SZE,31999.14,0.3502,2.69,2.6803,0.0149,2.7105,before,0.7435,2.69,8658746.5
2.9803,20130411,0.11,000005.SZE,232172.11,2.5409,2.7105,2.69,0.107,2.8195,before,4.059,2.7105,66497913.4
2.8001,20130412,-0.09,000005.SZE,138500.55,1.5157,2.8195,2.7202,0.0284,2.7299,before,-3.1915,2.8001,37981434.5
2.7602,20130415,-0.04,000005.SZE,61661.79,0.6748,2.7299,2.6695,0.033,2.69,before,-1.4652,2.6997,16681336.9
2.7299,20130416,0.04,000005.SZE,55446.3,0.6068,2.69,2.6296,0.0372,2.7299,before,1.4869999999999999,2.6598,14917221.7
2.7699,20130417,0.0,000005.SZE,48189.99,0.5274,2.7299,2.6997,0.0256,2.7299,before,0.0,2.7202,13170841.0
2.7504,20130418,0.0,000005.SZE,33695.17,0.3688,2.7299,2.6997,0.0183,2.7299,before,0.0,2.7202,9182943.2
2.7699,20130419,0.03,000005.SZE,77166.13,0.8445,2.7299,2.7202,0.0183,2.7602,before,1.0989,2.7397,21220829.5
2.7504,20130422,-0.02,000005.SZE,36881.31,0.4036,2.7602,2.7202,0.0109,2.7397,before,-0.7246,2.7397,10077711.9
2.7397,20130423,-0.1,000005.SZE,70926.45,0.7762,2.7397,2.6296,0.0401,2.6404,before,-3.6496,2.7299,18991830.6
2.69,20130424,0.04,000005.SZE,39267.11,0.4297,2.6404,2.6404,0.0189,2.6803,before,1.5152,2.6501,10470277.1
2.69,20130425,-0.07,000005.SZE,59614.53,0.6524,2.6803,2.6102,0.0299,2.6102,before,-2.6119,2.69,15748592.8
2.6501,20130426,0.0,000005.SZE,39293.4,0.43,2.6102,2.6005,0.0192,2.6102,before,0.0,2.6199,10325116.9
2.6404,20130502,0.0,000005.SZE,24125.57,0.264,2.6102,2.58,0.023,2.6102,before,0.0,2.6005,6311433.8
2.6695,20130503,0.04,000005.SZE,28907.16,0.3164,2.6102,2.6199,0.0192,2.6501,before,1.5326,2.6199,7656308.2
2.6598,20130506,0.01,000005.SZE,28322.61,0.31,2.6501,2.6404,0.0075,2.6598,before,0.3774,2.6598,7507877.1
2.6695,20130507,0.0,000005.SZE,35302.55,0.3864,2.6598,2.6404,0.0113,2.6598,before,0.0,2.6598,9363589.8
2.6803,20130508,0.0,000005.SZE,39131.44,0.4283,2.6598,2.6501,0.0113,2.6598,before,0.0,2.6501,10428726.3
2.6598,20130509,-0.03,000005.SZE,36136.14,0.3955,2.6598,2.6102,0.0188,2.6296,before,-1.1278,2.6598,9493574.7
2.6501,20130510,0.02,000005.SZE,30614.61,0.335,2.6296,2.6102,0.0152,2.6501,before,0.7605,2.6199,8072008.8
2.6803,20130513,0.02,000005.SZE,41821.6,0.4577,2.6501,2.6404,0.0151,2.6695,before,0.7547,2.6501,11107296.8
2.6997,20130514,-0.01,000005.SZE,73304.65,0.8022,2.6695,2.6199,0.03,2.6598,before,-0.3745,2.6695,19497863.4
2.6501,20130515,-0.01,000005.SZE,44545.7,0.4875,2.6598,2.6296,0.0075,2.6501,before,-0.3759,2.6501,11751610.4
2.7105,20130516,0.05,000005.SZE,95748.83,1.0479,2.6501,2.6296,0.0302,2.6997,before,1.8868,2.6501,25649605.5
2.7699,20130517,0.04,000005.SZE,99643.65,1.0905,2.6997,2.6997,0.0259,2.7397,before,1.4815,2.6997,27304364.4
2.7397,20130520,-0.01,000005.SZE,75257.6,0.8236,2.7397,2.7105,0.0109,2.7299,before,-0.365,2.7397,20513167.2
2.7397,20130521,0.01,000005.SZE,58307.26,0.6381,2.7299,2.7105,0.011000000000000001,2.7397,before,0.3663,2.7202,15916884.1
2.7796,20130522,0.0,000005.SZE,74751.49,0.8181,2.7397,2.7299,0.0182,2.7397,before,0.0,2.7397,20584906.0
2.8001,20130523,0.01,000005.SZE,107857.49,1.1804,2.7397,2.7202,0.0292,2.7504,before,0.365,2.7299,29760727.0
2.8702,20130524,0.06,000005.SZE,138369.51,1.5143,2.7504,2.7397,0.0473,2.8098,before,2.1818,2.7504,38719076.0
2.8098,20130527,-0.03,000005.SZE,68244.22,0.7469,2.8098,2.7602,0.0178,2.7796,before,-1.0676,2.7904,18976891.1
2.8195,20130528,0.03,000005.SZE,93641.81,1.0248,2.7796,2.7602,0.0216,2.8098,before,1.0791,2.7796,26257741.7
2.84,20130529,0.01,000005.SZE,87250.71,0.9549,2.8098,2.8098,0.0107,2.8195,before,0.3559,2.8195,24677066.5
2.8195,20130530,-0.02,000005.SZE,75758.84,0.8291,2.8195,2.7699,0.0177,2.8001,before,-0.7092,2.8098,21149272.8
2.8001,20130531,-0.05,000005.SZE,58510.4,0.6403,2.8001,2.7397,0.0214,2.7504,before,-1.7857,2.8001,16183678.3
2.7796,20130603,0.01,000005.SZE,39829.51,0.4359,2.7504,2.7299,0.0182,2.7602,before,0.3636,2.7504,10980283.9
2.7699,20130604,-0.06,000005.SZE,37433.75,0.4097,2.7602,2.6997,0.0254,2.6997,before,-2.1739,2.7602,10180673.5
2.7202,20130605,0.01,000005.SZE,27544.59,0.3014,2.6997,2.6997,0.0074,2.7105,before,0.3704,2.7105,7457124.6
2.7105,20130606,-0.05,000005.SZE,32986.99,0.361,2.7105,2.6501,0.0221,2.6598,before,-1.845,2.6997,8841437.3
2.6803,20130607,-0.04,000005.SZE,29975.5,0.3281,2.6598,2.6199,0.0226,2.6199,before,-1.5038,2.6598,7933381.5
2.6199,20130613,-0.07,000005.SZE,36943.45,0.4043,2.6199,2.5195,0.0382,2.5497,before,-2.6718,2.6199,9426088.2
2.58,20130614,0.01,000005.SZE,20815.65,0.2278,2.5497,2.54,0.0157,2.5605,before,0.3922,2.5497,5325757.1
2.58,20130617,0.01,000005.SZE,17855.96,0.1954,2.5605,2.5303,0.0195,2.5702,before,0.3906,2.5702,4569259.0
2.58,20130618,0.01,000005.SZE,18196.95,0.1991,2.5702,2.5497,0.0117,2.58,before,0.3891,2.58,4678053.2
2.5702,20130619,-0.03,000005.SZE,30499.64,0.3338,2.58,2.5001,0.0271,2.5497,before,-1.1628,2.5702,7716136.9
2.5605,20130620,-0.07,000005.SZE,20289.55,0.222,2.5497,2.4699,0.0353,2.4796,before,-2.7451,2.5605,5095583.2
2.4602,20130621,-0.05,000005.SZE,31457.71,0.3443,2.4796,2.3598,0.0403,2.43,before,-2.0161,2.4602,7635219.2
2.43,20130624,-0.15,000005.SZE,36120.19,0.3953,2.43,2.2595,0.07,2.28,before,-6.1728,2.43,8464471.6
2.28,20130625,-0.07,000005.SZE,44292.92,0.4847,2.28,2.0502,0.1009,2.2098,before,-3.0702,2.28,9667953.6
2.2304,20130626,-0.01,000005.SZE,29508.67,0.3229,2.2098,2.1505,0.0362,2.2001,before,-0.4525,2.2196,6463955.5
2.4095,20130627,0.08,000005.SZE,82244.63,0.9001,2.2001,2.2001,0.0955,2.28,before,3.6364,2.2001,18821885.3
2.3501,20130628,0.0,000005.SZE,76109.83,0.8329,2.28,2.2196,0.057,2.28,before,0.0,2.2595,17539451.2
2.28,20130701,-0.01,000005.SZE,37314.7,0.4084,2.28,2.2196,0.0263,2.2703,before,-0.4386,2.2703,8390059.5
2.28,20130702,-0.01,000005.SZE,26186.15,0.2866,2.2703,2.2304,0.022000000000000002,2.2595,before,-0.4405,2.2595,5892876.2
2.2595,20130703,-0.04,000005.SZE,33184.26,0.3632,2.2595,2.1904,0.031,2.2196,before,-1.7699,2.2595,7351753.6
2.28,20130704,0.04,000005.SZE,39832.67,0.4359,2.2196,2.1904,0.0405,2.2595,before,1.8018,2.2196,8964260.5
2.3102,20130705,0.0,000005.SZE,28213.65,0.3088,2.2595,2.2595,0.0221,2.2595,before,0.0,2.2595,6445256.2
2.2595,20130708,-0.09,000005.SZE,31004.75,0.3393,2.2595,2.1602,0.0442,2.1699,before,-3.9823,2.2595,6822572.1
2.2001,20130709,0.01,000005.SZE,16380.53,0.1793,2.1699,2.1602,0.0184,2.1796,before,0.4608,2.1699,3571255.5
2.2498,20130710,0.07,000005.SZE,39011.07,0.4269,2.1796,2.1699,0.0367,2.2498,before,3.2110000000000003,2.1904,8653686.8
2.3199,20130711,0.06,000005.SZE,64169.68,0.7023,2.2498,2.2304,0.04,2.3102,before,2.6667,2.2401,14713424.3
2.3695,20130712,-0.03,000005.SZE,51042.67,0.5586,2.3102,2.28,0.039,2.28,before,-1.2987,2.3102,11813258.0
2.3296,20130715,0.02,000005.SZE,40319.64,0.4413,2.28,2.2703,0.0263,2.3005,before,0.8772,2.28,9284001.9
2.3199,20130716,0.02,000005.SZE,36992.86,0.4048,2.3005,2.28,0.0174,2.3199,before,0.8696,2.3102,8519261.6
2.39,20130717,0.02,000005.SZE,79917.97,0.8746,2.3199,2.2897,0.0431,2.3404,before,0.8621,2.3102,18729779.0
2.3404,20130718,-0.06,000005.SZE,36313.4,0.3974,2.3404,2.28,0.0256,2.28,before,-2.5641,2.3404,8344449.6
2.2897,20130719,-0.06,000005.SZE,47260.01,0.5172,2.28,2.2098,0.0351,2.2196,before,-2.6316,2.2897,10654628.7
2.2196,20130722,0.0,000005.SZE,20437.75,0.2237,2.2196,2.1505,0.0315,2.2196,before,0.0,2.2098,4491320.0
2.28,20130723,0.05,000005.SZE,31838.71,0.3484,2.2196,2.2098,0.0315,2.2703,before,2.2523,2.2196,7187623.1
2.2703,20130724,-0.04,000005.SZE,40162.39,0.4395,2.2703,2.2001,0.0308,2.2304,before,-1.7621,2.2595,8952745.9
2.2498,20130725,0.01,000005.SZE,29084.67,0.3183,2.2304,2.2196,0.0135,2.2401,before,0.4484,2.2304,6502128.7
2.2498,20130726,0.0,000005.SZE,31482.53,0.3445,2.2401,2.2001,0.0223,2.2401,before,0.0,2.2401,6995456.8
2.2304,20130729,-0.06,000005.SZE,26915.0,0.2946,2.2401,2.1699,0.0268,2.1796,before,-2.6786,2.2304,5898515.5
2.2098,20130730,0.0,000005.SZE,20736.0,0.2269,2.1796,2.1602,0.0229,2.1796,before,0.0,2.1796,4525119.0
2.2595,20130731,0.01,000005.SZE,37066.8,0.4057,2.1796,2.1796,0.0367,2.1904,before,0.4587,2.2001,8209622.5
2.2304,20130801,0.04,000005.SZE,36438.58,0.3988,2.1904,2.1796,0.0228,2.2304,before,1.8265,2.1796,8043377.1
2.2703,20130802,0.02,000005.SZE,53925.97,0.5902,2.2304,2.2304,0.0179,2.2498,before,0.8969,2.2401,12116787.2
2.2703,20130805,0.02,000005.SZE,33246.9,0.3639,2.2498,2.2196,0.0222,2.2703,before,0.8889,2.2498,7486256.9
2.2897,20130806,0.02,000005.SZE,47171.39,0.5162,2.2703,2.2498,0.0176,2.2897,before,0.8811,2.2498,10719614.4
2.3005,20130807,-0.02,000005.SZE,65433.39,0.7161,2.2897,2.2595,0.0175,2.2703,before,-0.8734,2.28,14938539.4
2.28,20130808,-0.01,000005.SZE,31871.19,0.3488,2.2703,2.2498,0.0132,2.2595,before,-0.4405,2.2703,7212768.7
2.2703,20130809,0.0,000005.SZE,39840.21,0.436,2.2595,2.2196,0.0221,2.2595,before,0.0,2.2595,8974447.3
2.3199,20130812,0.05,000005.SZE,78705.36,0.8614,2.2595,2.2498,0.031,2.3102,before,2.2124,2.2595,18059469.9
2.3501,20130813,0.04,000005.SZE,88392.39,0.9674,2.3102,2.2897,0.026000000000000002,2.3501,before,1.7316,2.3005,20512899.2
2.3598,20130814,-0.03,000005.SZE,63436.26,0.6942,2.3501,2.3005,0.0255,2.3199,before,-1.2766,2.3404,14774941.6
2.3199,20130815,-0.04,000005.SZE,36209.0,0.3963,2.3199,2.2703,0.0216,2.28,before,-1.7241,2.3102,8330983.0
2.3296,20130816,-0.02,000005.SZE,61379.89,0.6717,2.28,2.2498,0.0351,2.2595,before,-0.8772,2.2595,14030423.9
2.2703,20130819,0.01,000005.SZE,27782.34,0.304,2.2595,2.2196,0.0221,2.2703,before,0.4425,2.2196,6247646.9
2.28,20130820,-0.02,000005.SZE,30164.42,0.3301,2.2703,2.2401,0.0176,2.2498,before,-0.8811,2.2703,6821396.0
2.2703,20130821,0.02,000005.SZE,27348.07,0.2993,2.2498,2.2304,0.0178,2.2703,before,0.8889,2.2498,6146616.4
2.4699,20130822,0.06,000005.SZE,162210.64,1.7752,2.2703,2.2498,0.0969,2.3296,before,2.6432,2.2595,38222321.1
2.3199,20130823,-0.06,000005.SZE,85138.98,0.9318,2.3296,2.2498,0.03,2.2703,before,-2.5751,2.3005,19406514.5
2.3102,20130826,0.04,000005.SZE,59275.13,0.6487,2.2703,2.2498,0.0264,2.3102,before,1.7621,2.2498,13590892.5
2.3998,20130827,0.04,000005.SZE,118072.69,1.2922,2.3102,2.3005,0.0433,2.3501,before,1.7316,2.3005,27785797.9
2.4505,20130828,0.05,000005.SZE,164013.74,1.795,2.3501,2.3102,0.0596,2.3998,before,2.1277,2.3199,39059184.6
2.6404,20130829,0.22,000005.SZE,542188.98,5.9337,2.3998,2.3803,0.1083,2.6199,before,9.1667,2.39,139315604.6
2.6404,20130830,-0.05,000005.SZE,324610.65,3.5525,2.6199,2.5098,0.0496,2.5702,before,-1.9084,2.5497,83684847.3
2.5897,20130902,-0.13,000005.SZE,203620.75,2.2284,2.5702,2.3803,0.0817,2.4397,before,-5.0584,2.5605,49934542.2
2.5195,20130903,0.07,000005.SZE,145279.36,1.5899,2.4397,2.4397,0.0328,2.5098,before,2.8689,2.4796,36093951.2
2.5497,20130904,-0.04,000005.SZE,123745.34,1.3543,2.5098,2.4397,0.0438,2.4699,before,-1.5936,2.5098,30711344.6
2.4904,20130905,-0.05,000005.SZE,99319.33,1.087,2.4699,2.3998,0.0364,2.4203,before,-2.0243,2.4699,24217166.1
2.4699,20130906,0.03,000005.SZE,87288.33,0.9553,2.4203,2.3998,0.0289,2.4505,before,1.2397,2.4095,21269732.8
2.54,20130909,0.05,000005.SZE,151014.34,1.6527,2.4505,2.43,0.0449,2.5001,before,2.0408,2.4505,37656327.3
2.6296,20130910,0.09,000005.SZE,233543.9,2.5559,2.5001,2.4699,0.064,2.5897,before,3.6,2.4904,59860574.2
2.6102,20130911,-0.03,000005.SZE,152781.19,1.672,2.5897,2.54,0.027000000000000003,2.5605,before,-1.1583,2.5702,39274352.0
2.6199,20130912,0.02,000005.SZE,120900.86,1.3231,2.5605,2.5098,0.043,2.58,before,0.7813,2.5497,31168046.8
2.7504,20130913,0.11,000005.SZE,279508.96,3.0589,2.58,2.4904,0.1008,2.69,before,4.2636,2.5702,73870722.0
2.6997,20130916,-0.08,000005.SZE,185766.44,2.033,2.69,2.6005,0.0372,2.6102,before,-2.9739999999999998,2.6598,48936627.4
2.6598,20130917,-0.06,000005.SZE,102876.92,1.1259,2.6102,2.5303,0.0498,2.5497,before,-2.2989,2.6102,26681871.7
2.5605,20130918,-0.01,000005.SZE,48109.17,0.5265,2.5497,2.5098,0.0196,2.54,before,-0.3922,2.5303,12200277.4
2.58,20130923,0.02,000005.SZE,59325.46,0.6493,2.54,2.5303,0.0197,2.5605,before,0.7874,2.5497,15171039.9
2.5702,20130924,-0.03,000005.SZE,62577.99,0.6849,2.5605,2.5001,0.0273,2.5303,before,-1.1719,2.5605,15824227.4
2.5497,20130925,-0.03,000005.SZE,60894.55,0.6664,2.5303,2.5001,0.0198,2.5001,before,-1.1858,2.5195,15370158.8
2.5098,20130926,-0.08,000005.SZE,63457.0,0.6945,2.5001,2.4095,0.04,2.4203,before,-3.2,2.5098,15591394.0
2.4602,20130927,0.02,000005.SZE,29927.24,0.3275,2.4203,2.4095,0.0207,2.4397,before,0.8264,2.4095,7307933.7
2.4796,20130930,0.02,000005.SZE,29807.93,0.3262,2.4397,2.4397,0.0164,2.4602,before,0.8197,2.4397,7318243.4
2.5098,20131008,0.05,000005.SZE,38139.56,0.4174,2.4602,2.43,0.0325,2.5098,before,2.0325,2.4505,9476224.7
2.5897,20131009,0.06,000005.SZE,92834.92,1.016,2.5098,2.4796,0.0438,2.5702,before,2.3904,2.5001,23676904.6
2.8303,20131010,0.26,000005.SZE,550786.01,6.0278,2.5702,2.5497,0.1089,2.8303,before,10.1167,2.5497,153451009.5
2.9296,20131011,0.0,000005.SZE,583949.95,6.3907,2.8303,2.6997,0.0813,2.8303,before,0.0,2.7796,162865917.7
2.9296,20131014,0.0,000005.SZE,319093.62,3.4922,2.8303,2.7397,0.0671,2.8303,before,0.0,2.7796,90226327.5
2.9598,20131015,0.1,000005.SZE,406113.0,4.4445,2.8303,2.7699,0.0671,2.9296,before,3.5336,2.8098,116929423.6
2.8799,20131016,-0.13,000005.SZE,207992.86,2.2763,2.9296,2.7397,0.0478,2.8001,before,-4.4369,2.8799,58617964.0
2.84,20131017,-0.05,000005.SZE,141910.06,1.5531,2.8001,2.7299,0.0393,2.7504,before,-1.7857,2.7904,39438378.4
2.8001,20131018,0.0,000005.SZE,75459.46,0.8258,2.7504,2.7397,0.0218,2.7504,before,0.0,2.7397,20891615.3
2.7796,20131021,0.03,000005.SZE,97009.53,1.0617,2.7504,2.7105,0.0255,2.7796,before,1.0909,2.7504,26699129.2
2.8001,20131022,0.0,000005.SZE,116094.03,1.2705,2.7796,2.7202,0.0288,2.7796,before,0.0,2.7796,31992250.0
2.8001,20131023,-0.11,000005.SZE,126650.53,1.3861,2.7796,2.6695,0.0468,2.6695,before,-3.9568,2.7602,34480937.0
2.7397,20131024,0.01,000005.SZE,65202.97,0.7136,2.6695,2.6501,0.0337,2.6803,before,0.3745,2.6598,17652241.6
2.7397,20131025,0.02,000005.SZE,56711.51,0.6207,2.6803,2.6501,0.0336,2.6997,before,0.7463,2.7202,15259368.2
2.7602,20131028,0.05,000005.SZE,73798.37,0.8076,2.6997,2.6803,0.0296,2.7504,before,1.8519,2.69,20149002.8
2.7796,20131029,-0.1,000005.SZE,122581.57,1.3415,2.7504,2.54,0.0873,2.6501,before,-3.6364,2.7504,32908143.1
2.6598,20131030,-0.01,000005.SZE,80990.1,0.8864,2.6501,2.5605,0.0377,2.6404,before,-0.3774,2.6501,21123021.2
2.7299,20131031,0.01,000005.SZE,89409.68,0.9785,2.6404,2.6296,0.0379,2.6501,before,0.3788,2.6501,23855229.0
2.6199,20131101,-0.07,000005.SZE,65600.43,0.7179,2.6501,2.5303,0.034,2.58,before,-2.6415,2.6199,16886415.6
2.6102,20131104,0.02,000005.SZE,41854.42,0.4581,2.58,2.5702,0.0155,2.6005,before,0.7752,2.5702,10861922.2
2.6296,20131105,0.01,000005.SZE,46015.44,0.5036,2.6005,2.5497,0.0308,2.6102,before,0.3846,2.5897,11945366.1
2.69,20131106,0.02,000005.SZE,77286.86,0.8458,2.6102,2.58,0.0421,2.6296,before,0.7663,2.6005,20468422.1
2.6803,20131107,0.03,000005.SZE,71208.87,0.7793,2.6296,2.5897,0.0342,2.6598,before,1.1407,2.6102,18859277.4
2.6598,20131108,-0.09,000005.SZE,67227.99,0.7357,2.6598,2.5702,0.0338,2.5702,before,-3.3835,2.6404,17486862.8
2.58,20131111,-0.01,000005.SZE,35984.94,0.3938,2.5702,2.54,0.0156,2.5605,before,-0.3891,2.58,9211141.8
2.6296,20131112,0.03,000005.SZE,46714.93,0.5112,2.5605,2.5605,0.0273,2.5897,before,1.1719,2.5605,12114831.4
2.58,20131113,-0.08,000005.SZE,60238.33,0.6592,2.5897,2.5001,0.0309,2.5098,before,-3.0888,2.58,15266051.3
2.5195,20131114,-0.01,000005.SZE,52386.66,0.5733,2.5098,2.4505,0.0279,2.5001,before,-0.3984,2.5001,12982077.5
2.5702,20131115,0.05,000005.SZE,61140.75,0.6691,2.5001,2.4796,0.036000000000000004,2.5497,before,2.0,2.4796,15508856.2
2.6102,20131118,0.05,000005.SZE,79999.56,0.8755,2.5497,2.5497,0.0235,2.6005,before,1.9608,2.5497,20660921.3
2.6997,20131119,0.05,000005.SZE,125502.63,1.3735,2.6005,2.58,0.0462,2.6501,before,1.9231,2.5897,33156029.9
2.6598,20131120,-0.01,000005.SZE,75114.48,0.8221,2.6501,2.6102,0.0189,2.6404,before,-0.3774,2.6501,19766245.0
2.8605,20131121,0.11,000005.SZE,258125.78,2.8249,2.6404,2.6005,0.0985,2.7504,before,4.1667,2.6296,70860858.2
2.7602,20131122,-0.02,000005.SZE,155400.77,1.7007,2.7504,2.6803,0.0291,2.7299,before,-0.7273,2.7504,42230669.1
2.8497,20131125,-0.01,000005.SZE,154194.6,1.6875,2.7299,2.69,0.0586,2.7202,before,-0.3663,2.7105,42821888.7
2.7299,20131126,-0.07,000005.SZE,114158.4,1.2493,2.7202,2.6102,0.0441,2.6501,before,-2.5735,2.7202,30351111.3
2.6695,20131127,0.0,000005.SZE,73865.93,0.8084,2.6501,2.6199,0.0189,2.6501,before,0.0,2.6404,19540045.2
2.69,20131128,0.0,000005.SZE,75591.12,0.8273,2.6501,2.6404,0.0189,2.6501,before,0.0,2.6501,20156668.5
2.6803,20131129,0.01,000005.SZE,54140.51,0.5925,2.6501,2.6199,0.0226,2.6598,before,0.3774,2.6501,14354607.8
2.6501,20131202,-0.11,000005.SZE,92771.23,1.0153,2.6598,2.5098,0.0526,2.5497,before,-4.1353,2.6404,23860079.3
2.5897,20131203,0.03,000005.SZE,44942.67,0.4919,2.5497,2.5195,0.0275,2.58,before,1.1765,2.54,11546300.2
2.6404,20131204,0.04,000005.SZE,68714.46,0.752,2.58,2.5702,0.0271,2.6199,before,1.5504,2.58,17961152.5
2.6404,20131205,0.0,000005.SZE,54467.27,0.5961,2.6199,2.6102,0.0115,2.6199,before,0.0,2.6199,14309465.3
2.6501,20131206,0.01,000005.SZE,42037.87,0.4601,2.6199,2.6102,0.0153,2.6296,before,0.3817,2.6199,11043618.8
2.6404,20131209,0.0,000005.SZE,44879.59,0.4912,2.6296,2.6102,0.0114,2.6296,before,0.0,2.6404,11768072.0
2.7105,20131210,0.03,000005.SZE,124197.69,1.3592,2.6296,2.6199,0.0342,2.6598,before,1.1407,2.6296,33204999.5
2.7299,20131211,-0.02,000005.SZE,118408.15,1.2959,2.6598,2.6005,0.0489,2.6404,before,-0.7519,2.6501,31516884.6
2.7796,20131212,0.06,000005.SZE,172343.94,1.8861,2.6404,2.6296,0.0568,2.6997,before,2.2727,2.6501,46638127.0
2.69,20131213,-0.05,000005.SZE,97635.45,1.0685,2.6997,2.6296,0.0222,2.6501,before,-1.8519,2.69,25901698.5
2.6501,20131216,-0.07,000005.SZE,54095.19,0.5920000000000001,2.6501,2.5702,0.0302,2.58,before,-2.6415,2.6501,14089020.1
2.6005,20131217,-0.02,000005.SZE,33352.93,0.365,2.58,2.5497,0.0194,2.5605,before,-0.7752,2.58,8567029.2
2.58,20131218,0.0,000005.SZE,30280.5,0.3314,2.5605,2.5497,0.0117,2.5605,before,0.0,2.5605,7751342.4
2.58,20131219,-0.03,000005.SZE,34649.96,0.3792,2.5605,2.5195,0.0234,2.5303,before,-1.1719,2.5605,8809302.9
2.54,20131220,-0.03,000005.SZE,37208.49,0.4072,2.5303,2.4904,0.0198,2.5001,before,-1.1858,2.5303,9319921.1
2.5001,20131223,-0.05,000005.SZE,33522.18,0.3669,2.5001,2.4505,0.02,2.4505,before,-2.0,2.5001,8300020.1
2.5303,20131224,0.04,000005.SZE,29245.51,0.3201,2.4505,2.4602,0.0286,2.4904,before,1.6327,2.4796,7285698.2
2.5001,20131225,0.0,000005.SZE,29005.7,0.3174,2.4904,2.4602,0.0161,2.4904,before,0.0,2.4796,7174262.5
2.4904,20131226,-0.05,000005.SZE,32786.12,0.3588,2.4904,2.43,0.0241,2.4397,before,-2.008,2.4904,8041918.1
2.4699,20131227,0.02,000005.SZE,33228.69,0.3637,2.4397,2.4095,0.0246,2.4602,before,0.8197,2.4397,8126936.6
2.5195,20131230,0.02,000005.SZE,33084.56,0.3621,2.4602,2.4602,0.0244,2.4796,before,0.813,2.4602,8224897.9
2.54,20131231,0.02,000005.SZE,39498.88,0.4323,2.4796,2.4796,0.0242,2.5001,before,0.8065,2.4904,9915246.0
2.5195,20140102,-0.01,000005.SZE,29997.74,0.3283,2.5001,2.4699,0.02,2.4904,before,-0.4,2.5001,7473590.9
2.4904,20140103,-0.03,000005.SZE,22635.77,0.2477,2.4904,2.4397,0.0201,2.4602,before,-1.2048,2.4904,5572591.7
2.4602,20140106,-0.08,000005.SZE,43560.87,0.4767,2.4602,2.3695,0.0366,2.3803,before,-3.252,2.4397,10389547.3
2.5303,20140107,0.07,000005.SZE,63905.48,0.6994,2.3803,2.3598,0.0714,2.4505,before,2.9412,2.39,15657928.0
2.4505,20140108,-0.04,000005.SZE,38000.09,0.4159,2.4505,2.3803,0.0286,2.4095,before,-1.6327,2.43,9163584.5
2.4095,20140109,-0.03,000005.SZE,28266.0,0.3093,2.4095,2.3695,0.0166,2.3803,before,-1.2448,2.3998,6750039.0
2.3803,20140110,-0.07,000005.SZE,37593.5,0.4114,2.3803,2.3005,0.0336,2.3102,before,-2.9412,2.3803,8772663.5
2.3404,20140113,-0.01,000005.SZE,21645.31,0.2369,2.3102,2.2897,0.0216,2.3005,before,-0.4329,2.3102,4991748.3
2.3501,20140114,0.05,000005.SZE,32465.58,0.3553,2.3005,2.28,0.0304,2.3501,before,2.1739,2.3102,7535441.2
2.3501,20140115,-0.01,000005.SZE,14865.12,0.1627,2.3501,2.3199,0.0128,2.3404,before,-0.4255,2.3501,3467468.9
2.3695,20140116,0.02,000005.SZE,22364.72,0.2448,2.3404,2.3199,0.0214,2.3598,before,0.8547,2.3296,5259996.2
2.3598,20140117,-0.05,000005.SZE,19976.62,0.2186,2.3598,2.3005,0.0254,2.3102,before,-2.1186,2.3501,4629087.2
2.3199,20140120,-0.01,000005.SZE,13601.82,0.1489,2.3102,2.28,0.0173,2.3005,before,-0.4329,2.3102,3125811.8
2.3199,20140121,0.02,000005.SZE,26071.8,0.2853,2.3005,2.2897,0.013000000000000001,2.3199,before,0.8696,2.3005,6013607.9
2.3803,20140122,0.05,000005.SZE,48234.21,0.5279,2.3199,2.3005,0.0345,2.3695,before,2.1552,2.3102,11349815.8
2.3803,20140123,-0.02,000005.SZE,23682.87,0.2592,2.3695,2.3501,0.0127,2.3501,before,-0.8439,2.3695,5596237.9
2.3998,20140124,0.04,000005.SZE,40697.75,0.4454,2.3501,2.3404,0.0255,2.39,before,1.7021,2.3404,9681048.0
2.3803,20140127,-0.02,000005.SZE,31242.2,0.3419,2.39,2.3501,0.0126,2.3695,before,-0.8368,2.3598,7387715.9
2.39,20140128,0.01,000005.SZE,31444.0,0.3441,2.3695,2.3598,0.0127,2.3803,before,0.4219,2.3695,7459216.5
2.3998,20140129,0.0,000005.SZE,25014.91,0.2738,2.3803,2.3695,0.0126,2.3803,before,0.0,2.3803,5951372.1
2.3695,20140130,-0.03,000005.SZE,16745.4,0.1833,2.3803,2.3404,0.0126,2.3501,before,-1.2605,2.3695,3932332.1
2.3598,20140207,0.01,000005.SZE,22741.6,0.2489,2.3501,2.3102,0.0213,2.3598,before,0.4255,2.3404,5312640.3
2.4203,20140210,0.05,000005.SZE,59568.92,0.6519,2.3598,2.3501,0.0297,2.4095,before,2.1186,2.3501,14267437.3
2.43,20140211,0.01,000005.SZE,55062.36,0.6026,2.4095,2.39,0.0166,2.4203,before,0.4149,2.4095,13307010.3
2.4699,20140212,0.04,000005.SZE,60356.63,0.6605,2.4203,2.4095,0.0248,2.4602,before,1.6529,2.4203,14730815.7
2.4904,20140213,-0.02,000005.SZE,45714.33,0.5003,2.4602,2.43,0.0244,2.4397,before,-0.813,2.4699,11190749.5
2.4699,20140214,0.03,000005.SZE,53554.72,0.5861,2.4397,2.43,0.0164,2.4699,before,1.2295,2.43,13176008.9
2.5195,20140217,0.02,000005.SZE,88013.27,0.9632,2.4699,2.4602,0.0243,2.4904,before,0.8097,2.4602,21929270.1
2.5001,20140218,-0.02,000005.SZE,57401.64,0.6282,2.4904,2.4505,0.0201,2.4699,before,-0.8032,2.5001,14138449.9
2.5098,20140219,0.03,000005.SZE,72850.22,0.7973,2.4699,2.4602,0.0202,2.5001,before,1.2146,2.4699,18144330.3
2.5195,20140220,-0.03,000005.SZE,63652.67,0.6966,2.5001,2.4699,0.02,2.4699,before,-1.2,2.5001,15882532.5
2.4796,20140221,-0.04,000005.SZE,44053.74,0.4821,2.4699,2.4095,0.0283,2.43,before,-1.6194,2.4602,10735173.7
2.43,20140224,-0.06,000005.SZE,39385.24,0.431,2.43,2.3695,0.0247,2.3695,before,-2.4691,2.43,9402253.9
2.4095,20140225,-0.03,000005.SZE,53003.75,0.5801,2.3695,2.3199,0.038,2.3404,before,-1.2658,2.3803,12585335.3
2.3598,20140226,0.01,000005.SZE,41037.06,0.4491,2.3404,2.3005,0.0256,2.3501,before,0.4274,2.3404,9566597.1
2.3695,20140227,-0.03,000005.SZE,36456.43,0.39899999999999997,2.3501,2.3102,0.0255,2.3199,before,-1.2766,2.3404,8525571.5
2.3501,20140228,0.03,000005.SZE,25961.42,0.2841,2.3199,2.3102,0.0172,2.3501,before,1.2931,2.3199,6053612.9
2.4505,20140303,0.08,000005.SZE,63532.43,0.6953,2.3501,2.3296,0.0511,2.43,before,3.4043,2.3501,15327764.1
2.43,20140304,-0.03,000005.SZE,45513.15,0.4981,2.43,2.3695,0.0247,2.3998,before,-1.2346,2.43,10922433.4
2.4203,20140305,-0.02,000005.SZE,32782.14,0.3588,2.3998,2.3695,0.0208,2.3803,before,-0.8333,2.4095,7834516.7
2.4505,20140306,0.03,000005.SZE,68687.86,0.7517,2.3803,2.3296,0.0504,2.4095,before,1.2605,2.3803,16403636.6
2.4095,20140307,-0.05,000005.SZE,49488.83,0.5416,2.4095,2.3501,0.0249,2.3598,before,-2.0747,2.3998,11755145.1
2.3695,20140310,-0.08,000005.SZE,45295.89,0.4957,2.3598,2.28,0.0381,2.28,before,-3.3898,2.3695,10470017.6
2.3199,20140311,0.03,000005.SZE,34968.69,0.3827,2.28,2.2703,0.0219,2.3102,before,1.3158,2.2703,8045010.2
2.3803,20140312,0.03,000005.SZE,62080.4,0.6794,2.3102,2.2897,0.039,2.3404,before,1.2987,2.3102,14513050.9
2.3598,20140313,-0.01,000005.SZE,66777.86,0.7308,2.3404,2.3102,0.0214,2.3296,before,-0.4274,2.3404,15593976.4
2.3598,20140314,0.02,000005.SZE,44568.91,0.4878,2.3296,2.3102,0.0215,2.3501,before,0.8584,2.3296,10423506.8
2.3598,20140317,0.0,000005.SZE,42747.34,0.4678,2.3501,2.3296,0.0128,2.3501,before,0.0,2.3404,10015265.6
2.3598,20140318,-0.01,000005.SZE,44154.75,0.4832,2.3501,2.3296,0.0128,2.3404,before,-0.4255,2.3404,10343861.4
2.3803,20140319,0.03,000005.SZE,69610.58,0.7618,2.3404,2.3199,0.0256,2.3695,before,1.2821,2.3404,16326031.2
2.39,20140320,-0.04,000005.SZE,47269.48,0.5173,2.3695,2.3296,0.0253,2.3296,before,-1.6878,2.3501,11147682.8
2.4796,20140321,0.09,000005.SZE,150148.81,1.6432,2.3296,2.3199,0.0687,2.4203,before,3.8627,2.3296,36320695.4
2.4904,20140324,0.04,000005.SZE,160616.52,1.7578,2.4203,2.39,0.0413,2.4602,before,1.6529,2.3998,39275116.1
2.5303,20140325,0.04,000005.SZE,181263.65,1.9837,2.4602,2.4397,0.0366,2.5001,before,1.626,2.4505,45312209.5
2.5001,20140326,-0.05,000005.SZE,100736.04,1.1025,2.5001,2.4095,0.036000000000000004,2.4505,before,-2.0,2.5001,24669392.0
2.6598,20140327,0.06,000005.SZE,314265.54,3.4393,2.4505,2.4203,0.098,2.5098,before,2.449,2.4505,80101238.8
2.7602,20140328,0.14,000005.SZE,445241.08,4.8727,2.5098,2.4505,0.1235,2.6501,before,5.5777,2.4602,116593014.2
2.6199,20140331,-0.12,000005.SZE,194445.92,2.128,2.6501,2.4699,0.0566,2.5303,before,-4.5283,2.6005,49444149.1
2.5605,20140401,-0.01,000005.SZE,100221.96,1.0968,2.5303,2.5001,0.0237,2.5195,before,-0.3953,2.54,25333189.1
2.6404,20140402,0.05,000005.SZE,217894.73,2.3846,2.5195,2.5098,0.0516,2.5702,before,1.9841,2.5195,56398366.9
2.5702,20140403,-0.09,000005.SZE,132962.45,1.4551,2.5702,2.4699,0.0389,2.4796,before,-3.5019,2.5605,33298096.8
2.5098,20140404,0.01,000005.SZE,77747.0,0.8509,2.4796,2.4602,0.0202,2.4904,before,0.4032,2.4796,19310150.0
2.5098,20140408,0.01,000005.SZE,64139.0,0.7019,2.4904,2.4699,0.0161,2.5001,before,0.4016,2.4796,15981707.2
2.5098,20140409,0.01,000005.SZE,65852.93,0.7207,2.5001,2.4796,0.012,2.5098,before,0.4,2.4904,16431411.0
2.5195,20140410,-0.02,000005.SZE,78163.3,0.8554,2.5098,2.4796,0.0159,2.4904,before,-0.7968,2.5098,19520642.5
2.4904,20140411,-0.01,000005.SZE,78595.29,0.8601,2.4904,2.4602,0.012,2.4796,before,-0.4016,2.4796,19474976.4
2.4904,20140414,-0.01,000005.SZE,44384.28,0.4857,2.4796,2.4505,0.0161,2.4699,before,-0.4032,2.4904,10948550.9
2.4796,20140415,-0.02,000005.SZE,36739.91,0.4021,2.4699,2.4397,0.0162,2.4505,before,-0.8097,2.4602,9029338.5
2.4904,20140416,0.04,000005.SZE,62394.23,0.6828,2.4505,2.4505,0.0163,2.4904,before,1.6327,2.4602,15455075.5
2.4904,20140417,-0.03,000005.SZE,41773.35,0.4572,2.4904,2.4397,0.0201,2.4602,before,-1.2048,2.4796,10278434.3
2.4602,20140418,-0.02,000005.SZE,40652.19,0.4449,2.4602,2.43,0.0122,2.4397,before,-0.813,2.4505,9924992.6
2.4397,20140421,-0.06,000005.SZE,51578.99,0.5645,2.4397,2.3598,0.0328,2.3803,before,-2.459,2.43,12405510.7
2.39,20140422,0.01,000005.SZE,43698.6,0.4782,2.3803,2.3501,0.0168,2.39,before,0.4202,2.3803,10379993.5
2.3998,20140423,-0.01,000005.SZE,25710.68,0.2814,2.39,2.3598,0.0167,2.3803,before,-0.4184,2.3998,6124888.2
2.43,20140424,-0.01,000005.SZE,40119.0,0.4391,2.3803,2.3598,0.0294,2.3695,before,-0.4202,2.3695,9605011.2
2.3803,20140425,-0.09,000005.SZE,75881.65,0.8304,2.3695,2.2703,0.0464,2.28,before,-3.7975,2.3695,17643138.5
2.3102,20140428,-0.04,000005.SZE,55594.08,0.6084,2.28,2.2098,0.0439,2.2401,before,-1.7544,2.2897,12461608.4
2.2595,20140429,0.02,000005.SZE,36543.06,0.3999,2.2401,2.2196,0.0179,2.2595,before,0.8929,2.2196,8183124.0
2.2897,20140430,0.03,000005.SZE,31122.19,0.3406,2.2595,2.2498,0.0177,2.2897,before,1.3274,2.2498,7085816.0
2.3296,20140505,0.0,000005.SZE,33636.93,0.3681,2.2897,2.28,0.0218,2.2897,before,0.0,2.28,7742771.5
2.3102,20140506,0.0,000005.SZE,25761.25,0.2819,2.2897,2.28,0.0131,2.2897,before,0.0,2.2897,5901524.4
2.3005,20140507,-0.03,000005.SZE,24610.99,0.2693,2.2897,2.2498,0.0218,2.2595,before,-1.31,2.2897,5572912.0
2.3199,20140508,0.02,000005.SZE,40530.89,0.4436,2.2595,2.2401,0.0354,2.28,before,0.885,2.2498,9268177.0
2.28,20140509,-0.03,000005.SZE,51879.39,0.5678,2.28,2.2196,0.0263,2.2498,before,-1.3158,2.28,11656713.0
2.3005,20140512,0.05,000005.SZE,40196.26,0.4399,2.2498,2.2498,0.0222,2.3005,before,2.2222,2.2703,9176194.0
2.3199,20140513,-0.01,000005.SZE,32174.28,0.3521,2.3005,2.2897,0.013000000000000001,2.2897,before,-0.4348,2.3005,7409651.4
2.3803,20140514,0.02,000005.SZE,50023.65,0.5475,2.2897,2.3005,0.0349,2.3102,before,0.8734,2.3296,11660820.2
2.3005,20140515,-0.06,000005.SZE,37304.0,0.4083,2.3102,2.2498,0.0216,2.2498,before,-2.5974,2.2897,8466476.5
2.2703,20140516,0.01,000005.SZE,15884.12,0.1738,2.2498,2.2401,0.0133,2.2595,before,0.4444,2.2498,3585397.9
2.2703,20140519,-0.02,000005.SZE,30171.15,0.3302,2.2595,2.2196,0.0221,2.2401,before,-0.885,2.2703,6753682.0
2.2703,20140520,0.0,000005.SZE,16862.98,0.1845,2.2401,2.2401,0.0134,2.2401,before,0.0,2.2498,3791297.5
2.2595,20140521,0.01,000005.SZE,16234.45,0.1777,2.2401,2.2304,0.0134,2.2498,before,0.4464,2.2304,3646168.5
2.28,20140522,-0.01,000005.SZE,26293.45,0.2878,2.2498,2.2401,0.0178,2.2401,before,-0.4444,2.2401,5938092.8
2.2703,20140523,0.03,000005.SZE,31421.35,0.3439,2.2401,2.2401,0.0134,2.2703,before,1.3393,2.2498,7103847.1
2.28,20140526,0.0,000005.SZE,26359.1,0.2885,2.2703,2.2498,0.0132,2.2703,before,0.0,2.2703,5958404.5
2.28,20140527,0.0,000005.SZE,28229.92,0.3089,2.2703,2.2595,0.0088,2.2703,before,0.0,2.2703,6398385.9
2.2897,20140528,0.01,000005.SZE,40416.82,0.4423,2.2703,2.2498,0.0176,2.28,before,0.4405,2.2595,9176332.7
2.2897,20140529,-0.02,000005.SZE,28087.05,0.3074,2.28,2.2498,0.0175,2.2595,before,-0.8772,2.28,6379083.1
2.2595,20140530,-0.01,000005.SZE,37788.68,0.4136,2.2595,2.2196,0.0177,2.2498,before,-0.4425,2.2595,8471184.3
2.28,20140603,0.01,000005.SZE,40650.09,0.4449,2.2498,2.2498,0.0133,2.2595,before,0.4444,2.2498,9205146.9
2.2703,20140604,-0.04,000005.SZE,31864.1,0.3487,2.2595,2.2196,0.0221,2.2196,before,-1.7699,2.2498,7123570.2
2.2401,20140605,0.02,000005.SZE,20897.93,0.2287,2.2196,2.2196,0.009000000000000001,2.2401,before,0.9009,2.2196,4664387.2
2.2498,20140606,-0.02,000005.SZE,32600.05,0.3568,2.2401,2.2001,0.0223,2.2196,before,-0.8929,2.2304,7237298.0
2.2498,20140609,0.0,000005.SZE,24193.53,0.2648,2.2196,2.2098,0.018000000000000002,2.2196,before,0.0,2.2098,5390806.9
2.2498,20140610,0.02,000005.SZE,33039.22,0.3616,2.2196,2.2098,0.018000000000000002,2.2401,before,0.9009,2.2304,7367941.5
2.2498,20140611,0.0,000005.SZE,18247.23,0.1997,2.2401,2.2196,0.0134,2.2401,before,0.0,2.2401,4079810.1
2.2401,20140612,0.0,000005.SZE,27132.26,0.2969,2.2401,2.2196,0.0089,2.2401,before,0.0,2.2401,6052993.3
2.2595,20140613,0.01,000005.SZE,33861.73,0.3706,2.2401,2.2196,0.0179,2.2498,before,0.4464,2.2304,7603481.6
2.3296,20140616,0.02,000005.SZE,66639.28,0.7293,2.2498,2.2401,0.04,2.2703,before,0.8889,2.2498,15151349.7
2.2498,20140617,-0.03,000005.SZE,41163.36,0.4505,2.2703,2.2304,0.0088,2.2401,before,-1.3216,2.2498,9229831.7
2.2498,20140618,0.0,000005.SZE,26615.51,0.2913,2.2401,2.2304,0.0089,2.2401,before,0.0,2.2498,5958375.1
2.2401,20140619,-0.05,000005.SZE,36711.35,0.4018,2.2401,2.1796,0.0268,2.1904,before,-2.2321,2.2304,8134788.4
2.2098,20140620,0.01,000005.SZE,22179.11,0.2427,2.1904,2.1796,0.0137,2.2001,before,0.4566,2.1904,4865159.1
2.2196,20140623,0.01,000005.SZE,24109.25,0.2639,2.2001,2.1904,0.0136,2.2098,before,0.4545,2.2001,5314374.0
2.2196,20140624,0.01,000005.SZE,24679.21,0.2701,2.2098,2.1904,0.0136,2.2196,before,0.4525,2.2098,5452346.4
2.2196,20140625,-0.02,000005.SZE,21862.15,0.2393,2.2196,2.1904,0.0135,2.2001,before,-0.9009,2.2098,4815569.9
2.2401,20140626,0.03,000005.SZE,38748.72,0.4241,2.2001,2.2001,0.0182,2.2304,before,1.3636,2.2001,8616110.3
2.2703,20140627,0.03,000005.SZE,61479.75,0.6728,2.2304,2.2196,0.0224,2.2595,before,1.3453,2.2304,13810106.7
2.2703,20140630,0.0,000005.SZE,44772.03,0.49,2.2595,2.2401,0.0133,2.2595,before,0.0,2.2595,10124263.9
2.28,20140701,0.01,000005.SZE,55000.13,0.6019,2.2595,2.2498,0.0133,2.2703,before,0.4425,2.2498,12480756.3
2.2897,20140702,0.01,000005.SZE,41575.37,0.455,2.2703,2.2595,0.0132,2.28,before,0.4405,2.2703,9447353.3
2.5001,20140703,0.1,000005.SZE,304589.56,3.3334,2.28,2.2703,0.1009,2.3803,before,4.386,2.28,73057747.1
2.4796,20140704,0.01,000005.SZE,222945.58,2.4399,2.3803,2.3199,0.0672,2.39,before,0.4202,2.3598,53567829.2
2.3998,20140707,-0.04,000005.SZE,131085.57,1.4346,2.39,2.3404,0.0251,2.3501,before,-1.6736,2.3998,30985712.7
2.3501,20140708,-0.02,000005.SZE,111297.28,1.218,2.3501,2.3005,0.0213,2.3296,before,-0.8511,2.3501,25803900.7
2.3404,20140709,-0.04,000005.SZE,73220.04,0.8013,2.3296,2.28,0.0258,2.2897,before,-1.7167,2.3102,16853220.4
2.3199,20140710,0.0,000005.SZE,57808.52,0.6327,2.2897,2.28,0.0175,2.2897,before,0.0,2.2897,13292927.0
2.3199,20140711,0.02,000005.SZE,56106.32,0.614,2.2897,2.28,0.0175,2.3102,before,0.8734,2.28,12943047.3
2.3598,20140714,0.02,000005.SZE,81836.37,0.8956,2.3102,2.3005,0.026000000000000002,2.3296,before,0.8658,2.3102,19071484.6
2.3501,20140715,0.02,000005.SZE,78423.61,0.8583,2.3296,2.3199,0.0129,2.3501,before,0.8584,2.3296,18312527.1
2.3803,20140716,0.0,000005.SZE,90831.06,0.9941,2.3501,2.3404,0.017,2.3501,before,0.0,2.3501,21436165.0
2.3598,20140717,-0.03,000005.SZE,60139.97,0.6582,2.3501,2.3102,0.0213,2.3199,before,-1.2766,2.3501,13972886.0
2.4095,20140718,0.05,000005.SZE,157709.43,1.726,2.3199,2.3102,0.0431,2.3695,before,2.1552,2.3199,37442021.2
2.3695,20140721,-0.04,000005.SZE,73218.4,0.8013,2.3695,2.3199,0.0211,2.3296,before,-1.6878,2.3598,17168035.3
2.3695,20140722,0.03,000005.SZE,68084.2,0.7451,2.3296,2.3199,0.0215,2.3598,before,1.2876,2.3296,15950103.3
2.3803,20140723,0.0,000005.SZE,89886.1,0.9837,2.3598,2.3404,0.0169,2.3598,before,0.0,2.3404,21173934.9
2.4505,20140724,0.04,000005.SZE,174523.18,1.91,2.3598,2.3404,0.0466,2.3998,before,1.6949,2.3598,41920601.1
2.4203,20140725,0.01,000005.SZE,99736.08,1.0915,2.3998,2.3695,0.0208,2.4095,before,0.4167,2.4095,23849458.9
2.4505,20140728,0.04,000005.SZE,150603.42,1.6482,2.4095,2.3998,0.0207,2.4505,before,1.6598,2.4095,36723339.9
2.4699,20140729,0.0,000005.SZE,137756.01,1.5076,2.4505,2.43,0.0163,2.4505,before,0.0,2.4505,33790037.5
2.4602,20140730,0.0,000005.SZE,137327.27,1.5029,2.4505,2.4203,0.0163,2.4505,before,0.0,2.43,33504131.9
2.5897,20140731,0.05,000005.SZE,275702.34,3.0173,2.4505,2.43,0.0653,2.5001,before,2.0408,2.4397,69182278.2
2.5098,20140801,-0.05,000005.SZE,182474.81,1.9969999999999999,2.5001,2.4397,0.027999999999999997,2.4505,before,-2.0,2.4796,45202353.7
2.5098,20140804,0.06,000005.SZE,146226.11,1.6003,2.4505,2.4397,0.0286,2.5098,before,2.449,2.4505,36295053.4
2.54,20140805,0.01,000005.SZE,132256.32,1.4474,2.5098,2.4796,0.0239,2.5195,before,0.3984,2.5001,33256307.0
2.6199,20140806,0.07,000005.SZE,410446.01,4.4919,2.5195,2.5001,0.0476,2.5897,before,2.7778,2.5098,105765355.3
2.6005,20140807,-0.05,000005.SZE,174436.07,1.909,2.5897,2.5303,0.027000000000000003,2.54,before,-1.9305,2.5897,44558740.3
2.5605,20140808,0.0,000005.SZE,81952.95,0.8969,2.54,2.5195,0.0157,2.54,before,0.0,2.54,20786750.3
2.6695,20140811,0.07,000005.SZE,279646.95,3.0605,2.54,2.5303,0.0551,2.6102,before,2.7559,2.5303,72859154.7
2.6199,20140812,0.0,000005.SZE,96040.81,1.0511,2.6102,2.5702,0.0192,2.6102,before,0.0,2.5897,24926481.4
2.6404,20140813,0.0,000005.SZE,150763.61,1.65,2.6102,2.5702,0.0268,2.6102,before,0.0,2.6005,39337540.4
2.6296,20140814,-0.02,000005.SZE,129939.78,1.4221,2.6102,2.5702,0.023,2.5897,before,-0.7663,2.6005,33865900.8
2.6199,20140815,0.01,000005.SZE,94988.92,1.0396,2.5897,2.58,0.0154,2.6005,before,0.3861,2.58,24649395.3
2.6501,20140818,0.02,000005.SZE,151788.89,1.6612,2.6005,2.6005,0.0192,2.6199,before,0.7692,2.6005,39766454.1
2.6296,20140819,-0.01,000005.SZE,127792.2,1.3986,2.6199,2.58,0.0191,2.6102,before,-0.3817,2.6199,33320106.6
2.6501,20140820,0.03,000005.SZE,233477.26,2.5552,2.6102,2.5897,0.023,2.6404,before,1.1494,2.6005,61343764.4
2.6404,20140821,-0.03,000005.SZE,206393.33,2.2588,2.6404,2.5702,0.0265,2.6102,before,-1.1364,2.6296,53720240.7
2.6404,20140822,0.02,000005.SZE,167368.1,1.8317,2.6102,2.6005,0.0153,2.6296,before,0.7663,2.6005,43868525.5
2.69,20140825,0.0,000005.SZE,210879.82,2.3079,2.6296,2.6005,0.0342,2.6296,before,0.0,2.6296,55535415.3
2.6404,20140826,-0.08,000005.SZE,149094.99,1.6317,2.6296,2.54,0.038,2.5497,before,-3.0418,2.6296,38716621.4
2.6296,20140827,0.08,000005.SZE,188307.68,2.0608,2.5497,2.54,0.0353,2.6296,before,3.1373,2.5497,48801937.5
2.6199,20140828,-0.08,000005.SZE,118516.98,1.297,2.6296,2.54,0.0304,2.5497,before,-3.0418,2.6199,30554300.8
2.58,20140829,0.03,000005.SZE,68288.42,0.7473,2.5497,2.54,0.0157,2.58,before,1.1765,2.5497,17461283.7
2.6404,20140901,0.06,000005.SZE,132198.18,1.4468,2.58,2.5702,0.0271,2.6404,before,2.3256,2.5702,34625762.5
2.6598,20140902,0.02,000005.SZE,136131.56,1.4898,2.6404,2.6102,0.0189,2.6598,before,0.7576,2.6296,35916166.7
2.69,20140903,0.01,000005.SZE,180502.72,1.9754,2.6598,2.6404,0.0188,2.6695,before,0.3759,2.6501,48156696.3
2.6997,20140904,0.03,000005.SZE,158438.63,1.734,2.6695,2.6501,0.0187,2.6997,before,1.1236,2.6695,42457999.0
2.6997,20140905,-0.03,000005.SZE,165630.54,1.8127,2.6997,2.6598,0.0148,2.6695,before,-1.1111,2.6997,44355623.7
2.7299,20140909,0.04,000005.SZE,199744.2,2.186,2.6695,2.6803,0.0187,2.7105,before,1.4981,2.6803,54082894.4
2.7397,20140910,0.01,000005.SZE,133831.48,1.4647,2.7105,2.6803,0.0221,2.7202,before,0.369,2.7105,36237095.4
2.84,20140911,0.06,000005.SZE,395276.67,4.3259,2.7202,2.7202,0.0441,2.7796,before,2.2059,2.7202,110101918.2
3.0601,20140912,0.28,000005.SZE,676165.35,7.4,2.7796,2.7504,0.1115,3.0601,before,10.0719,2.7602,204209129.8
3.3698,20140915,0.31,000005.SZE,1243923.14,13.6135,3.0601,3.0795,0.0948,3.3698,before,10.1307,3.1195,399694116.2
3.7097,20140916,0.34,000005.SZE,565313.34,6.1868,3.3698,3.5198,0.0564,3.7097,before,10.089,3.5198,207353372.9
4.0798,20140917,0.37,000005.SZE,2011682.2,22.0158,3.7097,3.8003,0.0755,4.0798,before,9.972999999999999,3.8899,807225775.6
4.2298,20140918,-0.11,000005.SZE,1834555.89,20.0774,4.0798,3.8802,0.0858,3.9697,before,-2.6961,4.1003,735094941.7
4.0895,20140919,-0.02,000005.SZE,1494077.39,16.3512,3.9697,3.8003,0.073,3.9503,before,-0.5038,3.8996,589456029.4
3.9697,20140922,-0.03,000005.SZE,1065542.82,11.6613,3.9503,3.7604,0.0532,3.9201,before,-0.7595,3.8003,411145243.4
4.0097,20140923,-0.03,000005.SZE,921721.92,10.0873,3.9201,3.8295,0.0459,3.8899,before,-0.7653,3.8705,360197188.2
4.1996,20140924,0.04,000005.SZE,1474671.85,16.1388,3.8899,3.81,0.1003,3.9298,before,1.0283,3.8403,589323970.6
4.3204,20140925,0.39,000005.SZE,1423736.73,15.5814,3.9298,3.8403,0.1221,4.3204,before,9.9237,3.8597,586780065.0
4.5697,20140926,-0.21,000005.SZE,1684749.29,18.4379,4.3204,4.0798,0.1134,4.11,before,-4.8611,4.4003,716889212.7
4.0895,20140929,-0.13,000005.SZE,908957.07,9.9476,4.11,3.9395,0.0365,3.9805,before,-3.1630000000000003,4.0496,364048066.4
4.0097,20140930,-0.03,000005.SZE,429040.29,4.6954,3.9805,3.9298,0.0201,3.9503,before,-0.7538,3.9697,169682575.7
4.0895,20141008,0.12,000005.SZE,575108.97,6.294,3.9503,3.96,0.0329,4.0701,before,3.0380000000000003,3.9805,231363438.4
4.0701,20141009,-0.08,000005.SZE,514524.87,5.631,4.0701,3.9395,0.0319,3.9902,before,-1.9656,4.0701,205151367.3
4.1305,20141010,0.07,000005.SZE,664482.35,7.2721,3.9902,3.9104,0.0551,4.0604,before,1.7544,3.9805,267091893.5
4.0798,20141013,0.0,000005.SZE,403707.32,4.4182,4.0604,3.9503,0.032,4.0604,before,0.0,4.0205,162080369.6
4.4704,20141014,0.24,000005.SZE,1341850.35,14.6852,4.0604,4.0302,0.1084,4.2999,before,5.9113,4.0604,577304802.3
4.2697,20141015,-0.13,000005.SZE,536672.87,5.8733,4.2999,4.11,0.0372,4.1704,before,-3.0233,4.2201,223649655.0
4.1197,20141016,-0.16,000005.SZE,390144.49,4.2697,4.1704,4.0097,0.0264,4.0097,before,-3.8369,4.1197,158476083.3
4.0798,20141017,0.05,000005.SZE,316022.77,3.4586,4.0097,3.96,0.0299,4.0604,before,1.2469,3.9697,127161742.4
4.0496,20141020,-0.02,000005.SZE,218621.86,2.3926,4.0604,3.96,0.0222,4.0399,before,-0.4926,4.0496,87683305.2
4.11,20141021,0.02,000005.SZE,395189.23,4.3249,4.0399,3.9201,0.047,4.0604,before,0.495,4.0302,158179246.5
4.3398,20141022,0.1,000005.SZE,706777.41,7.735,4.0604,4.0399,0.0739,4.1597,before,2.4631,4.0604,294812079.3
4.1802,20141023,-0.25,000005.SZE,532832.3,5.8313,4.1597,3.85,0.0793,3.9104,before,-6.0096,4.1704,213364634.4
3.9104,20141024,-0.21,000005.SZE,422777.99,4.6269,3.9104,3.6795,0.0588,3.7,before,-5.3708,3.85,158994001.7
3.7302,20141027,-0.02,000005.SZE,213760.13,2.3394,3.7,3.5802,0.0405,3.6795,before,-0.5405,3.7,77936799.4
3.8403,20141028,0.15,000005.SZE,282857.81,3.0956,3.6795,3.7,0.038,3.8295,before,4.0761,3.7097,107011860.6
3.9104,20141029,0.05,000005.SZE,313287.81,3.4286,3.8295,3.7701,0.0366,3.8802,before,1.3055,3.85,120595132.0
3.8996,20141030,-0.05,000005.SZE,342561.05,3.7489999999999997,3.8802,3.7895,0.0284,3.8295,before,-1.2887,3.8705,131562780.0
4.0399,20141031,0.07,000005.SZE,394168.58,4.3138,3.8295,3.8003,0.0627,3.8996,before,1.8277,3.8295,154732268.0
3.9395,20141103,0.02,000005.SZE,253942.34,2.7791,3.8996,3.85,0.0231,3.9201,before,0.5128,3.9104,99085257.6
3.9503,20141104,-0.01,000005.SZE,271265.1,2.9687,3.9201,3.85,0.0255,3.9104,before,-0.2551,3.8996,105657156.5
3.9298,20141105,-0.04,000005.SZE,184286.15,2.0168,3.9104,3.8597,0.0179,3.8705,before,-1.023,3.9104,71613472.6
3.8802,20141106,-0.05,000005.SZE,201207.45,2.202,3.8705,3.7701,0.0284,3.8198,before,-1.2919999999999998,3.8705,76790446.1
3.8403,20141107,-0.1,000005.SZE,199411.45,2.1824,3.8198,3.7097,0.034,3.7205,before,-2.6178,3.8403,75320534.3
3.8996,20141110,0.1,000005.SZE,210878.89,2.3079,3.7205,3.7097,0.0511,3.8198,before,2.6882,3.7097,80384157.2
3.8403,20141111,-0.19,000005.SZE,243043.76,2.6599,3.8198,3.6104,0.0602,3.6298,before,-4.9738,3.8295,90582997.6
3.7097,20141112,0.08,000005.SZE,103151.31,1.1289,3.6298,3.6104,0.0275,3.7097,before,2.2039,3.6104,37990014.5
3.7399,20141113,-0.01,000005.SZE,127494.19,1.3953,3.7097,3.6396,0.027000000000000003,3.7,before,-0.2695,3.7205,47091511.0
3.7,20141114,-0.05,000005.SZE,114243.48,1.2503,3.7,3.6201,0.0216,3.6504,before,-1.3514,3.7,41669989.5
3.7302,20141117,0.04,000005.SZE,114483.23,1.2529,3.6504,3.6396,0.0247,3.6903,before,1.0959,3.6698,42331894.8
3.81,20141118,0.09,000005.SZE,209216.93,2.2897,3.6903,3.6903,0.0325,3.7798,before,2.439,3.6903,79038984.3
3.81,20141119,-0.02,000005.SZE,102100.02,1.1174,3.7798,3.7205,0.0238,3.7604,before,-0.5291,3.8003,38317781.3
3.7496,20141120,-0.07,000005.SZE,101891.35,1.1151,3.7604,3.6903,0.016,3.6903,before,-1.8617,3.7399,37754698.0
3.9201,20141121,0.13,000005.SZE,311707.66,3.4113,3.6903,3.6698,0.0678,3.8198,before,3.523,3.7,119194250.5
4.0205,20141124,0.14,000005.SZE,540311.84,5.9132,3.8198,3.8996,0.0314,3.96,before,3.6649,3.9201,212788680.4
4.1499,20141125,-0.01,000005.SZE,356500.85,3.9015,3.96,3.9201,0.0581,3.9503,before,-0.2525,3.96,141754358.5
3.9503,20141126,-0.02,000005.SZE,239686.11,2.6231,3.9503,3.8597,0.0228,3.9298,before,-0.5063,3.9395,93231086.5
4.0205,20141127,0.05,000005.SZE,333431.0,3.6491,3.9298,3.8996,0.0305,3.9805,before,1.2723,3.9298,132336398.8
4.0496,20141128,0.02,000005.SZE,408097.71,4.4662,3.9805,3.9201,0.0327,4.0,before,0.5025,3.9697,162558239.6
4.0,20141201,-0.09,000005.SZE,252511.0,2.7635,4.0,3.8996,0.025,3.9104,before,-2.25,3.9902,99013599.3
3.9503,20141202,0.01,000005.SZE,248987.77,2.7249,3.9104,3.8996,0.0128,3.9201,before,0.2558,3.9201,97595879.0
4.1003,20141203,0.04,000005.SZE,493754.66,5.4036,3.9201,3.9201,0.0459,3.96,before,1.0204,3.9298,197119820.6
4.0302,20141204,0.02,000005.SZE,471479.49,5.1599,3.96,3.9503,0.0202,3.9805,before,0.5051,4.0,187710442.4
4.0302,20141205,-0.16,000005.SZE,468690.02,5.1293,3.9805,3.7399,0.0729,3.8198,before,-4.0201,4.0097,181774748.6
3.8996,20141208,0.04,000005.SZE,284895.17,3.1179,3.8198,3.7302,0.0445,3.8597,before,1.0471,3.81,109326792.2
4.0,20141209,-0.09,000005.SZE,586677.32,6.4206,3.8597,3.7496,0.0648,3.7701,before,-2.3316,3.8597,227462955.5
3.9503,20141210,0.16,000005.SZE,357698.74,3.9147,3.7701,3.6795,0.0716,3.9298,before,4.244,3.7097,135525472.2
4.3204,20141211,0.39,000005.SZE,1079598.33,11.8151,3.9298,3.9104,0.1043,4.3204,before,9.9237,3.9503,452796272.3
4.6495,20141212,0.16,000005.SZE,1498990.7,16.4049,4.3204,4.1499,0.1157,4.4801,before,3.7037,4.3496,660368791.7
4.4402,20141215,-0.18,000005.SZE,640277.17,7.0072,4.4801,4.2104,0.0513,4.2999,before,-4.0179,4.4402,275640338.8
4.4995,20141216,0.12,000005.SZE,700137.95,7.6623,4.2999,4.2503,0.0581,4.4197,before,2.7907,4.2999,306401570.6
4.6204,20141217,0.08,000005.SZE,769422.39,8.4206,4.4197,4.2999,0.0724,4.4995,before,1.81,4.4197,344013027.8
4.5298,20141218,-0.21,000005.SZE,543949.66,5.952999999999999,4.4995,4.2395,0.0644,4.2902,before,-4.6667,4.4898,235490261.0
4.2805,20141219,-0.18,000005.SZE,563519.48,6.1672,4.2902,3.9104,0.0862,4.11,before,-4.1958,4.1197,230138590.0
4.0798,20141222,-0.17,000005.SZE,390071.51,4.2689,4.11,3.9104,0.0414,3.9395,before,-4.1363,4.0798,155009149.9
4.1402,20141223,0.05,000005.SZE,301777.45,3.3027,3.9395,3.8996,0.0609,3.9902,before,1.2690000000000001,3.9697,121198516.6
4.0496,20141224,-0.02,000005.SZE,209070.16,2.2881,3.9902,3.8996,0.0376,3.9697,before,-0.5013,4.0496,82524487.0
4.0399,20141225,0.03,000005.SZE,172775.96,1.8909,3.9697,3.9503,0.0227,4.0,before,0.7557,3.9805,68874306.4
4.1402,20141226,0.1,000005.SZE,375720.53,4.1119,4.0,3.9805,0.04,4.1003,before,2.5,4.0,153493180.6
4.5103,20150511,0.41,000005.SZE,6215.12,0.068,4.1003,4.5103,0.0,4.5103,before,10.0,4.5103,2803019.1
4.9603,20150512,0.45,000005.SZE,4856.83,0.0532,4.5103,4.9603,0.0,4.9603,before,9.9778,4.9603,2408987.7
5.4599,20150513,0.5,000005.SZE,6861.71,0.0751,4.9603,5.4599,0.0,5.4599,before,10.0806,5.4599,3746493.7
6.0102,20150514,0.55,000005.SZE,9989.05,0.1093,5.4599,6.0102,0.0,6.0102,before,10.0733,6.0102,6003419.1
6.6101,20150515,0.6,000005.SZE,20849.03,0.2282,6.0102,6.6101,0.0,6.6101,before,9.9834,6.6101,13781208.8
7.2705,20150518,0.66,000005.SZE,17744.23,0.1942,6.6101,7.2705,0.0,7.2705,before,9.9849,7.2705,12900055.2
7.9999,20150519,0.73,000005.SZE,27502.02,0.301,7.2705,7.9999,0.0,7.9999,before,10.0413,7.9999,22001616.0
8.7995,20150520,0.8,000005.SZE,11040.03,0.1208,7.9999,8.7995,0.0,8.7995,before,10.0,8.7995,9715226.4
9.68,20150521,0.88,000005.SZE,18278.82,0.2,8.7995,9.68,0.0,9.68,before,10.0,9.68,17693897.8
10.65,20150522,0.97,000005.SZE,64405.49,0.7049,9.68,10.65,0.0,10.65,before,10.0207,10.65,68591846.9
11.7204,20150525,1.07,000005.SZE,32149.51,0.3518,10.65,11.7204,0.0,11.7204,before,10.0469,11.7204,37679225.7
12.8901,20150526,1.17,000005.SZE,71116.74,0.7783,11.7204,12.8901,0.0,12.8901,before,9.9829,12.8901,91669477.9
14.1795,20150527,1.29,000005.SZE,1474350.49,16.1353,12.8901,13.1997,0.076,14.1795,before,10.0078,13.7004,2053972824.1
15.5995,20150528,1.42,000005.SZE,936169.61,10.2454,14.1795,14.7999,0.0564,15.5995,before,10.0141,15.2003,1442993209.3
17.0605,20150529,0.22,000005.SZE,2211474.77,24.2024,15.5995,14.0802,0.191,15.8196,before,1.4103,16.5005,3420206394.5
15.4905,20150601,-0.97,000005.SZE,1257794.55,13.7653,15.8196,14.61,0.0556,14.8496,before,-6.1315,15.1798,1880635830.3
15.0805,20150602,-0.57,000005.SZE,1290131.86,14.1192,14.8496,13.8202,0.0848,14.2799,before,-3.8384,14.8604,1840631979.7
14.35,20150603,-0.28,000005.SZE,769223.84,8.4184,14.2799,13.79,0.0392,14.0004,before,-1.9608,14.2896,1075643948.2
14.7805,20150604,0.39,000005.SZE,1075369.76,11.7688,14.0004,13.0001,0.1271,14.3899,before,2.7857,14.0004,1528700009.9
14.76,20150605,-0.38,000005.SZE,778340.09,8.5182,14.3899,13.7101,0.073,14.0101,before,-2.6407,14.4503,1100759429.9
14.0004,20150608,-0.7,000005.SZE,720975.79,7.8904,14.0101,13.2105,0.0564,13.3098,before,-4.9964,14.0004,971451893.3
13.9605,20150609,0.25,000005.SZE,505235.14,5.5293,13.3098,13.4102,0.0413,13.5601,before,1.8783,13.4997,688940411.1
13.9497,20150610,0.26,000005.SZE,513003.46,5.6143,13.5601,13.0098,0.0693,13.8202,before,1.9174,13.5601,702379597.2
14.3004,20150611,0.31,000005.SZE,710556.41,7.7763,13.8202,13.4695,0.0601,14.1299,before,2.2431,13.7695,994652400.7
14.2205,20150612,-0.09,000005.SZE,588683.23,6.4425,14.1299,13.7997,0.0297,14.0403,before,-0.6369,14.1504,824595449.9
14.1698,20150615,-0.58,000005.SZE,502649.76,5.501,14.0403,13.4004,0.0548,13.4598,before,-4.1311,14.0597,690549235.4
13.3001,20150616,-1.31,000005.SZE,584808.65,6.4001,13.4598,12.1196,0.0877,12.1499,before,-9.7325,13.0703,741859336.6
12.2804,20150617,0.08,000005.SZE,616741.5,6.7496,12.1499,11.1895,0.0897,12.2297,before,0.6584,11.9697,719890418.8
12.5005,20150618,-0.45,000005.SZE,467627.91,5.1177,12.2297,11.7603,0.0605,11.7797,before,-3.6795,11.9999,564773693.7
12.3797,20150619,-0.48,000005.SZE,481474.78,5.2693,11.7797,11.2899,0.0925,11.2996,before,-4.0747,11.8197,573272817.1
11.5197,20150623,-0.52,000005.SZE,503942.82,5.5151,11.2996,10.1698,0.1195,10.7795,before,-4.6018,11.2003,537221123.7
11.0902,20150624,0.26,000005.SZE,433394.16,4.7431,10.7795,10.6295,0.0427,11.0395,before,2.4119,10.9802,472913066.0
11.51,20150625,0.04,000005.SZE,548035.81,5.9977,11.0395,10.8097,0.0634,11.0805,before,0.3623,11.06,613734709.2
10.7903,20150626,-1.11,000005.SZE,371344.27,4.064,11.0805,9.9702,0.07400000000000001,9.9702,before,-10.0181,10.6004,382319709.3
10.2799,20150629,-1.0,000005.SZE,463018.65,5.0673,9.9702,8.97,0.1314,8.97,before,-10.0301,10.2799,432993942.6
9.3099,20150630,0.21,000005.SZE,625742.15,6.8481,8.97,8.07,0.1382,9.1804,before,2.3411,8.5804,540100108.2
9.3304,20150701,-0.92,000005.SZE,496971.82,5.4389,9.1804,8.26,0.1166,8.26,before,-10.0218,9.0002,442164088.8
8.1499,20150702,-0.83,000005.SZE,557483.84,6.1011,8.26,7.4302,0.0872,7.4302,before,-10.0484,8.1003,424663568.1
7.2996,20150703,-0.74,000005.SZE,446071.91,4.8818,7.4302,6.69,0.0821,6.69,before,-9.9596,6.9997,304204685.2
7.3298,20150706,-0.67,000005.SZE,663999.67,7.2668,6.69,6.0199,0.1958,6.0199,before,-10.0149,7.3298,433209711.3
5.7296,20150707,-0.6,000005.SZE,233996.53,2.5609,6.0199,5.42,0.0515,5.42,before,-9.9668,5.7199,127737260.8
5.9595,20150717,0.54,000005.SZE,4682.19,0.0512,5.42,5.9595,0.0,5.9595,before,9.9631,5.9595,2790585.2
6.5605,20150720,0.6,000005.SZE,7680.57,0.0841,5.9595,6.5605,0.0,6.5605,before,10.0671,6.5605,5038453.9
7.2198,20150721,0.66,000005.SZE,94616.17,1.0355,6.5605,7.2198,0.0,7.2198,before,10.061,7.2198,68312874.7
7.9395,20150722,0.72,000005.SZE,57056.09,0.6244,7.2198,7.9395,0.0,7.9395,before,9.9723,7.9395,45302535.5
8.7304,20150723,0.79,000005.SZE,983046.18,10.7585,7.9395,8.2805,0.0567,8.7304,before,9.9496,8.4995,845968385.7
9.6001,20150724,0.57,000005.SZE,1853044.98,20.2797,8.7304,9.1005,0.0573,9.3001,before,6.5292,9.1998,1730535098.1
9.2796,20150727,-0.93,000005.SZE,803963.89,8.7986,9.3001,8.37,0.0978,8.37,before,-10.0,8.9905,710701397.5
8.3301,20150728,-0.78,000005.SZE,751134.55,8.2204,8.37,7.5305,0.0956,7.5899,before,-9.318999999999999,7.5305,580399434.5
8.3495,20150729,0.76,000005.SZE,614219.6,6.722,7.5899,7.5003,0.11199999999999999,8.3495,before,10.0132,7.8003,483062216.1
8.5901,20150730,-0.38,000005.SZE,632707.77,6.9244,8.3495,7.8996,0.0826,7.9697,before,-4.5509,8.5804,532390442.1
7.96,20150731,-0.39,000005.SZE,385920.45,4.2235,7.9697,7.3503,0.0765,7.5802,before,-4.8934,7.7097,297390795.1
7.4701,20150803,-0.68,000005.SZE,334458.53,3.6603,7.5802,6.84,0.0831,6.9004,before,-8.971,7.4302,236853699.1
7.5899,20150804,0.69,000005.SZE,413916.23,4.5299,6.9004,6.9004,0.1,7.5899,before,10.0,6.9004,301473119.4
7.9902,20150805,0.1,000005.SZE,551374.26,6.0342,7.5899,7.5197,0.0619,7.6902,before,1.3175,7.6104,427756765.3
8.2297,20150806,0.18,000005.SZE,499929.81,5.4712,7.6902,7.2996,0.1209,7.8704,before,2.3407,7.5003,394616019.3
8.11,20150807,0.15,000005.SZE,457249.34,5.0041,7.8704,7.8704,0.0305,8.0204,before,1.906,7.9503,366168810.4
8.4801,20150810,0.33,000005.SZE,706256.42,7.7293,8.0204,7.8801,0.0748,8.3495,before,4.1147,8.1197,578225314.2
8.6905,20150811,0.08,000005.SZE,723785.31,7.9211,8.3495,8.1704,0.0623,8.4304,before,0.9581,8.26,607594911.4
8.97,20150812,0.05,000005.SZE,755736.77,8.2708,8.4304,8.2103,0.0902,8.4801,before,0.5931,8.2999,648359236.2
8.8901,20150813,0.32,000005.SZE,775802.4,8.4904,8.4801,8.2805,0.0719,8.7995,before,3.7736,8.2902,672734890.5
9.1502,20150814,0.01,000005.SZE,764197.62,8.3634,8.7995,8.7099,0.05,8.8103,before,0.1136,9.1297,679014076.2
9.6897,20150817,0.88,000005.SZE,886291.08,9.6996,8.8103,8.7595,0.1056,9.6897,before,9.9886,8.82,823828480.4
10.0997,20150818,-0.97,000005.SZE,1107904.39,12.1249,9.6897,8.7196,0.1424,8.7196,before,-10.0103,9.9001,1045900745.3
9.2699,20150819,0.37,000005.SZE,715346.23,7.8287,8.7196,7.8596,0.1617,9.0897,before,4.2431,8.1305,605401199.6
9.0498,20150820,-0.67,000005.SZE,452645.37,4.9537,9.0897,8.3301,0.0792,8.4197,before,-7.3707,8.82,395752582.6
8.4197,20150821,-0.69,000005.SZE,419115.71,4.5868,8.4197,7.6999,0.0855,7.7302,before,-8.1948,8.1995,337029817.5
7.3795,20150824,-0.77,000005.SZE,272291.88,2.98,7.7302,6.9597,0.0543,6.9597,before,-9.9612,7.3795,191458738.7
6.4796,20150825,-0.7,000005.SZE,253443.5,2.7737,6.9597,6.2605,0.0316,6.2605,before,-10.0575,6.2605,159526628.0
6.5195,20150826,-0.38,000005.SZE,436738.4,4.7797,6.2605,5.68,0.1342,5.8796,before,-6.0703,6.39,268251908.9
6.4698,20150909,0.59,000005.SZE,7941.0,0.0869,5.8796,6.4698,0.0,6.4698,before,10.033999999999999,6.4698,5137827.0
7.1205,20150910,0.65,000005.SZE,227465.46,2.4894,6.4698,7.0104,0.017,7.1205,before,10.0464,7.1205,161728835.4
7.5802,20150911,0.4,000005.SZE,730837.28,7.9983,7.1205,7.1,0.0674,7.5197,before,5.617999999999999,7.1799,541862570.4
7.4205,20150914,-0.75,000005.SZE,421739.66,4.6155,7.5197,6.7698,0.0864,6.7698,before,-9.9734,7.3395,297557621.1
6.5001,20150915,-0.68,000005.SZE,296347.72,3.2432,6.7698,6.09,0.0606,6.09,before,-10.0443,6.2098,182896755.4
6.6997,20150916,0.54,000005.SZE,424201.52,4.6425,6.09,5.9303,0.1264,6.6295,before,8.867,6.0404,265730002.8
7.0903,20150917,-0.33,000005.SZE,510331.36,5.5851,6.6295,6.2001,0.1342,6.3004,before,-4.9774,6.6004,335065044.8
6.4105,20150918,-0.01,000005.SZE,224683.38,2.4589,6.3004,6.2001,0.0333,6.2897,before,-0.1587,6.3004,141768543.6
6.8205,20150921,0.31,000005.SZE,360932.16,3.95,6.2897,6.1602,0.1049,6.6004,before,4.9285,6.2702,234740161.1
6.8497,20150922,0.12,000005.SZE,447447.08,4.8969,6.6004,6.5195,0.05,6.7202,before,1.8182,6.6004,299946906.0
6.9997,20150923,0.08,000005.SZE,517570.98,5.6643,6.7202,6.5195,0.0714,6.8,before,1.1905,6.6997,352074099.1
7.1399,20150924,0.0,000005.SZE,447076.75,4.8928,6.8,6.7105,0.0632,6.8,before,0.0,6.9899,308581691.9
6.7396,20150925,-0.44,000005.SZE,316976.9,3.469,6.8,6.3004,0.0647,6.3598,before,-6.4706,6.6997,206078538.8
6.5497,20150928,0.06,000005.SZE,139312.17,1.5246,6.3598,6.2195,0.0519,6.4202,before,0.9434,6.3199,88668030.5
6.3404,20150929,-0.27,000005.SZE,198658.04,2.1741,6.4202,6.1105,0.0358,6.1505,before,-4.2056,6.3004,123093097.9
6.2799,20150930,0.03,000005.SZE,114389.81,1.2519,6.1505,6.1505,0.0211,6.1796,before,0.4878,6.2098,71006968.6
6.6598,20151008,0.44,000005.SZE,307404.73,3.3642,6.1796,6.3199,0.055,6.6198,before,7.1197,6.3997,200813405.4
6.8605,20151009,0.13,000005.SZE,382801.32,4.1894,6.6198,6.5195,0.0514,6.7504,before,1.9637,6.6403,255944597.6
7.1701,20151012,0.33,000005.SZE,484567.93,5.3031,6.7504,6.6997,0.0696,7.0795,before,4.8889,6.6997,339540663.2
7.7895,20151013,0.71,000005.SZE,375720.75,4.1119,7.0795,6.9997,0.1116,7.7895,before,10.0282,7.1,282190495.7
8.5696,20151014,0.78,000005.SZE,1415269.71,15.4887,7.7895,8.1995,0.0475,8.5696,before,10.0128,8.5599,1203802366.4
9.4296,20151015,0.86,000005.SZE,1203033.58,13.165999999999999,8.5696,8.7002,0.0852,9.4296,before,10.035,8.7002,1092738198.4
10.3705,20151016,0.94,000005.SZE,1515190.59,16.5822,9.4296,9.8504,0.0551,10.3705,before,9.9682,10.0997,1555349236.4
10.95,20151019,0.01,000005.SZE,2612012.72,28.5859,10.3705,10.0004,0.0916,10.3802,before,0.0964,10.7698,2718057947.2
10.2799,20151020,-0.2,000005.SZE,1412224.39,15.4554,10.3802,9.9001,0.0366,10.1795,before,-1.9268,10.1105,1423464643.4
10.3705,20151021,-0.58,000005.SZE,1752374.13,19.178,10.1795,9.4005,0.0953,9.6001,before,-5.6974,10.0404,1756902004.8
10.5604,20151022,0.96,000005.SZE,1578902.42,17.2795,9.6001,9.5505,0.1052,10.5604,before,10.0,9.6605,1572385706.5
11.62,20151023,1.06,000005.SZE,1428333.68,15.6317,10.5604,10.9597,0.0625,11.62,before,10.0379,10.9996,1634071891.1
12.37,20151026,-0.58,000005.SZE,2193441.36,24.005,11.62,10.8798,0.1282,11.0395,before,-4.9914,11.9999,2517291878.6
11.2499,20151027,-0.13,000005.SZE,1310533.08,14.3425,11.0395,10.2497,0.0906,10.91,before,-1.1775,10.6004,1399493491.3
11.2899,20151028,-0.49,000005.SZE,1094224.16,11.9752,10.91,10.2,0.0999,10.4202,before,-4.4913,10.6899,1187276051.4
11.3503,20151029,0.39,000005.SZE,1213573.36,13.2813,10.4202,10.2,0.1104,10.8097,before,3.7428,10.4601,1315768311.0
10.8097,20151030,-0.6,000005.SZE,1066254.51,11.6691,10.8097,10.0004,0.0749,10.2098,before,-5.5504,10.6004,1102392376.3
9.9195,20151102,-1.02,000005.SZE,942299.0,10.3125,10.2098,9.1901,0.0715,9.1901,before,-9.9902,9.7404,899741662.3
9.6497,20151103,0.16,000005.SZE,621411.73,6.8007,9.1901,9.0595,0.0642,9.3498,before,1.7409999999999999,9.1998,582233091.8
10.2497,20151104,0.77,000005.SZE,974045.78,10.66,9.3498,9.2505,0.107,10.1202,before,8.2353,9.4005,949781201.2
10.24,20151105,-0.27,000005.SZE,846948.01,9.269,10.1202,9.7997,0.0435,9.8504,before,-2.668,10.0501,842223994.3
10.1795,20151106,0.1,000005.SZE,630335.98,6.8984,9.8504,9.8504,0.0335,9.9497,before,1.0152,9.8504,629723766.8
10.8,20151109,0.66,000005.SZE,1125208.55,12.3143,9.9497,9.9702,0.0834,10.6101,before,6.6332,9.9799,1172668960.1
10.9996,20151110,-0.05,000005.SZE,1086918.79,11.8952,10.6101,10.2605,0.0697,10.5604,before,-0.4713,10.5,1155773916.9
10.6996,20151111,-0.07,000005.SZE,647005.99,7.0808,10.5604,10.2799,0.0398,10.4903,before,-0.6629,10.3997,676604765.7
11.5402,20151112,0.89,000005.SZE,1826752.98,19.992,10.4903,10.2098,0.1268,11.3805,before,8.4843,10.5,2013187356.1
11.9804,20151113,-0.39,000005.SZE,1697699.51,18.5796,11.3805,10.5097,0.1292,10.9899,before,-3.4271,10.9996,1904777877.6
10.8097,20151116,-0.22,000005.SZE,726489.69,7.9507,10.9899,10.4299,0.0346,10.7698,before,-2.0018,10.5,773897487.4
11.1,20151117,-0.23,000005.SZE,729148.47,7.9798,10.7698,10.5,0.0557,10.5399,before,-2.1356,10.8097,784058746.9
10.9802,20151118,-0.05,000005.SZE,673712.21,7.3731,10.5399,10.4396,0.0512,10.4903,before,-0.4744,10.6004,722760834.7
10.7795,20151119,0.13,000005.SZE,701929.43,7.6819,10.4903,10.0004,0.0744,10.6198,before,1.2393,10.5399,729974799.4
10.6004,20151120,-0.21,000005.SZE,595355.98,6.5156,10.6198,10.3101,0.0273,10.4105,before,-1.9774,10.6004,621692435.3
10.5302,20151123,-0.17,000005.SZE,476643.21,5.2164,10.4105,10.1795,0.0336,10.24,before,-1.633,10.3705,491538982.1
10.4105,20151124,0.1,000005.SZE,335086.45,3.6672,10.24,10.2,0.0205,10.3403,before,0.9766,10.2799,345969699.1
10.8,20151125,0.24,000005.SZE,605438.59,6.6259,10.3403,10.24,0.0542,10.5799,before,2.3211,10.35,637334253.1
10.9996,20151126,0.0,000005.SZE,729731.72,7.9862,10.5799,10.4795,0.0491,10.5799,before,0.0,10.6295,784941388.9
10.4504,20151127,-1.06,000005.SZE,711428.4,7.7859,10.5799,9.5203,0.0879,9.5203,before,-10.0189,10.35,710418853.2
9.68,20151130,-0.2,000005.SZE,535944.31,5.8654,9.5203,8.6096,0.1124,9.3196,before,-2.1008,9.5203,491134197.0
9.79,20151201,0.21,000005.SZE,431359.12,4.7208,9.3196,9.1005,0.07400000000000001,9.53,before,2.2532,9.2602,406050565.5
9.9001,20151202,0.04,000005.SZE,380555.73,4.1648,9.53,9.2505,0.0682,9.5699,before,0.4197,9.5095,363499666.7
9.68,20151203,0.09,000005.SZE,310695.94,3.4003,9.5699,9.4598,0.023,9.6605,before,0.9404,9.5796,297885604.6
9.8602,20151204,0.0,000005.SZE,375359.23,4.1079,9.6605,9.5505,0.0321,9.6605,before,0.0,9.6702,364304841.8
9.8202,20151207,0.0,000005.SZE,245242.04,2.6839,9.6605,9.5203,0.0311,9.6605,before,0.0,9.7102,236933927.1
9.6897,20151208,-0.42,000005.SZE,318457.1,3.4852,9.6605,9.1502,0.0559,9.2397,before,-4.3478,9.6897,299362864.5
9.7102,20151209,0.33,000005.SZE,529891.47,5.7991,9.2397,9.1005,0.066,9.5699,before,3.5714,9.1599,501667625.2
9.5397,20151210,-0.22,000005.SZE,306430.01,3.3536,9.5699,9.2095,0.0345,9.3498,before,-2.2989,9.4102,286762132.0
9.2904,20151211,-0.4,000005.SZE,270561.89,2.9610000000000003,9.3498,8.8998,0.0417,8.9505,before,-4.2781,9.2904,244322673.3
9.1502,20151214,0.16,000005.SZE,260153.15,2.8471,8.9505,8.7498,0.0447,9.1102,before,1.7877,8.8998,234107988.0
9.38,20151215,0.13,000005.SZE,214891.53,2.3518,9.1102,9.1502,0.0252,9.2397,before,1.4269999999999998,9.2095,199071346.2
9.3304,20151216,-0.05,000005.SZE,210641.27,2.3053,9.2397,9.1599,0.0184,9.1901,before,-0.5411,9.2505,194544193.4
10.1105,20151217,0.92,000005.SZE,344599.31,3.7713,9.1901,9.2505,0.0936,10.1105,before,10.0109,9.2505,341277200.1
11.1,20151218,0.54,000005.SZE,1537375.49,16.825,10.1105,10.39,0.0702,10.65,before,5.3412,11.1,1646735553.0
10.7104,20151221,-0.23,000005.SZE,666646.76,7.2958,10.65,10.2799,0.0404,10.4202,before,-2.1596,10.5,693784971.3
11.0902,20151222,0.28,000005.SZE,894573.33,9.7902,10.4202,10.2303,0.0825,10.6996,before,2.6871,10.4202,960906504.9
10.6403,20151223,-0.4,000005.SZE,549978.57,6.019,10.6996,10.2,0.0411,10.3004,before,-3.7383,10.5497,573731614.8
10.4795,20151224,0.05,000005.SZE,440447.64,4.8203,10.3004,9.9001,0.0563,10.35,before,0.4854,10.3004,447682412.0
10.5,20151225,0.02,000005.SZE,355900.73,3.895,10.35,10.2,0.028999999999999998,10.3705,before,0.1932,10.3403,367738206.8
10.4795,20151228,-0.34,000005.SZE,370348.93,4.0531,10.3705,10.0004,0.0463,10.0296,before,-3.2787,10.3403,379769706.7
10.39,20151229,0.26,000005.SZE,332793.03,3.6421,10.0296,10.0004,0.0389,10.2896,before,2.5922,10.0695,338190597.4
10.3004,20151230,-0.11,000005.SZE,321141.57,3.5146,10.2896,10.0296,0.0262,10.1795,before,-1.069,10.2195,326205331.4
10.24,20151231,-0.14,000005.SZE,202462.48,2.2157,10.1795,10.0296,0.0206,10.0404,before,-1.3752,10.1903,205015137.7
10.0004,20160104,-1.0,000005.SZE,323406.43,3.5394,10.0404,9.0401,0.0956,9.0401,before,-9.9602,10.0004,302240974.4
9.2203,20160105,-0.14,000005.SZE,471804.48,5.1634,9.0401,8.1596,0.1173,8.8998,before,-1.5487,8.1596,414963832.6
9.1804,20160106,0.28,000005.SZE,287100.71,3.142,8.8998,8.9203,0.0292,9.1804,before,3.1461,8.9203,261121000.6
9.0401,20160107,-0.91,000005.SZE,86057.76,0.9418,9.1804,8.26,0.085,8.2697,before,-9.9129,9.0401,74441766.5
8.7002,20160108,0.03,000005.SZE,323675.25,3.5423,8.2697,7.4399,0.1524,8.2999,before,0.3628,8.6096,268538141.6
8.2502,20160111,-0.83,000005.SZE,282639.77,3.0932,8.2999,7.4701,0.094,7.4701,before,-10.0,8.1596,221347722.9
7.66,20160112,0.03,000005.SZE,219160.77,2.3985,7.4701,7.1799,0.0643,7.5003,before,0.4016,7.4701,163113038.1
7.6503,20160113,-0.39,000005.SZE,185660.44,2.0319,7.5003,7.0299,0.0827,7.1097,before,-5.2,7.5996,137517993.5
7.4496,20160114,0.29,000005.SZE,243665.66,2.6667,7.1097,6.7903,0.0928,7.4,before,4.0788,6.9004,173531625.4
7.5597,20160115,-0.26,000005.SZE,225646.88,2.4695,7.4,6.9997,0.0757,7.1399,before,-3.5135,7.2403,163874156.8
7.4,20160118,0.13,000005.SZE,206485.19,2.2598,7.1399,6.8,0.084,7.2705,before,1.8207,7.0104,149212090.0
7.9999,20160119,0.73,000005.SZE,330705.96,3.6192,7.2705,7.1799,0.1128,7.9999,before,10.0413,7.2004,249133863.8
8.2405,20160120,-0.02,000005.SZE,456496.67,4.9959,7.9999,7.8596,0.0475,7.9805,before,-0.25,7.9805,368192508.6
8.0204,20160121,-0.57,000005.SZE,270712.3,2.9627,7.9805,7.3903,0.0789,7.4097,before,-7.1429,7.7701,209595139.2
7.6902,20160122,0.14,000005.SZE,202111.12,2.2119,7.4097,7.2802,0.0553,7.55,before,1.8893,7.55,152183204.3
7.7204,20160125,0.04,000005.SZE,149602.45,1.6372,7.55,7.51,0.0278,7.5899,before,0.5298,7.6503,114252776.4
7.51,20160126,-0.76,000005.SZE,234549.99,2.5669,7.5899,6.8302,0.0896,6.8302,before,-10.0132,7.4895,167900531.1
6.9597,20160127,-0.14,000005.SZE,264944.32,2.8995,6.8302,6.1796,0.1142,6.69,before,-2.0498,6.8605,172994003.8
6.6598,20160128,-0.36,000005.SZE,173000.66,1.8933,6.69,6.2001,0.0688,6.3296,before,-5.3812,6.5702,112924542.3
6.9597,20160129,0.63,000005.SZE,182429.78,1.9965,6.3296,6.2098,0.1185,6.9597,before,9.9526,6.2897,123249083.3
7.4798,20160201,-0.04,000005.SZE,400926.18,4.3877,6.9597,6.65,0.1193,6.9198,before,-0.5747,7.2802,286401599.5
7.25,20160202,0.21,000005.SZE,292146.39,3.1972,6.9198,6.8302,0.0607,7.1302,before,3.0347,6.9802,207110573.4
7.4,20160203,0.12,000005.SZE,333259.4,3.6472,7.1302,6.9295,0.0659,7.25,before,1.683,7.0299,240750952.6
7.4496,20160204,0.07,000005.SZE,320631.81,3.509,7.25,7.1604,0.04,7.3201,before,0.9655,7.2295,234423323.4
7.3698,20160205,-0.22,000005.SZE,184763.95,2.0221,7.3201,7.0903,0.0383,7.1,before,-3.0055,7.2899,133185982.4
7.1,20160215,-0.1,000005.SZE,148000.17,1.6197,7.1,6.65,0.0634,6.9997,before,-1.4085,6.8097,102674445.1
7.6999,20160216,0.7,000005.SZE,316176.11,3.4602,6.9997,7.1399,0.08,7.6999,before,10.0,7.1399,236232932.7
7.9805,20160217,0.08,000005.SZE,462349.96,5.06,7.6999,7.5402,0.0571,7.7798,before,1.0390000000000001,7.6902,357477167.0
8.1499,20160218,-0.02,000005.SZE,465916.91,5.099,7.7798,7.6503,0.0643,7.7604,before,-0.2571,7.7798,365601063.8
8.11,20160219,0.16,000005.SZE,403848.7,4.4197,7.7604,7.6503,0.0593,7.9201,before,2.0619,7.6697,318410756.0
8.3495,20160222,0.19,000005.SZE,434662.45,4.7569,7.9201,7.9298,0.053,8.11,before,2.399,8.1305,352340453.3
8.0603,20160223,-0.19,000005.SZE,314401.14,3.4408,8.11,7.8003,0.0321,7.9201,before,-2.3428,8.0398,249073683.6
8.0398,20160224,0.05,000005.SZE,270551.16,2.9609,7.9201,7.8003,0.0303,7.9697,before,0.6313,7.8197,214395061.3
8.7703,20160225,0.29,000005.SZE,1375066.73,15.0487,7.9697,8.0495,0.0903,8.26,before,3.6386,8.1801,1177013235.0
8.4499,20160226,-0.56,000005.SZE,863848.82,9.454,8.26,7.4798,0.1174,7.6999,before,-6.7797,8.2999,677822817.1
7.5305,20160229,-0.77,000005.SZE,513785.0,5.6229,7.6999,6.9295,0.0779,6.9295,before,-10.0,7.5305,362890484.2
7.2403,20160301,0.25,000005.SZE,383987.51,4.2024,6.9295,6.9295,0.0447,7.1799,before,3.6075,7.0504,273609085.0
7.8899,20160302,0.48,000005.SZE,519169.31,5.6818,7.1799,7.1302,0.1058,7.66,before,6.6852,7.1799,390333639.7
8.2999,20160303,0.12,000005.SZE,684297.9,7.489,7.66,7.6104,0.0901,7.7798,before,1.5666,7.6104,543938859.6
8.1499,20160304,-0.2,000005.SZE,670924.85,7.3426,7.7798,7.4,0.0964,7.5802,before,-2.5707,7.8899,526532188.0
7.96,20160307,0.12,000005.SZE,382725.77,4.1885,7.5802,7.51,0.0594,7.6999,before,1.5831,7.8402,295122510.1
7.6805,20160308,-0.13,000005.SZE,375655.22,4.1112,7.6999,7.1496,0.0688,7.5705,before,-1.6883,7.6298,277049721.3
7.5402,20160309,-0.18,000005.SZE,245094.31,2.6823,7.5705,7.2004,0.0449,7.3903,before,-2.3778,7.3795,180890170.5
7.4895,20160310,-0.12,000005.SZE,201138.38,2.2013,7.3903,7.2597,0.0311,7.2705,before,-1.6238,7.4399,148145026.8
7.3298,20160311,-0.08,000005.SZE,195788.93,2.1427,7.2705,7.0903,0.033,7.1896,before,-1.1004,7.1896,140973286.4
7.5705,20160314,0.25,000005.SZE,284036.55,3.1085,7.1896,7.3298,0.0334,7.4399,before,3.4771,7.4,212296236.1
7.6395,20160315,0.02,000005.SZE,288086.94,3.1528,7.4399,7.36,0.0376,7.4604,before,0.2688,7.4399,215424031.2
7.5899,20160316,-0.15,000005.SZE,232563.83,2.5452,7.4604,7.2198,0.0496,7.3104,before,-2.0107,7.4798,171877632.9
7.5705,20160317,0.19,000005.SZE,313527.36,3.4312,7.3104,7.3104,0.0356,7.5003,before,2.5992,7.3503,234218438.0
7.8197,20160318,0.25,000005.SZE,450572.31,4.9311,7.5003,7.5305,0.0387,7.7496,before,3.3333,7.5402,347753380.8
8.1995,20160321,0.3,000005.SZE,605790.73,6.6298,7.7496,7.7302,0.0606,8.0495,before,3.8710000000000004,7.8996,480498638.0
8.0398,20160322,-0.17,000005.SZE,414302.08,4.5341,8.0495,7.8402,0.0248,7.8801,before,-2.1118,7.96,328199989.9
7.9902,20160323,0.06,000005.SZE,379152.04,4.1494,7.8801,7.8003,0.0241,7.9395,before,0.7614,7.81,299727248.5
8.0301,20160324,-0.2,000005.SZE,372528.81,4.077,7.9395,7.6902,0.0428,7.7399,before,-2.5189,7.8801,292120688.2
7.9201,20160325,0.01,000005.SZE,202547.41,2.2167,7.7399,7.6697,0.0323,7.7496,before,0.1292,7.6999,157173334.3
7.8899,20160328,-0.07,000005.SZE,214426.5,2.3467,7.7496,7.6697,0.0284,7.6805,before,-0.9032,7.7895,167093661.8
7.6999,20160329,-0.2,000005.SZE,227433.78,2.489,7.6805,7.3201,0.0495,7.4798,before,-2.6042,7.6201,170577684.8
7.7798,20160330,0.24,000005.SZE,209174.5,2.2892,7.4798,7.5003,0.0374,7.7204,before,3.2086,7.5197,159278639.7
7.7798,20160331,-0.05,000005.SZE,231988.94,2.5389,7.7204,7.6503,0.0168,7.6697,before,-0.6477,7.7496,178931714.4
7.6697,20160401,-0.14,000005.SZE,197578.61,2.1623,7.6697,7.4399,0.03,7.5305,before,-1.8253,7.66,148442937.2
7.9902,20160405,0.38,000005.SZE,421624.28,4.6143,7.5305,7.5305,0.0611,7.9104,before,5.0465,7.5305,329788264.6
8.1305,20160406,-0.01,000005.SZE,407961.84,4.4647,7.9104,7.8003,0.0417,7.8996,before,-0.1264,7.8704,323456538.8
8.1003,20160407,0.03,000005.SZE,570910.08,6.247999999999999,7.8996,7.7097,0.0494,7.9298,before,0.3797,7.96,453260851.2
8.0798,20160408,0.04,000005.SZE,510689.65,5.5889999999999995,7.9298,7.5996,0.0605,7.9697,before,0.5044,7.8003,402679073.8
8.2805,20160411,0.06,000005.SZE,461254.03,5.048,7.9697,7.9201,0.0452,8.0301,before,0.7528,8.0204,372956798.3
7.9902,20160412,-0.15,000005.SZE,325572.78,3.5631,8.0301,7.7895,0.0249,7.8801,before,-1.868,7.96,256061012.5
8.0603,20160413,0.03,000005.SZE,381845.86,4.1789,7.8801,7.8996,0.0203,7.9104,before,0.3807,7.8996,304579564.6
7.9805,20160414,0.03,000005.SZE,227705.37,2.492,7.9104,7.8596,0.0152,7.9395,before,0.3793,7.96,179974193.7
7.9999,20160415,-0.04,000005.SZE,270014.76,2.955,7.9395,7.8305,0.0214,7.8996,before,-0.5038,7.8801,213025140.4
7.8596,20160418,-0.17,000005.SZE,186466.41,2.0407,7.8996,7.6999,0.0203,7.7302,before,-2.1519,7.8305,144393323.7
7.8704,20160419,0.05,000005.SZE,178704.28,1.9557,7.7302,7.6999,0.022000000000000002,7.7798,before,0.6468,7.7798,139118852.0
7.8402,20160420,-0.47,000005.SZE,364580.11,3.99,7.7798,7.1,0.0951,7.3104,before,-6.0411,7.8402,270638132.4
7.4205,20160421,-0.09,000005.SZE,173777.31,1.9018,7.3104,7.2004,0.0301,7.2198,before,-1.2312,7.2899,127049316.7
7.2996,20160422,0.04,000005.SZE,139847.86,1.5305,7.2198,7.1,0.0277,7.2597,before,0.5539999999999999,7.1701,100665699.7
7.2802,20160425,-0.05,000005.SZE,98415.77,1.0771,7.2597,7.1097,0.0234,7.2101,before,-0.6887,7.2802,70772691.4
7.2705,20160426,0.05,000005.SZE,88972.88,0.9737,7.2101,7.1799,0.0125,7.2597,before,0.6935,7.2004,64314056.1
7.3201,20160427,-0.04,000005.SZE,105041.28,1.1496,7.2597,7.2004,0.0165,7.2198,before,-0.551,7.2705,76279545.6
7.2597,20160428,-0.1,000005.SZE,118628.86,1.2983,7.2198,7.0299,0.0319,7.1205,before,-1.385,7.25,84330801.7
7.1799,20160429,0.02,000005.SZE,61906.67,0.6775,7.1205,7.1,0.0112,7.1399,before,0.2809,7.1302,44201072.7
7.3503,20160503,0.21,000005.SZE,126491.56,1.3843,7.1399,7.1205,0.0322,7.3503,before,2.9412,7.1399,91877646.4
7.4798,20160504,-0.01,000005.SZE,133854.39,1.4649,7.3503,7.25,0.0313,7.3395,before,-0.1361,7.3104,98300865.6
7.3903,20160505,-0.01,000005.SZE,95943.44,1.05,7.3395,7.2802,0.015,7.3298,before,-0.1362,7.3298,70299018.2
7.3698,20160506,-0.27,000005.SZE,175351.28,1.919,7.3298,7.0504,0.0437,7.0601,before,-3.6835,7.3201,125641270.2
7.0396,20160509,-0.37,000005.SZE,159580.87,1.7465,7.0601,6.6803,0.051,6.69,before,-5.2408,7.0299,108286461.8
6.7903,20160510,0.04,000005.SZE,80381.76,0.8797,6.69,6.6295,0.0239,6.7299,before,0.5979,6.6295,54167445.1
6.8,20160511,-0.06,000005.SZE,62261.93,0.6814,6.7299,6.6295,0.0253,6.6695,before,-0.8915,6.7601,41814076.2
6.65,20160512,-0.1,000005.SZE,89081.25,0.9749,6.6695,6.4105,0.036000000000000004,6.5702,before,-1.4993,6.65,57923043.1
7.2295,20160513,0.49,000005.SZE,468661.62,5.129,6.5702,6.5702,0.1005,7.0601,before,7.4581,6.6101,332347229.2
7.0504,20160516,-0.03,000005.SZE,313040.23,3.4259,7.0601,6.8,0.0354,7.0299,before,-0.4249,6.95,216440530.6
7.2295,20160517,-0.03,000005.SZE,284637.32,3.1151,7.0299,6.8896,0.0484,6.9997,before,-0.4267,7.0396,201030034.4
6.9101,20160518,-0.31,000005.SZE,184428.71,2.0184,6.9997,6.5497,0.0514,6.69,before,-4.4286,6.8799,124568476.7
6.8702,20160519,0.03,000005.SZE,97042.98,1.062,6.69,6.6997,0.0254,6.7202,before,0.4484,6.6997,65796860.5
6.8497,20160520,0.09,000005.SZE,101047.29,1.1059,6.7202,6.6004,0.0372,6.8097,before,1.3393,6.6997,68114454.7
6.95,20160523,0.08,000005.SZE,117803.23,1.2892,6.8097,6.8,0.022000000000000002,6.8896,before,1.1747,6.8205,80935984.5
6.8702,20160524,-0.1,000005.SZE,83846.23,0.9176,6.8896,6.7299,0.0203,6.7903,before,-1.4514,6.8702,56892680.2
6.9004,20160525,-0.02,000005.SZE,76558.31,0.8379,6.7903,6.7504,0.0221,6.7698,before,-0.2946,6.8302,52188868.0
6.8,20160526,0.0,000005.SZE,84355.95,0.9232,6.7698,6.6198,0.0266,6.7698,before,0.0,6.7698,56606012.5
6.9101,20160527,0.03,000005.SZE,100343.87,1.0982,6.7698,6.6997,0.031,6.8,before,0.4431,6.7504,68287382.9
6.7795,20160530,-0.08,000005.SZE,61659.42,0.6748,6.8,6.65,0.0191,6.7202,before,-1.1765,6.6997,41446958.4
6.9705,20160531,0.23,000005.SZE,163712.25,1.7917,6.7202,6.6997,0.0402,6.95,before,3.4226,6.6997,112784487.8
7.1604,20160601,0.08,000005.SZE,211795.67,2.3179,6.95,6.9899,0.0245,7.0299,before,1.1511,7.0396,149832371.8
7.1399,20160602,0.09,000005.SZE,179882.43,1.9686,7.0299,6.9597,0.0256,7.1205,before,1.2802,7.0299,127425152.8
7.2802,20160603,0.0,000005.SZE,231616.28,2.5348,7.1205,7.0795,0.0281,7.1205,before,0.0,7.1399,166099059.5
7.1496,20160606,-0.07,000005.SZE,137756.36,1.5076,7.1205,7.0202,0.0183,7.0504,before,-0.9831,7.1205,97228261.4
7.2802,20160607,0.14,000005.SZE,202733.94,2.2187,7.0504,7.0396,0.034,7.1896,before,1.9858,7.1496,144784135.4
7.1701,20160608,-0.13,000005.SZE,131759.35,1.442,7.1896,7.0104,0.0223,7.0601,before,-1.8081,7.1701,93208617.9
7.0104,20160613,-0.34,000005.SZE,136814.05,1.4973,7.0601,6.7202,0.0411,6.7202,before,-4.8159,7.0104,94437069.4
7.3903,20160614,0.67,000005.SZE,763992.84,8.3611,6.7202,6.6598,0.1086,7.3903,before,9.9702,6.6598,554885121.6
8.1305,20160615,0.61,000005.SZE,1191936.2,13.0445,7.3903,7.2295,0.1218,7.9999,before,8.2544,7.3104,938643248.5
8.0798,20160616,-0.18,000005.SZE,699683.23,7.6573,7.9999,7.6999,0.0475,7.8197,before,-2.25,7.9104,548701601.1
7.96,20160617,-0.06,000005.SZE,385233.88,4.216,7.8197,7.6999,0.0332,7.7604,before,-0.7673,7.81,301031562.8
7.8704,20160620,0.09,000005.SZE,264474.64,2.8944,7.7604,7.6104,0.0335,7.8499,before,1.1598,7.8197,205652441.5
7.8899,20160621,-0.36,000005.SZE,346325.63,3.7902,7.8499,7.4,0.0624,7.4895,before,-4.586,7.8801,264799153.1
7.6902,20160622,0.11,000005.SZE,201487.74,2.2051,7.4895,7.3795,0.0414,7.5996,before,1.4686,7.4205,152802558.1
7.7798,20160623,-0.03,000005.SZE,168347.15,1.8424,7.5996,7.5003,0.0368,7.5705,before,-0.3947,7.5802,128532665.4
7.6298,20160624,0.06,000005.SZE,261452.09,2.8613,7.5705,7.0104,0.0819,7.6298,before,0.7926,7.5705,194708082.0
7.7204,20160627,0.07,000005.SZE,181729.43,1.9888,7.6298,7.4604,0.0341,7.6999,before,0.9174,7.5003,138738320.8
7.7798,20160628,0.02,000005.SZE,167677.09,1.8351,7.6999,7.5996,0.0234,7.7204,before,0.2597,7.66,129299603.0
7.7701,20160629,-0.11,000005.SZE,165112.5,1.807,7.7204,7.5802,0.0246,7.6104,before,-1.4249,7.7097,126170399.0
7.66,20160630,-0.07,000005.SZE,108860.49,1.1914,7.6104,7.5197,0.0184,7.5402,before,-0.9198,7.6201,82216754.8
7.5996,20160701,-0.06,000005.SZE,107688.86,1.1785,7.5402,7.4399,0.0212,7.4798,before,-0.7958,7.55,80781825.9
7.6201,20160704,0.09,000005.SZE,145791.3,1.5955,7.4798,7.3201,0.0401,7.5705,before,1.2032,7.4205,109713626.4
7.6395,20160705,0.0,000005.SZE,130827.22,1.4318,7.5705,7.51,0.0172,7.5705,before,0.0,7.5597,99006602.6
7.7097,20160706,0.01,000005.SZE,207549.61,2.2714,7.5705,7.5597,0.0198,7.5802,before,0.1321,7.66,158331167.5
7.6104,20160707,-0.08,000005.SZE,169021.91,1.8498,7.5802,7.3395,0.0356,7.5003,before,-1.0554,7.6104,126359008.3
7.5802,20160708,0.01,000005.SZE,114190.52,1.2497,7.5003,7.4302,0.02,7.51,before,0.1333,7.4496,85794526.5
7.5705,20160711,-0.02,000005.SZE,105916.84,1.1592,7.51,7.4701,0.0133,7.4895,before,-0.2663,7.5003,79562941.4
7.5402,20160712,0.05,000005.SZE,121888.77,1.334,7.4895,7.4097,0.0174,7.5402,before,0.6676,7.4604,91063449.0
7.6298,20160713,0.04,000005.SZE,153177.34,1.6764,7.5402,7.5003,0.0172,7.5802,before,0.5305,7.55,115594368.0
7.9999,20160714,0.19,000005.SZE,399179.5,4.3686,7.5802,7.6298,0.0488,7.7701,before,2.5066,7.66,311809957.2
7.9503,20160715,-0.06,000005.SZE,224300.13,2.4547,7.7701,7.6298,0.0412,7.7097,before,-0.7722,7.9503,174430490.4
7.7701,20160718,-0.08,000005.SZE,127945.63,1.4002,7.7097,7.5996,0.022000000000000002,7.6298,before,-1.0376,7.6395,98116507.6
7.6999,20160719,0.0,000005.SZE,99104.84,1.0846,7.6298,7.5305,0.0223,7.6298,before,0.0,7.6395,75226849.9
7.9395,20160720,0.09,000005.SZE,199708.75,2.1856,7.6298,7.66,0.0367,7.7204,before,1.1796,7.7496,155536352.4
7.7798,20160721,-0.03,000005.SZE,156415.29,1.7118,7.7204,7.6104,0.022000000000000002,7.6902,before,-0.3886,7.6999,120217398.3
7.6697,20160722,-0.12,000005.SZE,131733.24,1.4417,7.6902,7.5705,0.013000000000000001,7.5705,before,-1.5605,7.66,100319545.2
7.6104,20160725,-0.02,000005.SZE,93200.65,1.02,7.5705,7.5003,0.0145,7.55,before,-0.2642,7.5003,70394944.8
7.6104,20160726,0.06,000005.SZE,83919.84,0.9184,7.55,7.5197,0.0119,7.6104,before,0.7947,7.5402,63621514.4
7.6298,20160727,-0.38,000005.SZE,201110.99,2.201,7.6104,7.1,0.0696,7.2295,before,-4.9934,7.6104,147658644.0
7.2597,20160728,-0.03,000005.SZE,110638.46,1.2108,7.2295,7.0299,0.0318,7.2004,before,-0.4149,7.2403,79367263.2
7.2198,20160729,-0.04,000005.SZE,61075.7,0.6684,7.2004,7.1097,0.0153,7.1604,before,-0.5556,7.1799,43697457.9
7.1896,20160801,-0.06,000005.SZE,66218.48,0.7247,7.1604,7.0202,0.0237,7.1,before,-0.838,7.1799,46776256.3
7.1496,20160802,0.05,000005.SZE,44813.64,0.4904,7.1,7.0795,0.0099,7.1496,before,0.7042,7.1,31916463.7
7.3395,20160803,0.11,000005.SZE,104480.58,1.1434,7.1496,7.1097,0.0322,7.2597,before,1.5385,7.1604,75966194.3
7.2802,20160804,-0.01,000005.SZE,65445.04,0.7162,7.2597,7.1604,0.0165,7.25,before,-0.1377,7.2403,47211716.6
7.2705,20160805,-0.06,000005.SZE,53633.45,0.5870000000000001,7.25,7.1799,0.0124,7.1896,before,-0.8276,7.2403,38752614.5
7.3298,20160808,0.08,000005.SZE,73352.85,0.8028,7.1896,7.1302,0.0278,7.2705,before,1.1127,7.1701,53239809.4
7.3104,20160809,0.03,000005.SZE,80716.42,0.8834,7.2705,7.2198,0.0124,7.2996,before,0.4127,7.25,58622786.0
7.3201,20160810,-0.02,000005.SZE,74453.01,0.8148,7.2996,7.25,0.0096,7.2802,before,-0.27399999999999997,7.2996,54223530.5
7.3201,20160811,-0.1,000005.SZE,75318.28,0.8243,7.2802,7.1701,0.0206,7.1799,before,-1.3736,7.2705,54436499.7
7.3201,20160812,0.1,000005.SZE,79064.63,0.8653,7.1799,7.1604,0.0223,7.2802,before,1.3928,7.1604,57311218.1
7.55,20160815,0.17,000005.SZE,197534.96,2.1618,7.2802,7.2802,0.0371,7.4496,before,2.3352,7.2996,147070928.6
7.5802,20160816,0.04,000005.SZE,182463.04,1.9969,7.4496,7.4,0.0242,7.4895,before,0.5369,7.4205,136490840.8
7.7496,20160817,0.02,000005.SZE,216166.81,2.3657,7.4895,7.4496,0.0401,7.51,before,0.267,7.4895,163914682.5
7.7701,20160818,0.13,000005.SZE,313581.71,3.4318,7.51,7.4604,0.0413,7.6395,before,1.7309999999999999,7.4798,239691189.1
7.7399,20160819,-0.05,000005.SZE,166477.3,1.8219,7.6395,7.5402,0.0262,7.5899,before,-0.6545,7.6104,126595532.9
7.6298,20160822,-0.13,000005.SZE,113213.07,1.239,7.5899,7.4302,0.0264,7.4604,before,-1.7128,7.55,84968808.5
7.4701,20160823,-0.01,000005.SZE,89913.37,0.9840000000000001,7.4604,7.3395,0.0174,7.4496,before,-0.134,7.4496,66761419.3
7.5402,20160824,0.04,000005.SZE,99875.9,1.093,7.4496,7.3795,0.0215,7.4895,before,0.5369,7.4496,74742502.0
7.4895,20160825,-0.18,000005.SZE,123159.85,1.3479,7.4895,7.25,0.032,7.3104,before,-2.4032,7.4895,90419204.9
7.55,20160826,0.08,000005.SZE,143625.02,1.5718,7.3104,7.36,0.026000000000000002,7.3903,before,1.0944,7.3903,107160626.8
7.6298,20160829,0.12,000005.SZE,197738.1,2.164,7.3903,7.3698,0.0352,7.51,before,1.6238,7.3903,148653210.3
7.5402,20160830,-0.06,000005.SZE,91980.78,1.0066,7.51,7.4205,0.016,7.4496,before,-0.7989,7.51,68625863.4
7.5996,20160831,0.06,000005.SZE,141587.58,1.5495,7.4496,7.4,0.0268,7.51,before,0.8054,7.4399,106375877.9
7.5402,20160901,-0.13,000005.SZE,109128.0,1.1943,7.51,7.3795,0.0213,7.3795,before,-1.7309999999999999,7.4798,81251546.2
7.4302,20160902,-0.05,000005.SZE,93459.41,1.0228,7.3795,7.25,0.0244,7.3298,before,-0.6775,7.3298,68639675.4
7.4205,20160905,0.03,000005.SZE,59534.16,0.6515,7.3298,7.3298,0.0123,7.36,before,0.4093,7.3395,43808351.9
7.4701,20160906,0.08,000005.SZE,121972.19,1.3349,7.36,7.2295,0.0326,7.4399,before,1.087,7.3395,89724878.3
7.96,20160907,0.17,000005.SZE,403359.1,4.4144,7.4399,7.4302,0.0712,7.6104,before,2.2849,7.4604,310576756.6
7.6999,20160908,-0.02,000005.SZE,203155.03,2.2233,7.6104,7.51,0.025,7.5899,before,-0.2628,7.5305,153887274.0
7.6201,20160909,-0.12,000005.SZE,136639.02,1.4954,7.5899,7.4701,0.0198,7.4701,before,-1.581,7.6201,103061976.4
7.4496,20160912,-0.18,000005.SZE,141227.19,1.5456,7.4701,7.2597,0.0254,7.2899,before,-2.4096,7.3104,103705194.5
7.4895,20160913,0.13,000005.SZE,97791.56,1.0702,7.2899,7.3104,0.0247,7.4205,before,1.7833,7.3395,72280742.5
7.4,20160914,-0.07,000005.SZE,87318.66,0.9556,7.4205,7.3104,0.0121,7.3503,before,-0.9434,7.3795,64131783.5
7.4604,20160919,0.05,000005.SZE,90845.92,0.9942,7.3503,7.2996,0.0218,7.4,before,0.6803,7.3503,67072345.0
7.5003,20160920,0.06,000005.SZE,102461.43,1.1213,7.4,7.3795,0.0162,7.4604,before,0.8108,7.4399,76217722.3
7.4895,20160921,0.0,000005.SZE,74506.2,0.8154,7.4604,7.4302,0.008,7.4604,before,0.0,7.4604,55620058.6
7.6503,20160922,0.06,000005.SZE,177820.16,1.9461,7.4604,7.4895,0.0214,7.5197,before,0.8043,7.4895,134628826.4
7.5705,20160923,-0.12,000005.SZE,99025.51,1.0837,7.5197,7.3795,0.0253,7.4,before,-1.5957,7.5305,73901241.6
7.4302,20160926,-0.18,000005.SZE,133614.18,1.4623,7.4,7.2101,0.0297,7.2198,before,-2.4324,7.4205,97505902.5
7.2996,20160927,0.06,000005.SZE,67402.34,0.7377,7.2198,7.1896,0.0152,7.2802,before,0.831,7.2101,48885545.8
7.2996,20160928,-0.08,000005.SZE,59555.4,0.6518,7.2802,7.2004,0.0137,7.2004,before,-1.0989,7.2802,43190720.5
7.3104,20160929,0.05,000005.SZE,63445.2,0.6943,7.2004,7.1896,0.0167,7.25,before,0.6944,7.2004,45988027.7
7.3503,20160930,0.08,000005.SZE,73282.79,0.802,7.25,7.2198,0.0179,7.3298,before,1.1034,7.25,53536609.7
7.4496,20161010,0.07,000005.SZE,135457.88,1.4825,7.3298,7.2996,0.0205,7.4,before,0.955,7.36,99713712.6
7.6201,20161011,0.1,000005.SZE,215060.52,2.3536,7.4,7.3503,0.0365,7.5003,before,1.3514,7.3503,161413789.3
7.5003,20161012,0.0,000005.SZE,96849.12,1.0599,7.5003,7.4,0.0133,7.5003,before,0.0,7.4604,72064107.1
7.55,20161013,-0.01,000005.SZE,109722.08,1.2008,7.5003,7.4496,0.0133,7.4895,before,-0.1333,7.4798,82180271.9
7.7701,20161014,0.09,000005.SZE,345480.48,3.7809,7.4895,7.4604,0.0414,7.5802,before,1.2016,7.4798,264407796.2
7.6104,20161017,-0.16,000005.SZE,186808.84,2.0444,7.5802,7.3698,0.0317,7.4205,before,-2.1108,7.5003,139965034.7
7.5996,20161018,0.18,000005.SZE,208024.9,2.2766,7.4205,7.3903,0.0283,7.5996,before,2.4259,7.4205,156807357.6
7.5996,20161019,-0.11,000005.SZE,130942.62,1.433,7.5996,7.4895,0.0145,7.4895,before,-1.4474,7.5802,98533803.1
7.5305,20161020,-0.02,000005.SZE,100793.71,1.1031,7.4895,7.4496,0.0107,7.4701,before,-0.267,7.4895,75380329.1
7.5003,20161021,-0.01,000005.SZE,100029.86,1.0947,7.4701,7.3903,0.0147,7.4604,before,-0.1339,7.4798,74435469.0
7.55,20161024,0.05,000005.SZE,115683.44,1.266,7.4604,7.4205,0.0174,7.51,before,0.6702,7.4604,86687122.3
7.55,20161025,0.02,000005.SZE,104327.61,1.1418,7.51,7.4798,0.0093,7.5305,before,0.2663,7.5197,78369776.0
7.5597,20161026,-0.05,000005.SZE,117228.54,1.2829,7.5305,7.4496,0.0146,7.4798,before,-0.664,7.5305,87867133.9
7.5802,20161027,0.07,000005.SZE,109864.85,1.2024,7.4798,7.4798,0.0134,7.55,before,0.9358,7.55,82686037.2
7.6298,20161028,-0.17,000005.SZE,168198.55,1.8408,7.55,7.3795,0.0331,7.3795,before,-2.2517,7.6298,125577962.1
7.3903,20161031,-0.02,000005.SZE,91297.35,0.9992,7.3795,7.2802,0.0149,7.36,before,-0.271,7.3795,66986726.0
7.4205,20161101,0.04,000005.SZE,91008.3,0.996,7.36,7.3395,0.0109,7.4,before,0.5435,7.3503,67160467.0
7.4399,20161102,-0.08,000005.SZE,82872.02,0.907,7.4,7.3104,0.0176,7.3201,before,-1.0811,7.4,61061062.0
7.4496,20161103,0.06,000005.SZE,87997.08,0.963,7.3201,7.2996,0.0205,7.3795,before,0.8197,7.2996,64932130.0
7.4604,20161104,0.02,000005.SZE,108517.34,1.1876,7.3795,7.3698,0.0122,7.4,before,0.271,7.3903,80373236.0
7.5802,20161107,0.13,000005.SZE,228697.18,2.5029,7.4,7.3503,0.0311,7.5305,before,1.7568,7.3795,171398950.0
7.5402,20161108,-0.04,000005.SZE,153420.9,1.679,7.5305,7.4399,0.0133,7.4895,before,-0.5312,7.5305,114889209.0
7.4895,20161109,-0.06,000005.SZE,124100.58,1.3582,7.4895,7.3104,0.024,7.4302,before,-0.8011,7.4895,91870770.0
7.6805,20161110,0.1,000005.SZE,221069.45,2.4194,7.4302,7.4399,0.0323,7.5305,before,1.3459,7.4496,166633223.0
7.5705,20161111,0.03,000005.SZE,178106.03,1.9492,7.5305,7.4798,0.012,7.5597,before,0.3984,7.5305,134158879.0
7.5802,20161114,-0.03,000005.SZE,139096.45,1.5223,7.5597,7.5003,0.0106,7.5305,before,-0.3968,7.55,104816098.0
7.6201,20161115,0.08,000005.SZE,196085.33,2.146,7.5305,7.5003,0.0159,7.6104,before,1.0624,7.5305,148407428.0
7.7204,20161116,-0.04,000005.SZE,179647.78,1.9661,7.6104,7.5305,0.025,7.5705,before,-0.5256,7.6999,136073812.0
7.5705,20161117,-0.02,000005.SZE,111647.91,1.2219,7.5705,7.4604,0.0145,7.55,before,-0.2642,7.55,83897091.0
7.5996,20161118,0.01,000005.SZE,143752.79,1.5732,7.55,7.4798,0.0159,7.5597,before,0.1325,7.55,108410275.0
7.6298,20161121,-0.02,000005.SZE,130904.62,1.4326,7.5597,7.5197,0.0146,7.5402,before,-0.2646,7.55,98966522.0
7.6201,20161122,0.05,000005.SZE,190996.88,2.0903,7.5402,7.5197,0.0133,7.5899,before,0.6631,7.55,144731803.0
7.6503,20161123,0.02,000005.SZE,222938.34,2.4398,7.5899,7.5305,0.0158,7.6104,before,0.2635,7.5996,169323323.0
7.6201,20161124,-0.06,000005.SZE,146505.49,1.6034,7.6104,7.5003,0.0158,7.55,before,-0.7884,7.5705,110474402.0
7.5996,20161125,0.01,000005.SZE,171858.68,1.8808,7.55,7.4097,0.0252,7.5597,before,0.1325,7.55,129399768.0
7.7302,20161128,0.07,000005.SZE,329763.44,3.6089,7.5597,7.5305,0.0265,7.6298,before,0.9259,7.5996,252035810.0
7.6697,20161129,-0.15,000005.SZE,213479.48,2.3363,7.6298,7.4701,0.0262,7.4798,before,-1.9659,7.5996,161458944.0
7.51,20161130,-0.06,000005.SZE,130994.96,1.4336,7.4798,7.4,0.0147,7.4205,before,-0.8021,7.4496,97516101.0
7.4798,20161201,0.03,000005.SZE,87951.64,0.9625,7.4205,7.4097,0.0094,7.4496,before,0.4043,7.4399,65448222.0
7.4701,20161202,-0.21,000005.SZE,186243.69,2.0383,7.4496,7.2101,0.0349,7.2403,before,-2.8188,7.4604,136243586.0
7.2403,20161205,-0.04,000005.SZE,85860.03,0.9397,7.2403,7.1205,0.0166,7.2004,before,-0.5525,7.1604,61632477.0
7.2597,20161206,-0.01,000005.SZE,60876.34,0.6662,7.2004,7.1701,0.0125,7.1896,before,-0.1389,7.2295,43916294.0
7.2597,20161207,0.07,000005.SZE,57446.28,0.6287,7.1896,7.1701,0.0125,7.2597,before,0.9736,7.2101,41458936.0
7.2705,20161208,-0.09,000005.SZE,64012.19,0.7005,7.2597,7.1701,0.0138,7.1701,before,-1.2397,7.2597,46193858.0
7.2899,20161209,0.02,000005.SZE,68159.1,0.7459,7.1701,7.1604,0.0181,7.1896,before,0.2789,7.1799,49255056.0
7.2198,20161212,-0.36,000005.SZE,148771.16,1.6282,7.1896,6.8097,0.057,6.8302,before,-5.007,7.2101,103943314.0
6.9101,20161213,0.02,000005.SZE,110023.13,1.2041,6.8302,6.6803,0.0337,6.8497,before,0.2928,6.8302,74499407.0
6.8896,20161214,-0.09,000005.SZE,63813.01,0.6984,6.8497,6.7202,0.0248,6.7601,before,-1.3139,6.8302,43380160.0
6.8799,20161215,0.06,000005.SZE,66270.05,0.7253,6.7601,6.7299,0.0222,6.8205,before,0.8876,6.7698,45179979.0
6.9899,20161216,0.11,000005.SZE,87465.42,0.9572,6.8205,6.8205,0.0249,6.9295,before,1.6129,6.8205,60678514.0
7.0202,20161219,0.03,000005.SZE,65743.58,0.7195,6.9295,6.9101,0.0159,6.9597,before,0.4329,6.9198,45859092.0
6.9597,20161220,-0.07,000005.SZE,46777.78,0.5119,6.9597,6.8605,0.0144,6.8896,before,-1.0057,6.9403,32287092.0
7.1,20161221,0.11,000005.SZE,70386.83,0.7703,6.8896,6.9004,0.028999999999999998,6.9997,before,1.5965,6.9004,49451178.0
7.0795,20161222,0.02,000005.SZE,66598.64,0.7289,6.9997,6.9403,0.02,7.0202,before,0.2857,6.9997,46656230.0
6.9899,20161223,-0.16,000005.SZE,64500.47,0.7059,7.0202,6.8497,0.0199,6.8605,before,-2.2792,6.9802,44542183.0
6.8702,20161226,0.01,000005.SZE,68465.86,0.7493,6.8605,6.7105,0.0233,6.8702,before,0.1458,6.8205,46567929.0
6.9004,20161227,0.0,000005.SZE,41453.29,0.4537,6.8702,6.84,0.0087,6.8702,before,0.0,6.8702,28479255.0
6.9198,20161228,-0.01,000005.SZE,44473.95,0.4867,6.8702,6.8302,0.0131,6.8605,before,-0.1456,6.8702,30629631.0
6.84,20161229,-0.1,000005.SZE,60086.96,0.6576,6.8605,6.7504,0.0131,6.7601,before,-1.4577,6.84,40730538.0
6.8,20161230,0.0,000005.SZE,35538.29,0.3889,6.7601,6.7504,0.0074,6.7601,before,0.0,6.7698,24052754.0
6.84,20170103,0.07,000005.SZE,37043.68,0.3894,6.7601,6.7601,0.0118,6.8302,before,1.0355,6.7601,25240360.0
7.1205,20170104,0.18,000005.SZE,133853.38,1.4072,6.8302,6.8,0.0469,7.0104,before,2.6354,6.8302,93712359.0
7.0396,20170105,-0.04,000005.SZE,94253.1,0.9909,7.0104,6.9004,0.02,6.9705,before,-0.5706,6.9802,65689303.0
7.1302,20170106,0.06,000005.SZE,121800.06,1.2805,6.9705,6.9295,0.0287,7.0299,before,0.8608,6.9597,86007812.0
7.1097,20170109,0.04,000005.SZE,96037.39,1.0096,7.0299,6.95,0.0228,7.0698,before,0.569,6.9597,67641091.0
7.0795,20170110,-0.06,000005.SZE,50224.53,0.528,7.0698,7.0104,0.0099,7.0104,before,-0.8487,7.0698,35325473.0
7.0104,20170111,-0.15,000005.SZE,54593.5,0.5739,7.0104,6.8605,0.0214,6.8605,before,-2.1398,7.0104,37846269.0
6.8799,20170112,-0.07,000005.SZE,60468.66,0.6357,6.8605,6.7698,0.016,6.7903,before,-1.0204,6.8205,41263114.0
6.8205,20170113,-0.11,000005.SZE,63165.25,0.664,6.7903,6.6803,0.0206,6.6803,before,-1.62,6.7903,42501202.0
6.7202,20170116,-0.24,000005.SZE,73396.89,0.7716,6.6803,6.13,0.0883,6.4396,before,-3.5928,6.7105,47816484.0
6.5195,20170117,0.04,000005.SZE,53327.74,0.5606,6.4396,6.3004,0.0342,6.4796,before,0.6211,6.4202,34320695.0
6.9802,20170118,0.07,000005.SZE,141735.87,1.49,6.4796,6.5303,0.0694,6.5497,before,1.0802,6.5702,94645577.0
6.5799,20170119,-0.11,000005.SZE,70726.86,0.7435,6.5497,6.4202,0.0244,6.4396,before,-1.6794,6.4504,45719428.0
6.54,20170120,0.06,000005.SZE,82496.06,0.8673,6.4396,6.4504,0.013999999999999999,6.5001,before,0.9317,6.5001,53619927.0
6.5702,20170123,0.03,000005.SZE,63451.9,0.6671,6.5001,6.4904,0.0123,6.5303,before,0.4615,6.5098,41404927.0
6.54,20170124,-0.02,000005.SZE,43626.69,0.4586,6.5303,6.5001,0.0061,6.5098,before,-0.3063,6.54,28438008.0
6.5303,20170125,0.01,000005.SZE,55484.18,0.5833,6.5098,6.4698,0.0092,6.5195,before,0.1536,6.5195,36072871.0
6.5605,20170126,0.04,000005.SZE,57887.34,0.6086,6.5195,6.5195,0.0061,6.5605,before,0.6135,6.5303,37848098.0
6.5702,20170203,-0.03,000005.SZE,35172.53,0.3698,6.5605,6.5001,0.0107,6.5303,before,-0.4573,6.5702,22947709.0
6.5605,20170206,0.03,000005.SZE,52572.52,0.5527,6.5303,6.4904,0.0107,6.5605,before,0.4594,6.5303,34373196.0
6.65,20170207,0.04,000005.SZE,67686.26,0.7116,6.5605,6.5195,0.0198,6.6004,before,0.6098,6.5605,44532870.0
6.6004,20170208,-0.01,000005.SZE,55419.68,0.5826,6.6004,6.5195,0.0121,6.5896,before,-0.1515,6.5799,36351405.0
6.6403,20170209,0.04,000005.SZE,74483.62,0.7829999999999999,6.5896,6.5702,0.0106,6.6295,before,0.607,6.5896,49293399.0
6.65,20170210,0.01,000005.SZE,67731.42,0.7120000000000001,6.6295,6.6101,0.006,6.6403,before,0.1508,6.65,44923704.0
6.65,20170213,-0.01,000005.SZE,131890.1,1.3865,6.6403,6.4904,0.0241,6.6295,before,-0.1506,6.6403,86630164.0
6.6004,20170214,-0.05,000005.SZE,62242.0,0.6543,6.6295,6.5497,0.0075,6.5799,before,-0.7541,6.5799,40903849.0
6.6295,20170215,0.0,000005.SZE,92109.22,0.9683,6.5799,6.54,0.0137,6.5799,before,0.0,6.5799,60639278.0
6.5896,20170216,-0.01,000005.SZE,82147.67,0.8636,6.5799,6.5195,0.0106,6.5702,before,-0.152,6.5702,53840148.0
6.6803,20170217,0.02,000005.SZE,101635.69,1.0685,6.5702,6.54,0.0213,6.5896,before,0.3044,6.5702,67089607.0
6.6295,20170220,0.02,000005.SZE,79870.02,0.8397,6.5896,6.5497,0.0121,6.6101,before,0.3035,6.5896,52586067.0
6.6598,20170221,0.05,000005.SZE,106722.46,1.122,6.6101,6.5799,0.0121,6.6598,before,0.7564,6.6198,70659380.0
6.6598,20170222,-0.04,000005.SZE,109890.31,1.1553,6.6598,6.5702,0.0135,6.6198,before,-0.6006,6.6598,72686319.0
6.6198,20170223,-0.03,000005.SZE,100468.55,1.0562,6.6198,6.5497,0.0106,6.5896,before,-0.4532,6.6101,66092744.0
6.6403,20170224,0.04,000005.SZE,93040.49,0.9781,6.5896,6.5497,0.0137,6.6295,before,0.607,6.5605,61409237.0
6.6295,20170227,-0.05,000005.SZE,65459.29,0.6882,6.6295,6.5497,0.0121,6.5799,before,-0.7541,6.6198,43111446.0
6.5896,20170228,-0.02,000005.SZE,66156.22,0.6955,6.5799,6.5303,0.0091,6.5605,before,-0.304,6.5702,43388881.0
6.5702,20170301,0.01,000005.SZE,71091.52,0.7474,6.5605,6.5195,0.0076,6.5702,before,0.1524,6.5605,46544950.0
6.5799,20170302,-0.08,000005.SZE,100462.57,1.0561,6.5702,6.4796,0.0152,6.4904,before,-1.2177,6.5702,65447889.0
6.6803,20170303,0.12,000005.SZE,239218.74,2.5149,6.4904,6.4396,0.037000000000000005,6.6101,before,1.849,6.4796,157581320.0
6.8605,20170306,0.13,000005.SZE,253324.37,2.6631,6.6101,6.5605,0.0454,6.7396,before,1.9667,6.6004,170226524.0
6.7202,20170307,-0.07,000005.SZE,155670.51,1.6365,6.7396,6.6295,0.0134,6.6695,before,-1.0386,6.6997,103676600.0
6.7795,20170308,0.05,000005.SZE,188403.04,1.9806,6.6695,6.6198,0.024,6.7202,before,0.7496,6.6598,126355951.0
6.7299,20170309,-0.04,000005.SZE,120680.32,1.2687,6.7202,6.6198,0.0164,6.6803,before,-0.5952,6.7202,80443732.0
6.7202,20170310,-0.04,000005.SZE,124747.1,1.3114,6.6803,6.6403,0.012,6.6403,before,-0.5988,6.6403,83308642.0
6.69,20170313,-0.01,000005.SZE,151309.53,1.5907,6.6403,6.5098,0.0271,6.6295,before,-0.1506,6.6198,99983142.0
6.6803,20170314,-0.05,000005.SZE,113972.11,1.1982,6.6295,6.5605,0.0181,6.5799,before,-0.7541,6.6403,75521808.0
6.5702,20170315,-0.04,000005.SZE,72372.68,0.7608,6.5799,6.5195,0.0076,6.54,before,-0.6079,6.5702,47343078.0
6.6004,20170316,0.05,000005.SZE,79423.16,0.835,6.54,6.5497,0.0076,6.5896,before,0.7645,6.5605,52235300.0
6.6198,20170317,-0.04,000005.SZE,90575.55,0.9522,6.5896,6.5303,0.0137,6.5497,before,-0.607,6.5896,59599125.0
6.5497,20170320,-0.04,000005.SZE,102493.4,1.0775,6.5497,6.4504,0.0153,6.5098,before,-0.6107,6.5497,66498260.0
6.7396,20170321,0.13,000005.SZE,200539.25,2.1082,6.5098,6.5303,0.0323,6.6403,before,1.9969,6.5303,133301001.0
6.6004,20170322,-0.09,000005.SZE,88452.37,0.9299,6.6403,6.5303,0.0105,6.5497,before,-1.3554,6.6004,57920432.0
6.5799,20170323,-0.04,000005.SZE,74738.87,0.7857,6.5497,6.4698,0.0168,6.5098,before,-0.6107,6.5497,48797401.0
6.5303,20170324,0.02,000005.SZE,52195.62,0.5487,6.5098,6.4698,0.0092,6.5303,before,0.3072,6.5195,33922268.0
6.5303,20170327,-0.05,000005.SZE,62514.65,0.6572,6.5303,6.4698,0.0092,6.4796,before,-0.7657,6.5303,40544961.0
6.4904,20170328,-0.06,000005.SZE,67821.61,0.713,6.4796,6.4105,0.0123,6.4202,before,-0.9259,6.4796,43712037.0
6.4299,20170329,-0.03,000005.SZE,92398.03,0.9714,6.4202,6.3404,0.013999999999999999,6.39,before,-0.4673,6.4202,58896112.0
6.3803,20170330,-0.16,000005.SZE,133115.74,1.3994,6.39,6.1796,0.0313,6.2303,before,-2.5039,6.3598,83174709.0
6.2702,20170331,0.03,000005.SZE,60566.41,0.6367,6.2303,6.2195,0.008,6.2605,before,0.4815,6.2303,37817245.0
6.3803,20170405,0.1,000005.SZE,82154.17,0.8637,6.2605,6.2497,0.0208,6.3598,before,1.5974,6.2605,52057259.0
6.39,20170406,0.01,000005.SZE,80408.59,0.8453,6.3598,6.3199,0.011000000000000001,6.3695,before,0.1572,6.3404,51041815.0
6.4904,20170407,0.03,000005.SZE,99140.99,1.0422,6.3695,6.3199,0.0267,6.3997,before,0.47100000000000003,6.3501,63414711.0
6.3803,20170410,-0.1,000005.SZE,78172.6,0.8218,6.3997,6.2799,0.0156,6.3004,before,-1.5625,6.3404,49379316.0
6.65,20170411,0.28,000005.SZE,243695.1,2.5619,6.3004,6.2605,0.0619,6.5799,before,4.4444,6.3102,157523591.0
7.0504,20170412,0.14,000005.SZE,547546.1,5.7562,6.5799,6.6997,0.0532,6.7202,before,2.1277,6.84,373756130.0
6.7698,20170413,-0.08,000005.SZE,250804.51,2.6367,6.7202,6.5001,0.0402,6.6403,before,-1.1905,6.6803,165612670.0
6.6295,20170414,-0.19,000005.SZE,157298.65,1.6536,6.6403,6.4504,0.0271,6.4504,before,-2.8614,6.5799,102474581.0
6.4299,20170417,-0.09,000005.SZE,108834.23,1.1442,6.4504,6.3004,0.0202,6.3598,before,-1.3953,6.4105,69118658.0
6.3803,20170418,-0.05,000005.SZE,63609.52,0.6687,6.3598,6.3004,0.0126,6.3102,before,-0.7862,6.3695,40364929.0
6.2897,20170419,-0.12,000005.SZE,102802.58,1.0807,6.3102,6.0997,0.0301,6.1904,before,-1.9017,6.2897,63593725.0
6.2303,20170420,-0.03,000005.SZE,65843.95,0.6922,6.1904,6.0997,0.021,6.1602,before,-0.4847,6.1904,40602927.0
6.2001,20170421,0.03,000005.SZE,40961.27,0.4306,6.1602,6.13,0.0114,6.1904,before,0.48700000000000004,6.1602,25266425.0
6.1904,20170424,-0.18,000005.SZE,81684.16,0.8587,6.1904,5.9195,0.0436,6.0102,before,-2.9079,6.1904,48983093.0
6.0695,20170425,-0.06,000005.SZE,46690.17,0.4908,6.0102,5.9303,0.0233,5.9498,before,-0.9983,6.0102,28070208.0
6.0102,20170426,0.0,000005.SZE,43185.61,0.45399999999999996,5.9498,5.9303,0.0134,5.9498,before,0.0,5.9703,25771884.0
5.9498,20170427,-0.15,000005.SZE,124064.87,1.3043,5.9498,5.5203,0.0723,5.7998,before,-2.521,5.94,70908607.0
5.8397,20170428,0.02,000005.SZE,49846.99,0.524,5.7998,5.7102,0.0224,5.8203,before,0.3448,5.7998,28872765.0
5.83,20170502,-0.1,000005.SZE,49269.1,0.518,5.8203,5.7005,0.0223,5.7199,before,-1.7182,5.83,28325058.0
5.8505,20170503,0.06,000005.SZE,65209.75,0.6855,5.7199,5.6897,0.027999999999999997,5.7804,before,1.0490000000000002,5.7404,37689686.0
5.83,20170504,0.0,000005.SZE,52930.01,0.5564,5.7804,5.7404,0.0156,5.7804,before,0.0,5.7998,30690456.0
5.7696,20170505,-0.15,000005.SZE,56094.1,0.5897,5.7804,5.6099,0.0277,5.6304,before,-2.5952,5.7696,31864793.0
5.6703,20170508,-0.16,000005.SZE,57271.77,0.6021,5.6304,5.4502,0.0391,5.4696,before,-2.8419,5.6498,31702329.0
5.5203,20170509,0.01,000005.SZE,47964.45,0.5042,5.4696,5.3595,0.0293,5.4804,before,0.1828,5.4297,26071663.0
5.5095,20170510,-0.21,000005.SZE,54374.44,0.5716,5.4804,5.27,0.0438,5.27,before,-3.8321,5.4696,29387457.0
5.2603,20170511,-0.12,000005.SZE,97612.0,1.0262,5.27,5.0002,0.0493,5.1502,before,-2.2769999999999997,5.2603,49865303.0
5.2603,20170512,0.07,000005.SZE,82791.46,0.8704,5.1502,5.0304,0.0447,5.2203,before,1.3592,5.1599,42614836.0
5.23,20170515,-0.07,000005.SZE,37869.06,0.3981,5.2203,5.1405,0.0172,5.1502,before,-1.341,5.1998,19620254.0
5.3099,20170516,0.14,000005.SZE,83298.33,0.8757,5.1502,5.0596,0.0485,5.2905,before,2.7184,5.1599,43305294.0
5.3401,20170517,0.03,000005.SZE,58040.01,0.6102,5.2905,5.23,0.0208,5.3196,before,0.5671,5.2603,30758803.0
5.3002,20170518,-0.09,000005.SZE,39765.44,0.418,5.3196,5.2203,0.015,5.23,before,-1.6917,5.2603,20911660.0
5.2797,20170519,0.02,000005.SZE,35019.45,0.3682,5.23,5.2203,0.0115,5.2495,before,0.3824,5.23,18419534.0
5.2495,20170522,-0.17,000005.SZE,47401.0,0.4983,5.2495,5.0596,0.0362,5.0801,before,-3.2381,5.2495,24370868.0
5.5397,20170523,0.12,000005.SZE,162978.31,1.7134,5.0801,5.0498,0.0965,5.1998,before,2.3622,5.0704,86221423.0
5.1502,20170524,-0.11,000005.SZE,86042.32,0.9045,5.1998,4.82,0.0635,5.0898,before,-2.1154,5.1502,43141103.0
5.3002,20170525,0.19,000005.SZE,93725.18,0.9853,5.0898,5.0304,0.053,5.2797,before,3.7328,5.0596,48275855.0
5.2797,20170526,-0.1,000005.SZE,47041.0,0.4945,5.2797,5.1696,0.0208,5.1804,before,-1.8939,5.2398,24546443.0
5.2905,20170531,0.02,000005.SZE,38004.0,0.3995,5.1804,5.1998,0.0174,5.1998,before,0.3861,5.2203,19914798.0
5.2203,20170601,-0.12,000005.SZE,38562.97,0.4054,5.1998,5.0801,0.0269,5.0801,before,-2.3077,5.2203,19750257.0
5.1297,20170602,0.03,000005.SZE,31511.0,0.3313,5.0801,5.0304,0.0197,5.1103,before,0.5906,5.0898,16018404.0
5.1502,20170605,0.0,000005.SZE,31457.0,0.3307,5.1103,5.0898,0.0117,5.1103,before,0.0,5.12,16118580.0
5.1804,20170606,0.03,000005.SZE,28986.71,0.3047,5.1103,5.0898,0.0176,5.1405,before,0.5871,5.0995,14872322.0
5.4005,20170607,0.14,000005.SZE,99245.33,1.0433,5.1405,5.1297,0.0525,5.2797,before,2.7237,5.1502,52378026.0
5.3498,20170608,0.0,000005.SZE,71044.01,0.7469,5.2797,5.2398,0.0208,5.2797,before,0.0,5.2797,37633939.0
5.3401,20170609,0.02,000005.SZE,68483.52,0.72,5.2797,5.23,0.0208,5.3002,before,0.3788,5.3002,36194750.0
5.2797,20170612,-0.16,000005.SZE,60273.95,0.6336,5.3002,5.1297,0.0283,5.1405,before,-3.0189,5.2398,31406076.0
5.27,20170613,0.12,000005.SZE,55737.86,0.586,5.1405,5.1103,0.0311,5.2603,before,2.3346,5.12,28984235.0
5.2905,20170614,-0.05,000005.SZE,49581.91,0.5212,5.2603,5.1998,0.0171,5.2095,before,-0.9506,5.2905,25937082.0
5.3498,20170615,0.09,000005.SZE,74598.33,0.7842,5.2095,5.1998,0.0288,5.3002,before,1.7274,5.2203,39406815.0
5.3401,20170616,0.03,000005.SZE,62632.05,0.6584,5.3002,5.2797,0.0113,5.3304,before,0.5660000000000001,5.2905,33288812.0
5.4901,20170619,0.12,000005.SZE,166752.48,1.7530000000000001,5.3304,5.3196,0.0319,5.4502,before,2.2514,5.3304,90385260.0
5.5397,20170620,0.0,000005.SZE,119220.76,1.2533,5.4502,5.3498,0.0349,5.4502,before,0.0,5.4102,64828849.0
5.4599,20170621,-0.07,000005.SZE,75313.1,0.7918,5.4502,5.3401,0.022000000000000002,5.38,before,-1.2844,5.4599,40477073.0
5.5095,20170622,-0.05,000005.SZE,112214.21,1.1797,5.38,5.3304,0.0335,5.3304,before,-0.9294,5.3897,60809205.0
5.3304,20170623,-0.06,000005.SZE,70122.69,0.7372,5.3304,5.1901,0.0263,5.27,before,-1.1257,5.27,36826298.0
5.3196,20170626,0.04,000005.SZE,51338.03,0.5397,5.27,5.2398,0.0152,5.3099,before,0.759,5.2797,27127093.0
5.3304,20170627,-0.03,000005.SZE,42828.08,0.4502,5.3099,5.2603,0.0132,5.2797,before,-0.565,5.3099,22694317.0
5.2797,20170628,-0.05,000005.SZE,39284.3,0.413,5.2797,5.2095,0.0133,5.23,before,-0.9470000000000001,5.2797,20551225.0
5.3002,20170629,0.02,000005.SZE,29376.68,0.3088,5.23,5.2095,0.0172,5.2495,before,0.3824,5.2203,15456264.0
5.2797,20170630,-0.01,000005.SZE,25352.77,0.2665,5.2495,5.2203,0.0114,5.2398,before,-0.1905,5.2495,13314444.0
5.27,20170703,0.02,000005.SZE,32835.97,0.3452,5.2398,5.23,0.0076,5.2603,before,0.3817,5.2495,17234450.0
5.27,20170704,-0.09,000005.SZE,80338.77,0.8446,5.2603,5.1599,0.0209,5.1696,before,-1.7109999999999999,5.2603,41800038.0
5.23,20170705,0.04,000005.SZE,43677.99,0.4592,5.1696,5.1599,0.0135,5.2095,before,0.7737,5.1804,22683313.0
5.2203,20170706,-0.03,000005.SZE,54267.6,0.5705,5.2095,5.1696,0.0096,5.1804,before,-0.5758,5.2095,28166984.0
5.2095,20170707,0.01,000005.SZE,45874.26,0.4823,5.1804,5.1502,0.0116,5.1901,before,0.1931,5.1696,23780531.0
5.2203,20170710,0.03,000005.SZE,59421.53,0.6247,5.1901,5.1696,0.0096,5.2203,before,0.578,5.1998,30926681.0
5.4005,20170711,0.05,000005.SZE,148207.16,1.5581,5.2203,5.1901,0.0402,5.27,before,0.9579,5.2203,78148105.0
5.23,20170712,-0.13,000005.SZE,109357.0,1.1496,5.27,5.0801,0.0285,5.1405,before,-2.4668,5.1901,56199505.0
5.1599,20170713,0.01,000005.SZE,46632.57,0.4902,5.1405,5.1103,0.0097,5.1502,before,0.1946,5.1405,23957538.0
5.1502,20170714,-0.06,000005.SZE,52644.77,0.5534,5.1502,5.0704,0.0155,5.0898,before,-1.165,5.1502,26830726.0
5.0498,20170717,-0.36,000005.SZE,111909.33,1.1765,5.0898,4.7197,0.0648,4.7305,before,-7.0727,5.0401,54614227.0
4.82,20170718,0.08,000005.SZE,46282.24,0.4866,4.7305,4.7197,0.0211,4.8103,before,1.6913,4.7402,22091603.0
4.8804,20170719,0.07,000005.SZE,44493.36,0.4677,4.8103,4.7704,0.0229,4.8804,before,1.4553,4.8103,21507849.0
4.9603,20170720,0.04,000005.SZE,49759.11,0.5231,4.8804,4.8804,0.0164,4.9204,before,0.8197,4.8804,24525273.0
4.9603,20170721,-0.01,000005.SZE,36498.0,0.3837,4.9204,4.8999,0.0122,4.9096,before,-0.2033,4.9603,17943631.0
4.9398,20170724,0.01,000005.SZE,29511.9,0.3103,4.9096,4.8999,0.0081,4.9204,before,0.2037,4.9398,14515842.0
4.9301,20170725,-0.06,000005.SZE,34170.52,0.3592,4.9204,4.8405,0.0183,4.8599,before,-1.2195,4.9301,16663863.0
5.0596,20170726,0.08,000005.SZE,87888.06,0.9239,4.8599,4.8103,0.0514,4.9398,before,1.6461,4.8599,43397775.0
4.9603,20170727,0.01,000005.SZE,75032.14,0.7888,4.9398,4.7995,0.0324,4.9495,before,0.2024,4.8999,36702330.0
4.9495,20170728,-0.02,000005.SZE,38456.59,0.4043,4.9495,4.8999,0.0101,4.9301,before,-0.40399999999999997,4.9398,18934732.0
4.9398,20170731,0.01,000005.SZE,38528.16,0.405,4.9301,4.8902,0.0101,4.9398,before,0.2028,4.9301,18950837.0
5.0196,20170801,0.02,000005.SZE,73435.6,0.772,4.9398,4.9096,0.0223,4.9603,before,0.4049,4.9301,36400776.0
5.0401,20170802,-0.03,000005.SZE,63133.0,0.6637,4.9603,4.9204,0.0242,4.9301,before,-0.6048,4.9495,31386543.0
4.97,20170803,0.01,000005.SZE,54536.1,0.5733,4.9301,4.9096,0.0122,4.9398,before,0.2028,4.9301,26896261.0
4.9398,20170804,-0.04,000005.SZE,51589.0,0.5423,4.9398,4.8902,0.0101,4.8999,before,-0.8097,4.9301,25379066.0
4.9301,20170807,-0.01,000005.SZE,34670.31,0.3645,4.8999,4.8804,0.0102,4.8902,before,-0.2041,4.8999,16978190.0
4.9096,20170808,-0.01,000005.SZE,36956.47,0.3885,4.8902,4.8697,0.0082,4.8804,before,-0.2045,4.8902,18050527.0
4.8999,20170809,0.0,000005.SZE,33257.63,0.3496,4.8804,4.8599,0.0082,4.8804,before,0.0,4.8902,16219370.0
4.8999,20170810,-0.05,000005.SZE,48505.31,0.5099,4.8804,4.7995,0.0205,4.8297,before,-1.0246,4.8902,23516202.0
4.8297,20170811,-0.07,000005.SZE,55722.97,0.5858,4.8297,4.7499,0.0166,4.7596,before,-1.4493,4.82,26642257.0
4.8405,20170814,0.04,000005.SZE,46641.16,0.4903,4.7596,4.7499,0.0189,4.7995,before,0.8403,4.7499,22397168.0
4.8297,20170815,0.01,000005.SZE,40159.28,0.4222,4.7995,4.7801,0.0104,4.8103,before,0.2083,4.7995,19278328.0
4.8405,20170816,0.01,000005.SZE,42034.03,0.4419,4.8103,4.7596,0.0166,4.82,before,0.2079,4.8103,20192769.0
4.8697,20170817,0.04,000005.SZE,58917.47,0.6194,4.82,4.8103,0.0124,4.8599,before,0.8299,4.8297,28573983.0
4.8804,20170818,0.01,000005.SZE,51924.27,0.5459,4.8599,4.7995,0.0165,4.8697,before,0.2058,4.8405,25199607.0
4.8999,20170821,0.02,000005.SZE,58059.12,0.6104,4.8697,4.8502,0.0103,4.8902,before,0.4107,4.8599,28335027.0
4.8902,20170822,-0.06,000005.SZE,47945.4,0.504,4.8902,4.82,0.0143,4.8297,before,-1.227,4.8902,23251834.0
4.8502,20170823,-0.02,000005.SZE,37169.5,0.3908,4.8297,4.7898,0.0124,4.8103,before,-0.4141,4.8297,17898158.0
5.0498,20170824,0.06,000005.SZE,157380.48,1.6545,4.8103,4.8405,0.0437,4.8697,before,1.2474,4.8405,77431118.0
4.8697,20170825,0.0,000005.SZE,88463.24,0.93,4.8697,4.7596,0.0226,4.8697,before,0.0,4.8103,42712541.0
4.8902,20170828,0.01,000005.SZE,90392.45,0.9503,4.8697,4.8297,0.0123,4.8804,before,0.2053,4.8599,43999067.0
4.9096,20170829,0.01,000005.SZE,70120.84,0.7372,4.8804,4.8599,0.0102,4.8902,before,0.2049,4.8804,34199328.0
4.9495,20170830,0.0,000005.SZE,88334.24,0.9286,4.8902,4.8804,0.0143,4.8902,before,0.0,4.9204,43351454.0
4.9096,20170831,0.0,000005.SZE,51920.09,0.5458,4.8902,4.8502,0.0123,4.8902,before,0.0,4.8902,25307564.0
4.8902,20170901,-0.02,000005.SZE,45271.9,0.4759,4.8902,4.8502,0.0082,4.8697,before,-0.409,4.8902,22041540.0
4.8902,20170904,-0.01,000005.SZE,58185.25,0.6117,4.8697,4.8502,0.0082,4.8599,before,-0.2053,4.8697,28309413.0
4.8804,20170905,0.01,000005.SZE,75551.33,0.7943,4.8599,4.8502,0.0062,4.8697,before,0.2058,4.8599,36771723.0
4.9096,20170906,0.03,000005.SZE,83135.19,0.8740000000000001,4.8697,4.8405,0.0144,4.8999,before,0.616,4.8599,40548521.0
4.9398,20170907,0.0,000005.SZE,97443.51,1.0244,4.8999,4.8804,0.0122,4.8999,before,0.0,4.8999,47902551.0
5.3897,20170908,0.49,000005.SZE,645502.48,6.7860000000000005,4.8999,4.8697,0.1061,5.3897,before,10.0,4.8902,341228113.0
5.7005,20170911,0.14,000005.SZE,752149.06,7.9072,5.3897,5.3498,0.0649,5.53,before,2.5974,5.4502,415771263.0
5.7501,20170912,-0.2,000005.SZE,715830.35,7.5254,5.53,5.3002,0.0814,5.3304,before,-3.6166,5.4804,397698375.0
5.38,20170913,-0.08,000005.SZE,298810.89,3.1413,5.3304,5.23,0.0281,5.2495,before,-1.5009,5.23,157362394.0
5.3401,20170914,-0.05,000005.SZE,210313.41,2.211,5.2495,5.1696,0.0324,5.1998,before,-0.9524,5.2495,110214263.0
5.3002,20170915,0.03,000005.SZE,182670.59,1.9204,5.1998,5.1804,0.0231,5.23,before,0.5769,5.1804,95627079.0
5.2905,20170918,0.02,000005.SZE,140114.2,1.473,5.23,5.1804,0.021,5.2495,before,0.3824,5.2095,73439277.0
5.4696,20170919,0.09,000005.SZE,279301.44,2.9362,5.2495,5.2095,0.0495,5.3401,before,1.7143,5.2495,149529319.0
5.3304,20170920,-0.05,000005.SZE,153149.04,1.61,5.3401,5.2203,0.0206,5.2905,before,-0.9363,5.3002,80640815.0
5.2905,20170921,-0.13,000005.SZE,134269.0,1.4115,5.2905,5.1599,0.0246,5.1599,before,-2.4575,5.2905,69867578.0
5.1998,20170922,-0.04,000005.SZE,85135.07,0.895,5.1599,5.0995,0.0194,5.12,before,-0.7752,5.1998,43783865.0
5.0898,20170925,-0.07,000005.SZE,92891.75,0.9766,5.12,5.0304,0.0117,5.0498,before,-1.3672,5.0898,46954303.0
5.0596,20170926,-0.01,000005.SZE,59866.43,0.6294,5.0498,5.0002,0.0119,5.0401,before,-0.198,5.0498,30145770.0
5.0995,20170927,0.05,000005.SZE,63034.57,0.6627,5.0401,5.0304,0.0139,5.0898,before,0.9921,5.0304,32006496.0
5.0898,20170928,-0.08,000005.SZE,64555.93,0.6787,5.0898,5.0002,0.0177,5.0099,before,-1.5717,5.0898,32490160.0
5.0801,20170929,0.04,000005.SZE,55655.94,0.5851,5.0099,5.0099,0.013999999999999999,5.0498,before,0.7984,5.0099,28048688.0
5.12,20171009,0.03,000005.SZE,69803.23,0.7338,5.0498,5.0596,0.0119,5.0801,before,0.5941,5.0801,35525751.0
5.12,20171010,0.02,000005.SZE,98293.8,1.0333,5.0801,5.0401,0.0157,5.0995,before,0.3937,5.0801,49876837.0
5.1599,20171011,0.06,000005.SZE,105574.18,1.1099,5.0995,5.0801,0.0157,5.1599,before,1.1765,5.1103,53982932.0
5.1901,20171012,-0.08,000005.SZE,91924.97,0.9664,5.1599,5.0596,0.0252,5.0801,before,-1.5504,5.1599,47015303.0
5.2603,20171013,0.12,000005.SZE,141959.05,1.4924,5.0801,5.0401,0.0433,5.1998,before,2.3622,5.0801,73244630.0
5.1599,20171016,-0.16,000005.SZE,128339.37,1.3492,5.1998,5.0304,0.025,5.0401,before,-3.0769,5.1502,65246668.0
5.0704,20171017,-0.01,000005.SZE,39928.23,0.4198,5.0401,5.0099,0.0119,5.0304,before,-0.1984,5.0196,20126521.0
5.0596,20171018,-0.12,000005.SZE,80203.24,0.8432,5.0304,4.9096,0.0298,4.9096,before,-2.3857,5.0304,40098165.0
4.9495,20171019,-0.07,000005.SZE,69482.61,0.7305,4.9096,4.8297,0.0244,4.8405,before,-1.4257,4.9096,33847185.0
4.8999,20171020,0.06,000005.SZE,53273.88,0.5601,4.8405,4.8297,0.0145,4.8999,before,1.2397,4.8405,25963729.0
4.9797,20171023,0.04,000005.SZE,49066.31,0.5158,4.8999,4.8999,0.0163,4.9398,before,0.8163,4.8999,24233020.0
4.9398,20171024,-0.06,000005.SZE,58236.66,0.6122,4.9398,4.8405,0.0202,4.8804,before,-1.2146,4.9398,28417451.0
4.9096,20171025,0.02,000005.SZE,39895.0,0.4194,4.8804,4.8502,0.0123,4.8999,before,0.4098,4.8902,19504562.0
4.9096,20171026,0.01,000005.SZE,49247.19,0.5177,4.8999,4.8697,0.0082,4.9096,before,0.2041,4.8999,24076366.0
4.9096,20171027,-0.05,000005.SZE,40196.92,0.4226,4.9096,4.8599,0.0102,4.8599,before,-1.0183,4.8902,19600214.0
4.8804,20171030,-0.14,000005.SZE,74550.0,0.7837,4.8599,4.7002,0.037000000000000005,4.7197,before,-2.8807,4.8697,35413669.0
4.7596,20171031,0.01,000005.SZE,42266.32,0.4443,4.7197,4.6603,0.0212,4.7305,before,0.2119,4.6603,19910806.0
4.7305,20171101,-0.05,000005.SZE,55028.07,0.5785,4.7305,4.67,0.0127,4.6797,before,-1.0571,4.7305,25848581.0
4.7002,20171102,-0.06,000005.SZE,64776.1,0.6809999999999999,4.6797,4.5999,0.0214,4.6204,before,-1.2821,4.7002,29943316.0
4.6301,20171103,-0.07,000005.SZE,55793.03,0.5865,4.6204,4.52,0.0238,4.5503,before,-1.5152,4.6204,25432131.0
4.56,20171106,0.01,000005.SZE,30162.03,0.3171,4.5503,4.4995,0.0132,4.56,before,0.2198,4.5503,13660686.0
4.6495,20171107,0.07,000005.SZE,54876.04,0.5769,4.56,4.52,0.0285,4.6301,before,1.5351,4.56,25114376.0
4.6301,20171108,-0.02,000005.SZE,40519.4,0.426,4.6301,4.5902,0.0086,4.6096,before,-0.43200000000000005,4.6301,18682675.0
4.6603,20171109,0.04,000005.SZE,44863.05,0.4716,4.6096,4.5902,0.0152,4.6495,before,0.8677,4.6096,20773699.0
4.6495,20171110,-0.01,000005.SZE,47488.0,0.4992,4.6495,4.5902,0.0129,4.6398,before,-0.2151,4.6398,21929448.0
4.6603,20171113,-0.01,000005.SZE,44918.17,0.4722,4.6398,4.5999,0.0129,4.6301,before,-0.2155,4.6398,20771324.0
4.6603,20171114,0.03,000005.SZE,58436.42,0.6143,4.6301,4.52,0.0302,4.6603,before,0.6479,4.6096,26839742.0
4.6495,20171115,-0.02,000005.SZE,41072.15,0.4318,4.6603,4.5697,0.0172,4.6398,before,-0.4292,4.6398,18925862.0
4.6495,20171116,0.0,000005.SZE,44997.96,0.4731,4.6398,4.5805,0.0151,4.6398,before,0.0,4.6096,20784960.0
4.6301,20171117,-0.05,000005.SZE,65439.06,0.6879,4.6398,4.4596,0.0366,4.5902,before,-1.0776,4.6301,29739586.0
4.5395,20171120,-0.09,000005.SZE,41511.11,0.4364,4.5902,4.3604,0.0392,4.4995,before,-1.9608,4.4995,18505553.0
4.52,20171121,-0.03,000005.SZE,24833.49,0.2611,4.4995,4.4596,0.0133,4.4704,before,-0.6667,4.4704,11133892.0
4.4898,20171122,-0.08,000005.SZE,47315.56,0.4974,4.4704,4.3604,0.0291,4.3895,before,-1.7897,4.4596,20934112.0
4.3701,20171123,-0.17,000005.SZE,70238.87,0.7384,4.3895,4.2201,0.0342,4.2201,before,-3.8724,4.3701,30030914.0
4.2298,20171124,-0.01,000005.SZE,33993.88,0.3574,4.2201,4.1802,0.0118,4.2104,before,-0.237,4.2201,14287561.0
4.2298,20171127,-0.03,000005.SZE,30141.0,0.3169,4.2104,4.1704,0.0143,4.1802,before,-0.7126,4.2298,12635030.0
4.2395,20171128,0.05,000005.SZE,33942.53,0.3568,4.1802,4.1802,0.0144,4.2298,before,1.1962,4.1899,14315436.0
4.2805,20171129,0.01,000005.SZE,35443.01,0.3726,4.2298,4.1899,0.0213,4.2395,before,0.2364,4.2298,14987760.0
4.2503,20171130,-0.04,000005.SZE,25756.0,0.2708,4.2395,4.1996,0.0118,4.1996,before,-0.9434,4.2395,10876011.0
4.2395,20171201,0.02,000005.SZE,23653.48,0.2487,4.1996,4.1996,0.0095,4.2201,before,0.4762,4.1996,9980654.0
4.2395,20171204,-0.05,000005.SZE,34317.34,0.3608,4.2201,4.1704,0.0166,4.1704,before,-1.1848,4.2395,14413764.0
4.1899,20171205,-0.2,000005.SZE,82009.0,0.8621,4.1704,3.96,0.0552,3.9697,before,-4.7962,4.1704,33281651.0
4.0399,20171206,0.03,000005.SZE,52186.59,0.5486,3.9697,3.9395,0.0252,4.0,before,0.7557,3.9805,20826180.0
4.0701,20171207,0.04,000005.SZE,54769.25,0.5758,4.0,3.9697,0.025,4.0399,before,1.0,4.0,22086489.0
4.1305,20171208,0.07,000005.SZE,39850.56,0.4189,4.0399,4.0205,0.0272,4.11,before,1.7327,4.0399,16250062.0
4.1704,20171211,0.06,000005.SZE,53082.04,0.5579999999999999,4.11,4.0895,0.0195,4.1704,before,1.4599,4.1003,21976393.0
4.2503,20171212,0.05,000005.SZE,70641.65,0.7426,4.1704,4.1197,0.0312,4.2201,before,1.199,4.1802,29648985.0
4.2298,20171213,-0.03,000005.SZE,25837.58,0.2716,4.2201,4.1704,0.0142,4.1899,before,-0.7109,4.2298,10837201.0
4.2697,20171214,0.04,000005.SZE,44503.32,0.4679,4.1899,4.1597,0.0263,4.2298,before,0.9547,4.1996,18837501.0
4.2201,20171215,-0.05,000005.SZE,26415.14,0.2777,4.2298,4.1597,0.0142,4.1802,before,-1.182,4.1996,11064450.0
4.2395,20171218,0.02,000005.SZE,29541.15,0.3106,4.1802,4.1305,0.0263,4.1996,before,0.4785,4.1704,12359963.0
4.2395,20171219,-0.03,000005.SZE,43643.0,0.4588,4.1996,4.1597,0.019,4.1704,before,-0.7143,4.1996,18303924.0
4.1802,20171220,-0.07,000005.SZE,25422.6,0.2673,4.1704,4.0895,0.0216,4.1003,before,-1.6787,4.1704,10505519.0
4.1899,20171221,0.06,000005.SZE,40698.05,0.4278,4.1003,4.0895,0.0244,4.1597,before,1.4634,4.1003,16859840.0
4.1899,20171222,-0.03,000005.SZE,15108.04,0.1588,4.1597,4.1197,0.0168,4.1305,before,-0.7212,4.1899,6255462.0
4.1597,20171225,-0.03,000005.SZE,22402.48,0.2355,4.1305,4.0798,0.0194,4.1003,before,-0.7264,4.1305,9230038.0
4.1003,20171226,0.0,000005.SZE,17482.95,0.1838,4.1003,4.0496,0.0122,4.1003,before,0.0,4.0798,7119329.0
4.1003,20171227,-0.04,000005.SZE,21164.6,0.2225,4.1003,4.0604,0.0098,4.0604,before,-0.9756,4.1003,8619658.0
4.1402,20171228,0.06,000005.SZE,29619.04,0.3114,4.0604,4.0701,0.0172,4.1197,before,1.4778,4.0701,12180563.0
4.1597,20171229,0.02,000005.SZE,24351.93,0.256,4.1197,4.1197,0.0097,4.1402,before,0.4854,4.1305,10078211.0
4.4995,20180102,0.18,000005.SZE,71539.34,0.7521,4.1402,4.1499,0.0845,4.3204,before,4.3478,4.1499,30529757.0
4.3496,20180103,-0.05,000005.SZE,67990.65,0.7148,4.3204,4.2201,0.0301,4.2697,before,-1.1574,4.3496,28966791.0
4.3301,20180104,0.02,000005.SZE,43809.78,0.4606,4.2697,4.2298,0.0234,4.2902,before,0.4684,4.2697,18732178.0
4.4499,20180105,0.05,000005.SZE,85226.27,0.8959999999999999,4.2902,4.26,0.0443,4.3398,before,1.1655,4.26,37286935.0
4.41,20180108,0.03,000005.SZE,68722.69,0.7225,4.3398,4.2697,0.0323,4.3701,before,0.6912,4.2902,29918817.0
4.5503,20180109,0.04,000005.SZE,107800.48,1.1333,4.3701,4.3096,0.0549,4.41,before,0.9153,4.3496,47979048.0
4.4197,20180110,-0.09,000005.SZE,57349.13,0.6029,4.41,4.2902,0.0295,4.3204,before,-2.0408,4.3895,24875966.0
4.3204,20180111,-0.03,000005.SZE,37496.56,0.3942,4.3204,4.2298,0.0208,4.2902,before,-0.6944,4.2999,16047924.0
4.4596,20180112,0.08,000005.SZE,105458.82,1.1087,4.2902,4.2395,0.0513,4.3701,before,1.8648,4.2805,46396292.0
4.3496,20180115,-0.16,000005.SZE,70138.26,0.7373,4.3701,4.1899,0.0366,4.2104,before,-3.6613,4.3496,29841778.0
4.3096,20180116,0.1,000005.SZE,56701.03,0.5961,4.2104,4.2201,0.0214,4.3096,before,2.3753,4.2201,24194763.0
4.2999,20180117,-0.07,000005.SZE,50352.27,0.5293,4.3096,4.1899,0.0255,4.2395,before,-1.6241,4.2902,21289935.0
4.2503,20180118,0.0,000005.SZE,22457.09,0.2361,4.2395,4.2104,0.0094,4.2395,before,0.0,4.2201,9510246.0
4.2697,20180119,-0.03,000005.SZE,27242.42,0.2864,4.2395,4.2104,0.0142,4.2104,before,-0.7075,4.2395,11530233.0
4.1996,20180122,-0.04,000005.SZE,51541.0,0.5418,4.2104,4.1197,0.019,4.1704,before,-0.9501,4.1996,21441784.0
4.1996,20180123,0.01,000005.SZE,24710.32,0.2598,4.1704,4.1704,0.0072,4.1802,before,0.2398,4.1802,10329222.0
4.2104,20180124,0.02,000005.SZE,27444.34,0.2885,4.1802,4.1499,0.0144,4.1996,before,0.4785,4.1996,11475932.0
4.2697,20180125,0.01,000005.SZE,40654.98,0.4274,4.1996,4.1899,0.019,4.2104,before,0.2381,4.1996,17182202.0
4.2805,20180126,0.02,000005.SZE,33938.65,0.3568,4.2104,4.1802,0.0238,4.2298,before,0.4751,4.2104,14339204.0
4.2298,20180129,-0.06,000005.SZE,27496.0,0.2891,4.2298,4.1597,0.0165,4.1704,before,-1.4184,4.2298,11526285.0
4.1802,20180130,-0.03,000005.SZE,24142.0,0.2538,4.1704,4.1402,0.0096,4.1402,before,-0.7194,4.1704,10045484.0
4.1305,20180131,-0.11,000005.SZE,47641.94,0.5008,4.1402,3.9805,0.0362,4.0302,before,-2.657,4.11,19270597.0
4.0604,20180201,-0.16,000005.SZE,67088.8,0.7053,4.0302,3.81,0.062,3.8705,before,-3.9702,4.0097,26349027.0
3.8996,20180202,-0.07,000005.SZE,37067.75,0.3897,3.8705,3.6795,0.0568,3.8003,before,-1.8088,3.8996,13978114.0
3.8802,20180205,0.02,000005.SZE,23430.0,0.2463,3.8003,3.7097,0.0447,3.8198,before,0.5263,3.7895,8862658.0
3.7798,20180206,-0.19,000005.SZE,45106.94,0.4742,3.8198,3.6298,0.0393,3.6298,before,-4.9738,3.7604,16752591.0
3.7302,20180207,0.02,000005.SZE,23340.28,0.2454,3.6298,3.5996,0.0358,3.6504,before,0.551,3.6698,8558330.0
3.7205,20180208,0.06,000005.SZE,21063.92,0.2214,3.6504,3.6298,0.0247,3.7097,before,1.6438,3.6504,7765280.0
3.6903,20180209,-0.07,000005.SZE,41587.71,0.4372,3.7097,3.55,0.0377,3.6396,before,-1.8868,3.6795,15076012.0
3.7701,20180212,0.09,000005.SZE,26343.15,0.2769,3.6396,3.6396,0.0357,3.7302,before,2.4725,3.6396,9779855.0
3.7604,20180213,-0.03,000005.SZE,27063.66,0.2845,3.7302,3.7,0.0161,3.7,before,-0.8043,3.7604,10058141.0
3.8003,20180214,0.06,000005.SZE,27044.41,0.2843,3.7,3.7,0.027000000000000003,3.7604,before,1.6216,3.7302,10149306.0
3.8003,20180222,0.02,000005.SZE,25803.84,0.2713,3.7604,3.7302,0.0186,3.7798,before,0.5319,3.7399,9729067.0
3.8003,20180223,0.0,000005.SZE,16883.0,0.1775,3.7798,3.7496,0.0132,3.7798,before,0.0,3.7701,6371155.0
3.8295,20180226,0.04,000005.SZE,28358.74,0.2981,3.7798,3.7701,0.0159,3.8198,before,1.0582,3.7798,10787183.0
3.8403,20180227,-0.02,000005.SZE,27808.85,0.2923,3.8198,3.7895,0.0131,3.8003,before,-0.5236,3.8198,10560653.0
3.85,20180228,0.02,000005.SZE,33659.82,0.3539,3.8003,3.7604,0.0237,3.8198,before,0.5263,3.7895,12836168.0
3.8403,20180301,0.01,000005.SZE,24567.65,0.2583,3.8198,3.7798,0.0157,3.8295,before,0.2618,3.8003,9386441.0
3.9201,20180302,0.02,000005.SZE,55238.49,0.5807,3.8295,3.7895,0.0339,3.85,before,0.5222,3.8198,21261919.0
3.85,20180305,-0.03,000005.SZE,27380.86,0.2878,3.85,3.8003,0.013000000000000001,3.8198,before,-0.7792,3.8403,10447827.0
3.8802,20180306,0.05,000005.SZE,49652.67,0.522,3.8198,3.7798,0.0262,3.8705,before,1.3089,3.8198,19039786.0
4.26,20180307,0.39,000005.SZE,219289.03,2.3053,3.8705,3.8403,0.1085,4.26,before,10.0775,3.8403,91032730.0
4.2395,20180308,-0.09,000005.SZE,257982.17,2.7121,4.26,4.0701,0.0399,4.1704,before,-2.1127,4.2298,106852403.0
4.1499,20180309,-0.05,000005.SZE,116398.62,1.2237,4.1704,4.0701,0.0192,4.1197,before,-1.199,4.1305,47821297.0
4.1402,20180312,0.02,000005.SZE,80902.8,0.8505,4.1197,4.1003,0.0097,4.1402,before,0.4854,4.11,33327552.0
4.1597,20180313,-0.04,000005.SZE,54945.0,0.5776,4.1402,4.1003,0.0145,4.1003,before,-0.9662,4.11,22631521.0
4.1402,20180314,0.01,000005.SZE,51439.0,0.5408,4.1003,4.0701,0.0171,4.11,before,0.2439,4.0895,21153496.0
4.0895,20180315,-0.12,000005.SZE,77174.69,0.8113,4.11,3.9298,0.0389,3.9902,before,-2.9197,4.0701,30915000.0
4.0097,20180316,-0.02,000005.SZE,43300.08,0.4552,3.9902,3.9503,0.015,3.9697,before,-0.5013,3.9805,17199676.0
4.0097,20180319,-0.02,000005.SZE,37246.0,0.3916,3.9697,3.9201,0.0227,3.9503,before,-0.5038,3.9697,14758157.0
4.0604,20180320,0.03,000005.SZE,45662.33,0.48,3.9503,3.8996,0.0405,3.9805,before,0.7595,3.8996,18102287.0
4.0496,20180321,-0.06,000005.SZE,55449.0,0.5829,3.9805,3.8802,0.0427,3.9201,before,-1.5075,3.9805,22097513.0
3.9503,20180322,0.0,000005.SZE,33036.76,0.3473,3.9201,3.8996,0.0128,3.9201,before,0.0,3.9201,12957904.0
3.8295,20180323,-0.26,000005.SZE,85848.21,0.9025,3.9201,3.5996,0.0587,3.6601,before,-6.6327,3.8003,32002328.0
3.7,20180326,0.03,000005.SZE,41155.26,0.4327,3.6601,3.5597,0.0383,3.6903,before,0.8197,3.5996,14941035.0
3.8003,20180327,0.08,000005.SZE,41156.77,0.4327,3.6903,3.7097,0.0244,3.7701,before,2.168,3.7205,15506401.0
3.9902,20180328,0.13,000005.SZE,74821.86,0.7866,3.7701,3.7097,0.0743,3.8996,before,3.4483,3.7302,28767406.0
3.9395,20180329,0.02,000005.SZE,88830.58,0.9339,3.8996,3.8003,0.0359,3.9201,before,0.5128,3.85,34462878.0
4.0302,20180330,-0.06,000005.SZE,134183.19,1.4106,3.9201,3.8003,0.0587,3.8597,before,-1.5306,4.0302,51840810.0
3.8705,20180402,-0.03,000005.SZE,76748.2,0.8068,3.8597,3.7798,0.0233,3.8295,before,-0.7772,3.8003,29393891.0
3.8403,20180403,-0.08,000005.SZE,58254.71,0.6124,3.8295,3.7399,0.0261,3.7496,before,-2.0888,3.7701,21976177.0
3.7895,20180404,0.01,000005.SZE,52877.64,0.5559,3.7496,3.7097,0.0213,3.7604,before,0.2667,3.7701,19849116.0
3.81,20180409,0.0,000005.SZE,68617.31,0.7214,3.7604,3.6504,0.0426,3.7604,before,0.0,3.7399,25472477.0
3.8003,20180410,-0.01,000005.SZE,72705.78,0.7643,3.7604,3.6903,0.0293,3.7496,before,-0.266,3.7701,27172933.0
3.7701,20180411,-0.03,000005.SZE,45850.9,0.48200000000000004,3.7496,3.7205,0.0133,3.7205,before,-0.8,3.7399,17146403.0
3.7302,20180412,-0.04,000005.SZE,59651.61,0.6271,3.7205,3.6601,0.0188,3.6795,before,-1.0753,3.7205,21998984.0
3.7205,20180413,-0.04,000005.SZE,47603.82,0.5004,3.6795,3.6396,0.0217,3.6396,before,-1.087,3.7,17455106.0
3.6698,20180416,-0.03,000005.SZE,40136.46,0.4219,3.6396,3.5996,0.0192,3.6104,before,-0.8242,3.6396,14578610.0
3.6601,20180417,-0.03,000005.SZE,40679.88,0.4277,3.6104,3.5802,0.0222,3.5802,before,-0.831,3.6201,14702156.0
3.6298,20180418,0.04,000005.SZE,40019.61,0.4207,3.5802,3.5705,0.0168,3.6201,before,1.1173,3.5996,14397588.0
3.6504,20180419,0.01,000005.SZE,49106.74,0.5162,3.6201,3.5996,0.0138,3.6298,before,0.2762,3.6201,17810284.0
3.6298,20180420,-0.11,000005.SZE,62669.0,0.6588,3.6298,3.5198,0.0303,3.5198,before,-3.0303,3.6298,22378916.0
3.5597,20180423,-0.01,000005.SZE,48998.22,0.5151,3.5198,3.5004,0.017,3.5101,before,-0.2841,3.5295,17269183.0
3.7205,20180424,0.13,000005.SZE,121739.72,1.2798,3.5101,3.5101,0.0598,3.6396,before,3.7037,3.5295,43939468.0
3.6504,20180425,0.01,000005.SZE,66330.94,0.6973,3.6396,3.5705,0.022000000000000002,3.6504,before,0.2747,3.6298,23897737.0
3.6396,20180426,-0.08,000005.SZE,43772.98,0.4602,3.6504,3.5597,0.0219,3.5705,before,-2.1918,3.6396,15721296.0
3.5996,20180427,0.01,000005.SZE,28496.95,0.2996,3.5705,3.5403,0.0168,3.5802,before,0.2801,3.5802,10162068.0
3.6201,20180502,0.03,000005.SZE,38094.42,0.4005,3.5802,3.5403,0.0223,3.6104,before,0.838,3.5802,13634877.0
3.6601,20180503,0.02,000005.SZE,44729.59,0.4702,3.6104,3.55,0.0305,3.6298,before,0.5539999999999999,3.5802,16157971.0
3.6698,20180504,0.01,000005.SZE,31968.34,0.3361,3.6298,3.6104,0.0165,3.6396,before,0.2755,3.6396,11637042.0
3.7205,20180507,0.06,000005.SZE,69764.02,0.7334,3.6396,3.6396,0.022000000000000002,3.7,before,1.6484,3.6504,25723069.0
3.7399,20180508,0.0,000005.SZE,76323.75,0.8024,3.7,3.6698,0.0189,3.7,before,0.0,3.6903,28272131.0
3.7205,20180509,-0.02,000005.SZE,55938.51,0.5881,3.7,3.6698,0.0135,3.6795,before,-0.5405,3.7,20646702.0
3.8996,20180510,0.07,000005.SZE,144262.43,1.5166,3.6795,3.6601,0.0652,3.7496,before,1.9022,3.6795,54289025.0
3.8403,20180511,0.01,000005.SZE,145897.67,1.5338,3.7496,3.6601,0.048,3.7604,before,0.2667,3.7302,54513635.0
3.7496,20180514,-0.01,000005.SZE,103128.93,1.0842,3.7604,3.6795,0.0186,3.7496,before,-0.266,3.7205,38237168.0
3.7604,20180515,-0.03,000005.SZE,84191.19,0.8851,3.7496,3.6903,0.0187,3.7205,before,-0.8,3.7604,31359165.0
3.7205,20180516,-0.02,000005.SZE,81553.54,0.8574,3.7205,3.6396,0.0215,3.7,before,-0.5376,3.7,29991286.0
3.7,20180517,-0.02,000005.SZE,47566.03,0.5001,3.7,3.6601,0.0108,3.6795,before,-0.5405,3.6698,17496896.0
3.7399,20180518,0.0,000005.SZE,62157.5,0.6534,3.6795,3.6396,0.0272,3.6795,before,0.0,3.6601,22885315.0
3.7302,20180521,0.02,000005.SZE,74093.58,0.7789,3.6795,3.6903,0.0109,3.7,before,0.5435,3.7,27481905.0
3.7097,20180522,-0.01,000005.SZE,50010.05,0.5257,3.7,3.6698,0.0108,3.6903,before,-0.2703,3.7,18436508.0
3.7205,20180523,-0.03,000005.SZE,70779.97,0.7441,3.6903,3.6504,0.019,3.6601,before,-0.813,3.6903,26065080.0
3.7399,20180524,0.0,000005.SZE,68946.38,0.7248,3.6601,3.6396,0.0273,3.6601,before,0.0,3.6698,25328483.0
3.7205,20180525,0.05,000005.SZE,89062.63,0.9363,3.6601,3.6601,0.0164,3.7097,before,1.3661,3.6795,32888139.0
3.7205,20180528,-0.03,000005.SZE,80232.19,0.8435,3.7097,3.5899,0.035,3.6795,before,-0.8086,3.7,29275645.0
3.6504,20180529,-0.08,000005.SZE,50038.0,0.526,3.6795,3.5705,0.0217,3.5996,before,-2.1739,3.6298,18063129.0
3.5802,20180530,-0.2,000005.SZE,111683.23,1.1741,3.5996,3.3698,0.0583,3.4,before,-5.5556,3.5198,38870661.0
3.4497,20180531,0.04,000005.SZE,58371.44,0.6136,3.4,3.3795,0.0206,3.4399,before,1.1765,3.4205,19975218.0
3.4604,20180601,0.0,000005.SZE,47210.54,0.4963,3.4399,3.3903,0.0203,3.4399,before,0.0,3.4205,16151548.0
3.4497,20180604,-0.04,000005.SZE,35039.0,0.3684,3.4399,3.3903,0.0174,3.4,before,-1.1628,3.4302,11945360.0
3.4205,20180605,0.02,000005.SZE,34129.31,0.3588,3.4,3.3795,0.0118,3.4205,before,0.5882,3.3903,11609376.0
3.4205,20180606,-0.03,000005.SZE,37103.46,0.3901,3.4205,3.3795,0.0117,3.3903,before,-0.8772,3.4205,12602787.0
3.4205,20180607,-0.01,000005.SZE,30717.0,0.3229,3.3903,3.3795,0.0118,3.3795,before,-0.295,3.4205,10429581.0
3.3903,20180608,-0.05,000005.SZE,41973.82,0.4413,3.3795,3.2997,0.0266,3.3299,before,-1.4793,3.3903,13988550.0
3.3299,20180611,-0.04,000005.SZE,25173.76,0.2646,3.3299,3.2802,0.015,3.29,before,-1.2012,3.3299,8319650.0
3.3105,20180612,-0.01,000005.SZE,32532.07,0.342,3.29,3.25,0.0182,3.2802,before,-0.304,3.2997,10663117.0
3.2802,20180613,-0.1,000005.SZE,58143.24,0.6112,3.2802,3.1605,0.0366,3.1799,before,-3.0488,3.2802,18628961.0
3.2004,20180614,-0.01,000005.SZE,27628.97,0.2905,3.1799,3.1497,0.0157,3.1702,before,-0.3145,3.1896,8764593.0
3.1799,20180615,-0.06,000005.SZE,47376.87,0.4981,3.1702,3.0601,0.0379,3.1098,before,-1.8927,3.1605,14754860.0
3.0903,20180619,-0.31,000005.SZE,92338.0,0.9707,3.1098,2.8001,0.0932,2.8001,before,-9.9678,3.0795,26870271.0
3.0504,20180620,0.1,000005.SZE,122650.64,1.2894,2.8001,2.7202,0.1179,2.9004,before,3.5714,2.7904,34846571.0
3.0504,20180621,0.01,000005.SZE,104626.07,1.0999,2.9004,2.9004,0.0517,2.9101,before,0.3448,2.9296,31043383.0
2.9598,20180622,0.02,000005.SZE,51628.34,0.5428,2.9101,2.8195,0.0481,2.9296,before,0.6873,2.8497,14961066.0
2.9803,20180625,0.0,000005.SZE,42160.11,0.4432,2.9296,2.9296,0.0171,2.9296,before,0.0,2.9296,12458168.0
2.9598,20180626,0.02,000005.SZE,31649.92,0.3327,2.9296,2.8799,0.0273,2.9501,before,0.6826,2.9101,9270359.0
2.9803,20180627,0.0,000005.SZE,44502.31,0.4678,2.9501,2.9198,0.0203,2.9501,before,0.0,2.9404,13095768.0
2.9501,20180628,-0.05,000005.SZE,42339.0,0.4451,2.9501,2.8799,0.0237,2.9004,before,-1.6949,2.9501,12373497.0
2.9695,20180629,0.06,000005.SZE,38378.01,0.4035,2.9004,2.9004,0.0241,2.9598,before,2.069,2.9004,11303461.0
2.9695,20180702,-0.06,000005.SZE,42485.0,0.4466,2.9598,2.8896,0.027000000000000003,2.9004,before,-2.0269999999999997,2.9695,12467476.0
2.9404,20180703,0.03,000005.SZE,29116.0,0.3061,2.9004,2.8896,0.0172,2.9296,before,1.0345,2.8896,8479587.0
2.9803,20180704,0.0,000005.SZE,43435.65,0.4566,2.9296,2.8896,0.0307,2.9296,before,0.0,2.9296,12726173.0
2.9296,20180705,-0.07,000005.SZE,33836.69,0.3557,2.9296,2.8605,0.0239,2.8605,before,-2.3891,2.9296,9777183.0
2.8896,20180706,0.01,000005.SZE,37413.27,0.3933,2.8605,2.8001,0.0315,2.8702,before,0.3497,2.8896,10685865.0
2.9198,20180709,0.03,000005.SZE,21406.23,0.225,2.8702,2.8605,0.0209,2.9004,before,1.0453,2.8702,6207129.0
2.9198,20180710,0.01,000005.SZE,23795.15,0.2502,2.9004,2.8896,0.0103,2.9101,before,0.3448,2.9101,6911920.0
2.9101,20180711,-0.08,000005.SZE,32519.0,0.3419,2.9101,2.8001,0.0378,2.8303,before,-2.7491,2.9004,9278873.0
2.9004,20180712,0.06,000005.SZE,32711.13,0.3439,2.8303,2.8303,0.0247,2.8896,before,2.1201,2.84,9403452.0
2.9501,20180713,0.05,000005.SZE,43580.27,0.4582,2.8896,2.8799,0.0242,2.9404,before,1.7301,2.9004,12769653.0
2.9695,20180716,0.0,000005.SZE,30605.46,0.3217,2.9404,2.9101,0.0204,2.9404,before,0.0,2.9296,8975626.0
2.9501,20180717,-0.01,000005.SZE,49689.93,0.5224,2.9404,2.8896,0.0204,2.9296,before,-0.3401,2.9501,14475336.0
3.2198,20180718,0.29,000005.SZE,171769.94,1.8058,2.9296,2.9101,0.1058,3.2198,before,9.8976,2.9296,54837910.0
3.1896,20180719,-0.15,000005.SZE,263587.21,2.7710000000000004,3.2198,3.0396,0.0466,3.0698,before,-4.6584,3.1896,81476740.0
3.0504,20180720,-0.03,000005.SZE,143863.73,1.5124,3.0698,2.9501,0.0326,3.0396,before,-0.9772,3.0299,43255038.0
3.0601,20180723,-0.01,000005.SZE,94268.48,0.991,3.0396,3.0105,0.0164,3.0299,before,-0.3289,3.0396,28597234.0
3.3299,20180724,0.2,000005.SZE,433236.07,4.5545,3.0299,3.0202,0.1023,3.2295,before,6.6007,3.0202,141401228.0
3.2101,20180725,-0.1,000005.SZE,230598.12,2.4242,3.2295,3.1098,0.031,3.1303,before,-3.096,3.1605,72721578.0
3.3396,20180726,0.07,000005.SZE,205762.11,2.1631,3.1303,3.1303,0.0671,3.2004,before,2.2364,3.14,66355926.0
3.3202,20180727,0.0,000005.SZE,177429.3,1.8653,3.2004,3.1896,0.0406,3.2004,before,0.0,3.2705,57494516.0
3.2004,20180730,-0.03,000005.SZE,83742.53,0.8804,3.2004,3.1303,0.0219,3.1702,before,-0.9375,3.1702,26469876.0
3.2004,20180731,-0.02,000005.SZE,70189.0,0.7379,3.1702,3.1303,0.0221,3.1497,before,-0.6309,3.1702,22196510.0
3.1799,20180801,-0.07,000005.SZE,78158.0,0.8217,3.1497,3.0601,0.0381,3.0795,before,-2.2222,3.1303,24413263.0
3.0795,20180802,-0.09,000005.SZE,92704.38,0.9746,3.0795,2.9404,0.0455,2.99,before,-2.9221,3.0601,27752761.0
3.0299,20180803,-0.02,000005.SZE,47863.71,0.5032,2.99,2.9695,0.0201,2.9695,before,-0.6689,2.9997,14341660.0
2.9997,20180806,-0.07,000005.SZE,87308.51,0.9179,2.9695,2.8799,0.0404,2.9004,before,-2.3569,2.9803,25654239.0
2.99,20180807,0.08,000005.SZE,73806.24,0.7759,2.9004,2.8799,0.0379,2.9803,before,2.7586,2.9004,21649110.0
3.0795,20180808,0.03,000005.SZE,99062.24,1.0414,2.9803,2.9501,0.0436,3.0105,before,1.0067,2.9803,29868202.0
3.0698,20180809,0.05,000005.SZE,73136.04,0.7689,3.0105,2.9695,0.0332,3.0601,before,1.6611,2.9803,22287888.0
3.14,20180810,0.02,000005.SZE,56844.76,0.5976,3.0601,3.0202,0.0392,3.0795,before,0.6536,3.0504,17559883.0
3.0903,20180813,-0.02,000005.SZE,52695.27,0.5539999999999999,3.0795,2.9997,0.0292,3.0601,before,-0.6494,3.0396,15963886.0
3.1896,20180814,0.04,000005.SZE,101070.0,1.0625,3.0601,3.0105,0.0588,3.1,before,1.3072,3.0601,31365529.0
3.1,20180815,-0.09,000005.SZE,69249.0,0.728,3.1,3.0105,0.028999999999999998,3.0105,before,-2.9032,3.1,21133744.0
3.0105,20180816,-0.05,000005.SZE,55993.82,0.5887,3.0105,2.9101,0.0332,2.9598,before,-1.6611,2.9997,16590438.0
2.9997,20180817,-0.03,000005.SZE,39300.0,0.4132,2.9598,2.9198,0.027000000000000003,2.9296,before,-1.0135,2.9695,11623848.0
2.9695,20180820,0.03,000005.SZE,28093.0,0.2953,2.9296,2.9101,0.0205,2.9598,before,1.0239,2.9296,8271908.0
2.9997,20180821,0.02,000005.SZE,39164.94,0.4117,2.9598,2.9501,0.0169,2.9803,before,0.6757,2.9803,11675417.0
2.9997,20180822,-0.03,000005.SZE,26767.31,0.2814,2.9803,2.9501,0.0168,2.9501,before,-1.0067,2.9695,7941797.0
2.9803,20180823,0.01,000005.SZE,35540.51,0.3736,2.9501,2.9198,0.0203,2.9598,before,0.33899999999999997,2.9501,10501027.0
2.9803,20180824,0.01,000005.SZE,31154.74,0.3275,2.9598,2.9296,0.0169,2.9695,before,0.3378,2.9598,9219961.0
3.0504,20180827,0.06,000005.SZE,74837.61,0.7868,2.9695,2.9501,0.0337,3.0299,before,2.0202,2.9803,22548879.0
3.29,20180828,0.07,000005.SZE,146865.79,1.544,3.0299,3.0202,0.0891,3.1,before,2.3102,3.0299,45865510.0
3.1,20180829,-0.02,000005.SZE,73454.12,0.7722,3.1,3.0299,0.0226,3.0795,before,-0.6452,3.0601,22469284.0
3.0795,20180830,-0.09,000005.SZE,60021.5,0.631,3.0795,2.99,0.0292,2.99,before,-2.9221,3.0795,18139792.0
3.0105,20180831,-0.03,000005.SZE,43341.0,0.4556,2.99,2.9404,0.0234,2.9598,before,-1.0033,2.9695,12858243.0
2.9997,20180903,0.03,000005.SZE,30910.0,0.325,2.9598,2.9501,0.0169,2.99,before,1.0135,2.9598,9204868.0
3.0299,20180904,0.03,000005.SZE,30593.11,0.3216,2.99,2.99,0.0134,3.0202,before,1.0033,2.9997,9204913.0
3.0202,20180905,-0.06,000005.SZE,40094.0,0.4215,3.0202,2.9501,0.0232,2.9598,before,-1.9868,3.0105,11965389.0
2.9997,20180906,0.0,000005.SZE,25983.01,0.2732,2.9598,2.9404,0.0203,2.9598,before,0.0,2.9501,7711377.0
2.9997,20180907,0.01,000005.SZE,27112.0,0.285,2.9598,2.9501,0.0169,2.9695,before,0.3378,2.9803,8064632.0
3.0903,20180910,0.01,000005.SZE,50270.5,0.5285,2.9695,2.9803,0.037000000000000005,2.9803,before,0.3367,3.0299,15157822.0
2.9803,20180911,-0.03,000005.SZE,34393.12,0.3616,2.9803,2.9296,0.0168,2.9501,before,-1.0067,2.9404,10143774.0
2.9803,20180912,0.01,000005.SZE,30111.9,0.3166,2.9501,2.9296,0.0169,2.9598,before,0.33899999999999997,2.9404,8917369.0
2.9997,20180913,0.04,000005.SZE,27796.48,0.2922,2.9598,2.9501,0.0169,2.9997,before,1.3514,2.9598,8267845.0
2.9997,20180914,-0.04,000005.SZE,27735.01,0.2916,2.9997,2.9598,0.0133,2.9598,before,-1.3333,2.99,8266894.0
2.9598,20180917,-0.02,000005.SZE,21572.0,0.2268,2.9598,2.9198,0.0135,2.9404,before,-0.6757,2.9598,6340379.0
2.9803,20180918,0.04,000005.SZE,27735.46,0.2916,2.9404,2.9296,0.017,2.9803,before,1.3605,2.9598,8198757.0
3.0795,20180919,0.05,000005.SZE,87712.89,0.9221,2.9803,2.9598,0.0403,3.0299,before,1.6779,2.9695,26553924.0
3.1098,20180920,0.01,000005.SZE,106122.37,1.1156,3.0299,2.9997,0.0363,3.0396,before,0.33,3.0299,32464912.0
3.0698,20180921,0.03,000005.SZE,86179.86,0.9059999999999999,3.0396,2.99,0.0263,3.0698,before,0.9868,3.0299,26121767.0
3.0396,20180925,-0.07,000005.SZE,56794.29,0.5971,3.0698,2.99,0.0163,2.9997,before,-2.2801,3.0396,17099383.0
3.0299,20180926,0.01,000005.SZE,42159.0,0.4432,2.9997,2.9997,0.01,3.0105,before,0.3333,3.0105,12708083.0
3.0202,20180927,-0.06,000005.SZE,46043.0,0.484,3.0105,2.9501,0.0233,2.9501,before,-1.9934,3.0105,13692118.0
2.99,20180928,-0.01,000005.SZE,57900.81,0.6087,2.9501,2.9101,0.0271,2.9404,before,-0.33899999999999997,2.9598,17088051.0
2.9101,20181008,-0.09,000005.SZE,52415.0,0.551,2.9404,2.84,0.0238,2.8497,before,-3.0612,2.9004,15085390.0
2.8799,20181009,0.01,000005.SZE,21656.89,0.2277,2.8497,2.8497,0.0105,2.8605,before,0.3509,2.8497,6207610.0
2.8896,20181010,0.03,000005.SZE,23188.0,0.2438,2.8605,2.8605,0.0105,2.8896,before,1.0490000000000002,2.8605,6676568.0
2.84,20181011,-0.27,000005.SZE,90182.0,0.9481,2.8896,2.6005,0.083,2.6199,before,-9.3426,2.84,24270231.0
2.6598,20181012,-0.01,000005.SZE,65133.19,0.6847,2.6199,2.4203,0.0916,2.6102,before,-0.3817,2.6199,16847492.0
2.6803,20181015,-0.04,000005.SZE,32676.0,0.3435,2.6102,2.5605,0.046,2.5702,before,-1.5326,2.6296,8565570.0
2.6199,20181016,-0.02,000005.SZE,25186.0,0.2648,2.5702,2.5303,0.035,2.5497,before,-0.7782,2.58,6486948.0
2.6102,20181017,0.04,000005.SZE,24956.01,0.2624,2.5497,2.5303,0.0314,2.5897,before,1.5686,2.6005,6421741.0
2.5897,20181018,-0.06,000005.SZE,24575.0,0.2584,2.5897,2.5195,0.027000000000000003,2.5303,before,-2.3166,2.5897,6254146.0
2.6296,20181019,0.07,000005.SZE,50786.06,0.5339,2.5303,2.43,0.0791,2.6005,before,2.7668,2.5001,12920204.0
2.8605,20181022,0.26,000005.SZE,252487.9,2.6544,2.6005,2.6005,0.1,2.8605,before,10.0,2.6005,71155221.0
2.8605,20181023,-0.09,000005.SZE,116577.75,1.2256,2.8605,2.7699,0.0315,2.7699,before,-3.1469,2.8605,32613728.0
2.8605,20181024,0.03,000005.SZE,77240.0,0.812,2.7699,2.7397,0.0433,2.8001,before,1.083,2.7602,21595893.0
2.7504,20181025,-0.07,000005.SZE,84477.0,0.8881,2.8001,2.6695,0.0286,2.7299,before,-2.5,2.6997,22996935.0
2.8702,20181026,0.0,000005.SZE,122434.34,1.2871,2.7299,2.7202,0.0549,2.7299,before,0.0,2.7504,33913897.0
2.7202,20181029,-0.06,000005.SZE,67084.8,0.7052,2.7299,2.6404,0.0293,2.6695,before,-2.1978,2.7202,17950721.0
2.6997,20181030,0.02,000005.SZE,44908.35,0.4721,2.6695,2.6296,0.0262,2.69,before,0.7491,2.6598,12022330.0
2.7504,20181031,0.04,000005.SZE,75759.0,0.7964,2.69,2.6695,0.0297,2.7299,before,1.4869999999999999,2.69,20657017.0
2.7602,20181101,-0.02,000005.SZE,50199.0,0.5277,2.7299,2.7105,0.0183,2.7105,before,-0.7326,2.7397,13736338.0
2.7602,20181102,0.05,000005.SZE,47221.45,0.4964,2.7105,2.7299,0.0111,2.7602,before,1.845,2.7299,12967910.0
2.8303,20181105,0.05,000005.SZE,83152.4,0.8742,2.7602,2.7397,0.0326,2.8098,before,1.8116,2.7602,23187934.0
2.8303,20181106,0.01,000005.SZE,66790.0,0.7021,2.8098,2.7602,0.0249,2.8195,before,0.3559,2.8195,18723382.0
2.84,20181107,-0.03,000005.SZE,57526.0,0.6048,2.8195,2.7904,0.0177,2.7904,before,-1.0638,2.84,16159496.0
2.9997,20181108,0.07,000005.SZE,154643.9,1.6257,2.7904,2.7904,0.0753,2.8605,before,2.509,2.8098,44649185.0
2.9997,20181109,0.01,000005.SZE,177065.64,1.8615,2.8605,2.8605,0.049,2.8702,before,0.3497,2.9198,51983469.0
3.0105,20181112,0.13,000005.SZE,219245.51,2.3049,2.8702,2.7904,0.0767,2.9997,before,4.5296,2.8303,63929417.0
3.2997,20181113,0.15,000005.SZE,437442.39,4.5987,2.9997,2.9296,0.1233,3.1497,before,5.0,2.9501,137803008.0
3.1303,20181114,-0.07,000005.SZE,254925.81,2.68,3.1497,3.0396,0.0286,3.0795,before,-2.2222,3.0903,78467829.0
3.1098,20181115,0.0,000005.SZE,142507.35,1.4981,3.0795,3.0105,0.0325,3.0795,before,0.0,3.0698,43686606.0
3.1896,20181116,0.07,000005.SZE,232079.08,2.4398,3.0795,3.0396,0.0487,3.1497,before,2.2727,3.0396,72455370.0
3.2198,20181119,0.02,000005.SZE,162073.87,1.7038,3.1497,3.1098,0.0349,3.1702,before,0.6349,3.1702,51268024.0
3.1303,20181120,-0.11,000005.SZE,138100.03,1.4518,3.1702,3.0299,0.0315,3.0601,before,-3.47,3.1098,42348709.0
3.0795,20181121,0.0,000005.SZE,97755.0,1.0277,3.0601,2.9695,0.0359,3.0601,before,0.0,3.0105,29677147.0
3.0795,20181122,0.0,000005.SZE,75104.26,0.7896,3.0601,3.0299,0.0163,3.0601,before,0.0,3.0299,22971225.0
3.0698,20181123,-0.16,000005.SZE,125270.29,1.3169,3.0601,2.8799,0.0621,2.9004,before,-5.2288,3.0698,37028284.0
2.9404,20181126,0.02,000005.SZE,42861.97,0.4506,2.9004,2.8702,0.0241,2.9198,before,0.6897,2.8702,12526004.0
2.9803,20181127,0.0,000005.SZE,61819.0,0.6499,2.9198,2.8896,0.0308,2.9198,before,0.0,2.9404,18185877.0
2.9695,20181128,0.04,000005.SZE,59674.1,0.6273,2.9198,2.8896,0.0274,2.9598,before,1.3699,2.9198,17590656.0
3.1799,20181129,0.04,000005.SZE,200140.29,2.104,2.9598,2.99,0.0642,2.9997,before,1.3514,2.9997,61526043.0
2.9997,20181130,0.0,000005.SZE,84325.0,0.8865,2.9997,2.9004,0.0333,2.9997,before,0.0,2.9296,24807186.0
3.1195,20181203,0.08,000005.SZE,110158.87,1.1581,2.9997,3.0299,0.03,3.0795,before,2.6667,3.0299,33804135.0
3.0795,20181204,-0.02,000005.SZE,73275.0,0.7703,3.0795,3.0299,0.0162,3.0601,before,-0.6494,3.0795,22375639.0
3.0504,20181205,-0.05,000005.SZE,73984.01,0.7778,3.0601,2.9803,0.0229,3.0105,before,-1.6340000000000001,2.9997,22226922.0
3.0601,20181206,0.0,000005.SZE,82415.01,0.8664,3.0105,2.9501,0.0365,3.0105,before,0.0,2.9997,24852884.0
3.0698,20181207,0.01,000005.SZE,92468.0,0.9721,3.0105,2.9997,0.0233,3.0202,before,0.3322,3.0202,28026799.0
2.9997,20181210,-0.1,000005.SZE,75854.0,0.7974,3.0202,2.9101,0.0298,2.9198,before,-3.3113,2.9997,22312854.0
3.1195,20181211,0.12,000005.SZE,126944.55,1.3345,2.9198,2.9296,0.0651,3.0396,before,4.1096,2.9404,38300725.0
3.0698,20181212,-0.03,000005.SZE,87884.5,0.9239,3.0396,2.99,0.0263,3.0105,before,-0.9868,3.0396,26526810.0
3.0299,20181213,-0.01,000005.SZE,68281.68,0.7178,3.0105,2.99,0.0133,2.9997,before,-0.3322,2.9997,20536007.0
3.0202,20181214,-0.06,000005.SZE,62148.0,0.6533,2.9997,2.9198,0.0333,2.9404,before,-2.0,2.9997,18436641.0
2.9598,20181217,0.01,000005.SZE,35702.2,0.3753,2.9404,2.9101,0.017,2.9501,before,0.3401,2.9101,10480621.0
2.9501,20181218,-0.05,000005.SZE,45661.29,0.48,2.9501,2.8702,0.0271,2.9004,before,-1.6949,2.9198,13257331.0
2.9296,20181219,-0.03,000005.SZE,29788.0,0.3132,2.9004,2.8605,0.0241,2.8702,before,-1.0345,2.9198,8591170.0
2.8896,20181220,-0.01,000005.SZE,26367.0,0.2772,2.8702,2.84,0.0174,2.8605,before,-0.3484,2.8497,7550903.0
2.8605,20181221,-0.03,000005.SZE,26724.0,0.2809,2.8605,2.8303,0.0105,2.8303,before,-1.0490000000000002,2.8605,7586534.0
2.8605,20181224,0.01,000005.SZE,18000.0,0.1892,2.8303,2.8195,0.0141,2.84,before,0.3534,2.8303,5119151.0
2.8303,20181225,-0.08,000005.SZE,54377.52,0.5717,2.84,2.7202,0.0387,2.7602,before,-2.8169,2.8303,14976403.0
2.7699,20181226,-0.02,000005.SZE,32555.0,0.3422,2.7602,2.7299,0.0145,2.7397,before,-0.7246,2.7602,8949578.0
2.8001,20181227,-0.08,000005.SZE,51452.55,0.5409,2.7397,2.6598,0.0511,2.6598,before,-2.9197,2.8001,14089573.0
2.69,20181228,0.02,000005.SZE,37171.58,0.3908,2.6598,2.6501,0.015,2.6803,before,0.7519,2.6598,9921105.0
2.6997,20190102,-0.01,000005.SZE,29096.0,0.275,2.6803,2.6598,0.0149,2.6695,before,-0.3731,2.69,7788443.0
2.7202,20190103,0.01,000005.SZE,26468.0,0.2502,2.6695,2.6501,0.0262,2.6803,before,0.3745,2.6803,7116654.0
2.7504,20190104,0.07,000005.SZE,39036.2,0.369,2.6803,2.6598,0.0336,2.7504,before,2.6119,2.6695,10632023.0
2.9004,20190107,0.09,000005.SZE,120080.43,1.135,2.7504,2.7602,0.0509,2.84,before,3.2727,2.7796,34202714.0
2.8605,20190108,-0.01,000005.SZE,37048.77,0.3502,2.84,2.8195,0.0141,2.8303,before,-0.3521,2.84,10513182.0
2.9198,20190109,0.03,000005.SZE,75514.4,0.7138,2.8303,2.84,0.0283,2.8605,before,1.0601,2.84,21824028.0
3.0299,20190110,0.08,000005.SZE,135235.63,1.2783,2.8605,2.84,0.0664,2.9404,before,2.7972,2.84,39931374.0
3.2295,20190111,0.06,000005.SZE,376948.36,3.563,2.9404,2.9101,0.1088,2.9997,before,2.0408,2.9101,117122321.0
3.2997,20190114,0.22,000005.SZE,800879.05,7.5701,2.9997,2.9695,0.11,3.2198,before,7.3333,2.9695,257610425.0
3.1605,20190115,-0.16,000005.SZE,459479.61,4.3431,3.2198,3.0396,0.0373,3.0601,before,-4.9689,3.1,141632581.0
3.0903,20190116,-0.1,000005.SZE,249461.32,2.358,3.0601,2.9598,0.0425,2.9598,before,-3.2680000000000002,3.0601,75061643.0
3.0299,20190117,0.03,000005.SZE,140568.0,1.3287,2.9598,2.9501,0.027000000000000003,2.99,before,1.0135,2.9695,41982503.0
3.0105,20190118,-0.03,000005.SZE,78074.87,0.738,2.99,2.9501,0.0201,2.9598,before,-1.0033,2.9598,23178395.0
3.0299,20190121,0.01,000005.SZE,82488.0,0.7797,2.9598,2.9598,0.0236,2.9695,before,0.3378,2.9997,24709133.0
3.0795,20190122,0.06,000005.SZE,167624.16,1.5844,2.9695,2.9198,0.0539,3.0299,before,2.0202,2.9598,50269867.0
3.0299,20190123,-0.04,000005.SZE,68945.0,0.6517,3.0299,2.9695,0.0198,2.99,before,-1.3201,3.0105,20643590.0
3.0299,20190124,-0.06,000005.SZE,122791.02,1.1607,2.99,2.9004,0.0435,2.9296,before,-2.0067,3.0299,36098688.0
2.9695,20190125,0.0,000005.SZE,57212.12,0.5408,2.9296,2.9101,0.0205,2.9296,before,0.0,2.9404,16798606.0
2.9695,20190128,-0.01,000005.SZE,45626.89,0.4313,2.9296,2.9004,0.0239,2.9198,before,-0.3413,2.9404,13376159.0
2.9198,20190129,-0.08,000005.SZE,75316.91,0.7119,2.9198,2.7796,0.0479,2.84,before,-2.7397,2.9198,21317520.0
2.8605,20190130,-0.04,000005.SZE,38086.0,0.36,2.84,2.8001,0.0211,2.8001,before,-1.4085,2.84,10785214.0
2.8896,20190131,0.03,000005.SZE,64382.78,0.6086,2.8001,2.8195,0.025,2.8303,before,1.0714,2.84,18400771.0
2.9997,20190201,0.14,000005.SZE,105409.01,0.9964,2.8303,2.8497,0.053,2.9695,before,4.947,2.8497,30931123.0
3.0202,20190211,0.04,000005.SZE,98985.67,0.9356,2.9695,2.9695,0.0168,3.0105,before,1.3468,2.9803,29631792.0
3.0698,20190212,0.02,000005.SZE,102767.59,0.9714,3.0105,2.99,0.0266,3.0299,before,0.6645,3.0105,31102579.0
3.0903,20190213,0.05,000005.SZE,134050.28,1.2671,3.0299,3.0202,0.0231,3.0795,before,1.6502,3.0202,41046598.0
3.1,20190214,-0.02,000005.SZE,89700.31,0.8479,3.0795,3.0396,0.0195,3.0601,before,-0.6494,3.0698,27485809.0
3.1,20190215,-0.03,000005.SZE,97097.91,0.9178,3.0601,3.0299,0.0229,3.0299,before,-0.9804,3.0601,29693752.0
3.1303,20190218,0.08,000005.SZE,144998.85,1.3706,3.0299,3.0601,0.0231,3.1098,before,2.6403,3.0698,44902275.0
3.2295,20190219,0.02,000005.SZE,198728.59,1.8784,3.1098,3.1,0.0418,3.1303,before,0.6431,3.2004,62724283.0
3.1497,20190220,-0.03,000005.SZE,113390.96,1.0718,3.1303,3.0698,0.0256,3.1,before,-0.9585,3.1303,35237546.0
3.1497,20190221,-0.02,000005.SZE,106318.43,1.005,3.1,3.0795,0.0226,3.0795,before,-0.6452,3.1098,33057986.0
3.1799,20190222,0.09,000005.SZE,201768.43,1.9072,3.0795,3.0601,0.039,3.1702,before,2.9221,3.0795,63237070.0
3.4497,20190225,0.2,000005.SZE,382808.77,3.6184,3.1702,3.1799,0.0852,3.3698,before,6.3091,3.1799,125793850.0
3.4604,20190226,-0.04,000005.SZE,341943.84,3.2321,3.3698,3.3105,0.0445,3.3299,before,-1.1869,3.4604,115569331.0
3.3903,20190227,0.03,000005.SZE,219508.67,2.0749,3.3299,3.2802,0.033,3.3601,before,0.9009,3.2997,73579558.0
3.6396,20190228,0.08,000005.SZE,367505.61,3.4738,3.3601,3.3795,0.0774,3.4399,before,2.381,3.3903,128437641.0
3.5101,20190301,-0.03,000005.SZE,194770.99,1.841,3.4399,3.3396,0.0494,3.4097,before,-0.8721,3.5101,66080753.0
3.5597,20190304,0.06,000005.SZE,321333.26,3.0373,3.4097,3.4,0.0469,3.4702,before,1.7595,3.4097,111408266.0
3.6504,20190305,0.14,000005.SZE,354613.51,3.3519,3.4702,3.4097,0.0692,3.6104,before,4.0346,3.4497,126472458.0
3.8802,20190306,0.13,000005.SZE,352611.42,3.333,3.6104,3.5899,0.0803,3.7399,before,3.6011,3.5996,131655970.0
3.8802,20190307,0.06,000005.SZE,323355.76,3.0564,3.7399,3.6601,0.0588,3.8003,before,1.6043,3.7399,121094120.0
3.8996,20190308,-0.12,000005.SZE,413203.98,3.9057,3.8003,3.6104,0.0763,3.6795,before,-3.1579,3.6698,155689328.0
3.8295,20190311,0.14,000005.SZE,241315.55,2.281,3.6795,3.6298,0.0543,3.8198,before,3.8043,3.6396,89837430.0
4.1996,20190312,0.17,000005.SZE,736676.29,6.9633,3.8198,3.81,0.1021,3.9902,before,4.4503,3.8295,301493267.0
3.8996,20190313,-0.18,000005.SZE,494695.04,4.676,3.9902,3.7302,0.0426,3.81,before,-4.5113,3.8295,189003170.0
3.8003,20190314,-0.22,000005.SZE,259711.19,2.4549,3.81,3.5198,0.0735,3.5899,before,-5.7743,3.7701,94578376.0
3.7604,20190315,0.1,000005.SZE,199791.94,1.8885,3.5899,3.5802,0.0501,3.6903,before,2.7855,3.5802,73323640.0
3.7496,20190318,0.05,000005.SZE,162655.02,1.5375,3.6903,3.6104,0.0379,3.7399,before,1.355,3.7205,60000263.0
3.7496,20190319,-0.02,000005.SZE,144524.44,1.3661,3.7399,3.6504,0.0267,3.7205,before,-0.5348,3.7205,53522155.0
3.7399,20190320,0.01,000005.SZE,147813.88,1.3972,3.7205,3.6504,0.0242,3.7302,before,0.2688,3.7205,54722987.0
3.8295,20190321,0.09,000005.SZE,231041.85,2.1839,3.7302,3.7302,0.0268,3.8198,before,2.4129,3.7496,87713302.0
3.9201,20190322,0.07,000005.SZE,279862.6,2.6453,3.8198,3.7798,0.0366,3.8899,before,1.8325,3.8295,108132750.0
4.1197,20190325,0.04,000005.SZE,394616.62,3.73,3.8899,3.85,0.0694,3.9298,before,1.0283,3.8705,157049030.0
4.0895,20190326,0.02,000005.SZE,575193.74,5.4369,3.9298,3.8899,0.0509,3.9503,before,0.5089,3.9298,230838664.0
4.0798,20190327,-0.11,000005.SZE,321124.29,3.0354,3.9503,3.8198,0.0658,3.8403,before,-2.7848,4.0399,125469831.0
3.8403,20190328,-0.16,000005.SZE,248398.0,2.3479,3.8403,3.6504,0.0495,3.6795,before,-4.1667,3.8295,92696997.0
3.7798,20190329,0.09,000005.SZE,255442.91,2.4145,3.6795,3.6201,0.0435,3.7701,before,2.4457,3.6795,95353115.0
4.1499,20190401,0.21,000005.SZE,717011.69,6.7774,3.7701,3.7798,0.0981,3.9805,before,5.5703,3.8003,287958383.0
4.0604,20190402,0.02,000005.SZE,420247.23,3.9723,3.9805,3.8996,0.0402,4.0,before,0.5025,3.9503,167585511.0
4.0798,20190403,0.04,000005.SZE,365892.53,3.4585,4.0,3.9395,0.035,4.0399,before,1.0,4.0097,146463995.0
4.0496,20190404,-0.07,000005.SZE,249242.11,2.3559,4.0399,3.9298,0.0297,3.9697,before,-1.7327,4.0302,99490871.0
4.0097,20190408,-0.07,000005.SZE,258264.45,2.4412,3.9697,3.8597,0.0378,3.8996,before,-1.7632,3.9902,101380999.0
4.0,20190409,0.04,000005.SZE,175723.17,1.661,3.8996,3.8899,0.0282,3.9395,before,1.0256,3.9104,69172365.0
3.9395,20190410,-0.02,000005.SZE,141856.72,1.3409,3.9395,3.85,0.0228,3.9201,before,-0.5076,3.9298,55250904.0
3.9395,20190411,-0.09,000005.SZE,137528.83,1.3,3.9201,3.81,0.0332,3.8295,before,-2.2959,3.9298,53187664.0
3.8705,20190412,0.01,000005.SZE,102958.73,0.9732,3.8295,3.7798,0.0235,3.8403,before,0.2611,3.8295,39387491.0
3.8899,20190415,-0.03,000005.SZE,119448.14,1.1291,3.8403,3.8003,0.0234,3.81,before,-0.7813,3.8597,46029289.0
3.8295,20190416,0.02,000005.SZE,140796.04,1.3308,3.81,3.6795,0.0394,3.8295,before,0.5249,3.8198,52907280.0
3.8705,20190417,-0.02,000005.SZE,177279.53,1.6757,3.8295,3.7895,0.0209,3.81,before,-0.5222,3.8597,67965458.0
3.9503,20190418,0.13,000005.SZE,418653.68,3.9572,3.81,3.7798,0.0446,3.9395,before,3.4121,3.8003,162987360.0
4.0302,20190419,-0.07,000005.SZE,440945.3,4.1679,3.9395,3.7798,0.0635,3.8705,before,-1.7766,3.9395,172136589.0
3.8198,20190422,-0.13,000005.SZE,268476.92,2.5377,3.8705,3.7302,0.0233,3.7399,before,-3.3592,3.7895,100958420.0
3.7604,20190423,-0.07,000005.SZE,116118.28,1.0976,3.7399,3.6601,0.0267,3.6698,before,-1.8717,3.7496,42823237.0
3.7205,20190424,0.03,000005.SZE,85527.95,0.8084,3.6698,3.6396,0.0218,3.7,before,0.8174,3.6795,31507394.0
3.7097,20190425,-0.21,000005.SZE,172276.8,1.6284,3.7,3.4702,0.0649,3.4896,before,-5.6757,3.7,61640712.0
3.6201,20190426,0.01,000005.SZE,152382.98,1.4404,3.4896,3.4,0.063,3.5004,before,0.2865,3.4896,52794579.0
3.5101,20190429,-0.22,000005.SZE,128376.4,1.2134,3.5004,3.2597,0.0714,3.2802,before,-6.2857,3.5101,43045491.0
3.3396,20190430,0.02,000005.SZE,80289.83,0.7589,3.2802,3.2597,0.0244,3.2997,before,0.6098,3.2597,26577158.0
3.2597,20190506,-0.27,000005.SZE,154768.63,1.4629,3.2997,2.9695,0.0879,3.0299,before,-8.1818,3.2597,47783618.0
3.3299,20190507,0.14,000005.SZE,167493.82,1.5832,3.0299,3.0396,0.0957,3.1702,before,4.6205,3.0396,52949049.0
3.2004,20190508,-0.04,000005.SZE,100801.39,0.9528,3.1702,3.1,0.0315,3.1303,before,-1.2618,3.2004,31720200.0
3.14,20190509,-0.02,000005.SZE,64821.12,0.6127,3.1303,3.0601,0.0256,3.1098,before,-0.639,3.1,20171760.0
3.2198,20190510,0.09,000005.SZE,107540.13,1.0165,3.1098,3.0903,0.0418,3.2004,before,2.8939,3.1098,34060655.0
3.1799,20190513,-0.04,000005.SZE,63403.3,0.5993,3.2004,3.1303,0.0156,3.1605,before,-1.25,3.1605,19989375.0
3.1497,20190514,-0.04,000005.SZE,50490.59,0.4773,3.1605,3.1,0.0158,3.1195,before,-1.2658,3.1303,15778409.0
3.1896,20190515,0.05,000005.SZE,60776.34,0.5745,3.1195,3.1303,0.0192,3.1702,before,1.6026,3.1303,19214526.0
3.3299,20190516,0.08,000005.SZE,123721.76,1.1695,3.1702,3.1605,0.0536,3.25,before,2.5237,3.1605,39915713.0
3.2403,20190517,-0.15,000005.SZE,101435.0,0.9588,3.25,3.0795,0.0492,3.1,before,-4.6154,3.2403,31960975.0
3.1195,20190520,-0.04,000005.SZE,58311.31,0.5512,3.1,2.9997,0.0387,3.0601,before,-1.2903,3.1098,17776129.0
3.14,20190521,0.06,000005.SZE,48848.72,0.4617,3.0601,3.0504,0.0294,3.1195,before,1.9608,3.0795,15181186.0
3.1303,20190522,-0.02,000005.SZE,40508.74,0.3829,3.1195,3.0601,0.0224,3.1,before,-0.6409999999999999,3.1098,12548038.0
3.0903,20190523,-0.07,000005.SZE,55300.15,0.5227,3.1,3.0202,0.0226,3.0299,before,-2.2581,3.0795,16884417.0
3.0698,20190524,0.0,000005.SZE,36379.0,0.3439,3.0299,3.0202,0.0165,3.0299,before,0.0,3.0202,11027257.0
3.1,20190527,0.06,000005.SZE,47999.95,0.4537,3.0299,3.0202,0.0264,3.0903,before,1.9802,3.0299,14715796.0
3.1098,20190528,-0.01,000005.SZE,47420.6,0.4482,3.0903,3.0698,0.0129,3.0795,before,-0.3236,3.0795,14642159.0
3.1,20190529,-0.01,000005.SZE,35268.23,0.3334,3.0795,3.0601,0.013000000000000001,3.0698,before,-0.3247,3.0903,10859608.0
3.0601,20190530,-0.04,000005.SZE,49897.0,0.4716,3.0698,3.0105,0.0163,3.0299,before,-1.3029,3.0504,15120422.0
3.0601,20190531,0.0,000005.SZE,25654.2,0.2425,3.0299,3.0202,0.0132,3.0299,before,0.0,3.0299,7798390.0
3.0396,20190603,-0.04,000005.SZE,50106.06,0.4736,3.0299,2.9803,0.0198,2.99,before,-1.3201,2.9997,15050396.0
2.9997,20190604,-0.13,000005.SZE,94288.0,0.8912,2.99,2.8303,0.0569,2.8605,before,-4.3478,2.99,27390067.0
2.9101,20190605,-0.01,000005.SZE,69646.35,0.6583,2.8605,2.84,0.0245,2.8497,before,-0.3497,2.8605,20075761.0
2.8702,20190606,-0.12,000005.SZE,97149.58,0.9183,2.8497,2.6803,0.0667,2.7299,before,-4.2105,2.8605,26604410.0
2.7504,20190610,0.0,000005.SZE,45168.15,0.4269,2.7299,2.6997,0.0183,2.7299,before,0.0,2.7105,12340283.0
2.8605,20190611,0.12,000005.SZE,88174.23,0.8334,2.7299,2.7202,0.0513,2.8497,before,4.3956,2.7504,24742259.0
2.9004,20190612,-0.01,000005.SZE,73165.67,0.6916,2.8497,2.8303,0.0246,2.84,before,-0.3509,2.8497,20972567.0
2.8799,20190613,0.03,000005.SZE,49784.75,0.4706,2.84,2.8303,0.0176,2.8702,before,1.0563,2.84,14235322.0
2.9198,20190614,-0.07,000005.SZE,55515.5,0.5247,2.8702,2.8001,0.0418,2.8001,before,-2.439,2.8799,15800049.0
2.84,20190617,0.0,000005.SZE,51755.3,0.4892,2.8001,2.7699,0.025,2.8001,before,0.0,2.84,14532031.0
2.84,20190618,0.02,000005.SZE,38084.06,0.36,2.8001,2.7904,0.0179,2.8195,before,0.7143,2.84,10742871.0
3.0504,20190619,0.09,000005.SZE,149631.56,1.4144,2.8195,2.8303,0.078,2.9101,before,3.1915,2.8497,43584119.0
3.1,20190620,0.12,000005.SZE,277824.02,2.6261,2.9101,2.9598,0.0481,3.0299,before,4.1237,2.99,84311475.0
3.2004,20190621,0.17,000005.SZE,392358.87,3.7087,3.0299,2.9404,0.0858,3.2004,before,5.6106,2.9803,121403098.0
3.3396,20190624,-0.03,000005.SZE,339378.38,3.2079,3.2004,3.1195,0.0688,3.1702,before,-0.9375,3.1896,109729136.0
3.1799,20190625,-0.08,000005.SZE,223390.53,2.1115,3.1702,3.0504,0.040999999999999995,3.0903,before,-2.5237,3.1702,69282293.0
3.1195,20190626,-0.04,000005.SZE,126807.81,1.1986,3.0903,3.0396,0.0259,3.0504,before,-1.2945,3.0396,39086933.0
3.1098,20190627,-0.05,000005.SZE,156555.7,1.4798,3.0504,2.9997,0.0361,2.9997,before,-1.6393,3.0903,47709974.0
3.0903,20190628,0.04,000005.SZE,131466.87,1.2427,2.9997,2.9997,0.03,3.0396,before,1.3333,3.0299,39948619.0
3.1799,20190701,0.08,000005.SZE,209497.57,1.9802,3.0396,3.0601,0.0395,3.1195,before,2.6316,3.0601,65289234.0
3.1303,20190702,-0.06,000005.SZE,115717.3,1.0938,3.1195,3.0504,0.0256,3.0601,before,-1.9231,3.0903,35531088.0
3.1303,20190703,0.01,000005.SZE,121059.38,1.1443,3.0601,3.0202,0.0359,3.0698,before,0.3268,3.0601,37262555.0
3.3795,20190704,0.31,000005.SZE,375735.22,3.5516,3.0698,3.0698,0.10099999999999999,3.3795,before,10.0977,3.1,122740083.0
3.5295,20190705,-0.04,000005.SZE,721657.25,6.8213,3.3795,3.3105,0.0651,3.3396,before,-1.1834,3.4,246553624.0
3.3504,20190708,-0.22,000005.SZE,364333.12,3.4438,3.3396,3.1,0.0749,3.1195,before,-6.5868,3.3396,115176815.0
3.14,20190709,-0.07,000005.SZE,229223.99,2.1667,3.1195,2.9997,0.0449,3.0504,before,-2.2436,3.1195,69898156.0
3.0601,20190710,-0.07,000005.SZE,144222.83,1.3632,3.0504,2.9695,0.0295,2.9803,before,-2.2951,3.0504,43240928.0
3.0396,20190711,0.0,000005.SZE,102179.1,0.9658,2.9803,2.9598,0.0268,2.9803,before,0.0,2.9997,30638493.0
3.0202,20190712,-0.03,000005.SZE,78371.68,0.7408,2.9803,2.9404,0.0268,2.9501,before,-1.0067,3.0202,23257109.0
3.1,20190715,0.11,000005.SZE,147033.68,1.3898,2.9501,2.9695,0.0441,3.0601,before,3.7288,2.9997,44784595.0
3.0795,20190716,0.0,000005.SZE,92966.0,0.8787,3.0601,3.0299,0.0163,3.0601,before,0.0,3.0396,28378819.0
3.0601,20190717,-0.01,000005.SZE,65519.32,0.6193,3.0601,3.0299,0.0098,3.0504,before,-0.3268,3.0601,19946508.0
3.0299,20190718,-0.05,000005.SZE,63979.91,0.6048,3.0504,2.9997,0.0098,2.9997,before,-1.6393,3.0299,19246655.0
3.0601,20190719,0.03,000005.SZE,68850.71,0.6508,2.9997,2.99,0.0233,3.0299,before,1.0,2.9997,20930365.0
3.0396,20190722,-0.09,000005.SZE,77141.0,0.7292,3.0299,2.9404,0.033,2.9404,before,-2.9703,3.0202,22900715.0
2.99,20190723,0.02,000005.SZE,35566.1,0.3362,2.9404,2.9198,0.0238,2.9598,before,0.6803,2.9404,10546924.0
2.9997,20190724,0.03,000005.SZE,71427.0,0.6751,2.9598,2.9598,0.0135,2.99,before,1.0135,2.9598,21340834.0
2.9997,20190725,-0.01,000005.SZE,54043.35,0.5108,2.99,2.9598,0.0134,2.9803,before,-0.3344,2.99,16076690.0
2.9803,20190726,-0.01,000005.SZE,36237.0,0.3425,2.9803,2.9501,0.0101,2.9695,before,-0.3356,2.9803,10743125.0
2.9803,20190729,-0.03,000005.SZE,36775.0,0.3476,2.9695,2.9404,0.0135,2.9404,before,-1.0101,2.9695,10857677.0
2.9695,20190730,0.02,000005.SZE,32292.1,0.3052,2.9404,2.9296,0.0136,2.9598,before,0.6803,2.9501,9552819.0
2.9598,20190731,-0.04,000005.SZE,45704.38,0.43200000000000005,2.9598,2.9101,0.0169,2.9198,before,-1.3514,2.9501,13377969.0
2.9198,20190801,-0.03,000005.SZE,45674.06,0.4317,2.9198,2.8799,0.0137,2.8896,before,-1.0274,2.9004,13224285.0
2.8497,20190802,-0.07,000005.SZE,56545.6,0.5345,2.8896,2.7796,0.0242,2.8195,before,-2.4221,2.8497,15966123.0
2.8497,20190805,-0.01,000005.SZE,40493.33,0.3828,2.8195,2.7904,0.0213,2.8098,before,-0.3546,2.8195,11406995.0
2.7796,20190806,-0.09,000005.SZE,65366.38,0.6179,2.8098,2.6598,0.0427,2.7202,before,-3.2028,2.7796,17802897.0
2.7602,20190807,0.01,000005.SZE,37549.01,0.3549,2.7202,2.7202,0.0147,2.7299,before,0.3676,2.7504,10287887.0
2.7699,20190808,0.01,000005.SZE,38582.76,0.3647,2.7299,2.7299,0.0147,2.7397,before,0.3663,2.7299,10606793.0
2.8001,20190809,0.03,000005.SZE,39813.01,0.3763,2.7397,2.7397,0.0219,2.7699,before,1.0949,2.7699,10993606.0
2.7904,20190812,0.02,000005.SZE,31566.77,0.2984,2.7699,2.7504,0.0144,2.7904,before,0.722,2.7699,8770450.0
2.7796,20190813,-0.02,000005.SZE,25754.94,0.2434,2.7904,2.7504,0.0108,2.7699,before,-0.7168,2.7796,7124822.0
2.8098,20190814,-0.01,000005.SZE,43180.93,0.4082,2.7699,2.7504,0.0217,2.7602,before,-0.361,2.7904,12018454.0
2.7602,20190815,-0.01,000005.SZE,38254.5,0.3616,2.7602,2.6803,0.028999999999999998,2.7504,before,-0.3623,2.6997,10378446.0
2.8195,20190816,0.03,000005.SZE,43774.0,0.4138,2.7504,2.7397,0.0291,2.7796,before,1.0909,2.7504,12200957.0
3.0601,20190819,0.24,000005.SZE,252504.81,2.3867,2.7796,2.9101,0.054000000000000006,3.0202,before,8.6331,2.9803,75284901.0
3.0698,20190820,-0.02,000005.SZE,197775.97,1.8694,3.0202,2.9598,0.0364,2.9997,before,-0.6623,3.0299,59786805.0
3.2004,20190821,0.09,000005.SZE,240304.37,2.2714,2.9997,2.9695,0.0767,3.0903,before,3.0,2.9695,73959660.0
3.1497,20190822,0.03,000005.SZE,192093.31,1.8157,3.0903,3.0504,0.0324,3.1195,before,0.9709,3.1,59491343.0
3.1605,20190823,-0.06,000005.SZE,136891.49,1.2939,3.1195,3.0504,0.0353,3.0601,before,-1.9231,3.1195,42303992.0
3.29,20190826,0.18,000005.SZE,266053.35,2.5148,3.0601,2.9501,0.1111,3.2403,before,5.8824,2.99,83112059.0
3.2403,20190827,-0.07,000005.SZE,243639.73,2.303,3.2403,3.1195,0.037000000000000005,3.1702,before,-2.1605,3.1605,77265738.0
3.1702,20190828,-0.03,000005.SZE,135925.92,1.2848,3.1702,3.0795,0.0284,3.14,before,-0.9464,3.1702,42339106.0
3.2403,20190829,0.03,000005.SZE,219863.88,2.0782,3.14,3.0903,0.0478,3.1702,before,0.9554,3.1497,69977156.0
3.2802,20190830,-0.07,000005.SZE,154937.04,1.4645,3.1702,3.0795,0.0631,3.1,before,-2.2082,3.1702,49054180.0
3.1702,20190902,0.06,000005.SZE,120284.7,1.137,3.1,3.0504,0.0387,3.1605,before,1.9355,3.0504,37623978.0
3.4799,20190903,0.32,000005.SZE,965170.57,9.1231,3.1605,3.1605,0.1013,3.4799,before,10.1266,3.1799,330930682.0
3.8295,20190904,0.35,000005.SZE,981224.63,9.2748,3.4799,3.4497,0.1092,3.8295,before,10.0575,3.5802,363146796.0
4.1197,20190905,-0.14,000005.SZE,1454485.96,13.7482,3.8295,3.6504,0.1227,3.6903,before,-3.6554,3.8802,562675178.0
3.7302,20190906,-0.13,000005.SZE,713788.77,6.7469,3.6903,3.5403,0.0515,3.5597,before,-3.523,3.5802,257487057.0
3.5996,20190909,-0.01,000005.SZE,463640.75,4.3825,3.5597,3.4799,0.0337,3.55,before,-0.2809,3.5899,163148799.0
3.5295,20190910,-0.03,000005.SZE,346243.55,3.2728,3.55,3.4799,0.0141,3.5198,before,-0.8451,3.5295,121253056.0
3.5295,20190911,-0.04,000005.SZE,220650.64,2.0857,3.5198,3.4702,0.017,3.4799,before,-1.1364,3.5295,77170995.0
3.5101,20190912,0.01,000005.SZE,187789.36,1.775,3.4799,3.4702,0.0115,3.4896,before,0.2874,3.4799,65678160.0
3.5004,20190916,-0.07,000005.SZE,232361.24,2.1963,3.4896,3.4097,0.0258,3.4205,before,-2.0057,3.5004,79802502.0
3.4302,20190917,-0.08,000005.SZE,208744.11,1.9731,3.4205,3.3299,0.0292,3.3396,before,-2.3392,3.4205,70173779.0
3.3601,20190918,-0.02,000005.SZE,135574.66,1.2815,3.3396,3.29,0.021,3.3202,before,-0.5988,3.3504,45120808.0
3.3396,20190919,0.01,000005.SZE,154158.04,1.4571,3.3202,3.2403,0.0301,3.3299,before,0.3012,3.2997,50599930.0
3.4302,20190920,0.04,000005.SZE,212013.9,2.004,3.3299,3.2997,0.039,3.3698,before,1.2012,3.3202,71691478.0
3.3698,20190923,-0.07,000005.SZE,111437.3,1.0533,3.3698,3.2705,0.0297,3.2997,before,-2.0772,3.3698,36714744.0
3.3299,20190924,-0.01,000005.SZE,84008.1,0.7941,3.2997,3.2705,0.0182,3.29,before,-0.303,3.3105,27703297.0
3.3105,20190925,-0.1,000005.SZE,114960.83,1.0866,3.29,3.1896,0.0365,3.1896,before,-3.0395,3.2997,37147043.0
3.2295,20190926,-0.09,000005.SZE,113994.3,1.0775,3.1896,3.1,0.0408,3.1,before,-2.8213,3.2004,35816082.0
3.1799,20190927,0.06,000005.SZE,84953.44,0.8029999999999999,3.1,3.1098,0.0226,3.1605,before,1.9355,3.14,26807461.0
3.1896,20190930,0.02,000005.SZE,70521.35,0.6666,3.1605,3.1303,0.019,3.1799,before,0.6329,3.1605,22330877.0
3.2004,20191008,-0.02,000005.SZE,66001.0,0.6239,3.1799,3.1497,0.0157,3.1605,before,-0.6289,3.2004,20933675.0
3.2004,20191009,0.04,000005.SZE,65178.49,0.6161,3.1605,3.1195,0.0253,3.2004,before,1.2658,3.1497,20567904.0
3.2295,20191010,0.03,000005.SZE,73439.29,0.6942,3.2004,3.1896,0.0125,3.2295,before,0.9375,3.2101,23574154.0
3.2597,20191011,0.01,000005.SZE,89317.87,0.8443,3.2295,3.1896,0.0217,3.2403,before,0.3096,3.2101,28855483.0
3.29,20191014,0.04,000005.SZE,110255.24,1.0422,3.2403,3.2403,0.0154,3.2802,before,1.2346,3.2705,36083791.0
3.5403,20191015,0.07,000005.SZE,324570.57,3.0679,3.2802,3.2802,0.0793,3.3504,before,2.1341,3.29,110273113.0
3.4702,20191016,0.05,000005.SZE,272640.18,2.5771,3.3504,3.3105,0.0478,3.4,before,1.4925,3.3105,92692948.0
3.3903,20191017,-0.1,000005.SZE,155084.85,1.4659,3.4,3.29,0.0294,3.2997,before,-2.9412,3.3903,51713351.0
3.3202,20191018,-0.11,000005.SZE,152322.59,1.4398,3.2997,3.1702,0.0455,3.1896,before,-3.3333,3.3105,49235684.0
3.2295,20191021,0.04,000005.SZE,105372.47,0.996,3.1896,3.1303,0.0313,3.2295,before,1.2539,3.1702,33518573.0
3.2403,20191022,-0.03,000005.SZE,79217.5,0.7488,3.2295,3.1702,0.0217,3.2004,before,-0.9288,3.2403,25321592.0
3.2101,20191023,-0.03,000005.SZE,70944.48,0.6706,3.2004,3.1497,0.0188,3.1702,before,-0.9375,3.2004,22523573.0
3.1799,20191024,-0.01,000005.SZE,61543.0,0.5817,3.1702,3.1303,0.0158,3.1605,before,-0.3155,3.1799,19401597.0
3.2004,20191025,0.03,000005.SZE,52241.59,0.4938,3.1605,3.1497,0.0158,3.1896,before,0.9494,3.1702,16600662.0
3.2705,20191028,0.08,000005.SZE,112327.77,1.0618,3.1896,3.1896,0.0251,3.2705,before,2.5078,3.2004,36283838.0
3.2705,20191029,-0.06,000005.SZE,86130.83,0.8141,3.2705,3.2101,0.0183,3.2101,before,-1.8349,3.2597,27761800.0
3.2004,20191030,-0.12,000005.SZE,113193.0,1.0699,3.2101,3.0903,0.0343,3.0903,before,-3.7383,3.1799,35423276.0
3.1098,20191031,-0.07,000005.SZE,91917.26,0.8688,3.0903,3.0105,0.0324,3.0202,before,-2.2654,3.1,28135263.0
3.0698,20191101,0.05,000005.SZE,63042.13,0.5959,3.0202,2.9997,0.0232,3.0698,before,1.6556,3.0202,19173870.0
3.0795,20191104,-0.03,000005.SZE,59999.43,0.5671,3.0698,3.0299,0.0163,3.0396,before,-0.9772,3.0698,18354378.0
3.0795,20191105,0.03,000005.SZE,51353.01,0.4854,3.0396,3.0202,0.0197,3.0698,before,0.9868,3.0601,15677590.0
3.0795,20191106,-0.04,000005.SZE,42550.0,0.4022,3.0698,3.0202,0.0195,3.0299,before,-1.3029,3.0698,12960372.0
3.0504,20191107,0.0,000005.SZE,33879.1,0.3202,3.0299,3.0105,0.0132,3.0299,before,0.0,3.0202,10266505.0
3.0698,20191108,0.02,000005.SZE,43569.0,0.4118,3.0299,3.0299,0.0132,3.0504,before,0.6601,3.0396,13287555.0
3.0504,20191111,-0.09,000005.SZE,65144.0,0.6158,3.0504,2.9501,0.0328,2.9598,before,-2.9508,3.0396,19412658.0
2.9803,20191112,-0.01,000005.SZE,52333.11,0.4947,2.9598,2.9004,0.027000000000000003,2.9501,before,-0.3378,2.9695,15326906.0
2.9695,20191113,-0.01,000005.SZE,28024.0,0.2649,2.9501,2.9198,0.0169,2.9404,before,-0.33899999999999997,2.9598,8219701.0
2.9501,20191114,-0.01,000005.SZE,40519.78,0.38299999999999995,2.9404,2.9004,0.017,2.9296,before,-0.3401,2.9404,11839672.0
2.9296,20191115,-0.05,000005.SZE,44132.0,0.4171,2.9296,2.8702,0.0205,2.8799,before,-1.7065,2.9198,12760583.0
2.9198,20191118,0.03,000005.SZE,37922.4,0.3585,2.8799,2.8497,0.0243,2.9101,before,1.0417,2.8799,10971449.0
2.9695,20191119,0.06,000005.SZE,55918.96,0.5286,2.9101,2.9101,0.0206,2.9695,before,2.0619,2.9101,16475196.0
3.0202,20191120,-0.02,000005.SZE,52776.97,0.4989,2.9695,2.9296,0.0303,2.9501,before,-0.6734,3.0105,15690509.0
2.9695,20191121,0.0,000005.SZE,26830.61,0.2536,2.9501,2.9296,0.0136,2.9501,before,0.0,2.9296,7912682.0
2.99,20191122,-0.02,000005.SZE,41556.52,0.3928,2.9501,2.9198,0.0237,2.9296,before,-0.6779999999999999,2.9598,12268356.0
2.9501,20191125,0.02,000005.SZE,44876.05,0.4242,2.9296,2.9101,0.0137,2.9501,before,0.6826,2.9404,13173249.0
2.99,20191126,0.02,000005.SZE,51986.02,0.4914,2.9501,2.9404,0.0169,2.9695,before,0.6779999999999999,2.9501,15420006.0
2.9598,20191127,-0.03,000005.SZE,30326.65,0.2867,2.9695,2.9198,0.0135,2.9404,before,-1.0101,2.9598,8922349.0
2.9695,20191128,0.0,000005.SZE,28540.0,0.2698,2.9404,2.9198,0.017,2.9404,before,0.0,2.9404,8406205.0
2.9404,20191129,-0.01,000005.SZE,25932.11,0.2451,2.9404,2.9004,0.0136,2.9296,before,-0.3401,2.9296,7572315.0
3.0202,20191202,0.05,000005.SZE,74946.75,0.7084,2.9296,2.9101,0.0375,2.9803,before,1.7065,2.9198,22249674.0
2.9695,20191203,-0.01,000005.SZE,33941.54,0.3208,2.9803,2.9296,0.0134,2.9695,before,-0.3356,2.9695,10030183.0
2.9803,20191204,0.0,000005.SZE,32730.75,0.3094,2.9695,2.9501,0.0101,2.9695,before,0.0,2.9598,9702563.0
2.9997,20191205,0.03,000005.SZE,61513.61,0.5814,2.9695,2.9598,0.0135,2.9997,before,1.0101,2.99,18351640.0
3.0202,20191206,0.0,000005.SZE,50822.56,0.4804,2.9997,2.99,0.01,2.9997,before,0.0,2.9997,15269791.0
3.0202,20191209,-0.02,000005.SZE,55149.01,0.5213,2.9997,2.9803,0.0133,2.9803,before,-0.6667,2.9997,16493722.0
2.99,20191210,0.0,000005.SZE,41571.31,0.3929,2.9803,2.9598,0.0101,2.9803,before,0.0,2.9803,12354120.0
3.0105,20191211,0.03,000005.SZE,59717.95,0.5645,2.9803,2.9598,0.0168,3.0105,before,1.0067,2.99,17841985.0
3.0105,20191212,-0.02,000005.SZE,44585.0,0.4214,3.0105,2.9803,0.01,2.99,before,-0.6645,2.9997,13363838.0
3.0299,20191213,0.03,000005.SZE,67786.0,0.6407,2.99,2.99,0.0134,3.0202,before,1.0033,2.9997,20407329.0
3.0698,20191216,0.04,000005.SZE,88369.22,0.8353,3.0202,3.0202,0.0166,3.0601,before,1.3245,3.0299,27031172.0
3.1195,20191217,0.05,000005.SZE,119808.76,1.1325,3.0601,3.0504,0.0229,3.1098,before,1.6340000000000001,3.0698,36979925.0
3.2403,20191218,0.06,000005.SZE,170260.07,1.6093,3.1098,3.1,0.045,3.1702,before,1.9293,3.1098,53871607.0
3.1896,20191219,-0.02,000005.SZE,100602.93,0.9509,3.1702,3.1303,0.0189,3.1497,before,-0.6309,3.1605,31791912.0
3.1702,20191220,-0.06,000005.SZE,88556.76,0.8371,3.1497,3.0903,0.0254,3.0903,before,-1.9048,3.1497,27687600.0
3.1,20191223,-0.1,000005.SZE,96854.51,0.9155,3.0903,2.99,0.0356,2.99,before,-3.2362,3.0903,29405507.0
3.0504,20191224,0.06,000005.SZE,45606.0,0.4311,2.99,2.9997,0.0167,3.0504,before,2.0067,3.0105,13807067.0
3.0504,20191225,-0.02,000005.SZE,47741.0,0.4513,3.0504,3.0105,0.0131,3.0299,before,-0.6557,3.0504,14455554.0
3.14,20191226,0.07,000005.SZE,123479.27,1.1672,3.0299,3.0299,0.0363,3.1,before,2.3102,3.0299,38186876.0
3.14,20191227,-0.01,000005.SZE,91970.01,0.8693,3.1,3.0795,0.0194,3.0903,before,-0.3226,3.1,28526697.0
3.0903,20191230,-0.01,000005.SZE,66811.55,0.6315,3.0903,3.0105,0.0259,3.0795,before,-0.3236,3.0601,20433243.0
3.1,20191231,0.01,000005.SZE,55611.66,0.5257,3.0795,3.0504,0.0162,3.0903,before,0.3247,3.0903,17115120.0
3.1497,20200102,0.05,000005.SZE,104134.12,0.9843,3.0903,3.1098,0.0129,3.14,before,1.6181,3.1098,32661410.0
3.1497,20200103,0.01,000005.SZE,81790.44,0.7731,3.14,3.1195,0.0096,3.1497,before,0.3185,3.14,25660052.0
3.1605,20200106,0.0,000005.SZE,92391.64,0.8733,3.1497,3.1098,0.0159,3.1497,before,0.0,3.1195,28986355.0
3.2101,20200107,0.05,000005.SZE,148711.16,1.4057,3.1497,3.14,0.0222,3.2004,before,1.5873,3.1605,47208301.0
3.2705,20200108,-0.05,000005.SZE,231731.07,2.1904,3.2004,3.1497,0.0375,3.1497,before,-1.5625,3.1799,74182587.0
3.2403,20200109,0.06,000005.SZE,157852.67,1.4921,3.1497,3.1605,0.0254,3.2101,before,1.9048,3.1702,50481517.0
3.2004,20200110,-0.04,000005.SZE,118906.85,1.1239,3.2101,3.1497,0.0156,3.1702,before,-1.2461,3.2004,37734380.0
3.1702,20200113,-0.01,000005.SZE,69352.29,0.6555,3.1702,3.1195,0.0158,3.1605,before,-0.3155,3.1605,21833447.0
3.2198,20200114,0.04,000005.SZE,148195.98,1.4008,3.1605,3.1702,0.0158,3.2004,before,1.2658,3.1799,47517184.0
3.2004,20200115,-0.03,000005.SZE,84917.84,0.8027,3.2004,3.1303,0.0219,3.1702,before,-0.9375,3.2004,26905169.0
3.2004,20200116,-0.04,000005.SZE,80005.8,0.7562,3.1702,3.1303,0.0221,3.1303,before,-1.2618,3.1896,25204426.0
3.1605,20200117,0.0,000005.SZE,54022.96,0.5106,3.1303,3.1098,0.016,3.1303,before,0.0,3.14,16911238.0
3.14,20200120,0.01,000005.SZE,57286.65,0.5415,3.1303,3.1098,0.0096,3.14,before,0.3195,3.1195,17926610.0
3.1098,20200121,-0.1,000005.SZE,100314.39,0.9482,3.14,3.0202,0.0287,3.0396,before,-3.1847,3.1098,30701569.0
3.0601,20200122,0.01,000005.SZE,57575.0,0.5442,3.0396,2.9997,0.0197,3.0504,before,0.3289,3.0396,17471872.0
3.0396,20200123,-0.08,000005.SZE,104410.73,0.9869,3.0504,2.9404,0.0328,2.9695,before,-2.623,3.0396,31174149.0
2.69,20200203,-0.3,000005.SZE,68915.0,0.6514,2.9695,2.6695,0.0067,2.6695,before,-10.101,2.6695,18401978.0
2.6404,20200204,-0.05,000005.SZE,137649.75,1.3011,2.6695,2.3998,0.0899,2.6199,before,-1.8727,2.3998,35450524.0
2.7202,20200205,0.06,000005.SZE,92105.99,0.8706,2.6199,2.6005,0.0458,2.6803,before,2.2901,2.6404,24673978.0
2.7202,20200206,0.03,000005.SZE,93882.84,0.8874,2.6803,2.6501,0.0261,2.7105,before,1.1194,2.6997,25297576.0
2.84,20200207,0.13,000005.SZE,162044.86,1.5317,2.7105,2.69,0.0554,2.84,before,4.797,2.7202,44763295.0
2.9198,20200210,0.03,000005.SZE,134869.48,1.2748,2.84,2.8001,0.0423,2.8702,before,1.0563,2.8098,38518872.0
2.8702,20200211,-0.02,000005.SZE,92650.43,0.8758,2.8702,2.8195,0.0174,2.8497,before,-0.6969,2.8605,26376979.0
2.8702,20200212,0.02,000005.SZE,66286.78,0.6266,2.8497,2.8303,0.013999999999999999,2.8702,before,0.7018,2.8303,18896428.0
2.8605,20200213,-0.06,000005.SZE,87510.79,0.8272,2.8702,2.8001,0.0209,2.8098,before,-2.0906,2.8605,24709569.0
2.8195,20200214,-0.01,000005.SZE,62658.0,0.5923,2.8098,2.7796,0.0142,2.8001,before,-0.3559,2.8001,17527923.0
2.9004,20200217,0.1,000005.SZE,114885.6,1.0859,2.8001,2.8001,0.0357,2.9004,before,3.5714,2.8001,32893443.0
2.9404,20200218,0.0,000005.SZE,120637.87,1.1403,2.9004,2.8605,0.0276,2.9004,before,0.0,2.9004,34945992.0
2.9101,20200219,-0.03,000005.SZE,89113.35,0.8423,2.9004,2.8497,0.0207,2.8702,before,-1.0345,2.9004,25712889.0
2.9198,20200220,0.04,000005.SZE,108887.9,1.0292,2.8702,2.84,0.0279,2.9101,before,1.3937,2.8702,31379940.0
2.9404,20200221,0.01,000005.SZE,130900.51,1.2373,2.9101,2.8896,0.0172,2.9198,before,0.3436,2.9101,38171141.0
2.9198,20200224,-0.02,000005.SZE,105864.28,1.0007,2.9198,2.8702,0.0171,2.9004,before,-0.6849,2.9101,30647762.0
2.8799,20200225,-0.05,000005.SZE,151424.64,1.4313,2.9004,2.7699,0.0379,2.8497,before,-1.7241,2.8303,42739426.0
3.14,20200226,0.13,000005.SZE,324531.44,3.0676,2.8497,2.7796,0.1263,2.9803,before,4.5614,2.8098,97084809.0
2.9803,20200227,-0.05,000005.SZE,127278.29,1.2031,2.9803,2.8799,0.0336,2.9296,before,-1.6779,2.9404,37425221.0
2.8896,20200228,-0.14,000005.SZE,149367.41,1.4119,2.9296,2.7796,0.0375,2.7904,before,-4.7782,2.8896,42303963.0
2.9198,20200302,0.09,000005.SZE,102581.57,0.9696,2.7904,2.8001,0.043,2.8799,before,3.2258,2.8001,29505520.0
2.9695,20200303,0.07,000005.SZE,149023.3,1.4086,2.8799,2.9004,0.0243,2.9501,before,2.4306,2.9101,43742292.0
3.0795,20200304,0.11,000005.SZE,260319.99,2.4606,2.9501,2.9101,0.0576,3.0601,before,3.7288,2.9404,78973415.0
3.0795,20200305,0.01,000005.SZE,185797.1,1.7562,3.0601,3.0202,0.0196,3.0698,before,0.3268,3.0504,56601073.0
3.0698,20200306,-0.02,000005.SZE,132827.85,1.2555,3.0698,3.0105,0.0195,3.0504,before,-0.6515,3.0202,40411904.0
3.1098,20200309,-0.02,000005.SZE,174020.0,1.6449,3.0504,3.0105,0.0328,3.0299,before,-0.6557,3.0299,53239844.0
3.1,20200310,0.04,000005.SZE,212864.7,2.0121,3.0299,2.9004,0.066,3.0698,before,1.3201,2.9198,64005276.0
3.14,20200311,0.02,000005.SZE,251534.54,2.3776,3.0698,3.0504,0.0293,3.0903,before,0.6515,3.1,78133938.0
3.0698,20200312,-0.12,000005.SZE,170896.88,1.6154,3.0903,2.9501,0.0388,2.9695,before,-3.8835,3.0504,51367829.0
2.9501,20200313,-0.03,000005.SZE,136687.19,1.2919999999999998,2.9695,2.8098,0.0471,2.9404,before,-1.0101,2.8098,39439925.0
2.99,20200316,-0.07,000005.SZE,104587.0,0.9886,2.9404,2.8497,0.0476,2.8702,before,-2.381,2.9695,30500385.0
2.8896,20200317,-0.02,000005.SZE,96600.13,0.9131,2.8702,2.7504,0.0488,2.8497,before,-0.6969,2.8702,27307969.0
3.0795,20200318,0.05,000005.SZE,179912.72,1.7006,2.8497,2.8605,0.0772,2.9004,before,1.7544,2.8702,53101427.0
2.8702,20200319,-0.08,000005.SZE,156508.01,1.4794,2.9004,2.7504,0.0414,2.8195,before,-2.7586,2.8098,44059087.0
2.8702,20200320,0.03,000005.SZE,80162.0,0.7577,2.8195,2.7504,0.0426,2.8497,before,1.0638,2.8195,22660421.0
2.8195,20200323,-0.07,000005.SZE,80308.0,0.7591,2.8497,2.7602,0.0211,2.7796,before,-2.4561,2.8001,22386755.0
2.8303,20200324,0.04,000005.SZE,92622.95,0.8755,2.7796,2.7504,0.0288,2.8195,before,1.4388,2.8001,25948495.0
2.9004,20200325,0.06,000005.SZE,110282.11,1.0424,2.8195,2.8303,0.0248,2.8799,before,2.1277,2.8702,31577355.0
2.9004,20200326,-0.03,000005.SZE,80489.09,0.7608,2.8799,2.8303,0.0243,2.8497,before,-1.0417,2.8896,23012112.0
2.8799,20200327,-0.05,000005.SZE,101207.1,0.9566,2.8497,2.7904,0.0316,2.8001,before,-1.7544,2.8702,28620197.0
2.7904,20200330,-0.05,000005.SZE,70199.7,0.6635,2.8001,2.7299,0.0214,2.7504,before,-1.7857,2.7904,19323478.0
2.7796,20200331,-0.01,000005.SZE,44193.01,0.4177,2.7504,2.7299,0.0182,2.7397,before,-0.3636,2.7602,12178370.0
2.7602,20200401,-0.03,000005.SZE,47153.11,0.4457,2.7397,2.7105,0.0182,2.7105,before,-1.0949,2.7397,12888975.0
2.7699,20200402,0.05,000005.SZE,46571.41,0.4402,2.7105,2.69,0.0295,2.7602,before,1.845,2.7202,12688109.0
2.8497,20200403,0.05,000005.SZE,98628.58,0.9323,2.7602,2.7202,0.0471,2.8098,before,1.8116,2.7602,27362445.0
2.84,20200407,0.01,000005.SZE,98994.53,0.9357,2.8098,2.7904,0.0178,2.8195,before,0.3559,2.8303,27878742.0
2.8303,20200408,0.0,000005.SZE,68658.61,0.649,2.8195,2.7904,0.0142,2.8195,before,0.0,2.8098,19264882.0
2.8605,20200409,0.01,000005.SZE,63027.96,0.5958,2.8195,2.8098,0.0177,2.8303,before,0.3546,2.8098,17873118.0
2.84,20200410,-0.04,000005.SZE,61737.41,0.5836,2.8303,2.7796,0.0212,2.7904,before,-1.4134,2.8303,17367156.0
2.8098,20200413,0.0,000005.SZE,41836.9,0.3955,2.7904,2.7602,0.0179,2.7904,before,0.0,2.7904,11625769.0
2.8303,20200414,0.03,000005.SZE,44709.04,0.4226,2.7904,2.7796,0.0179,2.8195,before,1.0753,2.7904,12543637.0
2.8303,20200415,-0.05,000005.SZE,60598.01,0.5728,2.8195,2.7699,0.0213,2.7699,before,-1.7730000000000001,2.8195,16908434.0
2.7796,20200416,-0.01,000005.SZE,36321.0,0.3433,2.7699,2.7397,0.0144,2.7602,before,-0.361,2.7699,10028143.0
2.7904,20200417,0.0,000005.SZE,39019.1,0.3688,2.7602,2.7504,0.0145,2.7602,before,0.0,2.7796,10807996.0
2.8001,20200420,0.02,000005.SZE,39400.0,0.3724,2.7602,2.7397,0.0217,2.7796,before,0.7246,2.7699,10917564.0
2.7796,20200421,-0.03,000005.SZE,52579.06,0.49700000000000005,2.7796,2.7299,0.018000000000000002,2.7504,before,-1.0791,2.7796,14453924.0
2.7602,20200422,0.01,000005.SZE,53850.0,0.509,2.7504,2.7202,0.0145,2.7602,before,0.3636,2.7397,14734928.0
2.7602,20200423,-0.04,000005.SZE,49489.62,0.4678,2.7602,2.7202,0.0145,2.7202,before,-1.4493,2.7504,13539648.0
2.7796,20200424,0.01,000005.SZE,50603.68,0.4783,2.7202,2.7202,0.0221,2.7299,before,0.3676,2.7397,13885315.0
2.8098,20200427,0.05,000005.SZE,94010.38,0.8886,2.7299,2.6997,0.0403,2.7796,before,1.8315,2.6997,26005018.0
2.8605,20200428,-0.05,000005.SZE,104609.69,0.9888,2.7796,2.6997,0.0576,2.7299,before,-1.7986,2.84,29050996.0
2.6997,20200429,-0.08,000005.SZE,88878.3,0.8401,2.7299,2.6404,0.022000000000000002,2.6501,before,-2.9304,2.6803,23703618.0
2.69,20200430,0.03,000005.SZE,44402.57,0.4197,2.6501,2.6501,0.0151,2.6803,before,1.1321,2.6501,11866478.0
2.6997,20200506,0.0,000005.SZE,36625.01,0.3462,2.6803,2.6501,0.0187,2.6803,before,0.0,2.6598,9820445.0
2.6997,20200507,0.01,000005.SZE,39784.0,0.376,2.6803,2.6803,0.0075,2.69,before,0.3731,2.69,10688587.0
2.7105,20200508,0.01,000005.SZE,42638.59,0.40299999999999997,2.69,2.6803,0.0112,2.6997,before,0.3717,2.69,11514742.0
2.7202,20200511,-0.01,000005.SZE,32039.08,0.3028,2.6997,2.6803,0.0148,2.69,before,-0.3704,2.7105,8646166.0
2.69,20200512,-0.01,000005.SZE,30516.43,0.2884,2.69,2.6501,0.0149,2.6803,before,-0.3717,2.69,8148458.0
2.6803,20200513,0.0,000005.SZE,29942.99,0.28300000000000003,2.6803,2.6501,0.0112,2.6803,before,0.0,2.6501,7984027.0
2.6803,20200514,-0.06,000005.SZE,50059.0,0.4732,2.6803,2.6102,0.0261,2.6199,before,-2.2388,2.6803,13163443.0
2.6404,20200515,0.0,000005.SZE,36533.89,0.3453,2.6199,2.6102,0.0115,2.6199,before,0.0,2.6199,9583328.0
2.6199,20200518,-0.05,000005.SZE,47717.0,0.451,2.6199,2.5702,0.0191,2.5702,before,-1.9084,2.6102,12335654.0
2.6102,20200519,0.03,000005.SZE,41467.35,0.392,2.5702,2.5702,0.0156,2.6005,before,1.1673,2.5702,10758328.0
2.5897,20200520,-0.05,000005.SZE,42899.0,0.4055,2.6005,2.5497,0.0154,2.5497,before,-1.9231,2.5897,10988418.0
2.5702,20200521,-0.05,000005.SZE,54578.3,0.5159,2.5497,2.4904,0.0314,2.5001,before,-1.9608,2.5497,13727530.0
2.54,20200522,0.0,000005.SZE,36782.02,0.3477,2.5001,2.4904,0.02,2.5001,before,0.0,2.5001,9221078.0
2.5303,20200525,0.01,000005.SZE,27385.04,0.2589,2.5001,2.5001,0.012,2.5098,before,0.4,2.5098,6885460.0
2.6501,20200526,0.09,000005.SZE,96505.68,0.9122,2.5098,2.5098,0.0558,2.6005,before,3.5857,2.5195,25125469.0
2.6102,20200527,-0.03,000005.SZE,42636.26,0.40299999999999997,2.6005,2.5605,0.0192,2.5702,before,-1.1538,2.6005,11004573.0
2.58,20200528,0.0,000005.SZE,30392.11,0.2873,2.5702,2.5195,0.0233,2.5702,before,0.0,2.5605,7761047.0
2.5702,20200529,0.0,000005.SZE,24413.0,0.2308,2.5702,2.54,0.0117,2.5702,before,0.0,2.5702,6246953.0
2.6199,20200601,0.04,000005.SZE,61439.75,0.5807,2.5702,2.5497,0.0272,2.6102,before,1.5564,2.5605,15960243.0
2.69,20200602,0.04,000005.SZE,93209.02,0.8809999999999999,2.6102,2.6005,0.0345,2.6501,before,1.5326,2.6102,24767325.0
2.6695,20200603,-0.01,000005.SZE,53734.31,0.5079,2.6501,2.6296,0.0151,2.6404,before,-0.3774,2.6598,14200816.0
2.6803,20200604,0.04,000005.SZE,62849.26,0.5941,2.6404,2.6404,0.0152,2.6803,before,1.5152,2.6501,16763846.0
2.69,20200605,-0.02,000005.SZE,49142.0,0.4645,2.6803,2.6404,0.0187,2.6598,before,-0.7463,2.6803,13089159.0
2.6695,20200608,-0.01,000005.SZE,29611.23,0.2799,2.6598,2.6404,0.0113,2.6501,before,-0.3759,2.6598,7847927.0
2.6598,20200609,-0.01,000005.SZE,28289.82,0.2674,2.6501,2.6102,0.0189,2.6404,before,-0.3774,2.6501,7442675.0
2.6404,20200610,-0.03,000005.SZE,23749.64,0.2245,2.6404,2.6005,0.0152,2.6102,before,-1.1364,2.6404,6209063.0
2.6296,20200611,0.0,000005.SZE,31017.54,0.2932,2.6102,2.5897,0.0153,2.6102,before,0.0,2.6102,8104848.0
2.6102,20200612,0.0,000005.SZE,37596.37,0.3554,2.6102,2.5497,0.023,2.6102,before,0.0,2.5897,9688429.0
2.6501,20200615,0.03,000005.SZE,44668.15,0.4222,2.6102,2.5897,0.023,2.6404,before,1.1494,2.6102,11721849.0
2.6803,20200616,0.03,000005.SZE,46435.53,0.4389,2.6404,2.6199,0.0227,2.6695,before,1.1364,2.6296,12286971.0
2.84,20200617,0.06,000005.SZE,154236.46,1.4579,2.6695,2.6296,0.0787,2.7299,before,2.2472,2.6598,42048895.0
2.7397,20200618,-0.06,000005.SZE,83719.74,0.7913,2.7299,2.6598,0.0293,2.6695,before,-2.1978,2.7299,22497454.0
2.6803,20200619,-0.01,000005.SZE,41673.04,0.3939,2.6695,2.6404,0.015,2.6598,before,-0.3745,2.6695,11076516.0
2.6695,20200622,-0.02,000005.SZE,33543.01,0.3171,2.6598,2.6296,0.015,2.6404,before,-0.7519,2.6404,8892015.0
2.6695,20200623,0.03,000005.SZE,35589.0,0.3364,2.6404,2.6296,0.0152,2.6695,before,1.1364,2.6404,9432070.0
2.6695,20200624,-0.02,000005.SZE,42998.65,0.4064,2.6695,2.6296,0.015,2.6501,before,-0.7491,2.6695,11392242.0
2.6501,20200629,-0.06,000005.SZE,55101.03,0.5208,2.6501,2.5897,0.0226,2.5897,before,-2.2642,2.6404,14350490.0
2.6296,20200630,0.04,000005.SZE,37964.02,0.3588,2.5897,2.6005,0.0116,2.6296,before,1.5444,2.6005,9933920.0
2.69,20200701,0.04,000005.SZE,69514.04,0.6571,2.6296,2.6199,0.0266,2.6695,before,1.5209,2.6296,18485436.0
2.6997,20200702,0.02,000005.SZE,101024.6,0.9549,2.6695,2.6404,0.0225,2.69,before,0.7491,2.6501,27107118.0
2.7397,20200703,0.03,000005.SZE,97568.79,0.9222,2.69,2.69,0.0186,2.7202,before,1.1152,2.69,26440407.0
2.84,20200706,0.1,000005.SZE,208768.91,1.9733,2.7202,2.7202,0.0441,2.8195,before,3.6765,2.7202,58364108.0
2.8702,20200707,-0.03,000005.SZE,188758.91,1.7842,2.8195,2.7904,0.0284,2.7904,before,-1.0638,2.8702,53350933.0
2.8497,20200708,0.05,000005.SZE,150401.05,1.4216,2.7904,2.7699,0.0287,2.84,before,1.7921,2.7904,42338003.0
2.9004,20200709,0.05,000005.SZE,177502.68,1.6778,2.84,2.8303,0.0246,2.8896,before,1.7606,2.84,51110091.0
3.1799,20200710,0.29,000005.SZE,570280.88,5.3905,2.8896,2.8605,0.1107,3.1799,before,10.0346,2.8896,177363150.0
3.3795,20200713,0.13,000005.SZE,860047.81,8.1294,3.1799,3.1497,0.0723,3.3105,before,4.0881,3.2004,280714105.0
3.2101,20200714,-0.21,000005.SZE,530176.02,5.0114,3.3105,3.0299,0.0544,3.1,before,-6.3444,3.1896,165654743.0
3.1098,20200715,-0.13,000005.SZE,282162.29,2.6671,3.1,2.9501,0.0516,2.9695,before,-4.1935,3.0795,84754350.0
3.0202,20200716,-0.07,000005.SZE,213659.1,2.0196,2.9695,2.8799,0.0471,2.9004,before,-2.3569,2.9598,63426025.0
2.9501,20200717,0.03,000005.SZE,130134.0,1.2301,2.9004,2.8702,0.0276,2.9296,before,1.0345,2.8702,37916864.0
3.0202,20200720,0.08,000005.SZE,165689.74,1.5661,2.9296,2.9101,0.0375,3.0105,before,2.7304,2.9404,49167448.0
3.0105,20200721,0.0,000005.SZE,126816.5,1.1987,3.0105,2.9404,0.0233,3.0105,before,0.0,3.0105,37721869.0
3.0105,20200722,-0.05,000005.SZE,125886.85,1.1899,3.0105,2.9501,0.0199,2.9598,before,-1.6611,2.99,37517132.0
2.99,20200723,-0.02,000005.SZE,116950.88,1.1055,2.9598,2.8896,0.0338,2.9404,before,-0.6757,2.9404,34313806.0
2.9997,20200724,-0.07,000005.SZE,146890.37,1.3884,2.9404,2.8702,0.0442,2.8702,before,-2.381,2.9404,43118846.0
2.9004,20200727,-0.02,000005.SZE,86469.01,0.8173,2.8702,2.8195,0.0279,2.8497,before,-0.6969,2.8702,24570693.0
2.8702,20200728,0.01,000005.SZE,56393.02,0.5329999999999999,2.8497,2.84,0.0105,2.8605,before,0.3509,2.84,16110476.0
2.9004,20200729,0.04,000005.SZE,76540.27,0.7235,2.8605,2.8303,0.0245,2.9004,before,1.3986,2.8605,22024028.0
2.9296,20200730,0.0,000005.SZE,89317.76,0.8443,2.9004,2.8799,0.0172,2.9004,before,0.0,2.9004,25951001.0
2.9296,20200731,0.02,000005.SZE,99096.77,0.9367,2.9004,2.8799,0.0172,2.9198,before,0.6897,2.9004,28793578.0
3.0396,20200803,0.12,000005.SZE,202873.5,1.9176,2.9198,2.9296,0.0377,3.0396,before,4.1096,2.9404,60927090.0
3.0698,20200804,-0.01,000005.SZE,181150.57,1.7123,3.0396,2.99,0.0263,3.0299,before,-0.3289,3.0601,54809386.0
3.1,20200805,0.04,000005.SZE,156248.92,1.4769,3.0299,2.99,0.0363,3.0698,before,1.3201,2.9997,47689527.0
3.0698,20200806,-0.05,000005.SZE,133808.0,1.2648,3.0698,2.9803,0.0293,3.0202,before,-1.6287,3.0698,40449068.0
3.0105,20200807,-0.08,000005.SZE,146413.16,1.3839,3.0202,2.9004,0.0364,2.9404,before,-2.6489999999999996,2.9997,43291110.0
2.9997,20200810,0.05,000005.SZE,87312.83,0.8253,2.9404,2.9404,0.0204,2.99,before,1.7007,2.9695,25950747.0
2.99,20200811,-0.09,000005.SZE,107060.19,1.012,2.99,2.8896,0.0334,2.9004,before,-3.01,2.9803,31571008.0
2.9198,20200812,0.01,000005.SZE,92874.41,0.8779,2.9004,2.8497,0.0241,2.9101,before,0.3448,2.8896,26817164.0
2.9803,20200813,0.03,000005.SZE,75856.79,0.7170000000000001,2.9101,2.9101,0.0241,2.9404,before,1.0309,2.9296,22356504.0
2.9598,20200814,0.02,000005.SZE,77815.39,0.7355,2.9404,2.9004,0.0204,2.9598,before,0.6803,2.9501,22798429.0
3.2403,20200817,0.1,000005.SZE,290592.02,2.7468,2.9598,2.9404,0.1014,3.0601,before,3.3784,2.9598,89195260.0
3.1702,20200818,0.05,000005.SZE,283633.85,2.681,3.0601,2.9997,0.0556,3.1098,before,1.6340000000000001,3.0601,87476817.0
3.1702,20200819,-0.02,000005.SZE,241494.37,2.2827,3.1098,3.0795,0.0289,3.0903,before,-0.6431,3.1303,75484555.0
3.0903,20200820,-0.08,000005.SZE,152895.65,1.4452,3.0903,2.9997,0.0291,3.0105,before,-2.589,3.0601,46530439.0
3.0795,20200821,0.07,000005.SZE,169254.0,1.5998,3.0105,2.9803,0.0332,3.0795,before,2.3256,3.0202,51318271.0
3.0795,20200824,-0.04,000005.SZE,112375.87,1.0622,3.0795,2.9997,0.026000000000000002,3.0396,before,-1.2987,3.0698,34161618.0
3.14,20200825,0.03,000005.SZE,211818.01,2.0022,3.0396,3.0504,0.0296,3.0698,before,0.9868,3.0504,65300046.0
3.14,20200826,-0.05,000005.SZE,179460.79,1.6963,3.0698,3.0105,0.0423,3.0202,before,-1.6287,3.0504,55060558.0
3.0698,20200827,-0.01,000005.SZE,144985.22,1.3704,3.0202,2.99,0.0265,3.0105,before,-0.3311,3.0299,43791570.0
2.9997,20200828,-0.03,000005.SZE,127949.54,1.2094,3.0105,2.9101,0.0299,2.9803,before,-0.9967,2.9997,37747767.0
2.9997,20200831,-0.04,000005.SZE,112971.86,1.0678,2.9803,2.9296,0.0235,2.9404,before,-1.3423,2.9695,33485647.0
2.9501,20200901,-0.01,000005.SZE,55320.75,0.5229,2.9404,2.9198,0.0102,2.9296,before,-0.3401,2.9501,16197496.0
2.9997,20200902,0.06,000005.SZE,132546.36,1.2529,2.9296,2.9101,0.0307,2.99,before,2.0478,2.9404,39260756.0
2.99,20200903,-0.05,000005.SZE,67830.71,0.6412,2.99,2.9404,0.0167,2.9404,before,-1.6722,2.9803,20069923.0
2.9598,20200904,0.01,000005.SZE,77503.68,0.7326,2.9404,2.8605,0.034,2.9501,before,0.3401,2.9198,22654476.0
2.9695,20200907,-0.06,000005.SZE,86375.78,0.8164,2.9501,2.8799,0.0305,2.8896,before,-2.0339,2.9501,25263025.0
3.0105,20200908,0.11,000005.SZE,178910.29,1.6911,2.8896,2.8896,0.0415,2.9997,before,3.8062,2.9101,53183455.0
3.0795,20200909,0.02,000005.SZE,264906.84,2.504,2.9997,2.9803,0.0333,3.0202,before,0.6667,2.9803,80682056.0
3.0504,20200910,-0.15,000005.SZE,232913.43,2.2016,3.0202,2.84,0.0695,2.8702,before,-4.9669,3.0202,68357793.0
2.8799,20200911,0.0,000005.SZE,81250.61,0.768,2.8702,2.8195,0.0209,2.8702,before,0.0,2.8605,23169685.0
2.9004,20200914,-0.01,000005.SZE,89083.0,0.8420000000000001,2.8702,2.84,0.0209,2.8605,before,-0.3484,2.8799,25510922.0
2.8702,20200915,-0.01,000005.SZE,47787.85,0.4517,2.8605,2.8303,0.013999999999999999,2.8497,before,-0.3497,2.8605,13594728.0
2.8605,20200916,-0.02,000005.SZE,55548.16,0.5251,2.8497,2.8195,0.013999999999999999,2.8303,before,-0.7018,2.8605,15712512.0
2.84,20200917,-0.05,000005.SZE,103431.71,0.9777,2.8303,2.7699,0.0247,2.7796,before,-1.7668,2.84,28843535.0
2.8195,20200918,0.04,000005.SZE,113583.82,1.0736,2.7796,2.7602,0.0216,2.8195,before,1.4388,2.7796,31759482.0
2.8195,20200921,-0.04,000005.SZE,75811.07,0.7166,2.8195,2.7796,0.0142,2.7796,before,-1.4184,2.8195,21205233.0
2.7796,20200922,-0.06,000005.SZE,95230.0,0.9001,2.7796,2.7202,0.0216,2.7202,before,-2.1583,2.7796,26046391.0
2.7397,20200923,-0.02,000005.SZE,82201.17,0.777,2.7202,2.69,0.0184,2.6997,before,-0.7353,2.7202,22264011.0
2.6997,20200924,-0.09,000005.SZE,100873.58,0.9535,2.6997,2.6102,0.0333,2.6102,before,-3.3333,2.69,26572354.0
2.6296,20200925,-0.02,000005.SZE,84953.02,0.8029999999999999,2.6102,2.5702,0.023,2.5897,before,-0.7663,2.6296,22059815.0
2.5897,20200928,-0.06,000005.SZE,93922.29,0.8878,2.5897,2.5195,0.027000000000000003,2.5303,before,-2.3166,2.58,23927239.0
2.5702,20200929,0.01,000005.SZE,73782.5,0.6974,2.5303,2.5098,0.0237,2.54,before,0.3953,2.5195,18744372.0
2.6102,20200930,0.04,000005.SZE,83734.8,0.7915,2.54,2.5497,0.0236,2.58,before,1.5748,2.5605,21642533.0
2.6598,20201009,0.07,000005.SZE,83846.37,0.7925,2.58,2.6005,0.0233,2.6501,before,2.7132,2.6005,22125169.0
2.7602,20201012,0.1,000005.SZE,172172.44,1.6274,2.6501,2.6803,0.0302,2.7504,before,3.7736,2.7504,46944297.0
2.7699,20201013,-0.01,000005.SZE,114518.9,1.0825,2.7504,2.6997,0.0255,2.7397,before,-0.3636,2.7504,31242159.0
2.7602,20201014,-0.06,000005.SZE,92486.2,0.8742,2.7397,2.6598,0.0365,2.6803,before,-2.1898,2.7602,24953986.0
2.69,20201015,0.0,000005.SZE,56099.97,0.5303,2.6803,2.6501,0.0149,2.6803,before,0.0,2.6803,15001396.0
2.69,20201016,0.01,000005.SZE,34129.82,0.3226,2.6803,2.6598,0.0112,2.69,before,0.3731,2.6695,9143315.0
2.7202,20201019,-0.02,000005.SZE,51433.11,0.4862,2.69,2.6695,0.0186,2.6695,before,-0.7435,2.69,13849619.0
2.7105,20201020,0.02,000005.SZE,36142.77,0.3416,2.6695,2.6598,0.0187,2.69,before,0.7491,2.6695,9691820.0
2.6997,20201021,-0.03,000005.SZE,33539.87,0.317,2.69,2.6501,0.0186,2.6598,before,-1.1152,2.69,8939774.0
2.6598,20201022,-0.05,000005.SZE,41526.67,0.3925,2.6598,2.6005,0.0226,2.6102,before,-1.8797,2.6598,10884457.0
2.6997,20201023,0.03,000005.SZE,84198.65,0.7959,2.6102,2.6102,0.0345,2.6404,before,1.1494,2.6199,22436721.0
2.6695,20201026,0.0,000005.SZE,42453.0,0.4013,2.6404,2.6102,0.0227,2.6404,before,0.0,2.6404,11202613.0
2.7299,20201027,0.02,000005.SZE,84532.11,0.799,2.6404,2.6501,0.0303,2.6598,before,0.7576,2.6598,22649892.0
2.6598,20201028,-0.04,000005.SZE,47869.16,0.4525,2.6598,2.6005,0.0226,2.6199,before,-1.5038,2.6501,12539858.0
2.6005,20201029,-0.05,000005.SZE,59828.34,0.5655,2.6199,2.5605,0.0153,2.5702,before,-1.9084,2.6005,15414667.0
2.5897,20201030,-0.04,000005.SZE,53368.01,0.5044,2.5702,2.5303,0.0233,2.5303,before,-1.5564,2.5702,13637623.0
2.5497,20201102,0.01,000005.SZE,49591.68,0.4688,2.5303,2.5098,0.0158,2.54,before,0.3953,2.5098,12549900.0
2.6005,20201103,0.05,000005.SZE,48443.38,0.4579,2.54,2.5605,0.0157,2.5897,before,1.9685,2.5605,12529014.0
2.6102,20201104,-0.02,000005.SZE,44317.0,0.4189,2.5897,2.5303,0.0309,2.5702,before,-0.7722,2.6102,11361729.0
2.6803,20201105,0.08,000005.SZE,120511.03,1.1391,2.5702,2.5605,0.0467,2.6501,before,3.1128,2.5702,31590191.0
2.6404,20201106,-0.04,000005.SZE,56071.87,0.53,2.6501,2.6005,0.0151,2.6102,before,-1.5094,2.6404,14673033.0
2.6598,20201109,0.04,000005.SZE,64816.29,0.6127,2.6102,2.6199,0.0153,2.6501,before,1.5326,2.6296,17169463.0
2.6803,20201110,-0.02,000005.SZE,48802.95,0.4613,2.6501,2.6199,0.0226,2.6296,before,-0.7547,2.6501,12897845.0
2.6404,20201111,-0.01,000005.SZE,51804.94,0.4897,2.6296,2.6005,0.0152,2.6199,before,-0.3802,2.6296,13554850.0
2.6296,20201112,0.0,000005.SZE,42998.01,0.4064,2.6199,2.5897,0.0153,2.6199,before,0.0,2.6102,11214079.0
2.6997,20201113,0.06,000005.SZE,136360.28,1.2889,2.6199,2.5897,0.042,2.6803,before,2.2901,2.6102,36318198.0
2.6997,20201116,0.01,000005.SZE,64372.79,0.6085,2.6803,2.6501,0.0187,2.69,before,0.3731,2.6803,17257620.0
2.69,20201117,-0.02,000005.SZE,43001.29,0.4065,2.69,2.6501,0.0149,2.6695,before,-0.7435,2.69,11470739.0
2.6803,20201118,0.0,000005.SZE,42050.86,0.3975,2.6695,2.6501,0.0112,2.6695,before,0.0,2.6598,11228012.0
2.69,20201119,0.0,000005.SZE,56350.0,0.5326,2.6695,2.6501,0.015,2.6695,before,0.0,2.6695,15046850.0
2.6695,20201120,0.0,000005.SZE,55444.3,0.5241,2.6695,2.6296,0.015,2.6695,before,0.0,2.6598,14707008.0
2.7202,20201123,0.03,000005.SZE,76005.26,0.7184,2.6695,2.6598,0.0225,2.6997,before,1.1236,2.6695,20470167.0
2.7105,20201124,-0.02,000005.SZE,72190.72,0.6824,2.6997,2.6803,0.0111,2.6803,before,-0.7407,2.6997,19475074.0
2.7105,20201125,-0.03,000005.SZE,71800.0,0.6787,2.6803,2.6501,0.0224,2.6501,before,-1.1194,2.69,19268889.0
2.6598,20201126,-0.05,000005.SZE,129059.65,1.2199,2.6501,2.58,0.0302,2.6005,before,-1.8868,2.6598,33637303.0
2.6199,20201127,-0.02,000005.SZE,129841.95,1.2273,2.6005,2.5497,0.0269,2.58,before,-0.7692,2.6005,33424201.0
2.6199,20201130,0.0,000005.SZE,153608.0,1.4519,2.58,2.5605,0.0233,2.58,before,0.0,2.5897,39739646.0
2.6199,20201201,0.02,000005.SZE,177180.78,1.6748,2.58,2.5497,0.0271,2.6005,before,0.7752,2.5702,45640242.0
2.6005,20201202,-0.01,000005.SZE,102662.07,0.9704,2.6005,2.5702,0.0115,2.5897,before,-0.3846,2.5897,26553819.0
2.6199,20201203,0.01,000005.SZE,114214.56,1.0796,2.5897,2.58,0.0154,2.6005,before,0.3861,2.5897,29692947.0
2.6102,20201204,0.01,000005.SZE,67271.0,0.6359,2.6005,2.58,0.0115,2.6102,before,0.3846,2.6005,17475797.0
2.6199,20201207,-0.03,000005.SZE,93816.0,0.8868,2.6102,2.5605,0.023,2.58,before,-1.1494,2.6102,24199218.0
2.5897,20201208,-0.02,000005.SZE,55017.12,0.52,2.58,2.5605,0.0116,2.5605,before,-0.7752,2.5702,14140565.0
2.5702,20201209,-0.04,000005.SZE,103541.95,0.9787,2.5605,2.5195,0.0195,2.5195,before,-1.5625,2.5605,26310889.0
2.58,20201210,0.03,000005.SZE,78632.45,0.7433,2.5195,2.5001,0.0317,2.5497,before,1.1905,2.5098,19993813.0
2.5497,20201211,-0.02,000005.SZE,66955.5,0.6329,2.5497,2.5001,0.0196,2.5303,before,-0.7843,2.54,16866498.0
2.54,20201214,0.0,000005.SZE,34657.57,0.3276,2.5303,2.5098,0.0119,2.5303,before,0.0,2.5303,8750586.0
2.5303,20201215,-0.01,000005.SZE,43526.5,0.4114,2.5303,2.5001,0.0119,2.5195,before,-0.3953,2.5195,10936980.0
2.6296,20201216,0.03,000005.SZE,105533.79,0.9975,2.5195,2.54,0.0357,2.5497,before,1.1905,2.5702,27112322.0
2.5497,20201217,0.0,000005.SZE,68392.84,0.6465,2.5497,2.5001,0.0196,2.5497,before,0.0,2.5303,17267650.0
2.5702,20201218,-0.01,000005.SZE,61197.1,0.5785,2.5497,2.5303,0.0157,2.54,before,-0.3922,2.54,15601037.0
2.5702,20201221,0.01,000005.SZE,64226.01,0.6071,2.54,2.5195,0.0197,2.5497,before,0.3937,2.5497,16347044.0
2.5702,20201222,-0.01,000005.SZE,58857.76,0.5563,2.5497,2.5303,0.0157,2.54,before,-0.3922,2.54,14969082.0
2.5497,20201223,0.0,000005.SZE,40240.01,0.3804,2.54,2.5195,0.0118,2.54,before,0.0,2.54,10196413.0
2.54,20201224,-0.03,000005.SZE,60004.38,0.5672,2.54,2.5001,0.0157,2.5098,before,-1.1811,2.54,15082397.0
2.5303,20201225,0.01,000005.SZE,75213.66,0.7109,2.5098,2.4904,0.0159,2.5195,before,0.3984,2.5001,18872558.0
2.5098,20201228,-0.03,000005.SZE,67099.19,0.6342,2.5195,2.4796,0.0119,2.4904,before,-1.1905,2.5098,16749740.0
2.5098,20201229,0.01,000005.SZE,40798.74,0.3856,2.4904,2.4796,0.012,2.5001,before,0.4016,2.5001,10182451.0
2.5195,20201230,-0.01,000005.SZE,73658.61,0.6962,2.5001,2.4904,0.012,2.4904,before,-0.4,2.5001,18430807.0
2.5303,20201231,0.04,000005.SZE,67806.79,0.6409,2.4904,2.5001,0.012,2.5303,before,1.6064,2.5001,17015447.0
2.5303,20210104,-0.01,000005.SZE,48963.39,0.4628,2.5303,2.5098,0.0079,2.5195,before,-0.3953,2.5303,12316349.0
2.5195,20210105,-0.05,000005.SZE,103177.1,0.9753,2.5195,2.4602,0.0238,2.4699,before,-1.9841,2.5195,25648528.0
2.4796,20210106,-0.07,000005.SZE,148224.0,1.4011,2.4699,2.39,0.0364,2.3998,before,-2.8339999999999996,2.4699,35875845.0
2.43,20210107,-0.02,000005.SZE,99873.78,0.9440000000000001,2.3998,2.3598,0.0292,2.3803,before,-0.8333,2.3998,23914193.0
2.3803,20210108,-0.01,000005.SZE,65939.96,0.6233,2.3803,2.3199,0.0252,2.3695,before,-0.4202,2.3598,15511865.0
2.3695,20210111,-0.08,000005.SZE,78595.12,0.7429,2.3695,2.2897,0.0338,2.2897,before,-3.3755,2.3695,18235373.0
2.3199,20210112,0.01,000005.SZE,45250.71,0.4277,2.2897,2.2897,0.0131,2.3005,before,0.4367,2.3005,10430486.0
2.3102,20210113,-0.1,000005.SZE,100568.25,0.9506,2.3005,2.1699,0.0609,2.2001,before,-4.3478,2.3102,22320272.0
2.2304,20210114,0.0,000005.SZE,75346.16,0.7122,2.2001,2.1505,0.0364,2.2001,before,0.0,2.1904,16486665.0
2.28,20210115,0.06,000005.SZE,71632.22,0.6771,2.2001,2.2001,0.0364,2.2595,before,2.7273,2.2001,16170167.0
2.3005,20210118,0.02,000005.SZE,44303.0,0.4188,2.2595,2.2498,0.0221,2.28,before,0.885,2.2498,10116812.0
2.3598,20210119,0.04,000005.SZE,91088.78,0.861,2.28,2.2595,0.0439,2.3199,before,1.7544,2.28,21126646.0
2.39,20210120,0.0,000005.SZE,66495.19,0.6285,2.3199,2.3102,0.0345,2.3199,before,0.0,2.3199,15539032.0
2.3404,20210121,0.0,000005.SZE,48379.29,0.4573,2.3199,2.2897,0.0216,2.3199,before,0.0,2.3102,11208505.0
2.3199,20210122,-0.06,000005.SZE,51182.58,0.4838,2.3199,2.2595,0.0259,2.2595,before,-2.5862,2.3102,11661872.0
2.2595,20210125,-0.05,000005.SZE,53127.09,0.5022,2.2595,2.2001,0.0265,2.2098,before,-2.2124,2.2498,11785054.0
2.2304,20210126,-0.03,000005.SZE,42059.58,0.3976,2.2098,2.1699,0.0271,2.1796,before,-1.3575,2.2001,9248362.0
2.2098,20210127,0.02,000005.SZE,37484.74,0.3543,2.1796,2.1699,0.0183,2.2001,before,0.9174,2.1699,8208341.0
2.2304,20210128,0.0,000005.SZE,42070.52,0.3977,2.2001,2.1796,0.0227,2.2001,before,0.0,2.1796,9276131.0
2.2098,20210129,-0.06,000005.SZE,82353.26,0.7784,2.2001,2.1095,0.0455,2.1397,before,-2.7273,2.1904,17719010.0
2.0901,20210201,-0.2,000005.SZE,193550.12,1.8295,2.1397,1.9304,0.0748,1.9401,before,-9.3458,2.0804,37880377.0
1.9703,20210202,0.01,000005.SZE,71574.29,0.6765,1.9401,1.9002,0.0361,1.9498,before,0.5155,1.9099,13902480.0
1.9703,20210203,-0.01,000005.SZE,51007.35,0.4821,1.9498,1.9304,0.0205,1.9401,before,-0.5128,1.9703,9919029.0
1.9498,20210204,-0.12,000005.SZE,146701.96,1.3867,1.9401,1.7599,0.0979,1.8203,before,-6.1856,1.9401,27013033.0
1.8905,20210205,0.0,000005.SZE,68897.0,0.6512,1.8203,1.8203,0.0385,1.8203,before,0.0,1.83,12740153.0
1.8505,20210208,0.0,000005.SZE,45396.2,0.4291,1.8203,1.8095,0.022000000000000002,1.8203,before,0.0,1.83,8300353.0
1.9099,20210209,0.05,000005.SZE,64580.71,0.6104,1.8203,1.8203,0.0495,1.87,before,2.7473,1.83,12025240.0
1.9099,20210210,0.03,000005.SZE,41799.5,0.3951,1.87,1.87,0.0214,1.9002,before,1.6043,1.8905,7934657.0
1.9897,20210218,0.09,000005.SZE,64388.61,0.6086,1.9002,1.9099,0.0421,1.9897,before,4.7368,1.9099,12594725.0
2.0599,20210219,0.06,000005.SZE,73733.68,0.6970000000000001,1.9897,1.9703,0.0452,2.0502,before,3.0151,1.9897,14983974.0
2.2098,20210222,0.09,000005.SZE,171317.91,1.6193,2.0502,2.0599,0.0732,2.1397,before,4.3902,2.0599,36893414.0
2.1699,20210223,-0.04,000005.SZE,82988.46,0.7844,2.1397,2.0901,0.0374,2.0998,before,-1.8692,2.1397,17594757.0
2.1602,20210224,0.04,000005.SZE,78918.0,0.746,2.0998,2.0998,0.0286,2.1397,before,1.9048,2.1203,16848700.0
2.1699,20210225,-0.01,000005.SZE,64789.0,0.6124,2.1397,2.1203,0.0234,2.13,before,-0.4673,2.1699,13887607.0
2.1505,20210226,0.01,000005.SZE,60606.95,0.5729,2.13,2.0901,0.0282,2.1397,before,0.4695,2.1095,12889087.0
2.28,20210301,0.09,000005.SZE,112902.15,1.0672,2.1397,2.1505,0.0607,2.2304,before,4.2056,2.1505,25005477.0
2.2703,20210302,-0.01,000005.SZE,79642.32,0.7528,2.2304,2.2001,0.0314,2.2196,before,-0.4484,2.2098,17752904.0
2.2401,20210303,0.02,000005.SZE,63518.62,0.6004,2.2196,2.2001,0.018000000000000002,2.2401,before,0.9009,2.2098,14130566.0
2.2703,20210304,0.02,000005.SZE,77642.04,0.7339,2.2401,2.2196,0.0223,2.2595,before,0.8929,2.2304,17491994.0
2.3501,20210305,0.07,000005.SZE,125695.03,1.1881,2.2595,2.2595,0.0398,2.3296,before,3.0973,2.2595,29140305.0
2.3404,20210308,-0.08,000005.SZE,120190.95,1.1361,2.3296,2.2401,0.0429,2.2498,before,-3.4335,2.3102,27459036.0
2.2703,20210309,-0.05,000005.SZE,96450.42,0.9117,2.2498,2.1397,0.0578,2.2001,before,-2.2222,2.2498,21192479.0
2.2098,20210310,-0.08,000005.SZE,75885.53,0.7173,2.2001,2.0998,0.05,2.1203,before,-3.6364,2.2001,16309024.0
2.1796,20210311,0.05,000005.SZE,72742.7,0.6876,2.1203,2.0998,0.0377,2.1699,before,2.3585,2.1203,15646435.0
2.2304,20210312,0.03,000005.SZE,76827.86,0.7262,2.1699,2.1397,0.0415,2.2001,before,1.3825,2.1699,16853791.0
2.2897,20210315,0.07,000005.SZE,124237.69,1.1743,2.2001,2.1904,0.0455,2.2703,before,3.1818,2.2196,28015705.0
2.3404,20210316,0.07,000005.SZE,174688.12,1.6512,2.2703,2.2498,0.0396,2.3404,before,3.0837,2.2703,40303914.0
2.3598,20210317,-0.03,000005.SZE,148405.01,1.4028,2.3404,2.2703,0.0385,2.3102,before,-1.2821,2.3404,34181103.0
2.3102,20210318,-0.05,000005.SZE,75865.0,0.7171,2.3102,2.2498,0.026000000000000002,2.2595,before,-2.1645,2.3102,17291617.0
2.3102,20210319,0.02,000005.SZE,69132.04,0.6535,2.2595,2.2401,0.031,2.28,before,0.885,2.28,15789583.0
2.3998,20210322,0.11,000005.SZE,178020.73,1.6827,2.28,2.2897,0.0482,2.39,before,4.8246,2.2897,42125845.0
2.4397,20210323,-0.06,000005.SZE,125181.96,1.1833,2.39,2.3199,0.0502,2.3296,before,-2.5105,2.4203,29597151.0
2.5605,20210324,0.23,000005.SZE,314527.33,2.9730000000000003,2.3296,2.3102,0.1073,2.5605,before,9.8712,2.3199,79637302.0
2.8195,20210325,0.26,000005.SZE,137174.71,1.2966,2.5605,2.8195,0.0,2.8195,before,10.1563,2.8195,38683268.0
2.9198,20210326,-0.07,000005.SZE,1041676.54,9.8462,2.8195,2.6501,0.0957,2.7504,before,-2.4823,2.8605,287313951.0
2.69,20210329,-0.2,000005.SZE,674072.12,6.3715,2.7504,2.5098,0.0655,2.5497,before,-7.2727,2.6695,175110101.0
2.5605,20210330,-0.13,000005.SZE,420259.6,3.9724,2.5497,2.3998,0.0627,2.4203,before,-5.098,2.5497,102645190.0
2.4602,20210331,0.0,000005.SZE,255863.5,2.4185,2.4203,2.3695,0.0372,2.4203,before,0.0,2.3695,61969610.0
2.4095,20210401,-0.07,000005.SZE,265780.28,2.5122,2.4203,2.3102,0.0413,2.3501,before,-2.8926,2.3998,62309236.0
2.3598,20210402,-0.04,000005.SZE,144963.01,1.3702,2.3501,2.3005,0.0255,2.3102,before,-1.7021,2.3598,33722984.0
2.3404,20210406,0.03,000005.SZE,131805.32,1.2459,2.3102,2.28,0.026000000000000002,2.3404,before,1.2987,2.3102,30590273.0
2.3803,20210407,0.02,000005.SZE,151895.21,1.4358,2.3404,2.3102,0.0299,2.3598,before,0.8547,2.3296,35708294.0
2.3598,20210408,-0.04,000005.SZE,183134.66,1.7309999999999999,2.3598,2.3005,0.0254,2.3199,before,-1.6949,2.3296,42575631.0
2.3404,20210409,-0.04,000005.SZE,146370.58,1.3835,2.3199,2.2703,0.0302,2.28,before,-1.7241,2.3404,33655482.0
2.3199,20210412,0.02,000005.SZE,109300.59,1.0331,2.28,2.28,0.0175,2.3005,before,0.8772,2.28,25086903.0
2.3005,20210413,-0.05,000005.SZE,94358.01,0.8919,2.3005,2.2498,0.0217,2.2498,before,-2.1739,2.3005,21357833.0
2.2897,20210414,0.03,000005.SZE,84804.39,0.8016,2.2498,2.2098,0.0356,2.28,before,1.3333,2.2401,19044819.0
2.3296,20210415,0.02,000005.SZE,131201.86,1.2402,2.28,2.2498,0.0351,2.3005,before,0.8772,2.2897,30143010.0
2.3501,20210416,0.04,000005.SZE,104809.5,0.9907,2.3005,2.2897,0.0261,2.3404,before,1.7391,2.3005,24396803.0
2.3598,20210419,-0.01,000005.SZE,98736.68,0.9333,2.3404,2.3199,0.0171,2.3296,before,-0.4274,2.3404,23138456.0
2.3404,20210420,-0.02,000005.SZE,65419.74,0.6184,2.3296,2.3005,0.0172,2.3102,before,-0.8584,2.3296,15170042.0
2.3005,20210421,-0.01,000005.SZE,61700.1,0.5832,2.3102,2.28,0.0087,2.3005,before,-0.4329,2.3005,14126178.0
2.3102,20210422,0.0,000005.SZE,43641.88,0.4125,2.3005,2.2897,0.0087,2.3005,before,0.0,2.3005,10028636.0
2.3296,20210423,-0.01,000005.SZE,59994.13,0.5671,2.3005,2.2703,0.0261,2.2897,before,-0.4348,2.3296,13736471.0
2.3296,20210426,0.02,000005.SZE,83793.91,0.792,2.2897,2.2595,0.0306,2.3102,before,0.8734,2.28,19225613.0
2.3005,20210427,-0.04,000005.SZE,70521.88,0.6666,2.3102,2.2498,0.0216,2.2703,before,-1.7316,2.2897,15983522.0
2.2703,20210428,-0.03,000005.SZE,63639.67,0.6015,2.2703,2.2196,0.022000000000000002,2.2401,before,-1.3216,2.2498,14251899.0
2.2401,20210429,-0.02,000005.SZE,47037.43,0.4446,2.2401,2.2098,0.0134,2.2196,before,-0.8929,2.2196,10469510.0
2.1095,20210506,-0.11,000005.SZE,6895.0,0.0652,2.2196,2.1095,0.0,2.1095,before,-4.955,2.1095,1454845.0
2.0005,20210507,-0.11,000005.SZE,11898.0,0.1125,2.1095,2.0005,0.0,2.0005,before,-5.2133,2.0005,2379600.0
1.9002,20210510,-0.1,000005.SZE,17677.0,0.1671,2.0005,1.9002,0.0,1.9002,before,-5.0,1.9002,3358630.0
1.9002,20210511,-0.01,000005.SZE,353170.52,3.3383,1.9002,1.8095,0.0474,1.8905,before,-0.5263,1.8095,65261357.0
1.8797,20210512,-0.01,000005.SZE,156884.28,1.4829,1.8905,1.8397,0.0212,1.8797,before,-0.5291,1.8602,29200944.0
1.9703,20210513,0.09,000005.SZE,140067.86,1.324,1.8797,1.8602,0.0585,1.9703,before,4.7872,1.87,27185396.0
2.0696,20210514,0.01,000005.SZE,250835.1,2.371,1.9703,1.9703,0.0508,1.98,before,0.5076,2.0102,50673546.0
1.8797,20210517,-0.1,000005.SZE,31334.0,0.2962,1.98,1.8797,0.0,1.8797,before,-5.0505,1.8797,5890792.0
1.8397,20210518,-0.06,000005.SZE,178099.7,1.6834,1.8797,1.7901,0.0266,1.8203,before,-3.1915,1.7901,32092794.0
1.8505,20210519,0.0,000005.SZE,76864.43,0.7265,1.8203,1.8095,0.022000000000000002,1.8203,before,0.0,1.8095,14031886.0
1.8203,20210520,-0.09,000005.SZE,174930.0,1.6535,1.8203,1.7297,0.0495,1.7297,before,-4.9451,1.8203,30512159.0
1.7502,20210521,-0.02,000005.SZE,102863.59,0.9723,1.7297,1.68,0.0405,1.7103,before,-1.1561,1.7405,17505448.0
1.7405,20210524,0.02,000005.SZE,59675.25,0.5641,1.7103,1.6898,0.0292,1.7297,before,1.1696,1.6995,10286149.0
1.7502,20210525,0.01,000005.SZE,52673.59,0.4979,1.7297,1.72,0.0173,1.7405,before,0.578,1.7297,9151951.0
1.7696,20210526,0.02,000005.SZE,67821.81,0.6411,1.7405,1.72,0.0287,1.7599,before,1.1494,1.7405,11890297.0
1.8505,20210527,0.07,000005.SZE,123842.37,1.1706,1.7599,1.7405,0.0625,1.83,before,3.9773,1.7599,22503895.0
1.8505,20210528,-0.04,000005.SZE,100324.97,0.9483,1.83,1.7599,0.0492,1.7901,before,-2.1858,1.8203,18151736.0
1.7901,20210531,-0.04,000005.SZE,120967.84,1.1434,1.7901,1.72,0.0391,1.7502,before,-2.2346,1.7804,21132961.0
1.8203,20210601,0.04,000005.SZE,93974.82,0.8883,1.7502,1.7297,0.0514,1.7901,before,2.2857,1.7502,16756998.0
1.83,20210602,0.01,000005.SZE,82388.69,0.7788,1.7901,1.7696,0.0335,1.7998,before,0.5587,1.7998,14812102.0
1.8505,20210603,0.04,000005.SZE,105961.62,1.0016,1.7998,1.7901,0.0333,1.8397,before,2.2222,1.7998,19342334.0
1.87,20210604,-0.01,000005.SZE,82427.59,0.7791,1.8397,1.8203,0.0272,1.83,before,-0.5435,1.8397,15186147.0
1.9196,20210607,0.07,000005.SZE,179735.76,1.6989,1.83,1.8095,0.0601,1.9002,before,3.8251,1.83,33831971.0
1.9304,20210608,0.0,000005.SZE,107215.55,1.0134,1.9002,1.8797,0.0263,1.9002,before,0.0,1.9002,20323659.0
1.9595,20210609,0.05,000005.SZE,136121.78,1.2867,1.9002,1.8905,0.0368,1.9498,before,2.6316,1.9099,26322846.0
1.9498,20210610,-0.08,000005.SZE,149709.05,1.4151,1.9498,1.8602,0.0462,1.87,before,-4.1026,1.9498,28401760.0
1.8905,20210611,-0.01,000005.SZE,72591.51,0.6862,1.87,1.8397,0.0267,1.8602,before,-0.5348,1.87,13546913.0
1.8602,20210615,-0.04,000005.SZE,64975.26,0.6142,1.8602,1.8095,0.0269,1.8203,before,-2.1505,1.8602,11864924.0
1.8397,20210616,0.02,000005.SZE,55613.26,0.5257,1.8203,1.7901,0.0275,1.8397,before,1.0989,1.8203,10143698.0
1.8505,20210617,0.0,000005.SZE,48865.98,0.4619,1.8397,1.8203,0.0163,1.8397,before,0.0,1.83,8972447.0
1.8397,20210618,-0.02,000005.SZE,74899.56,0.708,1.8397,1.7998,0.0217,1.8203,before,-1.087,1.8397,13641685.0
1.8397,20210621,0.01,000005.SZE,67499.43,0.638,1.8203,1.8095,0.0165,1.83,before,0.5495,1.8095,12287173.0
1.9002,20210622,0.05,000005.SZE,105854.85,1.0006,1.83,1.8095,0.0492,1.8797,before,2.7322,1.8203,19678667.0
1.9099,20210623,0.0,000005.SZE,90291.28,0.8535,1.8797,1.8602,0.0266,1.8797,before,0.0,1.8797,17051815.0
1.9595,20210624,0.04,000005.SZE,180151.49,1.7028,1.8797,1.87,0.0479,1.9196,before,2.1277,1.8797,34805281.0
1.9595,20210625,0.02,000005.SZE,138037.62,1.3048,1.9196,1.9002,0.0313,1.9401,before,1.0417,1.9196,26582525.0
1.9498,20210628,-0.08,000005.SZE,143742.05,1.3587,1.9401,1.8505,0.0515,1.8602,before,-4.1237,1.9498,27199548.0
1.9196,20210629,0.03,000005.SZE,97958.76,0.9259,1.8602,1.83,0.0484,1.8905,before,1.6129,1.8505,18327073.0
1.9099,20210630,-0.01,000005.SZE,59032.0,0.5579999999999999,1.8905,1.8602,0.0265,1.8797,before,-0.5291,1.8905,11091696.0
1.8797,20210701,-0.05,000005.SZE,90090.06,0.8516,1.8797,1.83,0.0266,1.83,before,-2.6596,1.87,16657043.0
1.8602,20210702,0.02,000005.SZE,62580.7,0.5915,1.83,1.8095,0.0273,1.8505,before,1.0929,1.83,11502898.0
1.9196,20210705,0.05,000005.SZE,114523.31,1.0825,1.8505,1.8203,0.0541,1.9002,before,2.7027,1.8397,21486233.0
1.9099,20210706,-0.02,000005.SZE,108497.01,1.0255,1.9002,1.8602,0.0263,1.8797,before,-1.0526,1.8905,20422140.0
1.9196,20210707,0.02,000005.SZE,116492.33,1.1011,1.8797,1.8505,0.0372,1.9002,before,1.0638,1.87,22012218.0
2.0005,20210708,0.09,000005.SZE,356652.95,3.3712,1.9002,1.8797,0.0632,1.9897,before,4.7368,1.9002,69686751.0
2.0502,20210709,0.0,000005.SZE,257839.01,2.4372,1.9897,1.9401,0.0553,1.9897,before,0.0,1.9703,51245948.0
2.0005,20210712,-0.07,000005.SZE,214153.01,2.0242,1.9897,1.9099,0.0452,1.9196,before,-3.5176,2.0005,41680880.0
2.0199,20210713,0.1,000005.SZE,86478.35,0.8174,1.9196,2.0199,0.0,2.0199,before,5.2083,2.0199,17468626.0
2.1203,20210714,0.1,000005.SZE,33428.11,0.316,2.0199,2.1203,0.0,2.1203,before,4.9505,2.1203,7086759.0
2.2304,20210715,0.07,000005.SZE,782223.27,7.3938,2.1203,2.0502,0.0849,2.1904,before,3.3019,2.1796,169647569.0
2.1602,20210716,-0.08,000005.SZE,419250.36,3.9629,2.1904,2.0804,0.0365,2.1095,before,-3.653,2.13,88372641.0
2.0998,20210719,-0.04,000005.SZE,237388.67,2.2439,2.1095,2.0297,0.0332,2.0696,before,-1.8957,2.0998,49045726.0
2.1699,20210720,0.1,000005.SZE,282486.26,2.6701,2.0696,2.0404,0.0628,2.1699,before,4.8309,2.0502,60791100.0
2.2401,20210721,-0.05,000005.SZE,318587.1,3.0114,2.1699,2.1203,0.0553,2.1203,before,-2.3041,2.2401,68934737.0
2.1203,20210722,-0.04,000005.SZE,222569.75,2.1038,2.1203,2.0599,0.0283,2.0804,before,-1.8868,2.1095,46365167.0
2.1796,20210723,0.07,000005.SZE,297368.58,2.8108,2.0804,2.0199,0.0769,2.1505,before,3.3654,2.0599,62169442.0
2.2401,20210726,0.01,000005.SZE,256791.11,2.4273,2.1505,2.0804,0.0744,2.1602,before,0.4651,2.13,55127611.0
2.1796,20210727,-0.06,000005.SZE,173923.68,1.6440000000000001,2.1602,2.0901,0.0417,2.0998,before,-2.7778,2.1397,37126745.0
2.0998,20210728,-0.05,000005.SZE,160316.26,1.5154,2.0998,2.0102,0.0429,2.0502,before,-2.381,2.0804,32925617.0
2.0998,20210729,0.01,000005.SZE,105642.18,0.9986,2.0502,2.0502,0.0244,2.0599,before,0.4878,2.0599,21895379.0
2.1397,20210730,0.03,000005.SZE,138636.01,1.3104,2.0599,2.0297,0.0534,2.0901,before,1.4563,2.0599,28980641.0
2.1095,20210802,0.0,000005.SZE,111897.68,1.0577,2.0901,2.0502,0.0287,2.0901,before,0.0,2.0696,23346903.0
2.0998,20210803,-0.03,000005.SZE,120418.87,1.1382,2.0901,2.0404,0.0287,2.0599,before,-1.4354,2.0804,24914940.0
2.0599,20210804,-0.01,000005.SZE,97090.22,0.9177,2.0599,2.0297,0.0146,2.0502,before,-0.4854,2.0502,19849288.0
2.0599,20210805,-0.03,000005.SZE,102702.54,0.9708,2.0502,2.0102,0.0244,2.0199,before,-1.4634,2.0404,20854209.0
2.0199,20210806,-0.04,000005.SZE,114997.06,1.087,2.0199,1.98,0.0198,1.98,before,-1.9802,2.0102,22906349.0
2.0696,20210809,0.07,000005.SZE,113318.87,1.0711,1.98,1.98,0.0455,2.0502,before,3.5354,1.98,23091657.0
2.0696,20210810,0.0,000005.SZE,79169.0,0.7483,2.0502,2.0297,0.0195,2.0502,before,0.0,2.0599,16181279.0
2.0804,20210811,0.02,000005.SZE,100980.0,0.9545,2.0502,2.0404,0.0195,2.0696,before,0.9756,2.0502,20774281.0
2.0696,20210812,-0.01,000005.SZE,77835.26,0.7357,2.0696,2.0404,0.0145,2.0599,before,-0.4831,2.0696,16004562.0
2.0599,20210813,-0.01,000005.SZE,97861.0,0.925,2.0599,2.0297,0.0146,2.0502,before,-0.4854,2.0599,20026767.0
2.0901,20210816,0.02,000005.SZE,106122.01,1.0031,2.0502,2.0297,0.0293,2.0696,before,0.9756,2.0502,21883679.0
2.1602,20210817,0.02,000005.SZE,226305.22,2.1391,2.0696,2.0599,0.0483,2.0901,before,0.9662,2.0696,47966178.0
2.1505,20210818,-0.01,000005.SZE,189805.77,1.7941,2.0901,2.0599,0.0431,2.0804,before,-0.4785,2.0804,39807836.0
2.0804,20210819,-0.03,000005.SZE,111599.07,1.0549,2.0804,2.0297,0.024,2.0502,before,-1.4423,2.0804,22887779.0
2.0599,20210820,0.0,000005.SZE,86182.04,0.8146,2.0502,2.0199,0.0195,2.0502,before,0.0,2.0502,17544859.0
2.0998,20210823,0.04,000005.SZE,89598.45,0.8469,2.0502,2.0502,0.0244,2.0901,before,1.9512,2.0502,18632367.0
2.0901,20210824,-0.03,000005.SZE,89019.83,0.8414,2.0901,2.0502,0.0191,2.0599,before,-1.4354,2.0901,18460035.0
2.1602,20210825,0.1,000005.SZE,273980.7,2.5897,2.0599,2.0599,0.0485,2.1602,before,4.8544,2.0599,58370394.0
2.1699,20210826,0.01,000005.SZE,214771.92,2.0301,2.1602,2.1095,0.0278,2.1699,before,0.46299999999999997,2.1699,46079901.0
2.2401,20210827,0.0,000005.SZE,282435.63,2.6697,2.1699,2.1505,0.0415,2.1699,before,0.0,2.1699,61850644.0
2.28,20210830,0.11,000005.SZE,249508.58,2.3584,2.1699,2.1796,0.0461,2.28,before,5.0691,2.1904,56620808.0
2.39,20210831,0.11,000005.SZE,44144.36,0.4173,2.28,2.39,0.0,2.39,before,4.8246,2.39,10550502.0
2.5098,20210901,-0.03,000005.SZE,608189.79,5.7488,2.39,2.2897,0.0921,2.3598,before,-1.2552,2.5098,145668922.0
2.3998,20210902,0.02,000005.SZE,327271.82,3.0935,2.3598,2.2703,0.0551,2.3803,before,0.8475,2.3296,76266239.0
2.43,20210903,-0.04,000005.SZE,236059.01,2.2313,2.3803,2.3296,0.042,2.3404,before,-1.6807,2.3598,55648587.0
2.3598,20210906,-0.08,000005.SZE,196038.33,1.8530000000000002,2.3404,2.2595,0.0427,2.2595,before,-3.4188,2.3199,44846817.0
2.3199,20210907,0.03,000005.SZE,153792.21,1.4537,2.2595,2.2595,0.0265,2.2897,before,1.3274,2.2595,35203352.0
2.3404,20210908,0.02,000005.SZE,151764.71,1.4345,2.2897,2.2595,0.0349,2.3102,before,0.8734,2.28,34888197.0
2.3296,20210909,0.01,000005.SZE,135770.87,1.2833,2.3102,2.28,0.0216,2.3199,before,0.4329,2.3102,31254643.0
2.3102,20210910,-0.07,000005.SZE,169818.0,1.6052,2.3199,2.2498,0.0259,2.2498,before,-3.0172,2.3102,38710884.0
2.3501,20210913,0.07,000005.SZE,178321.33,1.6855,2.2498,2.2595,0.04,2.3199,before,3.1111,2.2595,41183515.0
2.3199,20210914,-0.05,000005.SZE,145508.0,1.3754,2.3199,2.2498,0.0302,2.2703,before,-2.1552,2.3102,33145107.0
2.3102,20210915,0.02,000005.SZE,84257.5,0.7964,2.2703,2.2401,0.0308,2.2897,before,0.8811,2.2498,19265994.0
2.3199,20210916,-0.01,000005.SZE,102530.22,0.9691,2.2897,2.2595,0.0262,2.28,before,-0.4367,2.2897,23412903.0
2.3005,20210917,-0.02,000005.SZE,95837.59,0.9059,2.28,2.2304,0.0307,2.2595,before,-0.8772,2.2703,21725636.0
2.3102,20210922,0.03,000005.SZE,113765.95,1.0753,2.2595,2.1904,0.0531,2.2897,before,1.3274,2.2401,25912234.0
2.3404,20210923,0.04,000005.SZE,153650.24,1.4523,2.2897,2.2703,0.0306,2.3296,before,1.7467,2.2897,35453852.0
2.3199,20210924,-0.07,000005.SZE,129060.0,1.2199,2.3296,2.2595,0.0258,2.2595,before,-3.0043,2.3199,29475748.0
2.2595,20210927,-0.11,000005.SZE,163228.84,1.5429,2.2595,2.1505,0.0487,2.1505,before,-4.8673,2.2498,35587429.0
2.1699,20210928,0.01,000005.SZE,73134.23,0.6913,2.1505,2.1095,0.0279,2.1602,before,0.4651,2.13,15667471.0
2.1505,20210929,-0.09,000005.SZE,102151.0,0.9656,2.1602,2.0599,0.0417,2.0696,before,-4.1667,2.1397,21474450.0
2.1203,20210930,0.04,000005.SZE,63661.9,0.6017,2.0696,2.0599,0.028999999999999998,2.1095,before,1.9324,2.0696,13286892.0
2.1904,20211008,0.06,000005.SZE,77105.55,0.7288,2.1095,2.1203,0.0332,2.1699,before,2.8436,2.13,16595198.0
2.2498,20211011,0.06,000005.SZE,118377.18,1.1189,2.1699,2.1602,0.0415,2.2304,before,2.765,2.1699,26179646.0
2.2498,20211012,-0.03,000005.SZE,85729.0,0.8103,2.2304,2.1699,0.0359,2.2001,before,-1.3453,2.2098,18975077.0
2.2001,20211013,-0.03,000005.SZE,74808.15,0.7071,2.2001,2.1397,0.0273,2.1699,before,-1.3636,2.1904,16225538.0
2.1699,20211014,0.0,000005.SZE,64710.0,0.6117,2.1699,2.1095,0.0276,2.1699,before,0.0,2.1699,13907593.0
2.28,20211015,0.11,000005.SZE,303330.03,2.8672,2.1699,2.2001,0.0369,2.28,before,5.0691,2.2304,68968500.0
2.2401,20211018,-0.06,000005.SZE,204383.73,1.9319,2.28,2.1904,0.0219,2.2196,before,-2.6316,2.2196,45358937.0
2.2595,20211019,0.0,000005.SZE,84017.0,0.7942,2.2196,2.2098,0.0225,2.2196,before,0.0,2.2196,18735784.0
2.3102,20211020,0.06,000005.SZE,157885.78,1.4924,2.2196,2.1904,0.0541,2.28,before,2.7027,2.2196,35656192.0
2.3199,20211021,0.01,000005.SZE,136323.93,1.2886,2.28,2.2498,0.0307,2.2897,before,0.4386,2.2595,31218240.0
2.3102,20211022,-0.03,000005.SZE,86240.32,0.8152,2.2897,2.2498,0.0262,2.2595,before,-1.31,2.3005,19622258.0
2.28,20211025,0.0,000005.SZE,81085.59,0.7664,2.2595,2.2304,0.0221,2.2595,before,0.0,2.2595,18342172.0
2.28,20211026,-0.03,000005.SZE,83207.01,0.7865,2.2595,2.2304,0.0221,2.2304,before,-1.3274,2.2498,18731435.0
2.2401,20211027,-0.04,000005.SZE,82444.06,0.7793,2.2304,2.1699,0.0314,2.1904,before,-1.7937,2.2196,18092031.0
2.2304,20211028,-0.02,000005.SZE,85856.62,0.8115,2.1904,2.1397,0.0411,2.1699,before,-0.9132,2.1699,18711223.0
2.1904,20211029,0.02,000005.SZE,87380.68,0.8259,2.1699,2.1397,0.023,2.1904,before,0.9217,2.1602,18901535.0
2.1796,20211101,-0.03,000005.SZE,67938.0,0.6422,2.1904,2.1505,0.0137,2.1602,before,-1.3699,2.1796,14713855.0
2.1602,20211102,-0.09,000005.SZE,174514.5,1.6496,2.1602,2.0599,0.0463,2.0696,before,-4.1667,2.1505,36436635.0
2.0998,20211103,0.02,000005.SZE,73529.67,0.695,2.0696,2.0502,0.0242,2.0901,before,0.9662,2.0599,15255666.0
2.0998,20211104,0.0,000005.SZE,87142.51,0.8237,2.0901,2.0404,0.0287,2.0901,before,0.0,2.0901,18050949.0
2.1095,20211105,-0.01,000005.SZE,75493.91,0.7136,2.0901,2.0599,0.0239,2.0804,before,-0.4785,2.0804,15735612.0
2.1505,20211108,0.05,000005.SZE,101012.22,0.9548,2.0804,2.0696,0.0385,2.13,before,2.4038,2.0901,21400255.0
2.1602,20211109,0.01,000005.SZE,78579.28,0.7428,2.13,2.1095,0.0235,2.1397,before,0.4695,2.1203,16761524.0
2.1397,20211110,-0.02,000005.SZE,81110.08,0.7667,2.1397,2.0901,0.0234,2.1203,before,-0.9346,2.1397,17125224.0
2.1397,20211111,0.01,000005.SZE,68316.38,0.6457,2.1203,2.1095,0.0142,2.13,before,0.4717,2.1203,14545752.0
2.13,20211112,-0.02,000005.SZE,56351.03,0.5326,2.13,2.0998,0.0141,2.1095,before,-0.9390000000000001,2.13,11922546.0
2.2196,20211115,0.09,000005.SZE,190905.96,1.8045,2.1095,2.0998,0.0569,2.2001,before,4.2654,2.1203,41600780.0
2.2098,20211116,-0.03,000005.SZE,101370.07,0.9582,2.2001,2.1602,0.0227,2.1699,before,-1.3636,2.1796,22112415.0
2.1796,20211117,0.01,000005.SZE,98085.84,0.9271,2.1699,2.13,0.023,2.1796,before,0.4608,2.1505,21122754.0
2.1796,20211118,-0.04,000005.SZE,71911.18,0.6797,2.1796,2.1397,0.0183,2.1397,before,-1.8349,2.1699,15510426.0
2.1602,20211119,0.02,000005.SZE,54485.62,0.515,2.1397,2.1095,0.0234,2.1602,before,0.9346,2.1505,11703905.0
2.1602,20211122,-0.03,000005.SZE,68813.0,0.6504,2.1602,2.1203,0.0185,2.13,before,-1.3889,2.1397,14673469.0
2.13,20211123,0.0,000005.SZE,69905.84,0.6608,2.13,2.0998,0.0141,2.13,before,0.0,2.1203,14784678.0
2.1699,20211124,0.0,000005.SZE,88099.49,0.8327,2.13,2.1095,0.0282,2.13,before,0.0,2.13,18866186.0
2.1505,20211125,0.01,000005.SZE,58618.91,0.5541,2.13,2.1203,0.0141,2.1397,before,0.4695,2.13,12501364.0
2.1796,20211126,0.03,000005.SZE,86515.0,0.8178,2.1397,2.1203,0.027999999999999997,2.1699,before,1.4019,2.1397,18687206.0
2.1796,20211129,-0.02,000005.SZE,77224.27,0.7299,2.1699,2.13,0.023,2.1505,before,-0.9217,2.1397,16606715.0
2.2196,20211130,0.04,000005.SZE,101855.64,0.9628,2.1505,2.1505,0.0326,2.1904,before,1.8605,2.1505,22260655.0
2.2196,20211201,0.03,000005.SZE,105416.63,0.9964,2.1904,2.1699,0.0228,2.2196,before,1.3699,2.1796,23163586.0
2.3102,20211202,0.03,000005.SZE,174601.01,1.6504,2.2196,2.2098,0.045,2.2498,before,1.3514,2.2196,39444560.0
2.2498,20211203,-0.03,000005.SZE,93572.09,0.8845,2.2498,2.2098,0.0178,2.2196,before,-1.3333,2.2304,20843332.0
2.3199,20211206,0.05,000005.SZE,175520.9,1.6591,2.2196,2.2401,0.036000000000000004,2.2703,before,2.2523,2.2401,40026060.0
2.3803,20211207,0.08,000005.SZE,275486.68,2.6039999999999996,2.2703,2.2498,0.0573,2.3501,before,3.5242,2.28,63775590.0
2.3598,20211208,-0.06,000005.SZE,219453.45,2.0743,2.3501,2.2703,0.0383,2.2897,before,-2.5532,2.3296,50697070.0
2.2897,20211209,-0.06,000005.SZE,139956.11,1.3229,2.2897,2.2304,0.0262,2.2304,before,-2.6201,2.2703,31502020.0
2.2703,20211210,0.02,000005.SZE,78807.82,0.7449,2.2304,2.2196,0.0224,2.2498,before,0.8969,2.2401,17749711.0
2.2595,20211213,-0.05,000005.SZE,126256.0,1.1934,2.2498,2.1904,0.0311,2.2001,before,-2.2222,2.2498,27936783.0
2.2196,20211214,0.01,000005.SZE,76052.03,0.7189,2.2001,2.1796,0.0182,2.2098,before,0.4545,2.2001,16780385.0
2.2498,20211215,0.01,000005.SZE,72885.38,0.6889,2.2098,2.1904,0.0271,2.2196,before,0.4525,2.2098,16159409.0
2.28,20211216,0.05,000005.SZE,99212.95,0.9378,2.2196,2.2196,0.027000000000000003,2.2703,before,2.2523,2.2304,22343622.0
2.2897,20211217,-0.01,000005.SZE,87148.49,0.8238,2.2703,2.2401,0.022000000000000002,2.2595,before,-0.4405,2.2498,19665065.0
2.2595,20211220,-0.04,000005.SZE,89102.11,0.8422,2.2595,2.2098,0.0221,2.2196,before,-1.7699,2.2401,19893188.0
2.28,20211221,0.05,000005.SZE,108944.63,1.0298,2.2196,2.2196,0.027000000000000003,2.2703,before,2.2523,2.2196,24598045.0
2.3102,20211222,0.02,000005.SZE,132185.04,1.2494,2.2703,2.2498,0.0264,2.2897,before,0.8811,2.28,30095764.0
2.3102,20211223,-0.02,000005.SZE,107833.91,1.0193,2.2897,2.2595,0.0218,2.2703,before,-0.8734,2.28,24628144.0
2.2897,20211224,-0.03,000005.SZE,94257.6,0.8909,2.2703,2.2304,0.0264,2.2401,before,-1.3216,2.2703,21205260.0
2.2703,20211227,0.02,000005.SZE,52857.07,0.4996,2.2401,2.2401,0.0134,2.2595,before,0.8929,2.2401,11919811.0
2.2897,20211228,0.03,000005.SZE,85525.6,0.8084,2.2595,2.2498,0.0177,2.2897,before,1.3274,2.2595,19403766.0
2.3199,20211229,0.0,000005.SZE,102824.06,0.9719,2.2897,2.2703,0.0218,2.2897,before,0.0,2.3005,23568302.0
2.3102,20211230,0.0,000005.SZE,93526.39,0.884,2.2897,2.2703,0.0175,2.2897,before,0.0,2.2897,21447869.0
2.3102,20211231,0.01,000005.SZE,95345.27,0.9012,2.2897,2.2703,0.0175,2.3005,before,0.4367,2.2897,21873742.0
2.3598,20220104,0.06,000005.SZE,146239.54,1.3823,2.3005,2.28,0.0348,2.3598,before,2.6087,2.3005,33945745.0
2.3803,20220105,-0.06,000005.SZE,160685.91,1.5188,2.3598,2.28,0.0424,2.3005,before,-2.5424,2.3501,37403381.0
2.3404,20220106,0.02,000005.SZE,102012.4,0.9642,2.3005,2.28,0.0261,2.3199,before,0.8696,2.2897,23653167.0
2.3404,20220107,-0.01,000005.SZE,108558.62,1.0261,2.3199,2.3005,0.0172,2.3102,before,-0.431,2.3199,25140512.0
2.3296,20220110,0.02,000005.SZE,60620.3,0.573,2.3102,2.2897,0.0173,2.3296,before,0.8658,2.3102,14035001.0
2.3803,20220111,0.01,000005.SZE,110803.62,1.0473,2.3296,2.3199,0.0258,2.3404,before,0.4292,2.3296,26041639.0
2.4602,20220112,0.09,000005.SZE,222631.58,2.1044,2.3404,2.3404,0.0513,2.43,before,3.8462,2.3501,53527067.0
2.4203,20220113,-0.07,000005.SZE,164348.04,1.5535,2.43,2.3501,0.0288,2.3598,before,-2.8807,2.4203,39258257.0
2.3598,20220114,-0.06,000005.SZE,155604.15,1.4708,2.3598,2.28,0.0339,2.3005,before,-2.5424,2.3501,35999968.0
2.3199,20220117,0.02,000005.SZE,74435.48,0.7036,2.3005,2.2897,0.013000000000000001,2.3199,before,0.8696,2.2897,17166423.0
2.28,20220118,-0.12,000005.SZE,191997.0,1.8148,2.3199,2.2001,0.0345,2.2001,before,-5.1724,2.28,42561703.0
2.1602,20220119,-0.07,000005.SZE,273678.02,2.5869,2.2001,2.0901,0.0318,2.13,before,-3.1818,2.1203,57729459.0
2.13,20220120,-0.04,000005.SZE,110948.0,1.0487,2.13,2.0901,0.0188,2.0901,before,-1.8779,2.1203,23373834.0
2.1203,20220121,0.02,000005.SZE,60827.71,0.575,2.0901,2.0804,0.0191,2.1095,before,0.9569,2.0901,12783802.0
2.1505,20220124,0.01,000005.SZE,67987.0,0.6426,2.1095,2.0998,0.0237,2.1203,before,0.4739,2.0998,14472268.0
2.13,20220125,-0.07,000005.SZE,82152.0,0.7765,2.1203,2.0502,0.0377,2.0502,before,-3.3019,2.1095,17153615.0
2.0901,20220126,0.01,000005.SZE,54753.06,0.5175,2.0502,2.0297,0.0293,2.0599,before,0.4878,2.0502,11284803.0
2.1505,20220127,0.02,000005.SZE,136071.7,1.2862,2.0599,2.0696,0.0388,2.0804,before,0.9709,2.13,28764933.0
2.1602,20220128,0.06,000005.SZE,86585.3,0.8184,2.0804,2.0297,0.0625,2.1397,before,2.8846,2.0696,18260463.0
2.1699,20220207,0.01,000005.SZE,94350.26,0.8918,2.1397,2.13,0.0187,2.1505,before,0.4673,2.1505,20253551.0
2.2595,20220208,0.08,000005.SZE,131482.91,1.2428,2.1505,2.1699,0.0419,2.2304,before,3.7209,2.1796,29242653.0
2.2401,20220209,0.0,000005.SZE,80119.25,0.7573,2.2304,2.2098,0.0135,2.2304,before,0.0,2.2196,17814453.0
2.2595,20220210,0.02,000005.SZE,72250.71,0.6829,2.2304,2.2196,0.0179,2.2498,before,0.8969,2.2401,16177927.0
2.2401,20220211,-0.03,000005.SZE,70381.0,0.6653,2.2498,2.2001,0.0178,2.2196,before,-1.3333,2.2401,15617935.0
2.2498,20220214,0.0,000005.SZE,64403.0,0.6088,2.2196,2.2001,0.0225,2.2196,before,0.0,2.2001,14320844.0
2.2304,20220215,0.0,000005.SZE,42123.0,0.3982,2.2196,2.2001,0.0135,2.2196,before,0.0,2.2196,9323877.0
2.2401,20220216,0.01,000005.SZE,40367.39,0.3816,2.2196,2.2196,0.009000000000000001,2.2304,before,0.4505,2.2196,8985309.0
2.2703,20220217,0.0,000005.SZE,90020.18,0.8509,2.2304,2.2098,0.0269,2.2304,before,0.0,2.2304,20156545.0
2.2401,20220218,0.01,000005.SZE,49535.5,0.4682,2.2304,2.2098,0.0135,2.2401,before,0.4484,2.2196,11015694.0
2.2595,20220221,0.02,000005.SZE,76347.95,0.7217,2.2401,2.2098,0.0223,2.2595,before,0.8929,2.2401,17082349.0
2.2498,20220222,-0.03,000005.SZE,54521.0,0.5153,2.2595,2.2196,0.0133,2.2304,before,-1.3274,2.2401,12174081.0
2.2498,20220223,0.02,000005.SZE,33631.0,0.3179,2.2304,2.2304,0.009000000000000001,2.2498,before,0.8969,2.2304,7540895.0
2.2498,20220224,-0.09,000005.SZE,128242.5,1.2122,2.2498,2.1397,0.0489,2.1602,before,-4.0,2.2401,28096159.0
2.2098,20220225,0.04,000005.SZE,60127.21,0.5683,2.1602,2.1699,0.0185,2.2001,before,1.8519,2.1796,13208617.0
2.2304,20220228,0.0,000005.SZE,52583.02,0.49700000000000005,2.2001,2.1699,0.0273,2.2001,before,0.0,2.2001,11574192.0
2.3102,20220301,0.09,000005.SZE,142295.51,1.345,2.2001,2.2098,0.0455,2.2897,before,4.0909,2.2098,32345160.0
2.3102,20220302,-0.01,000005.SZE,67629.0,0.6392,2.2897,2.2595,0.0218,2.28,before,-0.4367,2.2897,15440536.0
2.2897,20220303,-0.01,000005.SZE,52418.42,0.4955,2.28,2.2498,0.0175,2.2703,before,-0.4386,2.28,11886062.0
2.28,20220304,-0.01,000005.SZE,46346.57,0.4381,2.2703,2.2401,0.0176,2.2595,before,-0.4405,2.2703,10483754.0
2.3296,20220307,0.01,000005.SZE,93739.0,0.8859999999999999,2.2595,2.2595,0.031,2.2703,before,0.4425,2.2703,21491258.0
2.28,20220308,-0.07,000005.SZE,80815.0,0.7639,2.2703,2.2001,0.0352,2.2001,before,-3.0837,2.2703,18086882.0
2.2304,20220309,-0.05,000005.SZE,116438.51,1.1006,2.2001,2.0901,0.0636,2.1505,before,-2.2727,2.2098,24928190.0
2.2001,20220310,0.02,000005.SZE,62922.83,0.5948,2.1505,2.1505,0.0233,2.1699,before,0.9302,2.1796,13697623.0
2.1796,20220311,0.0,000005.SZE,59627.97,0.5636,2.1699,2.1203,0.0276,2.1699,before,0.0,2.1602,12780543.0
2.1699,20220314,-0.05,000005.SZE,56047.0,0.5298,2.1699,2.1203,0.023,2.1203,before,-2.3041,2.1602,12002388.0
2.13,20220315,-0.07,000005.SZE,105473.13,0.997,2.1203,2.0297,0.0472,2.0502,before,-3.3019,2.1203,21891947.0
2.1095,20220316,0.04,000005.SZE,75986.91,0.7182,2.0502,2.0297,0.039,2.0901,before,1.9512,2.0599,15739507.0
2.1505,20220317,0.04,000005.SZE,66874.85,0.6321,2.0901,2.0998,0.0239,2.13,before,1.9139,2.0998,14224690.0
2.1602,20220318,0.02,000005.SZE,49340.02,0.4664,2.13,2.1095,0.0235,2.1505,before,0.9390000000000001,2.1203,10580785.0
2.1796,20220321,0.01,000005.SZE,49219.37,0.4652,2.1505,2.1397,0.0186,2.1602,before,0.4651,2.1505,10619054.0
2.1602,20220322,-0.01,000005.SZE,38652.96,0.3654,2.1602,2.13,0.0139,2.1505,before,-0.46299999999999997,2.1602,8285957.0
2.1699,20220323,0.01,000005.SZE,48220.0,0.4558,2.1505,2.1397,0.013999999999999999,2.1602,before,0.4651,2.1505,10396818.0
2.1699,20220324,-0.01,000005.SZE,42892.88,0.4054,2.1602,2.13,0.0185,2.1505,before,-0.46299999999999997,2.1505,9207478.0
2.2498,20220325,0.06,000005.SZE,152140.08,1.4381,2.1505,2.1397,0.0512,2.2098,before,2.7907,2.1397,33358912.0
2.3005,20220328,0.06,000005.SZE,167897.01,1.587,2.2098,2.1602,0.0633,2.2703,before,2.7149,2.1904,37776178.0
2.2595,20220329,-0.04,000005.SZE,91575.0,0.8656,2.2703,2.2196,0.0176,2.2304,before,-1.7621,2.2401,20497867.0
2.2703,20220330,0.01,000005.SZE,71146.17,0.6725,2.2304,2.2196,0.0224,2.2401,before,0.4484,2.2304,15965014.0
2.2595,20220331,0.02,000005.SZE,83784.12,0.792,2.2401,2.2001,0.0268,2.2595,before,0.8929,2.2304,18679367.0
2.2595,20220401,-0.01,000005.SZE,84248.7,0.7963,2.2595,2.2196,0.0177,2.2498,before,-0.4425,2.2401,18891550.0
2.3005,20220406,0.03,000005.SZE,84135.3,0.7953,2.2498,2.2498,0.0222,2.28,before,1.3333,2.2498,19146067.0
2.28,20220407,-0.05,000005.SZE,73997.81,0.6994,2.28,2.2304,0.0219,2.2304,before,-2.193,2.2703,16688314.0
2.2595,20220408,0.01,000005.SZE,58332.81,0.5514,2.2304,2.2196,0.0179,2.2401,before,0.4484,2.2401,13046948.0
2.2498,20220411,-0.03,000005.SZE,68360.0,0.6462,2.2401,2.2001,0.0223,2.2098,before,-1.3393,2.2401,15220196.0
2.2897,20220412,0.07,000005.SZE,89589.73,0.8468,2.2098,2.1904,0.0452,2.28,before,3.1674,2.2098,20130126.0
2.28,20220413,-0.03,000005.SZE,87450.95,0.8266,2.28,2.2401,0.0175,2.2498,before,-1.3158,2.2703,19818911.0
2.28,20220414,0.01,000005.SZE,54168.36,0.512,2.2498,2.2401,0.0178,2.2595,before,0.4444,2.2401,12236474.0
2.2595,20220415,-0.02,000005.SZE,74665.0,0.7058,2.2595,2.2196,0.0177,2.2401,before,-0.885,2.2595,16708245.0
2.2401,20220418,-0.01,000005.SZE,59798.0,0.5652,2.2401,2.1904,0.0223,2.2304,before,-0.4464,2.2401,13284960.0
2.2304,20220419,-0.01,000005.SZE,57602.54,0.5445,2.2304,2.2098,0.009000000000000001,2.2196,before,-0.4484,2.2304,12781479.0
2.28,20220420,0.05,000005.SZE,149655.65,1.4146,2.2196,2.2098,0.0315,2.2703,before,2.2523,2.2098,33844067.0
2.2897,20220421,-0.02,000005.SZE,125699.0,1.1881,2.2703,2.2304,0.0264,2.2498,before,-0.8811,2.2703,28392852.0
2.3598,20220422,0.06,000005.SZE,211077.21,1.9952,2.2498,2.2098,0.0667,2.3102,before,2.6667,2.2401,48702471.0
2.3404,20220425,-0.12,000005.SZE,237020.61,2.2404,2.3102,2.1904,0.0649,2.1904,before,-5.1948,2.3102,53661282.0
2.2001,20220426,-0.06,000005.SZE,138099.0,1.3053,2.1904,2.0804,0.0548,2.13,before,-2.7397,2.1699,29515359.0
2.0199,20220427,-0.11,000005.SZE,65035.0,0.6147,2.13,2.0199,0.0,2.0199,before,-5.1643,2.0199,13137070.0
1.9196,20220428,-0.1,000005.SZE,42886.0,0.4054,2.0199,1.9196,0.0,1.9196,before,-4.9505,1.9196,8234112.0
1.9002,20220429,-0.06,000005.SZE,314633.62,2.9739999999999998,1.9196,1.8203,0.0417,1.8602,before,-3.125,1.8203,58225349.0
1.8505,20220505,-0.06,000005.SZE,178677.33,1.6889,1.8602,1.7696,0.043,1.7998,before,-3.2258,1.8505,32183997.0
1.7696,20220506,-0.08,000005.SZE,142383.16,1.3458,1.7998,1.7103,0.0333,1.72,before,-4.4444,1.7696,24677066.0
1.8095,20220509,0.09,000005.SZE,71698.62,0.6777,1.72,1.7103,0.0581,1.8095,before,5.2326,1.7103,12812900.0
1.87,20220510,0.01,000005.SZE,131516.43,1.2431,1.8095,1.8095,0.0331,1.8203,before,0.5525,1.83,24030645.0
1.83,20220511,-0.02,000005.SZE,81993.72,0.775,1.8203,1.7998,0.0165,1.7998,before,-1.0989,1.7998,14887702.0
1.8095,20220512,0.0,000005.SZE,59813.5,0.5654,1.7998,1.7804,0.0167,1.7998,before,0.0,1.7901,10752958.0
1.8505,20220513,0.04,000005.SZE,73300.01,0.6929,1.7998,1.7901,0.0333,1.8397,before,2.2222,1.8095,13318648.0
1.8397,20220516,-0.01,000005.SZE,55749.1,0.527,1.8397,1.8203,0.0109,1.83,before,-0.5435,1.83,10195790.0
1.8397,20220517,-0.02,000005.SZE,66730.5,0.6308,1.83,1.7901,0.0273,1.8095,before,-1.0929,1.8397,12110332.0
1.83,20220518,0.0,000005.SZE,59577.68,0.5631,1.8095,1.7804,0.0276,1.8095,before,0.0,1.8095,10781336.0
1.8905,20220519,0.06,000005.SZE,102870.62,0.9724,1.8095,1.7901,0.0552,1.87,before,3.3149,1.7901,18957839.0
1.9099,20220520,0.01,000005.SZE,103109.4,0.9746,1.87,1.8505,0.0321,1.8797,before,0.5348,1.8602,19376538.0
1.9703,20220523,0.07,000005.SZE,126752.41,1.1981,1.8797,1.87,0.0532,1.9498,before,3.7234,1.8797,24585408.0
1.9498,20220524,-0.1,000005.SZE,134338.03,1.2698,1.9498,1.8505,0.0513,1.8505,before,-5.1282,1.9304,25285940.0
1.87,20220525,0.02,000005.SZE,68926.16,0.6515,1.8505,1.83,0.0216,1.87,before,1.0811,1.83,12792748.0
1.9099,20220526,0.01,000005.SZE,72762.02,0.6878,1.87,1.8505,0.0321,1.8797,before,0.5348,1.8505,13649286.0
1.8797,20220527,-0.02,000005.SZE,64554.23,0.6102,1.8797,1.8397,0.0213,1.8602,before,-1.0638,1.87,11990883.0
1.87,20220530,0.0,000005.SZE,52814.48,0.4992,1.8602,1.8397,0.0161,1.8602,before,0.0,1.8505,9777471.0
1.8905,20220531,0.03,000005.SZE,67188.68,0.6351,1.8602,1.8397,0.0269,1.8905,before,1.6129,1.8505,12575352.0
1.9099,20220601,-0.02,000005.SZE,56483.0,0.5339,1.8905,1.8602,0.0265,1.87,before,-1.0582,1.8797,10644449.0
1.9099,20220602,0.02,000005.SZE,66880.97,0.6322,1.87,1.8602,0.0267,1.8905,before,1.0695,1.87,12634637.0
1.9099,20220606,0.0,000005.SZE,83152.97,0.7859999999999999,1.8905,1.87,0.0212,1.8905,before,0.0,1.9002,15759383.0
1.8905,20220607,-0.01,000005.SZE,55578.4,0.5253,1.8905,1.8602,0.0159,1.8797,before,-0.5291,1.8905,10418862.0
1.9002,20220608,0.0,000005.SZE,60265.0,0.5696,1.8797,1.8505,0.0266,1.8797,before,0.0,1.8797,11324974.0
1.87,20220609,-0.07,000005.SZE,99857.0,0.9439,1.8797,1.7998,0.0372,1.8095,before,-3.7234,1.87,18224599.0
1.83,20220610,0.01,000005.SZE,52142.0,0.4929,1.8095,1.7804,0.0276,1.8203,before,0.5525,1.7998,9428679.0
1.8203,20220613,-0.01,000005.SZE,46132.32,0.4361,1.8203,1.7901,0.0165,1.8095,before,-0.5495,1.7998,8320734.0
1.7998,20220614,-0.02,000005.SZE,64769.5,0.6122,1.8095,1.7599,0.0221,1.7901,before,-1.105,1.7998,11520304.0
1.83,20220615,0.02,000005.SZE,84305.0,0.7969,1.7901,1.7901,0.0223,1.8095,before,1.1173,1.7998,15242631.0
1.8203,20220616,0.0,000005.SZE,46900.34,0.4433,1.8095,1.7998,0.011000000000000001,1.8095,before,0.0,1.8203,8488612.0
1.8095,20220617,-0.01,000005.SZE,53820.56,0.5087,1.8095,1.7804,0.0166,1.7998,before,-0.5525,1.7998,9659107.0
1.8203,20220620,0.02,000005.SZE,46421.01,0.4388,1.7998,1.7901,0.0167,1.8203,before,1.1111,1.7998,8373639.0
1.83,20220621,-0.01,000005.SZE,45362.01,0.4288,1.8203,1.7998,0.0165,1.8095,before,-0.5495,1.8203,8237760.0
1.8905,20220622,0.04,000005.SZE,106781.58,1.0093,1.8095,1.8095,0.0442,1.8505,before,2.2099,1.8203,19794144.0
1.8203,20220623,-0.03,000005.SZE,121986.75,1.1531,1.8505,1.7599,0.0324,1.8203,before,-1.6216,1.8095,21841506.0
1.8095,20220624,-0.01,000005.SZE,58164.03,0.5498,1.8203,1.7901,0.011000000000000001,1.8095,before,-0.5495,1.8095,10481679.0
1.83,20220627,0.0,000005.SZE,58298.0,0.551,1.8095,1.7998,0.0166,1.8095,before,0.0,1.8095,10567490.0
1.83,20220628,0.01,000005.SZE,67306.14,0.6362,1.8095,1.8095,0.011000000000000001,1.8203,before,0.5525,1.8095,12242787.0
1.83,20220629,-0.03,000005.SZE,72756.0,0.6877,1.8203,1.7804,0.0275,1.7901,before,-1.6484,1.8203,13148119.0
1.83,20220630,0.03,000005.SZE,51128.17,0.4833,1.7901,1.7998,0.0168,1.8203,before,1.676,1.7998,9269589.0
1.8397,20220701,0.01,000005.SZE,76895.42,0.7268,1.8203,1.8095,0.0165,1.83,before,0.5495,1.8095,14057738.0
1.7405,20220704,-0.09,000005.SZE,46438.0,0.4389,1.83,1.7405,0.0,1.7405,before,-4.918,1.7405,8080212.0
1.7103,20220705,-0.06,000005.SZE,375599.55,3.5503,1.7405,1.6498,0.0345,1.68,before,-3.4483,1.6498,62464277.0
1.68,20220706,-0.01,000005.SZE,208559.21,1.9714,1.68,1.6196,0.0357,1.6703,before,-0.5952,1.6498,34337318.0
1.68,20220707,-0.01,000005.SZE,118850.99,1.1234,1.6703,1.6498,0.018000000000000002,1.6595,before,-0.5988,1.6595,19755761.0
1.6703,20220708,0.0,000005.SZE,64867.12,0.6131,1.6595,1.6401,0.0181,1.6595,before,0.0,1.6498,10739527.0
1.6595,20220711,0.0,000005.SZE,58371.11,0.5517,1.6595,1.6401,0.012,1.6595,before,0.0,1.6498,9617284.0
1.68,20220712,0.01,000005.SZE,101327.66,0.9578,1.6595,1.6401,0.0241,1.6703,before,0.6024,1.6595,16781293.0
1.7502,20220713,0.06,000005.SZE,164298.83,1.5530000000000002,1.6703,1.6595,0.0539,1.7297,before,3.5928,1.6595,28212292.0
1.7297,20220714,-0.03,000005.SZE,94999.77,0.898,1.7297,1.6898,0.0231,1.6995,before,-1.7341,1.7297,16243647.0
1.7405,20220715,-0.01,000005.SZE,82739.0,0.7821,1.6995,1.68,0.0353,1.6898,before,-0.5882,1.72,14058024.0
1.7297,20220718,0.03,000005.SZE,69422.0,0.6562,1.6898,1.6703,0.0355,1.72,before,1.7751,1.68,11844512.0
1.7405,20220719,0.01,000005.SZE,57437.02,0.5429,1.72,1.7103,0.0174,1.7297,before,0.5814,1.7103,9892150.0
1.7998,20220720,0.05,000005.SZE,100535.63,0.9503,1.7297,1.72,0.0462,1.7804,before,2.8902,1.7297,17822639.0
1.7901,20220721,0.01,000005.SZE,65313.95,0.6174,1.7804,1.7599,0.0169,1.7901,before,0.5618,1.7804,11619358.0
1.8095,20220722,0.0,000005.SZE,74306.07,0.7024,1.7901,1.7599,0.0279,1.7901,before,0.0,1.7998,13256763.0
1.8203,20220725,0.01,000005.SZE,112908.0,1.0672,1.7901,1.7502,0.0391,1.7998,before,0.5587,1.7901,20080660.0
1.8797,20220726,0.05,000005.SZE,161478.4,1.5263,1.7998,1.7804,0.0556,1.8505,before,2.7778,1.7901,29729229.0
1.8905,20220727,-0.01,000005.SZE,102881.01,0.9725,1.8505,1.8203,0.0378,1.8397,before,-0.5405,1.8397,19026172.0
1.8505,20220728,-0.01,000005.SZE,70704.0,0.6683,1.8397,1.8203,0.0163,1.83,before,-0.5435,1.8397,12944033.0
1.8797,20220729,0.0,000005.SZE,80147.0,0.7576,1.83,1.8203,0.0328,1.83,before,0.0,1.83,14803845.0
1.83,20220801,-0.02,000005.SZE,52292.39,0.4943,1.83,1.8095,0.0109,1.8095,before,-1.0929,1.83,9501359.0
1.7998,20220802,-0.09,000005.SZE,124194.0,1.1739,1.8095,1.72,0.0442,1.72,before,-4.9724,1.7998,21562720.0
1.7599,20220803,0.0,000005.SZE,81814.02,0.7733,1.72,1.7103,0.0291,1.72,before,0.0,1.7103,14133090.0
1.7599,20220804,0.04,000005.SZE,76465.16,0.7228,1.72,1.7103,0.0291,1.7599,before,2.3256,1.72,13261664.0
1.7696,20220805,-0.01,000005.SZE,54143.46,0.5118,1.7599,1.7405,0.017,1.7502,before,-0.5682,1.7599,9486663.0
1.7696,20220808,0.02,000005.SZE,31262.18,0.2955,1.7502,1.7405,0.0171,1.7696,before,1.1429,1.7502,5500821.0
1.7901,20220809,0.02,000005.SZE,43351.18,0.4098,1.7696,1.7502,0.0226,1.7901,before,1.1299,1.7696,7679008.0
1.7804,20220810,-0.03,000005.SZE,42741.0,0.40399999999999997,1.7901,1.7502,0.0168,1.7599,before,-1.676,1.7804,7532947.0
1.7901,20220811,0.02,000005.SZE,88324.28,0.8349,1.7599,1.7405,0.0284,1.7804,before,1.1364,1.7599,15577228.0
1.7998,20220812,0.01,000005.SZE,67249.0,0.6357,1.7804,1.7599,0.0225,1.7901,before,0.5618,1.7696,11971600.0
1.8203,20220815,0.02,000005.SZE,50851.73,0.4807,1.7901,1.7804,0.0223,1.8095,before,1.1173,1.7901,9154672.0
1.8203,20220816,0.0,000005.SZE,49389.88,0.4668,1.8095,1.7901,0.0166,1.8095,before,0.0,1.7998,8906353.0
1.8505,20220817,0.03,000005.SZE,84337.52,0.7972,1.8095,1.7998,0.0276,1.8397,before,1.6575,1.8095,15431956.0
1.8397,20220818,-0.02,000005.SZE,62708.65,0.5927,1.8397,1.8095,0.0163,1.8203,before,-1.087,1.83,11425861.0
1.8505,20220819,0.02,000005.SZE,58042.0,0.5486,1.8203,1.8095,0.022000000000000002,1.8397,before,1.0989,1.8203,10660454.0
1.9196,20220822,0.05,000005.SZE,115049.84,1.0875,1.8397,1.83,0.0489,1.8905,before,2.7174,1.8397,21725633.0
1.8905,20220823,-0.02,000005.SZE,103969.98,0.9828,1.8905,1.8505,0.0212,1.87,before,-1.0582,1.8797,19456762.0
1.9002,20220824,-0.03,000005.SZE,85259.0,0.8059,1.87,1.8203,0.0428,1.8397,before,-1.6043,1.87,15839658.0
1.8505,20220825,-0.01,000005.SZE,68525.0,0.6477,1.8397,1.7998,0.0272,1.83,before,-0.5435,1.8397,12539602.0
1.8602,20220826,0.0,000005.SZE,43327.0,0.4095,1.83,1.8203,0.0219,1.83,before,0.0,1.83,7980470.0
1.8397,20220829,0.01,000005.SZE,50781.01,0.48,1.83,1.7998,0.0219,1.8397,before,0.5464,1.8203,9251226.0
1.87,20220830,0.02,000005.SZE,62341.11,0.5893,1.8397,1.83,0.0217,1.8602,before,1.087,1.8397,11572897.0
1.8505,20220831,-0.03,000005.SZE,50186.0,0.4744,1.8602,1.8203,0.0161,1.83,before,-1.6129,1.8505,9198606.0
1.8397,20220901,-0.03,000005.SZE,61003.74,0.5766,1.83,1.7901,0.0273,1.7998,before,-1.6393,1.8203,11058630.0
1.8203,20220902,0.01,000005.SZE,38238.46,0.3614,1.7998,1.7901,0.0167,1.8095,before,0.5556,1.7998,6901708.0
1.8905,20220905,0.04,000005.SZE,106721.06,1.0088,1.8095,1.8095,0.0442,1.8505,before,2.2099,1.8203,19847525.0
1.87,20220906,0.02,000005.SZE,58940.56,0.5571,1.8505,1.8505,0.0108,1.87,before,1.0811,1.8505,10948982.0
1.8797,20220907,0.01,000005.SZE,53025.6,0.5012,1.87,1.8397,0.0214,1.8797,before,0.5348,1.8602,9896215.0
1.8905,20220908,-0.01,000005.SZE,41692.0,0.3941,1.8797,1.8602,0.016,1.87,before,-0.5319,1.8797,7796203.0
1.87,20220909,0.0,000005.SZE,37735.01,0.3567,1.87,1.8505,0.0107,1.87,before,0.0,1.8602,7019175.0
1.8905,20220913,0.0,000005.SZE,47891.91,0.4527,1.87,1.8505,0.0214,1.87,before,0.0,1.87,8962649.0
1.87,20220914,0.0,000005.SZE,75295.6,0.7117,1.87,1.8397,0.016,1.87,before,0.0,1.8505,13957696.0
1.8905,20220915,-0.02,000005.SZE,88504.58,0.8366,1.87,1.8397,0.0267,1.8505,before,-1.0695,1.87,16508851.0
1.8505,20220916,-0.08,000005.SZE,115956.0,1.0959999999999999,1.8505,1.7599,0.0486,1.7696,before,-4.3243,1.8397,20829837.0
1.7901,20220919,-0.02,000005.SZE,56539.0,0.5344,1.7696,1.7405,0.0282,1.7502,before,-1.1299,1.7599,9953938.0
1.7804,20220920,0.02,000005.SZE,26921.0,0.2545,1.7502,1.7599,0.0114,1.7696,before,1.1429,1.7599,4769530.0
1.7901,20220921,0.01,000005.SZE,45498.76,0.4301,1.7696,1.7405,0.0282,1.7804,before,0.565,1.7696,8020995.0
1.7998,20220922,-0.01,000005.SZE,32824.0,0.3103,1.7804,1.7599,0.0225,1.7696,before,-0.5618,1.7696,5845484.0
1.7901,20220923,0.01,000005.SZE,45304.7,0.4282,1.7696,1.7599,0.0169,1.7804,before,0.565,1.7696,8056966.0
1.7696,20220926,-0.09,000005.SZE,85231.07,0.8056,1.7804,1.6898,0.0449,1.6898,before,-5.0562,1.7696,14668661.0
1.72,20220927,0.02,000005.SZE,57381.59,0.5424,1.6898,1.6595,0.0355,1.7103,before,1.1834,1.6898,9703638.0
1.7103,20220928,-0.03,000005.SZE,35117.2,0.3319,1.7103,1.68,0.0175,1.68,before,-1.7544,1.6995,5944287.0
1.7103,20220929,-0.01,000005.SZE,47305.87,0.4471,1.68,1.6498,0.0357,1.6703,before,-0.5952,1.6898,7930448.0
1.6898,20220930,0.01,000005.SZE,35270.0,0.3334,1.6703,1.6595,0.018000000000000002,1.68,before,0.5988,1.6703,5909206.0
1.7297,20221010,-0.01,000005.SZE,33961.0,0.321,1.68,1.6595,0.0417,1.6703,before,-0.5952,1.68,5753889.0
1.68,20221011,0.01,000005.SZE,51210.83,0.4841,1.6703,1.6304,0.0299,1.68,before,0.5988,1.6703,8510857.0
1.7103,20221012,0.03,000005.SZE,47526.0,0.4492,1.68,1.6595,0.0298,1.7103,before,1.7857,1.6703,8018087.0
1.72,20221013,-0.01,000005.SZE,38863.0,0.3673,1.7103,1.6898,0.0175,1.6995,before,-0.5848,1.6995,6638569.0
1.7297,20221014,0.02,000005.SZE,38956.83,0.3682,1.6995,1.6995,0.0176,1.72,before,1.1765,1.6995,6686074.0
1.7502,20221017,0.01,000005.SZE,65280.4,0.617,1.72,1.6995,0.0291,1.7297,before,0.5814,1.7103,11260851.0
1.7599,20221018,0.01,000005.SZE,55112.35,0.5209,1.7297,1.72,0.0231,1.7405,before,0.578,1.7297,9603954.0
1.7405,20221019,-0.03,000005.SZE,51431.01,0.4861,1.7405,1.6995,0.023,1.7103,before,-1.7241,1.7297,8835526.0
1.7297,20221020,0.01,000005.SZE,32358.9,0.3059,1.7103,1.6898,0.0234,1.72,before,0.5848,1.6995,5533638.0
1.72,20221021,-0.01,000005.SZE,36307.59,0.3432,1.72,1.6898,0.0174,1.7103,before,-0.5814,1.7103,6201811.0
1.72,20221024,-0.04,000005.SZE,44908.0,0.4245,1.7103,1.6595,0.0351,1.6703,before,-2.3392,1.7103,7593352.0
1.68,20221025,-0.01,000005.SZE,27057.0,0.2558,1.6703,1.6498,0.018000000000000002,1.6595,before,-0.5988,1.6703,4505098.0
1.6995,20221026,0.02,000005.SZE,29134.73,0.2754,1.6595,1.6595,0.0241,1.68,before,1.2048,1.6595,4910372.0
1.6898,20221027,0.01,000005.SZE,40168.0,0.3797,1.68,1.6703,0.0119,1.6898,before,0.5952,1.6898,6752050.0
1.6898,20221028,-0.05,000005.SZE,49319.71,0.4662,1.6898,1.6304,0.0355,1.6401,before,-2.9586,1.68,8169516.0
1.6703,20221031,0.01,000005.SZE,42275.0,0.3996,1.6401,1.6304,0.0244,1.6498,before,0.6098,1.6304,6971886.0
1.6898,20221101,0.03,000005.SZE,32983.63,0.3118,1.6498,1.6498,0.0242,1.68,before,1.8182,1.6498,5518889.0
1.6995,20221102,0.01,000005.SZE,42330.59,0.4001,1.68,1.6703,0.0179,1.6898,before,0.5952,1.68,7141265.0
1.6995,20221103,0.0,000005.SZE,29093.0,0.275,1.6898,1.6703,0.0178,1.6898,before,0.0,1.6703,4894725.0
1.7103,20221104,0.02,000005.SZE,78672.0,0.7436,1.6898,1.68,0.0178,1.7103,before,1.1834,1.6898,13352921.0
1.7405,20221107,0.01,000005.SZE,68034.56,0.6431,1.7103,1.6898,0.0292,1.72,before,0.5848,1.7103,11652445.0
1.7696,20221108,0.05,000005.SZE,94676.46,0.8949,1.72,1.7103,0.0349,1.7696,before,2.907,1.72,16505143.0
1.7998,20221109,0.0,000005.SZE,77129.19,0.7290000000000001,1.7696,1.7599,0.0226,1.7696,before,0.0,1.7696,13691059.0
1.8505,20221110,0.04,000005.SZE,133705.02,1.2638,1.7696,1.7502,0.0565,1.8095,before,2.2599,1.7599,24128062.0
1.83,20221111,-0.02,000005.SZE,121048.82,1.1442,1.8095,1.7696,0.0331,1.7901,before,-1.105,1.8095,21737140.0
1.7998,20221114,-0.02,000005.SZE,56882.18,0.5377,1.7901,1.7599,0.0223,1.7696,before,-1.1173,1.7901,10108675.0
1.7998,20221115,0.01,000005.SZE,67472.81,0.6378,1.7696,1.7599,0.0226,1.7804,before,0.565,1.7696,12030866.0
1.7901,20221116,0.0,000005.SZE,50158.96,0.4741,1.7804,1.7599,0.0169,1.7804,before,0.0,1.7804,8900663.0
1.8203,20221117,0.02,000005.SZE,79211.42,0.7487,1.7804,1.7599,0.0337,1.7998,before,1.1236,1.7804,14219124.0
1.7998,20221118,-0.02,000005.SZE,52828.13,0.4993,1.7998,1.7804,0.0111,1.7804,before,-1.1111,1.7901,9453627.0
1.8505,20221121,0.04,000005.SZE,167778.88,1.5859,1.7804,1.7998,0.0281,1.8203,before,2.2472,1.8203,30581200.0
1.8602,20221122,0.01,000005.SZE,129626.18,1.2253,1.8203,1.7998,0.033,1.83,before,0.5495,1.8095,23753728.0
1.83,20221123,-0.05,000005.SZE,134305.98,1.2695,1.83,1.7405,0.0492,1.7804,before,-2.7322,1.8203,23810288.0
1.7998,20221124,0.01,000005.SZE,55393.0,0.5236,1.7804,1.7696,0.0169,1.7901,before,0.5618,1.7804,9885715.0
1.8203,20221125,0.02,000005.SZE,62731.01,0.593,1.7901,1.7696,0.0279,1.8095,before,1.1173,1.7804,11295288.0
1.9002,20221128,0.05,000005.SZE,187950.19,1.7766,1.8095,1.7804,0.0663,1.8602,before,2.7624,1.7998,34605510.0
1.9002,20221129,0.02,000005.SZE,145853.9,1.3787,1.8602,1.8505,0.0269,1.8797,before,1.0753,1.8602,27302230.0
1.9196,20221130,0.01,000005.SZE,173213.11,1.6373,1.8797,1.8602,0.0319,1.8905,before,0.5319,1.87,32758825.0
1.9099,20221201,-0.02,000005.SZE,122432.11,1.1573,1.8905,1.8602,0.0265,1.87,before,-1.0582,1.9002,22972743.0
1.8905,20221202,0.02,000005.SZE,76170.89,0.72,1.87,1.8505,0.0214,1.8905,before,1.0695,1.8602,14274619.0
1.98,20221205,0.09,000005.SZE,234643.58,2.2179,1.8905,1.8797,0.0529,1.98,before,4.7619,1.8797,45939639.0
2.0804,20221206,0.1,000005.SZE,268357.11,2.5366,1.98,1.98,0.0505,2.0804,before,5.0505,2.0005,54900669.0
2.1397,20221207,-0.07,000005.SZE,371833.76,3.5147,2.0804,1.98,0.0769,2.0102,before,-3.3654,2.13,75106601.0
2.0998,20221208,-0.01,000005.SZE,258557.79,2.444,2.0102,1.9703,0.0647,2.0005,before,-0.4975,2.0297,52303323.0
1.9897,20221209,-0.08,000005.SZE,211113.1,1.9955,2.0005,1.9099,0.04,1.9196,before,-4.0,1.98,40935512.0
1.9595,20221212,0.01,000005.SZE,102189.8,0.9659,1.9196,1.9002,0.0313,1.9304,before,0.5208,1.9304,19725529.0
1.9498,20221213,0.01,000005.SZE,69604.0,0.6579,1.9304,1.9099,0.0207,1.9401,before,0.5181,1.9196,13466827.0
1.9401,20221214,-0.03,000005.SZE,67964.53,0.6424,1.9401,1.9099,0.0155,1.9099,before,-1.5464,1.9304,13037075.0
1.9099,20221215,-0.02,000005.SZE,54820.02,0.5182,1.9099,1.8905,0.0105,1.8905,before,-1.0471,1.9099,10416029.0
1.8905,20221216,-0.04,000005.SZE,78799.0,0.7448,1.8905,1.8397,0.0265,1.8505,before,-2.1164,1.8905,14652274.0
1.87,20221219,-0.05,000005.SZE,68059.0,0.6433,1.8505,1.7998,0.0378,1.7998,before,-2.7027,1.8602,12351853.0
1.8602,20221220,0.03,000005.SZE,58239.59,0.5505,1.7998,1.7901,0.0389,1.83,before,1.6667,1.7998,10671571.0
1.8397,20221221,-0.01,000005.SZE,36752.0,0.3474,1.83,1.7998,0.0219,1.8203,before,-0.5464,1.83,6700958.0
1.8505,20221222,0.0,000005.SZE,50501.0,0.4773,1.8203,1.7998,0.0275,1.8203,before,0.0,1.8203,9230022.0
1.8505,20221223,0.02,000005.SZE,51104.0,0.483,1.8203,1.7998,0.0275,1.8397,before,1.0989,1.8095,9316565.0
1.8602,20221226,0.0,000005.SZE,39330.0,0.3718,1.8397,1.83,0.0163,1.8397,before,0.0,1.8397,7256681.0
1.9304,20221227,0.05,000005.SZE,80693.0,0.7627,1.8397,1.83,0.0543,1.8905,before,2.7174,1.8397,15228917.0
1.8797,20221228,-0.03,000005.SZE,53620.0,0.5068,1.8905,1.8505,0.0159,1.8602,before,-1.5873,1.8797,9997594.0
1.87,20221229,-0.01,000005.SZE,26591.0,0.2513,1.8602,1.8397,0.0161,1.8505,before,-0.5376,1.8505,4934520.0
1.8797,20221230,0.01,000005.SZE,27137.72,0.2565,1.8505,1.8505,0.0162,1.8602,before,0.5405,1.8505,5039052.0
1.8797,20230103,0.01,000005.SZE,58366.0,0.5517,1.8602,1.83,0.0269,1.87,before,0.5376,1.8505,10814411.0
1.8905,20230104,0.0,000005.SZE,45574.7,0.4308,1.87,1.8505,0.0214,1.87,before,0.0,1.8602,8523023.0
1.9498,20230105,0.04,000005.SZE,95798.99,0.9055,1.87,1.8905,0.0321,1.9099,before,2.1390000000000002,1.8905,18369589.0
1.9099,20230106,-0.02,000005.SZE,57135.0,0.5401,1.9099,1.87,0.0209,1.8905,before,-1.0471,1.8905,10786132.0
1.9002,20230109,-0.01,000005.SZE,33971.02,0.3211,1.8905,1.87,0.0159,1.8797,before,-0.5291,1.8905,6402401.0
1.8905,20230110,-0.02,000005.SZE,48771.57,0.461,1.8797,1.8397,0.0266,1.8602,before,-1.0638,1.8797,9087777.0
1.87,20230111,-0.03,000005.SZE,46543.0,0.4399,1.8602,1.8203,0.0269,1.83,before,-1.6129,1.8505,8591820.0
1.9196,20230112,0.09,000005.SZE,69636.04,0.6582,1.83,1.9002,0.0109,1.9196,before,4.918,1.9002,13352659.0
1.9498,20230113,-0.05,000005.SZE,147877.82,1.3978,1.9196,1.8602,0.0469,1.87,before,-2.6042,1.9401,28030954.0
1.8905,20230116,-0.02,000005.SZE,67526.38,0.6383,1.87,1.8505,0.0214,1.8505,before,-1.0695,1.8505,12593479.0
1.9002,20230117,0.01,000005.SZE,59547.38,0.5629,1.8505,1.8505,0.027000000000000003,1.8602,before,0.5405,1.8505,11144962.0
1.9002,20230118,0.04,000005.SZE,50699.0,0.4792,1.8602,1.8505,0.0269,1.9002,before,2.1505,1.87,9529117.0
1.9099,20230119,-0.01,000005.SZE,52484.58,0.4961,1.9002,1.8797,0.0158,1.8905,before,-0.5263,1.8905,9934680.0
1.9196,20230120,0.02,000005.SZE,45725.02,0.4322,1.8905,1.8797,0.0212,1.9099,before,1.0582,1.8905,8722567.0
1.8602,20230130,-0.06,000005.SZE,203023.77,1.919,1.9099,1.8095,0.0262,1.8505,before,-3.1414,1.8095,37085593.0
1.8602,20230131,0.0,000005.SZE,67983.21,0.6426,1.8505,1.83,0.0162,1.8505,before,0.0,1.8397,12546584.0
1.87,20230201,0.01,000005.SZE,83224.03,0.7867,1.8505,1.8397,0.0162,1.8602,before,0.5405,1.8505,15432384.0
1.87,20230202,-0.02,000005.SZE,110093.46,1.0406,1.8602,1.8203,0.0269,1.8397,before,-1.0753,1.8602,20228027.0
1.8397,20230203,-0.02,000005.SZE,85652.57,0.8096,1.8397,1.8095,0.0163,1.8203,before,-1.087,1.8397,15627120.0
1.8397,20230206,0.01,000005.SZE,37855.83,0.3578,1.8203,1.8095,0.0165,1.83,before,0.5495,1.8203,6918321.0
1.8397,20230207,0.0,000005.SZE,57358.92,0.5422,1.83,1.8203,0.0109,1.83,before,0.0,1.83,10469416.0
1.8397,20230208,-0.01,000005.SZE,72021.39,0.6808,1.83,1.8095,0.0164,1.8203,before,-0.5464,1.83,13101026.0
1.83,20230209,0.0,000005.SZE,36480.0,0.3448,1.8203,1.8095,0.011000000000000001,1.8203,before,0.0,1.8095,6640780.0
1.83,20230210,0.01,000005.SZE,55160.67,0.5214,1.8203,1.7998,0.0165,1.83,before,0.5495,1.8203,10021993.0
1.83,20230213,0.0,000005.SZE,52878.13,0.4998,1.83,1.8095,0.0109,1.83,before,0.0,1.83,9634153.0
1.8602,20230214,0.02,000005.SZE,80799.17,0.7637,1.83,1.8203,0.0219,1.8505,before,1.0929,1.83,14903454.0
1.8397,20230215,-0.03,000005.SZE,92533.0,0.8746,1.8505,1.8203,0.0108,1.8203,before,-1.6216,1.8397,16908936.0
1.8397,20230216,-0.03,000005.SZE,104984.0,0.9923,1.8203,1.7901,0.0275,1.7901,before,-1.6484,1.8203,19064439.0
1.8095,20230217,0.0,000005.SZE,55595.0,0.5255,1.7901,1.7804,0.0168,1.7901,before,0.0,1.7901,9971695.0
1.7998,20230220,-0.03,000005.SZE,122883.68,1.1615,1.7901,1.7405,0.0335,1.7599,before,-1.676,1.7998,21630414.0
1.7804,20230221,0.01,000005.SZE,42453.82,0.4013,1.7599,1.7502,0.017,1.7696,before,0.5682,1.7599,7495754.0
1.7804,20230222,0.0,000005.SZE,53646.0,0.5071,1.7696,1.7502,0.0169,1.7696,before,0.0,1.7696,9487844.0
1.7998,20230223,0.02,000005.SZE,58916.02,0.5569,1.7696,1.7696,0.0169,1.7901,before,1.1299,1.7804,10526660.0
1.7998,20230224,0.0,000005.SZE,48485.17,0.4583,1.7901,1.7696,0.0168,1.7901,before,0.0,1.7998,8649605.0
1.7901,20230227,-0.02,000005.SZE,38460.0,0.3635,1.7901,1.7599,0.0168,1.7696,before,-1.1173,1.7901,6834349.0
1.7901,20230228,0.02,000005.SZE,37887.83,0.3581,1.7696,1.7599,0.0169,1.7901,before,1.1299,1.7696,6722176.0
1.8095,20230301,0.01,000005.SZE,60068.68,0.5678,1.7901,1.7804,0.0168,1.7998,before,0.5587,1.7901,10795219.0
1.8397,20230302,0.01,000005.SZE,89114.82,0.8423,1.7998,1.7901,0.0278,1.8095,before,0.5556,1.8095,16155795.0
1.83,20230303,0.0,000005.SZE,56362.0,0.5327,1.8095,1.7998,0.0166,1.8095,before,0.0,1.8203,10206878.0
1.8203,20230306,-0.02,000005.SZE,45853.18,0.4334,1.8095,1.7901,0.0166,1.7901,before,-1.105,1.8095,8247119.0
1.8095,20230307,0.0,000005.SZE,46557.41,0.4401,1.7901,1.7901,0.0112,1.7901,before,0.0,1.7901,8363130.0
1.8397,20230308,0.03,000005.SZE,94059.94,0.8891,1.7901,1.7804,0.0335,1.8203,before,1.676,1.7901,17066822.0
