HIGH,TRD_DT,CHG,SECU_CODE,VOLUME,TURN,PRE_CLOSE,LOW,SWING,CLOSE,ADJ_TYPE,PCT_CHG,OPEN,AMT
3.3414,20030429,-0.26,600004.SSE,752128.76,18.8032,3.3567,3.1726,0.0503,3.2569999999999997,before,-2.9714,3.2608,635863436.0
3.491,20030430,0.37,600004.SSE,801225.37,20.0306,3.2569999999999997,3.28,0.0648,3.3989,before,4.3581,3.28,710063498.0
3.4028,20030512,-0.18,600004.SSE,361223.95,9.0306,3.3989,3.1841,0.0643,3.3299,before,-2.0316,3.3376,308806284.0
3.3222,20030513,-0.59,600004.SSE,392776.96,9.8194,3.3299,3.069,0.076,3.1035,before,-6.7972,3.3145,325715933.0
3.2569999999999997,20030514,0.26,600004.SSE,303873.7,7.5968,3.1035,3.0383,0.0705,3.2033,before,3.2138,3.069,253425348.0
3.2954,20030515,0.2,600004.SSE,281839.18,7.046,3.2033,3.1304,0.0515,3.28,before,2.3952,3.1956,236834456.0
3.3299,20030516,0.01,600004.SSE,360651.25,9.0163,3.28,3.2071,0.0374,3.2838,before,0.11699999999999999,3.28,307204529.0
3.445,20030519,0.19,600004.SSE,462504.44,11.5626,3.2838,3.2992,0.0444,3.3567,before,2.2196,3.2992,407544272.0
3.3874,20030520,-0.07,600004.SSE,170675.64,4.2669,3.3567,3.28,0.032,3.3299,before,-0.8,3.3567,147727684.0
3.3644,20030521,-0.08,600004.SSE,128595.47,3.2149,3.3299,3.2685,0.0288,3.2992,before,-0.9217,3.3299,110939930.0
3.3452,20030522,0.05,600004.SSE,103012.82,2.5753,3.2992,3.2608,0.0256,3.3184,before,0.5814,3.2915,88781118.0
3.6521,20030523,0.47,600004.SSE,729267.6,18.2317,3.3184,3.2647,0.1168,3.4987,before,5.4335,3.3376,670901997.0
3.6061,20030526,0.03,600004.SSE,467181.8,11.6795,3.4987,3.4872,0.034,3.5102,before,0.3289,3.491,431132436.0
3.5639,20030527,0.0,600004.SSE,201880.05,5.047,3.5102,3.4757,0.0251,3.5102,before,0.0,3.5255,184901453.0
3.5601,20030528,-0.13,600004.SSE,331831.74,8.2958,3.5102,3.445,0.0328,3.4603,before,-1.4208,3.5294,302104859.0
3.5946,20030529,0.33,600004.SSE,230255.4,5.7564,3.4603,3.4373,0.0455,3.5869,before,3.6585,3.4603,210900164.0
3.656,20030530,-0.12,600004.SSE,260117.35,6.5029,3.5869,3.5294,0.0353,3.5409,before,-1.2834,3.5984,244128620.0
3.6329,20030602,0.05,600004.SSE,215820.98,5.3955,3.5409,3.5294,0.0293,3.5601,before,0.5417,3.5485,201804921.0
3.5946,20030603,-0.1,600004.SSE,132267.26,3.3067,3.5601,3.5179,0.0216,3.5217,before,-1.0776,3.5677,122447236.0
3.5677,20030604,0.09,600004.SSE,122370.84,3.0593,3.5217,3.4833,0.024,3.5562,before,0.9804,3.514,112488205.0
3.5639,20030605,-0.12,600004.SSE,121087.03,3.0272,3.5562,3.4872,0.0216,3.5102,before,-1.2945,3.537,110737203.0
3.5601,20030606,0.01,600004.SSE,97158.78,2.4290000000000003,3.5102,3.4795,0.023,3.514,before,0.1093,3.491,88911859.0
3.5294,20030609,-0.04,600004.SSE,69466.22,1.7367,3.514,3.4833,0.0131,3.4987,before,-0.4367,3.4872,63322602.0
3.6023,20030610,0.17,600004.SSE,169545.72,4.2386,3.4987,3.4948,0.0307,3.5639,before,1.864,3.4987,157420724.0
3.6329,20030611,0.11,600004.SSE,139923.61,3.4981,3.5639,3.5524,0.0226,3.6061,before,1.1841,3.5677,131429944.0
3.6253,20030612,-0.08,600004.SSE,89165.46,2.2291,3.6061,3.5601,0.0181,3.5754,before,-0.8511,3.6214,83354483.0
3.6253,20030613,0.0,600004.SSE,66772.04,1.6693,3.5754,3.5639,0.0172,3.5754,before,0.0,3.5907,62495500.0
3.5984,20030616,-0.05,600004.SSE,66458.91,1.6615,3.5754,3.5179,0.0225,3.5562,before,-0.5365,3.5754,61435524.0
3.5562,20030617,-0.08,600004.SSE,50694.64,1.2674,3.5562,3.5102,0.0129,3.5255,before,-0.863,3.537,46610786.0
3.5754,20030618,-0.05,600004.SSE,60741.05,1.5185,3.5255,3.4987,0.0218,3.5063,before,-0.5441,3.5255,55781138.0
3.5255,20030619,-0.07,600004.SSE,65326.75,1.6332,3.5063,3.4565,0.0197,3.4795,before,-0.7659,3.5025,59409928.0
3.5677,20030620,0.01,600004.SSE,51423.99,1.2856,3.4795,3.4642,0.0298,3.4833,before,0.1103,3.5677,46895164.0
3.4987,20030623,-0.03,600004.SSE,69395.61,1.7349,3.4833,3.4373,0.0176,3.4718,before,-0.3304,3.4757,62547673.0
3.491,20030624,0.0,600004.SSE,31286.26,0.7822,3.4718,3.4411,0.0144,3.4718,before,0.0,3.4642,28250536.0
3.491,20030625,-0.35,600004.SSE,194631.65,4.8658,3.4718,3.3299,0.0464,3.3376,before,-3.8674,3.4872,171431598.0
3.4219999999999997,20030627,0.01,600004.SSE,114519.07,2.863,3.3376,3.3107,0.0333,3.3414,before,0.1149,3.3759,100730062.0
3.3913,20030630,-0.02,600004.SSE,47543.7,1.1886,3.3414,3.3184,0.0218,3.3337,before,-0.2296,3.3376,41484932.0
3.4028,20030701,0.02,600004.SSE,46700.93,1.1675,3.3337,3.3299,0.0219,3.3414,before,0.2301,3.3337,40975090.0
3.3989,20030702,0.14,600004.SSE,37823.47,0.9456,3.3414,3.3299,0.0207,3.3951,before,1.6073,3.3567,33290309.0
3.4296,20030703,0.08,600004.SSE,43737.15,1.0934,3.3951,3.3567,0.0215,3.4258,before,0.904,3.3951,38777601.0
3.4718,20030704,-0.05,600004.SSE,51676.03,1.2919,3.4258,3.4028,0.0202,3.4066,before,-0.5599,3.4219999999999997,46344703.0
3.4219999999999997,20030707,-0.05,600004.SSE,34914.59,0.8729,3.4066,3.3606,0.018000000000000002,3.3874,before,-0.5631,3.3951,30836117.0
3.4411,20030708,0.1,600004.SSE,26715.13,0.6679,3.3874,3.3798,0.0181,3.4258,before,1.1325,3.3798,23762127.0
3.4258,20030709,-0.14,600004.SSE,45796.23,1.1449,3.4258,3.3491,0.0224,3.3721,before,-1.5677,3.3989,40313934.0
3.5179,20030710,0.28,600004.SSE,144008.61,3.6002,3.3721,3.3529,0.0489,3.4795,before,3.1854,3.3567,130383789.0
3.491,20030711,-0.03,600004.SSE,59065.64,1.4766,3.4795,3.4296,0.0176,3.468,before,-0.3308,3.4872,53304646.0
3.5447,20030714,0.09,600004.SSE,131615.95,3.2904,3.468,3.4488,0.0277,3.5025,before,0.9956,3.4718,120738561.0
3.5485,20030715,0.04,600004.SSE,56941.94,1.4235,3.5025,3.4833,0.0186,3.5179,before,0.4381,3.4987,52243533.0
3.5716,20030716,0.1,600004.SSE,71886.77,1.7972,3.5179,3.5063,0.0185,3.5562,before,1.0905,3.5179,66481342.0
3.6751,20030717,0.15,600004.SSE,372495.51,9.3124,3.5562,3.5601,0.0324,3.6138,before,1.6181,3.5601,352331960.0
3.6521,20030718,-0.17,600004.SSE,205760.78,5.144,3.6138,3.5447,0.0297,3.5485,before,-1.8047,3.6253,193106534.0
3.5984,20030721,0.06,600004.SSE,122696.13,3.0674,3.5485,3.5179,0.0227,3.5716,before,0.6486,3.537,113916137.0
3.6713,20030722,0.13,600004.SSE,185171.6,4.6293,3.5716,3.5639,0.0301,3.6214,before,1.3963,3.6061,174742503.0
3.6445,20030723,-0.08,600004.SSE,86546.65,2.1637,3.6214,3.5485,0.0265,3.5907,before,-0.8475,3.6214,81113322.0
3.6329,20030724,0.0,600004.SSE,70715.91,1.7679,3.5907,3.5562,0.0214,3.5907,before,0.0,3.5984,66442801.0
3.6061,20030725,-0.24,600004.SSE,114484.33,2.8621,3.5907,3.4757,0.0363,3.4987,before,-2.5641,3.5869,105246679.0
3.537,20030728,0.03,600004.SSE,36621.63,0.9155,3.4987,3.4718,0.0186,3.5102,before,0.3289,3.4757,33473373.0
3.5409,20030729,0.03,600004.SSE,34906.62,0.8727,3.5102,3.491,0.0142,3.5217,before,0.3279,3.4987,32023361.0
3.5485,20030730,0.05,600004.SSE,51463.19,1.2866,3.5217,3.491,0.0163,3.5409,before,0.5447,3.5179,47183248.0
3.5524,20030731,-0.06,600004.SSE,33613.91,0.8403,3.5409,3.5063,0.013000000000000001,3.5179,before,-0.6501,3.5409,30858302.0
3.5447,20030801,0.01,600004.SSE,26242.48,0.6561,3.5179,3.491,0.0153,3.5217,before,0.1091,3.5179,24017872.0
3.5332,20030804,-0.02,600004.SSE,41081.4,1.0270000000000001,3.5217,3.4526,0.0229,3.514,before,-0.2179,3.5217,37417266.0
3.5447,20030805,0.02,600004.SSE,17910.03,0.4478,3.514,3.5025,0.012,3.5217,before,0.2183,3.5025,16435649.0
3.537,20030806,-0.06,600004.SSE,22963.89,0.5741,3.5217,3.4795,0.0163,3.4987,before,-0.6536,3.5179,20929994.0
3.5601,20030807,0.01,600004.SSE,29749.2,0.7437,3.4987,3.4833,0.0219,3.5025,before,0.1096,3.4948,27300943.0
3.5025,20030808,-0.11,600004.SSE,37706.51,0.9427,3.5025,3.4603,0.012,3.4603,before,-1.2048,3.491,34155757.0
3.4833,20030811,0.02,600004.SSE,25627.27,0.6407,3.4603,3.4373,0.0133,3.468,before,0.2217,3.4565,23102811.0
3.5179,20030812,0.07,600004.SSE,25150.19,0.6288,3.468,3.4565,0.0177,3.4948,before,0.7743,3.4642,22903208.0
3.5102,20030813,-0.04,600004.SSE,19578.82,0.4895,3.4948,3.4718,0.011000000000000001,3.4795,before,-0.4391,3.491,17789145.0
3.5217,20030814,-0.11,600004.SSE,48487.82,1.2122,3.4795,3.4258,0.0276,3.4373,before,-1.2128,3.4603,43790251.0
3.4411,20030815,-0.12,600004.SSE,55330.55,1.3833,3.4373,3.3606,0.0234,3.3913,before,-1.3393,3.4335,48928386.0
3.4258,20030818,0.03,600004.SSE,12536.74,0.3134,3.3913,3.3682,0.017,3.4028,before,0.3394,3.3836,11111570.0
3.4411,20030819,0.04,600004.SSE,11235.57,0.2809,3.4028,3.3913,0.0147,3.4181,before,0.451,3.4028,10005962.0
3.4373,20030820,-0.05,600004.SSE,24880.37,0.622,3.4181,3.3721,0.0191,3.3989,before,-0.5612,3.4181,21952082.0
3.4258,20030821,0.0,600004.SSE,17249.26,0.4312,3.3989,3.3721,0.0158,3.3989,before,0.0,3.3989,15249086.0
3.4258,20030822,0.0,600004.SSE,10440.03,0.261,3.3989,3.3759,0.0147,3.3989,before,0.0,3.3798,9270698.0
3.4143,20030825,-0.1,600004.SSE,24913.98,0.6228,3.3989,3.3491,0.0192,3.3606,before,-1.1287,3.4143,21873077.0
3.4066,20030826,0.01,600004.SSE,24541.82,0.6135,3.3606,3.326,0.024,3.3644,before,0.1142,3.3836,21551226.0
3.3989,20030827,0.06,600004.SSE,33745.26,0.8436,3.3644,3.3337,0.0194,3.3874,before,0.6842,3.3644,29607081.0
3.4335,20030828,0.01,600004.SSE,21377.16,0.5344,3.3874,3.3337,0.0294,3.3913,before,0.1133,3.3759,18867513.0
3.445,20030829,0.13,600004.SSE,23362.49,0.5841,3.3913,3.3682,0.0226,3.4411,before,1.4706,3.3913,20782076.0
3.5294,20030901,0.21,600004.SSE,70278.64,1.757,3.4411,3.4219999999999997,0.0312,3.5217,before,2.3411,3.4526,64056439.0
3.5485,20030902,-0.04,600004.SSE,37339.99,0.9335,3.5217,3.491,0.0163,3.5063,before,-0.4357,3.5217,34137025.0
3.5102,20030903,-0.02,600004.SSE,20280.33,0.507,3.5063,3.4833,0.0077,3.4987,before,-0.2188,3.4987,18474435.0
3.5102,20030904,-0.11,600004.SSE,21978.45,0.5495,3.4987,3.4526,0.0164,3.4565,before,-1.2061,3.491,19961502.0
3.4526,20030905,-0.16,600004.SSE,30321.4,0.758,3.4565,3.3682,0.0244,3.3951,before,-1.7758,3.445,26925323.0
3.4143,20030908,-0.02,600004.SSE,22801.81,0.57,3.3951,3.3682,0.0136,3.3874,before,-0.226,3.3759,20148071.0
3.3874,20030909,-0.05,600004.SSE,68352.34,1.7088,3.3874,3.3452,0.0125,3.3682,before,-0.5663,3.3874,59961731.0
3.3644,20030910,-0.07,600004.SSE,60628.21,1.5157,3.3682,3.2838,0.0239,3.3414,before,-0.7973,3.3567,52474376.0
3.3836,20030911,0.01,600004.SSE,13569.22,0.3392,3.3414,3.3069,0.023,3.3452,before,0.1148,3.3414,11878345.0
3.3567,20030912,-0.02,600004.SSE,14927.03,0.3732,3.3452,3.3107,0.0138,3.3376,before,-0.2294,3.3452,12964959.0
3.3721,20030915,-0.21,600004.SSE,30335.26,0.7584,3.3376,3.2532,0.0356,3.2569999999999997,before,-2.4138,3.3184,26074143.0
3.28,20030916,0.03,600004.SSE,44611.87,1.1153,3.2569999999999997,3.1994,0.0247,3.2685,before,0.3534,3.2608,37643861.0
3.2685,20030917,-0.13,600004.SSE,21243.04,0.5311,3.2685,3.1956,0.0223,3.2186,before,-1.5258,3.2647,17861351.0
3.2493,20030918,0.02,600004.SSE,17498.82,0.4375,3.2186,3.1918,0.0179,3.2263,before,0.2384,3.1994,14699681.0
3.2685,20030919,0.09,600004.SSE,15766.13,0.3942,3.2263,3.2110000000000003,0.0178,3.2608,before,1.0702,3.2263,13305257.0
3.2838,20030922,-0.01,600004.SSE,10322.76,0.2581,3.2608,3.2225,0.0188,3.2569999999999997,before,-0.1176,3.2723,8759626.0
3.2992,20030923,0.1,600004.SSE,14149.52,0.3537,3.2569999999999997,3.234,0.02,3.2954,before,1.1779,3.2416,12074808.0
3.3337,20030924,0.02,600004.SSE,12262.01,0.3066,3.2954,3.2762,0.0175,3.303,before,0.2328,3.2915,10561345.0
3.3184,20030925,-0.02,600004.SSE,24893.75,0.6223,3.303,3.2532,0.0197,3.2954,before,-0.2323,3.2992,21374394.0
3.2992,20030926,-0.02,600004.SSE,14212.42,0.3553,3.2954,3.2532,0.013999999999999999,3.2877,before,-0.2328,3.2685,12133462.0
3.28,20030929,-0.15,600004.SSE,39425.39,0.9856,3.2877,3.2186,0.0187,3.2301,before,-1.7503,3.28,33310656.0
3.2915,20030930,0.13,600004.SSE,22654.06,0.5664,3.2301,3.2110000000000003,0.0249,3.28,before,1.5439,3.2263,19213031.0
3.2877,20031008,-0.01,600004.SSE,7672.46,0.1918,3.28,3.2416,0.013999999999999999,3.2762,before,-0.11699999999999999,3.28,6528336.0
3.2992,20031009,-0.05,600004.SSE,14709.92,0.3677,3.2762,3.2301,0.0211,3.2569999999999997,before,-0.5855,3.2685,12511881.0
3.3567,20031010,0.19,600004.SSE,37073.87,0.9268,3.2569999999999997,3.2263,0.04,3.3299,before,2.2379,3.2378,32089984.0
3.3529,20031013,-0.07,600004.SSE,27007.76,0.6752,3.3299,3.2992,0.0161,3.303,before,-0.8065,3.3452,23415667.0
3.3184,20031014,-0.03,600004.SSE,24673.6,0.6168,3.303,3.2455,0.0221,3.2915,before,-0.3484,3.3184,21046096.0
3.3299,20031015,-0.03,600004.SSE,16609.99,0.4152,3.2915,3.2608,0.021,3.28,before,-0.3497,3.2608,14281606.0
3.2685,20031016,-0.13,600004.SSE,18727.86,0.4682,3.28,3.2186,0.0152,3.2301,before,-1.5205,3.2685,15798744.0
3.2569999999999997,20031017,0.06,600004.SSE,22429.87,0.5607,3.2301,3.1956,0.019,3.2532,before,0.7126,3.2301,18831014.0
3.2493,20031020,-0.26,600004.SSE,41086.51,1.0272,3.2532,3.1266,0.0377,3.1534,before,-3.0660000000000003,3.2416,33885849.0
3.1649,20031021,-0.17,600004.SSE,50222.86,1.2556,3.1534,3.0652,0.0316,3.0882,before,-2.0681,3.1534,40485694.0
3.2186,20031022,0.3,600004.SSE,68413.27,1.7103,3.0882,3.0652,0.0497,3.2033,before,3.7267,3.0882,56454390.0
3.2263,20031023,-0.21,600004.SSE,40615.65,1.0154,3.2033,3.1035,0.0383,3.1227,before,-2.515,3.2033,33453411.0
3.1227,20031024,-0.3,600004.SSE,154498.19,3.8625,3.1227,2.9808,0.0455,3.0076,before,-3.6855,3.1189,121396465.0
3.0307,20031027,0.06,600004.SSE,28762.97,0.7191,3.0076,2.9961,0.0115,3.0307,before,0.7653,3.0115,22619954.0
3.1457,20031028,0.22,600004.SSE,101179.13,2.5295,3.0307,3.0575,0.0291,3.115,before,2.7848,3.1266,81675864.0
3.1649,20031029,0.08,600004.SSE,65731.59,1.6433,3.115,3.0959,0.0222,3.1457,before,0.9852,3.1227,53588551.0
3.1918,20031030,-0.04,600004.SSE,43660.9,1.0915,3.1457,3.1227,0.022000000000000002,3.1304,before,-0.4878,3.1611,36015735.0
3.1879,20031031,0.05,600004.SSE,33603.53,0.8401,3.1304,3.1035,0.027000000000000003,3.1496,before,0.6127,3.1266,27613311.0
3.2378,20031103,0.14,600004.SSE,36679.34,0.917,3.1496,3.1496,0.027999999999999997,3.2033,before,1.7052,3.1572,30562408.0
3.4181,20031104,0.17,600004.SSE,139415.33,3.4854,3.2033,3.1918,0.0707,3.2685,before,2.0359,3.2033,120382925.0
3.3299,20031105,0.04,600004.SSE,53042.08,1.3261,3.2685,3.2532,0.0235,3.2838,before,0.4695,3.2685,45442977.0
3.2838,20031106,-0.11,600004.SSE,38041.02,0.951,3.2838,3.2225,0.0187,3.2416,before,-1.285,3.2838,32247610.0
3.234,20031107,-0.25,600004.SSE,60014.9,1.5004,3.2416,3.1035,0.0402,3.1457,before,-2.9586,3.2301,49525145.0
3.2071,20031110,0.12,600004.SSE,15548.94,0.3887,3.1457,3.115,0.0293,3.1918,before,1.4634,3.1457,12780017.0
3.2186,20031111,-0.02,600004.SSE,35845.09,0.8961,3.1918,3.1496,0.0216,3.1841,before,-0.2404,3.1841,29695527.0
3.1841,20031112,-0.25,600004.SSE,51140.76,1.2785,3.1841,3.0729,0.0349,3.0882,before,-3.012,3.1841,41473425.0
3.1266,20031113,0.0,600004.SSE,21677.58,0.5419,3.0882,3.069,0.0186,3.0882,before,0.0,3.0767,17502231.0
3.1304,20031114,0.05,600004.SSE,32100.7,0.8025,3.0882,3.0882,0.0137,3.1074,before,0.6211,3.0997,26001031.0
3.1304,20031117,-0.01,600004.SSE,18320.18,0.45799999999999996,3.1074,3.092,0.0123,3.1035,before,-0.1235,3.1074,14844778.0
3.1074,20031118,-0.09,600004.SSE,35070.0,0.8768,3.1035,3.0537,0.0173,3.069,before,-1.1125,3.1035,28106869.0
3.1266,20031119,0.1,600004.SSE,16916.72,0.4229,3.069,3.0537,0.0238,3.1074,before,1.25,3.069,13614947.0
3.2186,20031120,0.2,600004.SSE,46897.53,1.1724,3.1074,3.069,0.0481,3.1841,before,2.4691,3.115,38632765.0
3.2416,20031121,-0.13,600004.SSE,34307.96,0.8577,3.1841,3.1342,0.0337,3.1342,before,-1.5663,3.1918,28432185.0
3.2301,20031124,0.22,600004.SSE,47598.01,1.19,3.1342,3.1189,0.0355,3.2186,before,2.6928,3.1381,39596059.0
3.3107,20031125,0.1,600004.SSE,124653.3,3.1163,3.2186,3.1918,0.0369,3.2569999999999997,before,1.1919,3.2148,105841988.0
3.2915,20031126,0.03,600004.SSE,37195.86,0.9299,3.2569999999999997,3.2186,0.0224,3.2685,before,0.3534,3.2493,31502180.0
3.2608,20031127,-0.18,600004.SSE,37299.0,0.9325,3.2685,3.1956,0.02,3.1994,before,-2.1127,3.2608,31319246.0
3.2186,20031128,-0.03,600004.SSE,39131.58,0.9783,3.1994,3.1534,0.0204,3.1879,before,-0.3597,3.1956,32448092.0
3.2992,20031201,0.23,600004.SSE,72008.59,1.8002,3.1879,3.1879,0.0349,3.2762,before,2.7677,3.1994,61192759.0
3.3376,20031202,0.01,600004.SSE,64816.23,1.6204,3.2762,3.2493,0.0269,3.28,before,0.1171,3.2915,55775071.0
3.3682,20031203,0.08,600004.SSE,80314.62,2.0079,3.28,3.2608,0.0327,3.3107,before,0.9357,3.2685,69549108.0
3.3491,20031204,0.04,600004.SSE,47143.06,1.1786,3.3107,3.2915,0.0174,3.326,before,0.4635,3.3184,40821895.0
3.3529,20031205,-0.04,600004.SSE,36130.38,0.9033,3.326,3.2877,0.0196,3.3107,before,-0.4614,3.3376,31206812.0
3.3222,20031208,-0.06,600004.SSE,28922.02,0.7231,3.3107,3.2685,0.0162,3.2877,before,-0.6952,3.3145,24808237.0
3.3452,20031209,0.11,600004.SSE,48819.84,1.2205,3.2877,3.2647,0.0245,3.3299,before,1.2835,3.28,42183770.0
3.4028,20031210,0.16,600004.SSE,94701.03,2.3675,3.3299,3.3222,0.0242,3.3913,before,1.8433,3.3299,83203832.0
3.4028,20031211,-0.02,600004.SSE,68122.3,1.7031,3.3913,3.3529,0.0147,3.3836,before,-0.2262,3.3951,59950609.0
3.3874,20031212,-0.07,600004.SSE,60004.76,1.5001,3.3836,3.3299,0.017,3.3567,before,-0.7937,3.3874,52345169.0
3.3798,20031215,0.05,600004.SSE,30962.99,0.7741,3.3567,3.3376,0.0126,3.3759,before,0.5714,3.3682,27113361.0
3.3759,20031216,-0.08,600004.SSE,40820.17,1.0205,3.3759,3.28,0.0284,3.3452,before,-0.9091,3.3759,35423429.0
3.3874,20031217,-0.12,600004.SSE,89541.75,2.2385,3.3452,3.2954,0.0275,3.2992,before,-1.3761,3.3452,77962340.0
3.3337,20031218,-0.02,600004.SSE,42726.01,1.0682,3.2992,3.2685,0.0198,3.2915,before,-0.2326,3.2915,36696735.0
3.3682,20031219,0.18,600004.SSE,74744.4,1.8686,3.2915,3.2762,0.027999999999999997,3.3606,before,2.0979,3.2992,64721305.0
3.4872,20031222,0.3,600004.SSE,198223.11,4.9556,3.3606,3.3299,0.0468,3.4757,before,3.4247,3.3682,177489113.0
3.5025,20031223,0.0,600004.SSE,88862.09,2.2216,3.4757,3.4143,0.0254,3.4757,before,0.0,3.4757,80370211.0
3.5677,20031224,0.09,600004.SSE,147527.64,3.6882,3.4757,3.4795,0.0254,3.5102,before,0.9934,3.491,135300911.0
3.5792,20031225,0.02,600004.SSE,72838.93,1.821,3.5102,3.491,0.0251,3.5179,before,0.2186,3.5179,67045186.0
3.5447,20031226,-0.09,600004.SSE,77939.95,1.9485,3.5179,3.4258,0.0338,3.4833,before,-0.9815,3.5294,70348684.0
3.4411,20031229,-0.22,600004.SSE,84039.83,2.101,3.4833,3.3759,0.0187,3.3989,before,-2.4229,3.4373,74681822.0
3.4526,20031230,0.13,600004.SSE,60698.65,1.5175,3.3989,3.3951,0.0169,3.4488,before,1.4673,3.3951,54098680.0
3.4872,20031231,-0.08,600004.SSE,37767.9,0.9442,3.4488,3.4143,0.0211,3.4181,before,-0.8899,3.4411,33758820.0
3.514,20040102,0.1,600004.SSE,65956.96,1.6489,3.4181,3.3951,0.0348,3.4565,before,1.1223,3.4066,59477910.0
3.6483,20040105,0.4,600004.SSE,215508.46,5.3877,3.4565,3.445,0.0588,3.6099,before,4.4395,3.4526,200552192.0
3.6943,20040106,0.09,600004.SSE,204410.95,5.1103,3.6099,3.5792,0.0319,3.6445,before,0.9564,3.6023,194062857.0
3.7519,20040107,0.26,600004.SSE,195707.55,4.8927,3.6445,3.6061,0.04,3.7442,before,2.7368,3.6445,188150396.0
3.8401,20040108,-0.05,600004.SSE,216113.08,5.4028,3.7442,3.702,0.0369,3.725,before,-0.5123,3.7595,211684690.0
3.8363,20040109,-0.14,600004.SSE,226878.19,5.6720000000000015,3.725,3.656,0.0484,3.6713,before,-1.4418,3.725,222472801.0
3.7941,20040112,0.3,600004.SSE,110822.12,2.7706,3.6713,3.6445,0.0408,3.7864,before,3.1348,3.6636,107165698.0
3.8708,20040113,-0.09,600004.SSE,149824.45,3.7456,3.7864,3.702,0.0446,3.7519,before,-0.9119,3.7864,147970210.0
3.7519,20040114,-0.29,600004.SSE,126241.83,3.156,3.7519,3.6329,0.0317,3.6406,before,-2.9652,3.748,120744581.0
3.7173,20040115,0.02,600004.SSE,93209.05,2.3302,3.6406,3.6291,0.0242,3.6483,before,0.2107,3.6368,89120549.0
3.7327,20040116,0.15,600004.SSE,81829.01,2.0457,3.6483,3.6023,0.0358,3.7058,before,1.5773,3.6483,78282705.0
3.7442,20040129,0.09,600004.SSE,64010.85,1.6003,3.7058,3.656,0.0238,3.7404,before,0.9317,3.7212,61769587.0
3.7327,20040130,-0.37,600004.SSE,105321.47,2.633,3.7404,3.5946,0.0369,3.5984,before,-3.7949,3.7327,100014336.0
3.7557,20040202,0.17,600004.SSE,161886.61,4.0472,3.5984,3.5601,0.0544,3.6636,before,1.8124,3.702,154987937.0
3.679,20040203,-0.02,600004.SSE,86512.2,2.1628,3.6636,3.5869,0.0251,3.656,before,-0.2094,3.6636,81852079.0
3.7595,20040204,0.26,600004.SSE,172179.71,4.3045,3.656,3.6329,0.0346,3.7557,before,2.7282,3.656,167071474.0
3.7634,20040205,-0.09,600004.SSE,103961.38,2.5989999999999998,3.7557,3.6867,0.0204,3.7212,before,-0.9193,3.7595,100608609.0
3.8133,20040206,0.21,600004.SSE,190440.0,4.761,3.7212,3.6445,0.0454,3.8017,before,2.1649,3.7212,185296296.0
3.8861,20040209,0.05,600004.SSE,204252.74,5.1063,3.8017,3.7902,0.0252,3.8209,before,0.5045,3.8017,204775333.0
3.8785,20040210,-0.16,600004.SSE,135578.88,3.3895,3.8209,3.7442,0.0351,3.7595,before,-1.6064,3.8286,134572166.0
3.8746,20040211,0.2,600004.SSE,155804.79,3.8951,3.7595,3.7595,0.0306,3.8363,before,2.0408,3.8363,155093179.0
3.9130000000000003,20040212,-0.14,600004.SSE,139985.76,3.4996,3.8363,3.7634,0.039,3.7826,before,-1.4,3.8439,140403788.0
3.8171,20040213,-0.09,600004.SSE,88119.39,2.2030000000000003,3.7826,3.7173,0.0264,3.748,before,-0.9128,3.7864,86481619.0
3.8171,20040216,0.15,600004.SSE,86151.78,2.1538,3.748,3.7173,0.0266,3.8056,before,1.5353,3.748,84711761.0
3.8554,20040217,0.12,600004.SSE,148577.44,3.7144,3.8056,3.7826,0.0192,3.8516,before,1.2097,3.8171,148128526.0
3.8746,20040218,-0.08,600004.SSE,96898.61,2.4225,3.8516,3.7979,0.0199,3.8209,before,-0.7968,3.8554,96844643.0
3.8554,20040219,-0.18,600004.SSE,123864.32,3.0966,3.8209,3.7212,0.0351,3.7519,before,-1.8072,3.8171,121963305.0
3.7787,20040220,0.04,600004.SSE,73682.85,1.8421,3.7519,3.725,0.0143,3.7672,before,0.409,3.7557,71927366.0
3.7672,20040223,-0.38,600004.SSE,151665.17,3.7916,3.7672,3.5907,0.0468,3.6214,before,-3.8697,3.7672,144739500.0
3.6598,20040224,0.04,600004.SSE,83428.02,2.0857,3.6214,3.5677,0.0254,3.6368,before,0.4237,3.6061,78463282.0
3.6713,20040225,-0.23,600004.SSE,93837.82,2.3459,3.6368,3.5294,0.039,3.5485,before,-2.4262,3.6368,88015543.0
3.6099,20040226,0.04,600004.SSE,45401.69,1.135,3.5485,3.5025,0.0303,3.5639,before,0.4324,3.5524,42063527.0
3.6061,20040227,0.02,600004.SSE,56531.99,1.4133,3.5639,3.5294,0.0215,3.5716,before,0.2153,3.5677,52577642.0
3.6061,20040301,0.08,600004.SSE,46811.81,1.1703,3.5716,3.5217,0.0236,3.6023,before,0.8593,3.5754,43542213.0
3.679,20040302,0.09,600004.SSE,94035.05,2.3509,3.6023,3.5562,0.0341,3.6368,before,0.9585,3.6023,88875394.0
3.6253,20040303,-0.29,600004.SSE,62165.48,1.5541,3.6368,3.5217,0.0285,3.5255,before,-3.0591,3.6099,57585765.0
3.5601,20040304,-0.01,600004.SSE,58940.15,1.4735,3.5255,3.4718,0.025,3.5217,before,-0.1088,3.5102,53865538.0
3.5409,20040305,-0.05,600004.SSE,32995.75,0.8249,3.5217,3.491,0.0142,3.5025,before,-0.5447,3.5294,30161811.0
3.5447,20040308,-0.04,600004.SSE,29452.89,0.7363,3.5025,3.4526,0.0263,3.4872,before,-0.4381,3.5063,26883038.0
3.5217,20040309,-0.05,600004.SSE,32912.05,0.8228,3.4872,3.468,0.0154,3.468,before,-0.5501,3.4833,29926008.0
3.5792,20040310,0.28,600004.SSE,61025.36,1.5256,3.468,3.468,0.0321,3.5754,before,3.0973,3.468,56253486.0
3.6291,20040311,0.05,600004.SSE,59585.09,1.4896,3.5754,3.5562,0.0204,3.5946,before,0.5365,3.5677,55826484.0
3.6099,20040312,0.0,600004.SSE,33140.55,0.8285,3.5946,3.5485,0.0171,3.5946,before,0.0,3.6061,30935599.0
3.6867,20040315,0.18,600004.SSE,98320.22,2.458,3.5946,3.5677,0.0331,3.6636,before,1.921,3.5946,93747203.0
3.7097,20040316,0.02,600004.SSE,81049.87,2.0262,3.6636,3.6291,0.022000000000000002,3.6713,before,0.2094,3.6636,77642405.0
3.6905,20040317,-0.01,600004.SSE,58940.03,1.4735,3.6713,3.6099,0.0219,3.6675,before,-0.1045,3.6828,56028611.0
3.6982,20040318,-0.2,600004.SSE,58105.08,1.4526,3.6675,3.5831,0.0314,3.5907,before,-2.0921,3.6675,55246911.0
3.7365,20040319,0.33,600004.SSE,121176.34,3.0294,3.5907,3.5907,0.0406,3.7173,before,3.5256,3.5907,116416860.0
3.7212,20040322,0.0,600004.SSE,62082.99,1.5521,3.7173,3.6483,0.0196,3.7173,before,0.0,3.7173,59779032.0
3.702,20040323,-0.17,600004.SSE,53026.41,1.3257,3.7173,3.6368,0.0175,3.6521,before,-1.7544,3.702,50537681.0
3.6828,20040324,-0.09,600004.SSE,43014.79,1.0754,3.6521,3.6023,0.0221,3.6176,before,-0.9454,3.6483,40759081.0
3.656,20040325,0.0,600004.SSE,26538.61,0.6635,3.6176,3.5946,0.017,3.6176,before,0.0,3.6176,25039415.0
3.6943,20040326,0.14,600004.SSE,56398.6,1.41,3.6176,3.6023,0.0255,3.6713,before,1.4846,3.6214,53619317.0
3.7173,20040329,0.01,600004.SSE,45378.47,1.1345,3.6713,3.6636,0.0146,3.6751,before,0.1045,3.6636,43706881.0
3.702,20040330,0.07,600004.SSE,33518.2,0.838,3.6751,3.6368,0.0177,3.702,before,0.7307,3.6828,32007981.0
3.7365,20040331,-0.03,600004.SSE,66343.01,1.6586,3.702,3.6713,0.0176,3.6905,before,-0.3109,3.7058,64164007.0
3.7787,20040401,0.17,600004.SSE,114159.7,2.8539999999999996,3.6905,3.679,0.027000000000000003,3.7557,before,1.7672,3.702,111383900.0
3.8823,20040402,0.19,600004.SSE,207810.82,5.1953,3.7557,3.7519,0.0347,3.8286,before,1.9408,3.7595,207607417.0
3.8593,20040405,-0.05,600004.SSE,81321.98,2.033,3.8286,3.7672,0.024,3.8094,before,-0.501,3.8324,80952289.0
3.8439,20040406,0.07,600004.SSE,85632.72,2.1408,3.8094,3.748,0.0252,3.8363,before,0.7049,3.8056,84753479.0
3.9589999999999996,20040407,0.29,600004.SSE,162432.43,4.0608,3.8363,3.8171,0.037000000000000005,3.9475,before,2.9,3.8363,164661542.0
3.9936,20040408,-0.03,600004.SSE,120881.08,3.022,3.9475,3.9168,0.0194,3.9360000000000004,before,-0.2915,3.9475,124814708.0
3.9437,20040409,-0.38,600004.SSE,148751.1,3.7188,3.9360000000000004,3.7711,0.0439,3.7902,before,-3.7037,3.9360000000000004,149002375.0
3.8133,20040412,-0.03,600004.SSE,60777.2,1.5194,3.7902,3.7595,0.0142,3.7787,before,-0.3036,3.7787,59989622.0
3.8094,20040413,-0.1,600004.SSE,75708.22,1.8927,3.7787,3.6828,0.0335,3.7404,before,-1.0152,3.7787,73962063.0
3.7557,20040414,-0.04,600004.SSE,68276.34,1.7069,3.7404,3.679,0.0205,3.725,before,-0.4103,3.7212,65987638.0
3.748,20040415,-0.06,600004.SSE,41623.8,1.0406,3.725,3.6828,0.0175,3.702,before,-0.6179,3.725,40271846.0
3.7826,20040416,0.11,600004.SSE,78351.48,1.9588,3.702,3.6483,0.0363,3.7442,before,1.1399,3.7135,76105660.0
3.7711,20040419,-0.03,600004.SSE,42713.86,1.0678,3.7442,3.7097,0.0164,3.7327,before,-0.3074,3.7442,41611554.0
3.7519,20040420,-0.13,600004.SSE,38655.44,0.9664,3.7327,3.679,0.0195,3.6828,before,-1.3361,3.7404,37416667.0
3.7212,20040421,-0.17,600004.SSE,63394.76,1.5849,3.6828,3.6061,0.0313,3.6176,before,-1.7708,3.679,60744044.0
3.6675,20040422,0.04,600004.SSE,42535.12,1.0634,3.6176,3.5984,0.0191,3.6329,before,0.4242,3.6061,40294966.0
3.6138,20040423,-0.27,600004.SSE,72192.11,1.8048,3.6329,3.5179,0.0264,3.5294,before,-2.8511,3.6061,66798385.0
3.5907,20040426,0.1,600004.SSE,36302.51,0.9076,3.5294,3.5294,0.0174,3.5677,before,1.087,3.5485,33754004.0
3.6253,20040427,0.01,600004.SSE,34102.03,0.8526,3.5677,3.5485,0.0215,3.5716,before,0.1075,3.5485,31865904.0
3.6176,20040428,0.05,600004.SSE,29953.76,0.7488,3.5716,3.5332,0.0236,3.5907,before,0.5371,3.5485,27913217.0
3.6713,20040429,0.01,600004.SSE,57500.3,1.4375,3.5907,3.5869,0.0235,3.5946,before,0.1068,3.6253,54290951.0
3.6713,20040430,0.11,600004.SSE,44227.82,1.1057,3.5946,3.6061,0.0181,3.6368,before,1.1740000000000002,3.6291,41973412.0
3.6713,20040510,-0.38,600004.SSE,65639.38,1.641,3.6368,3.4526,0.0601,3.491,before,-4.0084,3.6445,60317493.0
3.5063,20040511,-0.05,600004.SSE,30596.59,0.7649,3.491,3.4488,0.0165,3.4718,before,-0.5495,3.4718,27716069.0
3.5601,20040512,0.18,600004.SSE,30356.23,0.7589,3.4718,3.4795,0.0232,3.5409,before,1.989,3.491,27945836.0
3.5562,20040513,-0.02,600004.SSE,14177.07,0.3544,3.5409,3.5179,0.0108,3.5332,before,-0.2167,3.537,13046604.0
3.5294,20040514,-0.21,600004.SSE,32684.56,0.8171,3.5332,3.4411,0.025,3.4526,before,-2.2801,3.5294,29599875.0
3.5179,20040517,-0.07,600004.SSE,41580.37,1.0395,3.4526,3.4143,0.03,3.4258,before,-0.7778,3.4526,37380594.0
3.4642,20040518,0.01,600004.SSE,38702.11,0.9676,3.4258,3.3184,0.0426,3.4296,before,0.11199999999999999,3.4258,33961004.0
3.4642,20040519,-0.04,600004.SSE,22678.9,0.5670000000000001,3.4296,3.3759,0.0257,3.4143,before,-0.4474,3.4373,20301306.0
3.4642,20040520,0.01,600004.SSE,14787.39,0.3697,3.4143,3.3989,0.0191,3.4181,before,0.1124,3.4335,13237755.0
3.4603,20040521,0.03,600004.SSE,21716.82,0.5429,3.4181,3.4143,0.0135,3.4296,before,0.3367,3.4143,19511613.0
3.491,20040524,0.15,600004.SSE,18991.08,0.4748,3.4296,3.4296,0.0179,3.4872,before,1.6779,3.4526,17146516.0
3.4872,20040525,-0.18,600004.SSE,28056.05,0.7014,3.4872,3.4066,0.0231,3.4181,before,-1.9802,3.4872,25114139.0
3.4335,20040526,0.02,600004.SSE,20499.13,0.5125,3.4181,3.3759,0.0168,3.4258,before,0.2245,3.4066,18204335.0
3.5179,20040527,0.19,600004.SSE,22003.89,0.5501,3.4258,3.4066,0.0325,3.4987,before,2.1277,3.4335,19971688.0
3.5102,20040528,-0.06,600004.SSE,16337.77,0.4084,3.4987,3.4603,0.0143,3.4757,before,-0.6579,3.491,14857309.0
3.491,20040531,0.0,600004.SSE,11889.35,0.2972,3.4757,3.4526,0.011000000000000001,3.4757,before,0.0,3.4757,10763206.0
3.5332,20040601,0.13,600004.SSE,28694.79,0.7174,3.4757,3.4757,0.0166,3.5255,before,1.4349,3.4833,26260881.0
3.491,20040603,-0.34,600004.SSE,56378.47,1.4095,3.5255,3.3759,0.0326,3.3951,before,-3.6997,3.4795,50176338.0
3.3913,20040604,-0.26,600004.SSE,84715.39,2.1179,3.3951,3.28,0.0328,3.2954,before,-2.9379,3.3798,73401990.0
3.303,20040607,-0.08,600004.SSE,38382.39,0.9596,3.2954,3.2378,0.0198,3.2647,before,-0.9313,3.2685,32744892.0
3.2915,20040608,-0.02,600004.SSE,18518.51,0.46299999999999997,3.2647,3.234,0.0176,3.2569999999999997,before,-0.235,3.2647,15733261.0
3.2762,20040609,-0.07,600004.SSE,27043.49,0.6761,3.2569999999999997,3.2148,0.0188,3.2301,before,-0.8245,3.2569999999999997,22875217.0
3.2647,20040610,-0.08,600004.SSE,28272.73,0.7068,3.2301,3.1841,0.0249,3.1994,before,-0.9501,3.2225,23787826.0
3.2685,20040611,0.0,600004.SSE,40122.53,1.0031,3.1994,3.1534,0.036000000000000004,3.1994,before,0.0,3.2148,33657798.0
3.2532,20040614,-0.16,600004.SSE,52359.17,1.3090000000000002,3.1994,3.1074,0.0456,3.1381,before,-1.9185,3.1918,42866539.0
3.2033,20040615,0.09,600004.SSE,25551.84,0.6388,3.1381,3.115,0.0281,3.1726,before,1.1002,3.1381,20991388.0
3.2416,20040616,0.08,600004.SSE,28621.18,0.7155,3.1726,3.1419,0.0314,3.2033,before,0.9674,3.1918,23859053.0
3.2071,20040617,-0.3,600004.SSE,32353.75,0.8088,3.2033,3.069,0.0431,3.0882,before,-3.5928,3.1879,26352089.0
3.0997,20040618,-0.09,600004.SSE,39151.84,0.9788,3.0882,3.023,0.0248,3.0537,before,-1.1179999999999999,3.069,31105123.0
3.092,20040621,0.06,600004.SSE,11449.76,0.2862,3.0537,3.0422,0.0163,3.0767,before,0.7538,3.0537,9161068.0
3.1457,20040622,0.13,600004.SSE,19802.79,0.4951,3.0767,3.069,0.0249,3.1266,before,1.6209,3.0882,16081465.0
3.1381,20040623,-0.08,600004.SSE,17697.0,0.4424,3.1266,3.069,0.0221,3.0959,before,-0.9816,3.1266,14283816.0
3.1189,20040624,-0.06,600004.SSE,9949.39,0.2487,3.0959,3.069,0.0161,3.0729,before,-0.7435,3.0959,8031300.0
3.1266,20040625,-0.01,600004.SSE,16597.0,0.4149,3.0729,3.0537,0.0237,3.069,before,-0.1248,3.069,13337968.0
3.1035,20040628,0.06,600004.SSE,18771.47,0.4693,3.069,3.0498,0.0175,3.092,before,0.75,3.069,15070967.0
3.1841,20040629,0.21,600004.SSE,37438.16,0.9359999999999999,3.092,3.092,0.0298,3.1726,before,2.6055,3.1074,30691942.0
3.2033,20040630,0.01,600004.SSE,31363.62,0.7841,3.1726,3.1457,0.0181,3.1764,before,0.1209,3.1649,25990625.0
3.2723,20040701,0.2,600004.SSE,53434.49,1.3359,3.1764,3.1457,0.0399,3.2532,before,2.4155,3.1764,45115132.0
3.2685,20040702,0.0,600004.SSE,22750.46,0.5688,3.2532,3.2110000000000003,0.0177,3.2532,before,0.0,3.2569999999999997,19204565.0
3.2569999999999997,20040705,-0.02,600004.SSE,13625.42,0.3406,3.2532,3.1879,0.0212,3.2455,before,-0.2358,3.2532,11429146.0
3.3682,20040706,0.13,600004.SSE,64707.39,1.6177,3.2455,3.2608,0.0331,3.2954,before,1.5366,3.3145,55899422.0
3.2954,20040707,-0.1,600004.SSE,16325.87,0.4081,3.2954,3.2493,0.013999999999999999,3.2569999999999997,before,-1.1641,3.2877,13915760.0
3.2762,20040708,0.03,600004.SSE,15316.87,0.3829,3.2569999999999997,3.2263,0.0153,3.2685,before,0.3534,3.2455,12992615.0
3.3184,20040709,-0.03,600004.SSE,17137.26,0.4284,3.2685,3.2532,0.02,3.2569999999999997,before,-0.3521,3.2762,14658156.0
3.2532,20040712,-0.09,600004.SSE,17439.3,0.436,3.2569999999999997,3.1841,0.0212,3.2225,before,-1.0601,3.2532,14555365.0
3.2723,20040713,0.07,600004.SSE,10091.62,0.2523,3.2225,3.1994,0.0229,3.2493,before,0.8434,3.2148,8426355.0
3.3491,20040714,0.25,600004.SSE,29729.55,0.7432,3.2493,3.2416,0.0335,3.3452,before,2.9869,3.2608,25182680.0
3.4296,20040715,0.17,600004.SSE,54014.3,1.3504,3.3452,3.3222,0.0313,3.4143,before,1.9722,3.3606,47169966.0
3.4757,20040716,0.09,600004.SSE,97032.21,2.4258,3.4143,3.3913,0.025,3.4488,before,1.0239,3.3989,86101413.0
3.5179,20040719,0.08,600004.SSE,59132.72,1.4783,3.4488,3.4181,0.0293,3.4795,before,0.9009,3.4526,52709364.0
3.5025,20040720,-0.07,600004.SSE,47712.75,1.1928,3.4795,3.4488,0.0156,3.4526,before,-0.7813,3.4795,42672328.0
3.4603,20040721,-0.05,600004.SSE,27288.53,0.6822,3.4526,3.4181,0.0124,3.4335,before,-0.5624,3.4526,24152409.0
3.4948,20040722,-0.04,600004.SSE,62599.35,1.565,3.4335,3.3798,0.0328,3.4181,before,-0.4525,3.4335,55353553.0
3.5601,20040723,0.34,600004.SSE,115985.66,2.8996,3.4181,3.3913,0.05,3.5485,before,3.8636,3.4104,104478793.0
3.5792,20040726,-0.13,600004.SSE,77168.14,1.9292,3.5485,3.4948,0.0241,3.4987,before,-1.4223,3.5409,70236240.0
3.5179,20040727,-0.01,600004.SSE,46498.74,1.1625,3.4987,3.4488,0.02,3.4948,before,-0.111,3.4872,41658303.0
3.5485,20040728,0.09,600004.SSE,43930.64,1.0983,3.4948,3.4718,0.0222,3.5294,before,1.0,3.491,39721805.0
3.5562,20040729,-0.01,600004.SSE,55856.29,1.3964,3.5294,3.4526,0.0297,3.5255,before,-0.11,3.5409,50258007.0
3.5255,20040730,-0.18,600004.SSE,30361.3,0.759,3.5255,3.4526,0.0209,3.4565,before,-1.9824,3.5255,27141424.0
3.5102,20040802,0.0,600004.SSE,20794.2,0.5199,3.4565,3.4373,0.0213,3.4565,before,0.0,3.4488,18598289.0
3.4833,20040803,-0.23,600004.SSE,81115.5,2.0279,3.4565,3.3299,0.0438,3.3644,before,-2.5843,3.4526,70764884.0
3.5524,20040804,0.3,600004.SSE,60743.13,1.5186,3.3644,3.3299,0.0657,3.4833,before,3.4602,3.3567,53989753.0
3.5102,20040805,-0.19,600004.SSE,35561.66,0.889,3.4833,3.4104,0.028999999999999998,3.4104,before,-2.1182,3.4795,31670699.0
3.468,20040806,0.01,600004.SSE,25837.27,0.6459,3.4104,3.3989,0.0205,3.4143,before,0.1139,3.3989,22779206.0
3.4718,20040809,0.09,600004.SSE,18408.17,0.4602,3.4143,3.3874,0.025,3.4488,before,1.0239,3.4143,16273334.0
3.4948,20040810,0.03,600004.SSE,29049.97,0.7262,3.4488,3.4181,0.0225,3.4603,before,0.3378,3.4488,25828305.0
3.4718,20040811,-0.05,600004.SSE,18272.57,0.4568,3.4603,3.4104,0.018000000000000002,3.4411,before,-0.5612,3.4565,16175583.0
3.4219999999999997,20040812,-0.13,600004.SSE,32060.1,0.8015,3.4411,3.3644,0.0158,3.3913,before,-1.4673,3.3989,27990048.0
3.4488,20040813,0.07,600004.SSE,13253.18,0.3313,3.3913,3.3759,0.0206,3.4181,before,0.8018,3.3798,11667481.0
3.4258,20040816,-0.13,600004.SSE,34472.84,0.8618,3.4181,3.3299,0.0273,3.3644,before,-1.4773,3.4258,29796202.0
3.4143,20040817,0.06,600004.SSE,13899.03,0.3475,3.3644,3.3414,0.0208,3.3913,before,0.6920000000000001,3.3721,12126020.0
3.4642,20040818,0.09,600004.SSE,31293.25,0.7823,3.3913,3.3644,0.0286,3.4258,before,1.0309,3.3913,27686344.0
3.4603,20040819,0.09,600004.SSE,27419.75,0.6855,3.4258,3.4066,0.0159,3.4603,before,1.0204,3.4181,24284575.0
3.514,20040820,0.05,600004.SSE,34223.0,0.8556,3.4603,3.4296,0.0247,3.4795,before,0.5612,3.4603,30588146.0
3.4757,20040823,-0.15,600004.SSE,19975.12,0.4994,3.4795,3.4066,0.0201,3.4219999999999997,before,-1.6741,3.445,17682428.0
3.4833,20040824,0.14,600004.SSE,21643.9,0.5411,3.4219999999999997,3.3798,0.0295,3.4757,before,1.5891,3.4143,19251742.0
3.4833,20040825,-0.03,600004.SSE,12026.98,0.3007,3.4757,3.445,0.0112,3.4642,before,-0.3352,3.4795,10711139.0
3.4565,20040826,-0.13,600004.SSE,11123.5,0.2781,3.4642,3.4104,0.0135,3.4143,before,-1.4574,3.4565,9828018.0
3.4296,20040827,-0.12,600004.SSE,28894.5,0.7224,3.4143,3.3414,0.025,3.3644,before,-1.3652,3.3989,25143125.0
3.3951,20040830,-0.06,600004.SSE,18136.2,0.4534,3.3644,3.3337,0.0173,3.3414,before,-0.6920000000000001,3.3376,15680770.0
3.4603,20040831,0.18,600004.SSE,25522.09,0.6381,3.3414,3.3759,0.0244,3.4143,before,2.0906,3.4143,22424265.0
3.4066,20040901,-0.13,600004.SSE,12369.27,0.3092,3.4143,3.3606,0.0125,3.3606,before,-1.479,3.4028,10753405.0
3.3721,20040902,-0.04,600004.SSE,25890.35,0.6473,3.3606,3.2838,0.0266,3.3452,before,-0.4619,3.3529,22147918.0
3.3491,20040903,-0.2,600004.SSE,29458.15,0.7365,3.3452,3.2455,0.0313,3.2685,before,-2.3202,3.3452,24889927.0
3.2838,20040906,0.03,600004.SSE,10368.65,0.2592,3.2685,3.2416,0.0131,3.28,before,0.3563,3.2647,8726893.0
3.2915,20040907,0.0,600004.SSE,5898.0,0.1475,3.28,3.2493,0.013000000000000001,3.28,before,0.0,3.2647,4968062.0
3.28,20040908,-0.18,600004.SSE,24605.65,0.6151,3.28,3.2033,0.0237,3.2110000000000003,before,-2.1302,3.2762,20455004.0
3.2110000000000003,20040909,-0.12,600004.SSE,29126.94,0.7282,3.2110000000000003,3.1534,0.0181,3.1649,before,-1.4509999999999998,3.1956,23808475.0
3.1994,20040910,0.07,600004.SSE,11432.43,0.2858,3.1649,3.1457,0.0172,3.1918,before,0.8589,3.1457,9353516.0
3.1841,20040913,-0.1,600004.SSE,22762.92,0.5691,3.1918,3.1035,0.0255,3.1534,before,-1.2165,3.1688,18363334.0
3.2608,20040914,0.17,600004.SSE,31022.32,0.7756,3.1534,3.1764,0.0271,3.2186,before,2.0936,3.1764,25658605.0
3.3798,20040915,0.28,600004.SSE,65667.75,1.6417,3.2186,3.2148,0.0519,3.326,before,3.3776,3.2225,56306107.0
3.3759,20040916,0.03,600004.SSE,29571.15,0.7393,3.326,3.2992,0.0233,3.3376,before,0.3501,3.3491,25347200.0
3.4718,20040917,0.29,600004.SSE,65353.34,1.6338,3.3376,3.3069,0.0488,3.4526,before,3.3721,3.3414,57437840.0
3.5409,20040920,0.18,600004.SSE,97626.73,2.4407,3.4526,3.4296,0.0326,3.5217,before,2.0247,3.468,87427446.0
3.537,20040921,-0.1,600004.SSE,67516.48,1.6879,3.5217,3.468,0.0198,3.4833,before,-1.1025,3.5332,60667964.0
3.4948,20040922,-0.23,600004.SSE,64695.67,1.6174,3.4833,3.3874,0.0312,3.3951,before,-2.5641,3.468,57091309.0
3.5562,20040923,0.41,600004.SSE,63271.63,1.5818,3.3951,3.3798,0.0515,3.5524,before,4.6911,3.4028,56641619.0
3.6713,20040924,-0.14,600004.SSE,190962.9,4.7741,3.5524,3.4948,0.0503,3.4987,before,-1.5301,3.5907,177912313.0
3.6061,20040927,0.04,600004.SSE,56250.89,1.4063,3.4987,3.491,0.0333,3.514,before,0.444,3.5677,51204468.0
3.656,20040928,0.29,600004.SSE,98823.92,2.4706,3.514,3.5179,0.0398,3.6253,before,3.2044,3.5179,91667433.0
3.6406,20040929,-0.16,600004.SSE,50552.21,1.2638,3.6253,3.5601,0.0225,3.5639,before,-1.7131,3.6291,46935028.0
3.5946,20040930,0.03,600004.SSE,52876.85,1.3219,3.5639,3.5332,0.0174,3.5754,before,0.3268,3.5524,48572680.0
3.6905,20041008,0.25,600004.SSE,59085.37,1.4771,3.5754,3.4987,0.0543,3.6713,before,2.7144,3.5792,54949027.0
3.7289,20041011,-0.01,600004.SSE,75280.32,1.882,3.6713,3.6023,0.0338,3.6675,before,-0.1057,3.6713,71305327.0
3.656,20041012,-0.41,600004.SSE,97507.6,2.4377,3.6675,3.468,0.0519,3.5102,before,-4.3386,3.6291,88891338.0
3.5485,20041013,0.02,600004.SSE,45231.27,1.1308,3.5102,3.468,0.0232,3.5179,before,0.2212,3.491,40767732.0
3.537,20041014,-0.37,600004.SSE,43161.41,1.079,3.5179,3.3644,0.0486,3.3721,before,-4.0839,3.5179,38130897.0
3.4296,20041015,0.06,600004.SSE,37658.92,0.9415,3.3721,3.3567,0.0207,3.3989,before,0.6904,3.3567,32894766.0
3.4258,20041018,0.04,600004.SSE,27063.52,0.6766,3.3989,3.3452,0.0229,3.4143,before,0.4571,3.4181,23619561.0
3.514,20041019,0.09,600004.SSE,45100.82,1.1275,3.4143,3.4181,0.0284,3.4488,before,1.0239,3.4219999999999997,40417932.0
3.491,20041020,0.1,600004.SSE,37649.82,0.9412,3.4488,3.4104,0.0236,3.4872,before,1.1261,3.4488,33342347.0
3.6061,20041021,0.18,600004.SSE,97673.3,2.4418,3.4872,3.468,0.0401,3.5562,before,2.0045,3.4872,89558862.0
3.6982,20041022,0.24,600004.SSE,130078.07,3.252,3.5562,3.5524,0.0415,3.6483,before,2.6201,3.5907,122220725.0
3.6867,20041025,-0.07,600004.SSE,93382.17,2.3346,3.6483,3.5984,0.0245,3.6214,before,-0.7447,3.6483,87482522.0
3.7979,20041026,0.37,600004.SSE,151976.18,3.7994,3.6214,3.5831,0.0589,3.7672,before,3.9657,3.6099,145499027.0
3.8516,20041027,-0.01,600004.SSE,155981.18,3.8995,3.7672,3.7327,0.032,3.7634,before,-0.1031,3.7595,152251673.0
3.7826,20041028,-0.17,600004.SSE,102959.93,2.574,3.7634,3.6905,0.0237,3.6943,before,-1.7544,3.7634,98816721.0
3.7404,20041029,-0.1,600004.SSE,101455.78,2.5364,3.6943,3.5716,0.0452,3.656,before,-1.0504,3.6713,95643045.0
3.6636,20041101,-0.22,600004.SSE,55534.31,1.3884,3.656,3.5716,0.0255,3.5716,before,-2.3355,3.6406,51546554.0
3.6099,20041102,0.01,600004.SSE,47366.72,1.1842,3.5716,3.514,0.0272,3.5754,before,0.1087,3.5524,43487883.0
3.7173,20041103,0.3,600004.SSE,67224.36,1.6806,3.5754,3.5907,0.0347,3.6905,before,3.2573,3.5907,63435754.0
3.7097,20041104,-0.36,600004.SSE,54685.43,1.3671,3.6905,3.5332,0.0473,3.5524,before,-3.7855,3.7097,51108326.0
3.6176,20041105,0.12,600004.SSE,27908.52,0.6977,3.5524,3.5524,0.0186,3.5984,before,1.3115,3.5907,25760563.0
3.6329,20041108,0.04,600004.SSE,26780.46,0.6695,3.5984,3.5294,0.0291,3.6138,before,0.4315,3.5716,24768760.0
3.6329,20041109,-0.1,600004.SSE,27747.74,0.6937,3.6138,3.5294,0.028999999999999998,3.5754,before,-1.0741,3.5907,25494645.0
3.7442,20041110,0.32,600004.SSE,97640.77,2.441,3.5754,3.5562,0.0521,3.6982,before,3.4745,3.5831,92503786.0
3.7442,20041111,0.01,600004.SSE,80213.63,2.0053,3.6982,3.6598,0.022000000000000002,3.702,before,0.1049,3.6982,76442225.0
3.7749,20041112,0.16,600004.SSE,84614.55,2.1154,3.702,3.6828,0.0241,3.7672,before,1.6771,3.6982,81580840.0
3.7902,20041115,0.04,600004.SSE,38971.4,0.9743,3.7672,3.7289,0.0165,3.7826,before,0.4124,3.7749,37730343.0
3.7902,20041116,-0.17,600004.SSE,53757.3,1.3439,3.7826,3.6867,0.0267,3.7173,before,-1.7454,3.7864,51528484.0
3.7289,20041117,0.0,600004.SSE,40219.95,1.0055,3.7173,3.6636,0.0167,3.7173,before,0.0,3.7212,38295273.0
3.7672,20041118,0.11,600004.SSE,38810.82,0.9703,3.7173,3.6943,0.0188,3.7595,before,1.1494,3.7212,37421000.0
3.7634,20041119,-0.1,600004.SSE,52434.22,1.3109,3.7595,3.6751,0.0227,3.7212,before,-1.0331,3.7595,50030415.0
3.7173,20041122,-0.13,600004.SSE,43451.7,1.0863,3.7212,3.656,0.0157,3.6675,before,-1.357,3.7097,41149893.0
3.6713,20041123,-0.05,600004.SSE,47628.83,1.1907,3.6675,3.6291,0.0116,3.6483,before,-0.5291,3.656,44790329.0
3.702,20041124,0.04,600004.SSE,22497.68,0.5624,3.6483,3.6483,0.0149,3.6636,before,0.4255,3.6521,21305474.0
3.6867,20041125,0.05,600004.SSE,26563.1,0.6641,3.6636,3.6483,0.0106,3.6828,before,0.5297,3.6675,25079134.0
3.6867,20041126,-0.13,600004.SSE,40213.96,1.0053,3.6828,3.6214,0.0179,3.6329,before,-1.3699,3.6867,37777648.0
3.6291,20041129,-0.09,600004.SSE,23055.47,0.5764,3.6329,3.5562,0.0203,3.5984,before,-0.9615,3.6291,21332279.0
3.6023,20041130,-0.05,600004.SSE,14573.53,0.3643,3.5984,3.5601,0.0119,3.5792,before,-0.5394,3.5716,13435888.0
3.6253,20041201,-0.01,600004.SSE,9324.5,0.2331,3.5792,3.5639,0.0174,3.5754,before,-0.1085,3.5831,8611390.0
3.5792,20041202,-0.15,600004.SSE,38202.14,0.9551,3.5754,3.4872,0.0261,3.5179,before,-1.6287,3.5792,34656349.0
3.5639,20041203,0.01,600004.SSE,18414.1,0.4604,3.5179,3.514,0.0143,3.5217,before,0.1104,3.514,16755062.0
3.5524,20041206,0.01,600004.SSE,25642.98,0.6411,3.5217,3.4757,0.0221,3.5255,before,0.1103,3.5332,23081532.0
3.5524,20041207,-0.07,600004.SSE,14430.44,0.3608,3.5255,3.4948,0.0165,3.4987,before,-0.7709,3.5255,13100066.0
3.5524,20041208,0.0,600004.SSE,11417.0,0.2854,3.4987,3.4948,0.0166,3.4987,before,0.0,3.5294,10348351.0
3.5869,20041209,0.1,600004.SSE,28706.06,0.7177,3.4987,3.4833,0.03,3.537,before,1.1099,3.5063,26200673.0
3.5409,20041210,-0.18,600004.SSE,24938.9,0.6235,3.537,3.4526,0.0252,3.468,before,-1.9759,3.5409,22378061.0
3.4757,20041213,-0.14,600004.SSE,23636.84,0.5909,3.468,3.3759,0.027999999999999997,3.4143,before,-1.5677,3.4565,20782554.0
3.4526,20041214,-0.04,600004.SSE,18057.7,0.4514,3.4143,3.3874,0.0193,3.3989,before,-0.4551,3.4028,15865104.0
3.4718,20041215,0.14,600004.SSE,20140.21,0.5035,3.3989,3.3798,0.0263,3.4526,before,1.6,3.4028,17825953.0
3.4872,20041216,0.0,600004.SSE,14840.46,0.371,3.4526,3.4181,0.0202,3.4526,before,0.0,3.4526,13184835.0
3.4565,20041217,-0.11,600004.SSE,11625.6,0.2906,3.4526,3.3951,0.018000000000000002,3.4104,before,-1.2373,3.4565,10224155.0
3.3989,20041220,-0.27,600004.SSE,29890.11,0.7473,3.4104,3.2954,0.0296,3.303,before,-3.0752,3.3874,25610603.0
3.3376,20041221,-0.08,600004.SSE,18571.28,0.4643,3.303,3.2608,0.0235,3.2723,before,-0.9401,3.2992,15759710.0
3.3759,20041222,0.23,600004.SSE,29096.87,0.7274,3.2723,3.2685,0.0332,3.3606,before,2.7284,3.2723,24956059.0
3.3798,20041223,-0.25,600004.SSE,40829.45,1.0207,3.3606,3.2608,0.0358,3.2647,before,-2.8868,3.3721,35207268.0
3.3376,20041224,0.14,600004.SSE,12703.6,0.3176,3.2647,3.2647,0.0226,3.3184,before,1.6647,3.2647,10808406.0
3.3759,20041227,0.05,600004.SSE,16589.59,0.4147,3.3184,3.2915,0.0257,3.3376,before,0.5848,3.3184,14284711.0
3.4143,20041228,0.11,600004.SSE,24906.65,0.6227,3.3376,3.326,0.0256,3.3798,before,1.2791,3.3606,21716635.0
3.4335,20041229,-0.02,600004.SSE,19755.57,0.4939,3.3798,3.3606,0.0207,3.3721,before,-0.2296,3.3798,17280284.0
3.3989,20041230,-0.03,600004.SSE,17718.65,0.44299999999999995,3.3721,3.3107,0.0253,3.3606,before,-0.3452,3.3644,15287030.0
3.4066,20041231,0.0,600004.SSE,20433.79,0.5108,3.3606,3.3376,0.0196,3.3606,before,0.0,3.3644,17806999.0
3.3644,20050104,-0.12,600004.SSE,24170.3,0.6043,3.3606,3.2992,0.0196,3.3145,before,-1.3857,3.3222,20728330.0
3.4066,20050105,0.15,600004.SSE,14939.46,0.3735,3.3145,3.2992,0.0316,3.3721,before,1.7564,3.3145,12969407.0
3.4219999999999997,20050106,0.02,600004.SSE,33302.25,0.8326,3.3721,3.3644,0.0161,3.3798,before,0.2301,3.3759,29118085.0
3.4565,20050107,0.16,600004.SSE,41225.77,1.0306,3.3798,3.3798,0.0218,3.445,before,1.837,3.3798,36353317.0
3.4795,20050110,0.04,600004.SSE,17907.67,0.4477,3.445,3.4181,0.018000000000000002,3.4603,before,0.451,3.445,15893640.0
3.4565,20050111,-0.05,600004.SSE,20694.6,0.5174,3.4603,3.4104,0.0135,3.4411,before,-0.5612,3.4565,18314374.0
3.4488,20050112,0.0,600004.SSE,12718.46,0.318,3.4411,3.4028,0.0135,3.4411,before,0.0,3.4219999999999997,11190468.0
3.4565,20050113,-0.03,600004.SSE,6484.21,0.1621,3.4411,3.4104,0.0135,3.4296,before,-0.3386,3.4181,5729012.0
3.4603,20050114,-0.11,600004.SSE,10068.5,0.2517,3.4296,3.3874,0.0215,3.3874,before,-1.2458,3.4219999999999997,8887312.0
3.3798,20050117,-0.15,600004.SSE,18551.63,0.4638,3.3874,3.2992,0.0241,3.326,before,-1.7202,3.3567,15955164.0
3.3452,20050118,-0.1,600004.SSE,33945.0,0.8486,3.326,3.2263,0.0362,3.2877,before,-1.1669,3.3184,28606583.0
3.2992,20050119,-0.15,600004.SSE,21403.47,0.5351,3.2877,3.2110000000000003,0.0272,3.2301,before,-1.771,3.2838,17948317.0
3.2493,20050120,-0.03,600004.SSE,19233.24,0.4808,3.2301,3.1841,0.0204,3.2186,before,-0.3606,3.2148,15900774.0
3.3567,20050121,0.24,600004.SSE,42721.12,1.068,3.2186,3.1918,0.0519,3.3107,before,2.8951,3.2148,36180199.0
3.4181,20050124,0.09,600004.SSE,25002.03,0.6251,3.3107,3.3222,0.0281,3.3452,before,1.0551,3.4066,21654891.0
3.4219999999999997,20050125,0.18,600004.SSE,37089.58,0.9272,3.3452,3.3107,0.0325,3.4181,before,2.0882,3.3452,32222707.0
3.4258,20050126,-0.1,600004.SSE,19749.61,0.4937,3.4181,3.3529,0.0205,3.3759,before,-1.1364,3.4143,17242804.0
3.3644,20050127,-0.19,600004.SSE,23167.37,0.5792,3.3759,3.28,0.0253,3.303,before,-2.1839,3.3337,19766133.0
3.2992,20050128,-0.11,600004.SSE,16351.53,0.4088,3.303,3.2378,0.0188,3.2608,before,-1.2926,3.2954,13733939.0
3.2877,20050131,0.02,600004.SSE,12959.38,0.324,3.2608,3.2301,0.0179,3.2685,before,0.2381,3.2455,10874644.0
3.3184,20050201,0.08,600004.SSE,12737.28,0.3184,3.2685,3.2532,0.0202,3.2992,before,0.9501,3.2608,10824591.0
3.4603,20050202,0.3,600004.SSE,56358.49,1.409,3.2992,3.2915,0.0506,3.4181,before,3.5294,3.2992,49109493.0
3.4642,20050203,-0.09,600004.SSE,34991.64,0.8748,3.4181,3.3721,0.0261,3.3798,before,-1.0227,3.4181,30750619.0
3.5025,20050204,0.26,600004.SSE,55362.67,1.3841,3.3798,3.3682,0.039,3.4833,before,2.9851,3.3798,49395861.0
3.514,20050216,-0.09,600004.SSE,31071.07,0.7768,3.4833,3.445,0.0201,3.4488,before,-1.0033,3.5025,27836447.0
3.4488,20050217,-0.03,600004.SSE,13709.74,0.3427,3.4488,3.3798,0.0191,3.4373,before,-0.3378,3.4488,12067508.0
3.4373,20050218,-0.03,600004.SSE,11150.79,0.2788,3.4373,3.3989,0.0113,3.4258,before,-0.33899999999999997,3.4373,9816138.0
3.4872,20050221,0.14,600004.SSE,20395.58,0.5099,3.4258,3.4181,0.0204,3.4795,before,1.5873,3.4258,18204425.0
3.5332,20050222,0.09,600004.SSE,44007.48,1.1002,3.4795,3.445,0.0257,3.514,before,1.0045,3.4872,39567770.0
3.5255,20050223,-0.15,600004.SSE,44450.26,1.1113,3.514,3.4373,0.0254,3.4565,before,-1.6575,3.514,39777814.0
3.4718,20050224,0.02,600004.SSE,20020.54,0.5005,3.4565,3.4258,0.0135,3.4642,before,0.2247,3.4526,17748703.0
3.514,20050225,0.05,600004.SSE,41011.67,1.0253,3.4642,3.4411,0.0213,3.4833,before,0.5605,3.4603,36737541.0
3.4795,20050228,-0.17,600004.SSE,24522.18,0.6131,3.4833,3.4104,0.0201,3.4181,before,-1.8952,3.4757,21682781.0
3.4488,20050301,0.04,600004.SSE,16973.83,0.4243,3.4181,3.4028,0.0136,3.4335,before,0.4545,3.4028,14961370.0
3.4757,20050302,-0.11,600004.SSE,23773.2,0.5943,3.4335,3.3759,0.0283,3.3913,before,-1.2443,3.4335,20929129.0
3.4028,20050303,0.02,600004.SSE,16721.17,0.418,3.3913,3.3452,0.016,3.3989,before,0.2291,3.3913,14528115.0
3.4104,20050304,-0.14,600004.SSE,24377.7,0.6094,3.3989,3.3337,0.0217,3.3414,before,-1.6,3.3913,21126139.0
3.3644,20050307,-0.01,600004.SSE,33499.66,0.8375,3.3414,3.3107,0.0163,3.3376,before,-0.1161,3.3376,28769521.0
3.4143,20050308,0.19,600004.SSE,49647.06,1.2412,3.3376,3.3414,0.0209,3.4143,before,2.2093,3.3452,43175531.0
3.4526,20050309,0.04,600004.SSE,40742.56,1.0186,3.4143,3.4028,0.0148,3.4296,before,0.4551,3.4104,35930937.0
3.4373,20050310,-0.23,600004.SSE,35686.5,0.8922,3.4296,3.326,0.0317,3.3376,before,-2.6048,3.4258,31030860.0
3.3682,20050311,0.01,600004.SSE,30947.12,0.7737,3.3376,3.3145,0.0163,3.3414,before,0.1163,3.3299,26579512.0
3.4373,20050314,0.15,600004.SSE,46272.01,1.1568,3.3414,3.2992,0.0407,3.4028,before,1.7422,3.3376,40057392.0
3.4028,20050315,-0.18,600004.SSE,28857.92,0.7214,3.4028,3.303,0.0285,3.3299,before,-2.0548,3.4028,24905603.0
3.3376,20050316,-0.15,600004.SSE,25773.47,0.6443,3.3299,3.2532,0.0256,3.2723,before,-1.7483,3.3145,21895135.0
3.2915,20050317,-0.05,600004.SSE,21910.3,0.5478,3.2723,3.234,0.0178,3.2532,before,-0.5931,3.2723,18371893.0
3.2954,20050318,0.07,600004.SSE,18454.96,0.4614,3.2532,3.2493,0.0143,3.28,before,0.8353,3.2532,15558823.0
3.3376,20050321,0.09,600004.SSE,17182.03,0.4296,3.28,3.2608,0.0237,3.3145,before,1.0651,3.2723,14635600.0
3.3184,20050322,-0.12,600004.SSE,19656.41,0.4914,3.3145,3.234,0.0258,3.2685,before,-1.4052,3.3184,16548770.0
3.3069,20050323,-0.51,600004.SSE,117451.73,2.9363,3.2685,3.0575,0.076,3.0729,before,-6.057,3.2608,96792897.0
3.0383,20050324,-0.15,600004.SSE,129997.96,3.2499,3.0729,2.9117,0.0417,3.0115,before,-1.8963,3.0383,99539519.0
3.0307,20050325,-0.05,600004.SSE,35344.51,0.8836,3.0115,2.9769,0.018000000000000002,2.9923,before,-0.6443,2.9808,27345858.0
2.9923,20050328,-0.03,600004.SSE,28783.33,0.7196,2.9923,2.9194,0.0246,2.9808,before,-0.3891,2.9923,21919190.0
3.0383,20050329,-0.09,600004.SSE,56686.52,1.4172,2.9808,2.9424,0.0326,2.9463,before,-1.1719,2.9808,43585411.0
2.9539,20050330,-0.2,600004.SSE,40371.66,1.0093,2.9463,2.858,0.0329,2.8695,before,-2.635,2.9501,30136814.0
2.9271,20050331,0.12,600004.SSE,32190.2,0.8048,2.8695,2.8427,0.0298,2.9156,before,1.6238,2.858,24013299.0
3.1074,20050401,0.27,600004.SSE,53304.87,1.3326,2.9156,2.8772,0.0786,3.0191,before,3.5952,2.9041,40895707.0
2.9846,20050404,-0.39,600004.SSE,59641.49,1.4909999999999999,3.0191,2.8657,0.0398,2.8695,before,-5.0129,2.9846,44796436.0
2.8887,20050405,-0.2,600004.SSE,79081.47,1.9769999999999999,2.8695,2.7698,0.0419,2.7928,before,-2.7064,2.8734,57238886.0
2.9117,20050406,0.22,600004.SSE,59325.81,1.4831,2.7928,2.7698,0.0515,2.8772,before,3.0598,2.7698,43536475.0
3.0191,20050407,0.17,600004.SSE,91009.96,2.2752,2.8772,2.8772,0.0499,2.9424,before,2.2942,2.8772,69442321.0
3.0191,20050408,0.13,600004.SSE,61848.23,1.5462,2.9424,2.9156,0.0356,2.9923,before,1.715,2.9654,47211709.0
3.0268,20050411,0.01,600004.SSE,50185.62,1.2546,2.9923,2.9463,0.0272,2.9961,before,0.1297,2.9885,38609642.0
3.0076,20050412,-0.12,600004.SSE,39686.73,0.9922,2.9961,2.9463,0.0207,2.9501,before,-1.5544,2.9885,30520581.0
3.069,20050413,0.14,600004.SSE,53370.04,1.3343,2.9501,2.9808,0.0289,3.0038,before,1.8421,2.9808,41490682.0
3.0307,20050414,-0.06,600004.SSE,28768.31,0.7192,3.0038,2.9731,0.0194,2.9808,before,-0.7752,3.0268,22286598.0
2.9616,20050415,-0.19,600004.SSE,34934.69,0.8734,2.9808,2.8887,0.0247,2.9079,before,-2.474,2.9616,26252780.0
2.9309,20050418,-0.04,600004.SSE,21620.73,0.5405,2.9079,2.8657,0.0227,2.8925,before,-0.534,2.8734,16153475.0
2.9232,20050419,0.06,600004.SSE,18198.3,0.455,2.8925,2.8810000000000002,0.0148,2.9156,before,0.8054,2.8925,13595467.0
2.9156,20050420,-0.16,600004.SSE,26368.73,0.6592,2.9156,2.8465,0.024,2.8542,before,-2.1305,2.9117,19449925.0
2.8964,20050421,0.07,600004.SSE,24144.43,0.6036,2.8542,2.8273,0.0245,2.8810000000000002,before,0.9524,2.8503,17826739.0
2.9616,20050422,0.13,600004.SSE,34433.09,0.8608,2.8810000000000002,2.8734,0.031,2.9309,before,1.7519999999999998,2.8734,26029750.0
2.9463,20050425,-0.12,600004.SSE,31791.96,0.7948,2.9309,2.8542,0.0318,2.8849,before,-1.5894,2.9117,23694811.0
2.8925,20050426,-0.26,600004.SSE,73619.69,1.8405,2.8849,2.7506,0.0498,2.7851,before,-3.4993,2.8810000000000002,53071590.0
2.8235,20050427,-0.19,600004.SSE,59490.35,1.4873,2.7851,2.7007,0.0432,2.7084,before,-2.6499,2.7889999999999997,42007473.0
2.7429,20050428,0.03,600004.SSE,102955.61,2.5739,2.7084,2.6048,0.0501,2.7199,before,0.4298,2.7084,70607191.0
2.8465,20050429,0.18,600004.SSE,89536.55,2.2384,2.7199,2.6278,0.0799,2.7928,before,2.5678,2.6394,64153213.0
2.8158,20050509,-0.03,600004.SSE,29822.18,0.7456,2.7928,2.7161,0.0348,2.7813,before,-0.4172,2.7966,21303845.0
2.7813,20050510,0.0,600004.SSE,24617.34,0.6154,2.7813,2.6892,0.0321,2.7813,before,0.0,2.7813,17345182.0
2.7889999999999997,20050511,-0.18,600004.SSE,20254.93,0.5064,2.7813,2.7084,0.0279,2.7084,before,-2.5140000000000002,2.7736,14257651.0
2.7468,20050512,-0.19,600004.SSE,29530.3,0.7383,2.7084,2.6163,0.0473,2.6355,before,-2.7221,2.7084,20371760.0
2.6969,20050513,0.11,600004.SSE,23371.05,0.5843,2.6355,2.6087,0.0339,2.6777,before,1.62,2.6202,16002245.0
2.6739,20050516,-0.11,600004.SSE,13558.2,0.33899999999999997,2.6777,2.6202,0.0203,2.6355,before,-1.5942,2.6739,9246343.0
2.6239999999999997,20050517,-0.18,600004.SSE,43451.66,1.0863,2.6355,2.5319,0.0353,2.5665,before,-2.6510000000000002,2.5741,28791213.0
2.6087,20050518,-0.01,600004.SSE,27446.65,0.6862,2.5665,2.5243,0.0333,2.5626,before,-0.1513,2.5665,18098643.0
2.6202,20050519,0.1,600004.SSE,25221.65,0.6305,2.5626,2.5434,0.0303,2.6010000000000004,before,1.5152,2.5665,16831426.0
2.6509,20050520,0.02,600004.SSE,21896.96,0.5474,2.6010000000000004,2.5895,0.0239,2.6087,before,0.2985,2.6010000000000004,14805993.0
2.6125,20050523,-0.08,600004.SSE,17942.3,0.4486,2.6087,2.5741,0.0149,2.5780000000000003,before,-1.1905,2.6048,11980140.0
2.6777,20050524,0.2,600004.SSE,30575.39,0.7644,2.5780000000000003,2.5741,0.0407,2.6547,before,3.012,2.5856,20719572.0
2.6854,20050525,0.01,600004.SSE,21445.22,0.5361,2.6547,2.6394,0.0175,2.6585,before,0.1462,2.647,14700905.0
2.6662,20050526,-0.05,600004.SSE,21174.23,0.5294,2.6585,2.6010000000000004,0.0248,2.6394,before,-0.7299,2.6585,14343066.0
2.6585,20050527,-0.03,600004.SSE,15038.5,0.376,2.6394,2.6010000000000004,0.0221,2.6278,before,-0.4412,2.6355,10188321.0
2.6432,20050530,0.01,600004.SSE,12656.73,0.3164,2.6278,2.5933,0.0192,2.6317,before,0.1477,2.6278,8520461.0
2.6969,20050601,0.14,600004.SSE,44351.18,1.1088,2.6317,2.5933,0.0398,2.6854,before,2.0649,2.6317,30236694.0
2.67,20050602,-0.19,600004.SSE,27910.01,0.6978,2.6854,2.5818,0.0332,2.6125,before,-2.7457,2.67,18841731.0
2.647,20050603,0.06,600004.SSE,21789.56,0.5447,2.6125,2.5780000000000003,0.0267,2.6355,before,0.8915,2.6010000000000004,14670539.0
2.6931,20050606,0.13,600004.SSE,22621.33,0.5655,2.6355,2.6048,0.0339,2.6854,before,1.9146,2.6317,15529421.0
2.7429,20050607,0.0,600004.SSE,40344.28,1.0086,2.6854,2.67,0.026000000000000002,2.6854,before,0.0,2.6931,28156684.0
2.9539,20050608,0.48,600004.SSE,112110.01,2.8028,2.6854,2.6394,0.1171,2.8734,before,6.9364,2.9539,82254663.0
2.9041,20050609,-0.04,600004.SSE,66743.75,1.6686,2.8734,2.8388,0.023,2.858,before,-0.5405,2.8734,49278600.0
2.8657,20050610,-0.25,600004.SSE,45142.11,1.1286,2.858,2.7506,0.0408,2.7621,before,-3.3967,2.858,32544794.0
2.8158,20050613,0.07,600004.SSE,29767.12,0.7442,2.7621,2.7314,0.0295,2.7889999999999997,before,0.9845,2.7775,21281325.0
2.8887,20050614,0.05,600004.SSE,97928.38,2.4482,2.7889999999999997,2.7889999999999997,0.0362,2.8081,before,0.6964,2.7889999999999997,71973977.0
2.8849,20050615,0.05,600004.SSE,111427.59,2.7857,2.8081,2.7966,0.0318,2.8273,before,0.6916,2.7966,81451268.0
2.9539,20050616,0.31,600004.SSE,95269.89,2.3817,2.8273,2.8197,0.0481,2.9463,before,4.2582,2.8235,71285557.0
3.0345,20050617,0.16,600004.SSE,128025.54,3.2006,2.9463,2.9309,0.0356,3.0076,before,2.108,2.9501,98657131.0
3.1266,20050620,0.22,600004.SSE,167616.22,4.1904,3.0076,2.9616,0.0542,3.0959,before,2.8387,2.9846,132367718.0
3.1266,20050622,-0.01,600004.SSE,95530.15,2.3883,3.0959,3.0,0.0402,3.092,before,-0.1255,3.0422,75653095.0
3.1074,20050623,-0.14,600004.SSE,42332.87,1.0583,3.092,3.0307,0.0239,3.0345,before,-1.7588,3.0959,33500624.0
3.1112,20050624,0.18,600004.SSE,60094.71,1.5024,3.0345,3.0076,0.0332,3.1074,before,2.3018,3.0191,47586708.0
3.2033,20050627,0.01,600004.SSE,79880.14,1.9969999999999999,3.1074,3.1035,0.0325,3.1112,before,0.125,3.1189,64850398.0
3.1419,20050628,0.04,600004.SSE,54538.18,1.3635,3.1112,3.0767,0.0212,3.1266,before,0.4994,3.115,43631896.0
3.1419,20050629,-0.1,600004.SSE,44374.49,1.1094,3.1266,3.0882,0.0174,3.0882,before,-1.2422,3.1266,35548703.0
3.0805,20050630,-0.26,600004.SSE,47057.64,1.1764,3.0882,2.9693,0.0352,2.9846,before,-3.2704,3.0652,36522584.0
3.0,20050701,0.0,600004.SSE,49097.29,1.2274,2.9846,2.9386,0.0208,2.9846,before,0.0,2.9693,37555478.0
3.069,20050704,0.2,600004.SSE,44771.97,1.1193,2.9846,2.9463,0.0403,3.0652,before,2.6008,2.9846,34867721.0
3.0882,20050705,-0.11,600004.SSE,30568.28,0.7642,3.0652,3.0115,0.0241,3.0191,before,-1.3942,3.0729,23867039.0
3.0575,20050706,0.02,600004.SSE,28249.55,0.7062,3.0191,3.0038,0.018000000000000002,3.0268,before,0.2571,3.0268,21986050.0
3.0422,20050707,-0.01,600004.SSE,14010.66,0.3503,3.0268,2.9961,0.0154,3.023,before,-0.1282,3.0268,10905713.0
3.0460000000000003,20050708,-0.04,600004.SSE,23403.99,0.5851,3.023,2.9808,0.0218,3.0076,before,-0.5135,3.0076,18146665.0
3.1266,20050711,0.04,600004.SSE,26122.4,0.6531,3.0076,3.0153,0.0361,3.023,before,0.5161,3.0268,20676379.0
3.1879,20050712,0.4,600004.SSE,78915.3,1.9729,3.023,3.0191,0.0552,3.1803,before,5.1348,3.0460000000000003,63761463.0
3.1879,20050713,-0.09,600004.SSE,30281.17,0.757,3.1803,3.1381,0.0159,3.1457,before,-1.0989,3.1803,24671994.0
3.2915,20050714,0.14,600004.SSE,72370.29,1.8093,3.1457,3.1419,0.0481,3.1994,before,1.7284,3.1457,60198529.0
3.2569999999999997,20050715,0.05,600004.SSE,20223.12,0.5056,3.1994,3.1841,0.0225,3.2186,before,0.6258,3.2416,16212633.0
3.3184,20050718,0.18,600004.SSE,43654.68,1.0914,3.2186,3.2033,0.0361,3.2915,before,2.2388,3.2186,35846818.0
3.3567,20050719,0.0,600004.SSE,27572.74,0.6893,3.2915,3.2838,0.0219,3.2915,before,0.0,3.2838,22781909.0
3.3452,20050720,0.11,600004.SSE,48497.84,1.2124,3.2915,3.2416,0.0304,3.3337,before,1.3382,3.2877,40042585.0
3.3644,20050721,-0.03,600004.SSE,37173.35,0.9293,3.3337,3.303,0.018000000000000002,3.3222,before,-0.3601,3.3452,30937604.0
3.4833,20050722,0.25,600004.SSE,79216.99,1.9804,3.3222,3.3299,0.0458,3.4219999999999997,before,3.012,3.3606,67390288.0
3.4642,20050725,-0.18,600004.SSE,53592.87,1.3398,3.4219999999999997,3.3452,0.0351,3.3529,before,-2.1053,3.4143,45544707.0
3.4757,20050726,0.18,600004.SSE,64363.23,1.6091,3.3529,3.3376,0.0406,3.4219999999999997,before,2.1505,3.3491,54782547.0
3.5063,20050727,0.14,600004.SSE,54625.68,1.3656,3.4219999999999997,3.4028,0.0304,3.4795,before,1.6374,3.4104,47290316.0
3.4757,20050728,-0.19,600004.SSE,48895.5,1.2224,3.4795,3.3836,0.0265,3.4028,before,-2.1864,3.4757,41849595.0
3.4219999999999997,20050729,0.0,600004.SSE,21687.83,0.5422,3.4028,3.3759,0.0141,3.4028,before,0.0,3.3989,18411182.0
3.4488,20050801,0.01,600004.SSE,24604.38,0.6151,3.4028,3.3836,0.0188,3.4066,before,0.1176,3.3989,21001169.0
3.4066,20050802,-0.09,600004.SSE,64079.99,1.6019999999999999,3.4066,3.3299,0.0223,3.3721,before,-1.0576,3.4066,53761712.0
3.4028,20050803,-0.11,600004.SSE,73576.59,1.8394,3.3721,3.3222,0.0238,3.326,before,-1.3064,3.3721,61832948.0
3.3836,20050804,0.1,600004.SSE,31381.47,0.7845,3.326,3.3184,0.0193,3.3682,before,1.2034,3.3222,26298677.0
3.4603,20050805,0.2,600004.SSE,49673.83,1.2418,3.3682,3.3567,0.0309,3.4488,before,2.3781,3.3606,42485328.0
3.4642,20050808,-0.09,600004.SSE,44224.67,1.1056,3.4488,3.3951,0.0197,3.4104,before,-1.0453,3.4526,37835190.0
3.4296,20050809,0.04,600004.SSE,26311.46,0.6578,3.4104,3.3951,0.0106,3.4258,before,0.4695,3.4104,22425065.0
3.4833,20050810,0.13,600004.SSE,51300.79,1.2825,3.4258,3.3951,0.0257,3.4795,before,1.5187,3.4104,43973213.0
3.5485,20050811,0.0,600004.SSE,69027.28,1.7257,3.4795,3.4565,0.0265,3.4795,before,0.0,3.4795,60258871.0
3.491,20050812,-0.25,600004.SSE,54831.83,1.3708,3.4795,3.3452,0.0426,3.3798,before,-2.8769,3.4833,46631336.0
3.4143,20050815,0.04,600004.SSE,33646.49,0.8412,3.3798,3.326,0.0261,3.3951,before,0.4739,3.3836,28289005.0
3.3951,20050816,-0.27,600004.SSE,81582.56,2.0396,3.3951,3.2608,0.0401,3.2877,before,-3.1839999999999997,3.3836,67410582.0
3.3529,20050817,0.06,600004.SSE,44548.47,1.1137,3.2877,3.2685,0.0256,3.3107,before,0.7308,3.28,36857249.0
3.3299,20050818,-0.22,600004.SSE,52904.13,1.3226,3.3107,3.2071,0.0375,3.2225,before,-2.6602,3.3107,43434511.0
3.28,20050819,0.06,600004.SSE,32220.58,0.8055,3.2225,3.2225,0.0174,3.2455,before,0.7453,3.2225,26107398.0
3.3337,20050822,0.18,600004.SSE,20519.92,0.513,3.2455,3.2110000000000003,0.0382,3.3184,before,2.2195,3.2455,16898760.0
3.3337,20050823,-0.09,600004.SSE,22969.34,0.5742,3.3184,3.2416,0.0277,3.2838,before,-1.0856,3.3107,18877846.0
3.3222,20050824,0.0,600004.SSE,28187.66,0.7047,3.2838,3.2493,0.022000000000000002,3.2838,before,0.0,3.2838,23098090.0
3.2915,20050825,-0.11,600004.SSE,30293.72,0.7573,3.2838,3.2225,0.0207,3.2378,before,-1.3415,3.2838,24594571.0
3.2647,20050826,0.0,600004.SSE,16944.32,0.4236,3.2378,3.2263,0.0111,3.2378,before,0.0,3.234,13712924.0
3.3069,20050829,0.12,600004.SSE,20858.89,0.5215,3.2378,3.2301,0.0235,3.2877,before,1.4833,3.234,16999671.0
3.2992,20050830,0.0,600004.SSE,13460.43,0.3365,3.2877,3.2647,0.011000000000000001,3.2877,before,0.0,3.2838,11046009.0
3.3299,20050831,0.1,600004.SSE,15745.47,0.3936,3.2877,3.2723,0.0183,3.326,before,1.218,3.28,13004470.0
3.3491,20050901,0.0,600004.SSE,23725.5,0.5931,3.326,3.3069,0.012,3.326,before,0.0,3.3222,19719231.0
3.3951,20050902,0.15,600004.SSE,40993.51,1.0248,3.326,3.2992,0.0289,3.3874,before,1.8051,3.3337,34247726.0
3.3951,20050905,-0.07,600004.SSE,21716.71,0.5429,3.3874,3.3184,0.0225,3.3606,before,-0.8274,3.3798,18156850.0
3.3529,20050906,-0.21,600004.SSE,25988.3,0.6497,3.3606,3.2608,0.0274,3.2762,before,-2.503,3.3452,21464721.0
3.326,20050907,0.05,600004.SSE,22486.71,0.5622,3.2762,3.2569999999999997,0.022000000000000002,3.2954,before,0.6112,3.2685,18444106.0
3.4219999999999997,20050908,0.1,600004.SSE,36742.88,0.9186,3.2954,3.3069,0.0352,3.3337,before,1.2151,3.3069,30878257.0
3.3491,20050909,-0.11,600004.SSE,13189.59,0.3297,3.3337,3.2915,0.0168,3.2915,before,-1.3205,3.3376,10939306.0
3.3145,20050912,-0.04,600004.SSE,17592.08,0.4398,3.2915,3.2685,0.0146,3.2762,before,-0.4866,3.2915,14417708.0
3.3299,20050913,0.13,600004.SSE,16494.35,0.4124,3.2762,3.2685,0.0196,3.326,before,1.5892,3.2838,13575467.0
3.3759,20050914,0.1,600004.SSE,31757.8,0.7939,3.326,3.2992,0.0229,3.3682,before,1.2034,3.326,26511107.0
3.3913,20050915,0.04,600004.SSE,22690.88,0.5673,3.3682,3.3376,0.0155,3.3836,before,0.4756,3.3721,19083081.0
3.3836,20050916,-0.09,600004.SSE,14758.01,0.369,3.3836,3.3337,0.0142,3.3491,before,-1.0651,3.3682,12361500.0
3.3491,20050919,-0.09,600004.SSE,17580.91,0.4395,3.3491,3.303,0.0132,3.3107,before,-1.0766,3.3337,14558099.0
3.3145,20050920,0.0,600004.SSE,25127.9,0.6282,3.3107,3.2685,0.0145,3.3107,before,0.0,3.3069,20642120.0
3.3184,20050921,-0.15,600004.SSE,22101.1,0.5525,3.3107,3.2455,0.0218,3.2493,before,-1.8138,3.3184,18053407.0
3.2723,20050922,-0.17,600004.SSE,31667.58,0.7917,3.2493,3.1457,0.0382,3.1841,before,-2.0936,3.2378,25339514.0
3.1918,20050923,-0.14,600004.SSE,24305.0,0.6076,3.1841,3.115,0.0239,3.1266,before,-1.761,3.1688,19034890.0
3.1227,20050926,-0.04,600004.SSE,17125.7,0.4281,3.1266,3.0959,0.009000000000000001,3.1112,before,-0.5122,3.1227,13284406.0
3.1112,20050927,-0.16,600004.SSE,38055.25,0.9514,3.1112,3.0383,0.0232,3.0460000000000003,before,-2.0592,3.1112,29162947.0
3.0729,20050928,-0.08,600004.SSE,29489.5,0.7372,3.0460000000000003,2.9961,0.025,3.0153,before,-1.0512,3.0422,22321199.0
3.0613,20050929,0.1,600004.SSE,29236.9,0.7309,3.0153,3.0076,0.0186,3.0537,before,1.328,3.0153,22126852.0
3.0767,20050930,0.05,600004.SSE,14735.91,0.3684,3.0537,3.0422,0.0105,3.0767,before,0.6553,3.0613,11224784.0
3.0652,20051010,-0.09,600004.SSE,7321.08,0.183,3.0767,3.0115,0.0182,3.0383,before,-1.1719,3.0613,5566242.0
3.0997,20051011,0.12,600004.SSE,12333.0,0.3083,3.0383,3.0345,0.0211,3.0882,before,1.581,3.0422,9462636.0
3.1381,20051012,0.05,600004.SSE,25464.23,0.6366,3.0882,3.0767,0.0208,3.1074,before,0.6485,3.092,19741247.0
3.1189,20051013,-0.22,600004.SSE,42853.78,1.0713,3.1074,3.0,0.0387,3.0191,before,-2.8351,3.1074,32552962.0
3.0422,20051014,-0.13,600004.SSE,32839.0,0.821,3.0191,2.9654,0.0252,2.9654,before,-1.7241,3.0191,24651661.0
3.0115,20051017,-0.24,600004.SSE,49211.59,1.2303,2.9654,2.8388,0.057999999999999996,2.8695,before,-3.2389,2.9424,35514380.0
2.9232,20051018,0.07,600004.SSE,29925.91,0.7481,2.8695,2.8465,0.0265,2.9002,before,0.9763,2.8695,21563121.0
2.9424,20051019,0.08,600004.SSE,22222.96,0.5556,2.9002,2.8810000000000002,0.0207,2.9309,before,1.105,2.9002,16218379.0
2.9961,20051020,0.14,600004.SSE,19182.86,0.4796,2.9309,2.8925,0.0355,2.9885,before,1.9126,2.9232,14057675.0
3.1419,20051021,0.23,600004.SSE,116003.65,2.9001,2.9885,2.9654,0.059000000000000004,3.0805,before,3.0831,2.9885,89433841.0
3.1994,20051104,0.25,600004.SSE,135357.63,3.3839,3.0805,3.0844,0.0377,3.1803,before,3.2510000000000003,3.0844,106474177.0
3.1803,20051107,-0.07,600004.SSE,38431.01,0.9608,3.1803,3.1227,0.0176,3.1496,before,-0.8816,3.1726,30268988.0
3.1841,20051108,-0.02,600004.SSE,36347.26,0.9087,3.1496,3.1342,0.0152,3.1419,before,-0.2541,3.1496,28663709.0
3.234,20051109,0.1,600004.SSE,66466.46,1.6617,3.1419,3.1381,0.0306,3.1841,before,1.2739,3.1496,53022652.0
3.1956,20051110,-0.05,600004.SSE,64324.29,1.6081,3.1841,3.1266,0.0214,3.1649,before,-0.6289,3.1649,50800189.0
3.2263,20051111,0.09,600004.SSE,111138.62,2.7785,3.1649,3.1649,0.0203,3.1994,before,1.1392,3.1649,88908439.0
3.2110000000000003,20051220,-1.39,600004.SSE,363158.85,7.6294,3.1994,3.0729,0.0363,3.1457,before,-17.3967,3.1457,240161254.0
3.2723,20051221,0.23,600004.SSE,203156.79,4.268,3.1457,3.1457,0.0409,3.2532,before,3.4848,3.1496,137215709.0
3.2877,20051222,0.05,600004.SSE,125957.83,2.6462,3.2532,3.2225,0.0205,3.28,before,0.7321,3.2416,86135615.0
3.2685,20051223,-0.11,600004.SSE,132905.22,2.7921,3.28,3.2148,0.016,3.2263,before,-1.5988,3.2685,90176364.0
3.2532,20051226,-0.03,600004.SSE,132220.05,2.7777,3.2263,3.1918,0.0192,3.2110000000000003,before,-0.4431,3.2263,89399422.0
3.2455,20051227,0.06,600004.SSE,122084.01,2.5648,3.2110000000000003,3.1649,0.0252,3.2416,before,0.8902,3.2148,82257802.0
3.2455,20051228,-0.06,600004.SSE,84797.12,1.7815,3.2416,3.1918,0.0162,3.2110000000000003,before,-0.8824,3.2263,57292052.0
3.2455,20051229,0.02,600004.SSE,115893.13,2.4347,3.2110000000000003,3.1918,0.0163,3.2225,before,0.2967,3.1956,78303822.0
3.2455,20051230,0.0,600004.SSE,94333.67,1.9818,3.2225,3.2071,0.0118,3.2225,before,0.0,3.2225,63980844.0
3.2685,20060104,0.01,600004.SSE,100704.66,2.1156,3.2225,3.1956,0.0222,3.2263,before,0.1479,3.2110000000000003,68388182.0
3.3606,20060105,0.19,600004.SSE,123817.79,2.6012,3.2263,3.2148,0.0443,3.3145,before,2.8065,3.234,85410415.0
3.3644,20060106,-0.04,600004.SSE,86997.57,1.8277,3.3145,3.2877,0.023,3.2954,before,-0.5747,3.3337,60752972.0
3.3606,20060109,0.07,600004.SSE,57260.15,1.2029,3.2954,3.2647,0.0289,3.3299,before,1.0116,3.326,39817003.0
3.3337,20060110,-0.08,600004.SSE,96968.5,2.0372,3.3299,3.2416,0.0286,3.2915,before,-1.1445,3.3107,66945847.0
3.303,20060111,0.01,600004.SSE,53802.83,1.1303,3.2915,3.2608,0.013000000000000001,3.2954,before,0.1447,3.2877,37089410.0
3.3491,20060112,0.09,600004.SSE,70633.13,1.4839,3.2954,3.2647,0.026000000000000002,3.3414,before,1.3006,3.2877,49281773.0
3.3414,20060113,-0.07,600004.SSE,99184.86,2.0837,3.3414,3.2608,0.0243,3.3069,before,-0.9986,3.3414,68774427.0
3.3107,20060116,-0.1,600004.SSE,78308.23,1.6451,3.3069,3.2532,0.0173,3.2608,before,-1.4409,3.2877,54026373.0
3.3069,20060117,-0.02,600004.SSE,74916.06,1.5739,3.2608,3.234,0.0219,3.2493,before,-0.2924,3.2532,51467486.0
3.2838,20060118,0.05,600004.SSE,102880.4,2.1614,3.2493,3.2416,0.0132,3.2723,before,0.7331,3.2493,70320248.0
3.2838,20060119,-0.12,600004.SSE,100821.66,2.1181,3.2723,3.1688,0.0349,3.2148,before,-1.7467,3.2723,67891709.0
3.2225,20060120,-0.17,600004.SSE,103707.63,2.1787,3.2148,3.1035,0.037000000000000005,3.1342,before,-2.5185,3.2148,68870823.0
3.1841,20060123,0.02,600004.SSE,81370.24,1.7095,3.1342,3.1304,0.0167,3.1457,before,0.304,3.1342,53700618.0
3.1841,20060124,-0.11,600004.SSE,121756.22,2.5579,3.1457,3.0729,0.0348,3.092,before,-1.6667,3.1572,79541111.0
3.1381,20060125,0.1,600004.SSE,76214.52,1.6011,3.092,3.0882,0.0169,3.1381,before,1.5408,3.0959,49617990.0
3.1688,20060206,0.05,600004.SSE,68118.3,1.4311,3.1381,3.1112,0.0182,3.1649,before,0.7587,3.1381,44876732.0
3.1841,20060207,-0.06,600004.SSE,101494.65,2.1322,3.1649,3.092,0.0286,3.1342,before,-0.9036,3.1726,66828980.0
3.1918,20060208,0.11,600004.SSE,102914.58,2.1621,3.1342,3.1074,0.0274,3.1879,before,1.6717,3.1304,68009960.0
3.2263,20060209,0.07,600004.SSE,93374.64,1.9617,3.1879,3.1688,0.0179,3.2225,before,1.0463,3.2033,62629570.0
3.2263,20060210,-0.1,600004.SSE,98943.61,2.0786,3.2225,3.1649,0.0192,3.1726,before,-1.4793,3.2263,66211887.0
3.2263,20060213,0.03,600004.SSE,68071.43,1.4301,3.1726,3.1726,0.0165,3.1879,before,0.4505,3.1764,45663412.0
3.2263,20060214,0.01,600004.SSE,96720.69,2.0319,3.1879,3.1841,0.0135,3.1918,before,0.1495,3.1918,64906105.0
3.2071,20060215,-0.08,600004.SSE,74977.63,1.5752,3.1918,3.1381,0.0209,3.1534,before,-1.194,3.2033,49872795.0
3.1649,20060216,-0.12,600004.SSE,55256.07,1.1608,3.1534,3.0729,0.0287,3.0959,before,-1.8127,3.1534,36118883.0
3.1227,20060217,-0.03,600004.SSE,58086.84,1.2203,3.0959,3.0729,0.0154,3.0844,before,-0.4615,3.0959,37664587.0
3.1304,20060220,0.01,600004.SSE,58228.51,1.2233,3.0844,3.0767,0.017,3.0882,before,0.1546,3.0767,38061912.0
3.0959,20060221,-0.06,600004.SSE,69474.77,1.4596,3.0882,3.0115,0.0278,3.0575,before,-0.9259,3.0844,44408996.0
3.115,20060222,0.03,600004.SSE,91966.87,1.9321,3.0575,3.0383,0.0249,3.0729,before,0.4673,3.0729,59411288.0
3.0767,20060223,-0.14,600004.SSE,65748.27,1.3813,3.0729,2.9961,0.0264,3.0076,before,-2.1705,3.0729,41770409.0
3.0307,20060224,0.04,600004.SSE,88112.7,1.8511,3.0076,2.9923,0.0127,3.0268,before,0.6339,3.0076,55615768.0
3.0460000000000003,20060227,0.02,600004.SSE,44764.27,0.9404,3.0268,3.0,0.0142,3.0345,before,0.315,3.0268,28468690.0
3.069,20060228,0.07,600004.SSE,34768.03,0.7304,3.0345,3.0076,0.0204,3.069,before,1.0989,3.0383,22133746.0
3.1266,20060301,0.08,600004.SSE,59826.57,1.2569,3.069,3.0575,0.0217,3.1074,before,1.2422,3.0652,38890818.0
3.115,20060302,-0.16,600004.SSE,57448.24,1.2069,3.1074,3.0191,0.0307,3.0307,before,-2.454,3.0959,36909644.0
3.092,20060303,0.03,600004.SSE,42585.21,0.8946,3.0307,3.0191,0.0236,3.0460000000000003,before,0.4717,3.0268,27237224.0
3.0767,20060306,-0.06,600004.SSE,37931.65,0.7969,3.0460000000000003,3.0115,0.0219,3.0153,before,-0.9390000000000001,3.0460000000000003,24174374.0
3.0153,20060307,-0.14,600004.SSE,46233.44,0.9713,3.0153,2.9347,0.0269,2.9501,before,-2.2117,3.0115,28959630.0
2.9539,20060308,-0.07,600004.SSE,37147.34,0.7804,2.9501,2.8734,0.0275,2.9156,before,-1.1309,2.9501,22732601.0
2.9386,20060309,0.02,600004.SSE,18098.66,0.3802,2.9156,2.8925,0.0163,2.9271,before,0.3268,2.9156,11086984.0
2.9501,20060310,0.01,600004.SSE,13338.36,0.2802,2.9271,2.9156,0.0114,2.9309,before,0.1629,2.9271,8194259.0
2.9463,20060313,0.02,600004.SSE,14209.91,0.2985,2.9309,2.9156,0.0098,2.9386,before,0.3252,2.9347,8744813.0
3.0,20060314,0.02,600004.SSE,33604.61,0.706,2.9386,2.9347,0.0227,2.9501,before,0.3241,2.9463,20871142.0
2.9885,20060315,0.06,600004.SSE,16007.32,0.3363,2.9501,2.9347,0.0178,2.9769,before,0.9693,2.9386,9960342.0
2.9769,20060316,-0.07,600004.SSE,24458.31,0.5138,2.9769,2.9271,0.0176,2.9463,before,-1.12,2.9769,15112821.0
2.9769,20060317,0.03,600004.SSE,17449.41,0.3666,2.9463,2.9463,0.0113,2.9578,before,0.4854,2.9539,10839557.0
2.9923,20060320,0.02,600004.SSE,26735.11,0.5617,2.9578,2.9539,0.0129,2.9693,before,0.3221,2.9578,16695858.0
3.0,20060321,0.06,600004.SSE,33899.84,0.7122,2.9693,2.9693,0.0112,2.9961,before,0.9631,2.9693,21204932.0
3.0076,20060322,0.02,600004.SSE,21152.37,0.4444,2.9961,2.9654,0.0143,3.0076,before,0.318,2.9961,13253684.0
3.0268,20060323,-0.04,600004.SSE,27954.13,0.5873,3.0076,2.9846,0.0143,2.9885,before,-0.6339,3.0268,17558870.0
3.0268,20060324,0.07,600004.SSE,54614.68,1.1474,2.9885,2.9578,0.0223,3.0191,before,1.1164,2.9923,34322143.0
3.0383,20060327,0.03,600004.SSE,70216.95,1.4751,3.0191,3.0,0.0126,3.0345,before,0.4732,3.0268,44649416.0
3.0383,20060328,-0.03,600004.SSE,27164.63,0.5707,3.0345,3.0,0.0126,3.0191,before,-0.47100000000000003,3.0383,17208874.0
3.0345,20060329,-0.04,600004.SSE,49008.69,1.0296,3.0191,2.9885,0.0158,3.0,before,-0.6309,3.0268,30902681.0
3.0115,20060330,-0.09,600004.SSE,42879.24,0.9008,3.0,2.9347,0.0254,2.9578,before,-1.4286,3.0,26698024.0
2.9693,20060331,-0.01,600004.SSE,21380.87,0.4492,2.9578,2.9309,0.0129,2.9539,before,-0.161,2.9578,13207145.0
2.9693,20060403,0.02,600004.SSE,38151.3,0.8015,2.9539,2.9271,0.0145,2.9654,before,0.3226,2.9539,23615098.0
3.0191,20060404,0.09,600004.SSE,46270.48,0.9721,2.9654,2.9578,0.0209,3.0076,before,1.4469,2.9654,29153975.0
3.0460000000000003,20060405,0.07,600004.SSE,61295.01,1.2877,3.0076,2.9769,0.0222,3.0383,before,1.1094,3.0076,38798276.0
3.0460000000000003,20060406,-0.08,600004.SSE,47313.0,0.9940000000000001,3.0383,2.9885,0.0188,3.0,before,-1.2539,3.0383,29903330.0
3.0268,20060407,-0.07,600004.SSE,49909.32,1.0485,3.0,2.9539,0.0238,2.9693,before,-1.1111,3.0076,31205783.0
3.0115,20060410,0.07,600004.SSE,93974.61,1.9743,2.9693,2.9347,0.0257,3.0,before,1.1236,2.9654,58592877.0
3.0729,20060411,0.09,600004.SSE,116652.41,2.4507,3.0,3.0,0.0238,3.0460000000000003,before,1.4286,3.0,74428292.0
3.0537,20060412,-0.08,600004.SSE,72583.73,1.5249,3.0460000000000003,2.9961,0.0188,3.0076,before,-1.252,3.0307,45996620.0
3.0383,20060413,-0.1,600004.SSE,48009.57,1.0086,3.0076,2.9539,0.0285,2.9578,before,-1.5848,3.0076,30121744.0
2.9961,20060414,0.07,600004.SSE,38815.73,0.8155,2.9578,2.9501,0.0161,2.9923,before,1.1272,2.9539,24170206.0
3.0,20060417,0.02,600004.SSE,45531.16,0.9565,2.9923,2.9578,0.0143,3.0,before,0.3185,2.9769,28516288.0
3.0,20060418,-0.07,600004.SSE,46018.89,0.9668,3.0,2.9539,0.0159,2.9693,before,-1.1111,3.0,28687974.0
2.9923,20060419,-0.06,600004.SSE,66494.99,1.3969999999999998,2.9693,2.9271,0.0225,2.9386,before,-0.9631,2.9654,41181997.0
2.9463,20060420,-0.1,600004.SSE,78897.51,1.6575,2.9386,2.8810000000000002,0.0211,2.8925,before,-1.6207,2.9386,48068178.0
2.9079,20060421,0.03,600004.SSE,85833.88,1.8032,2.8925,2.8503,0.0198,2.9079,before,0.4942,2.8887,51743499.0
2.8964,20060424,-0.22,600004.SSE,78116.03,1.6411,2.9079,2.7966,0.0344,2.8005,before,-3.6066,2.8964,46386135.0
2.8925,20060425,0.02,600004.SSE,47840.6,1.0051,2.8005,2.7698,0.0442,2.812,before,0.3401,2.7889999999999997,28406457.0
2.8810000000000002,20060426,0.12,600004.SSE,52445.92,1.1018,2.812,2.8005,0.0288,2.8695,before,2.0339,2.812,31329642.0
2.8695,20060427,-0.03,600004.SSE,45876.54,0.9638,2.8695,2.8158,0.0183,2.8542,before,-0.4983,2.858,27341993.0
2.8887,20060428,-0.01,600004.SSE,55849.32,1.1733,2.8542,2.8005,0.0301,2.8503,before,-0.1669,2.8197,33375991.0
2.9194,20060508,0.14,600004.SSE,71645.08,1.5051,2.8503,2.8388,0.0284,2.9156,before,2.3411,2.8503,43354915.0
3.0460000000000003,20060509,0.2,600004.SSE,136606.37,2.8699,2.9156,2.9117,0.0458,3.0115,before,3.2680000000000002,2.9271,85583461.0
3.0345,20060510,-0.03,600004.SSE,101188.33,2.1258,3.0115,2.9539,0.0269,2.9961,before,-0.4747,3.0268,63480934.0
3.0652,20060511,-0.06,600004.SSE,130457.38,2.7407,2.9961,2.9501,0.0382,2.9693,before,-0.9539,3.0,82647741.0
3.069,20060512,0.18,600004.SSE,153900.61,3.2332,2.9693,2.9463,0.0417,3.0537,before,2.8892,2.9654,97971691.0
3.115,20060515,0.12,600004.SSE,194272.49,4.0814,3.0537,3.0115,0.0343,3.1112,before,1.8721,3.0575,125324577.0
3.2301,20060516,0.05,600004.SSE,245462.21,5.1568,3.1112,3.0575,0.0551,3.1342,before,0.7657,3.1112,162122013.0
3.1764,20060517,-0.07,600004.SSE,127750.65,2.6838,3.1342,3.0498,0.040999999999999995,3.1035,before,-1.0638,3.1342,83314248.0
3.1534,20060518,0.07,600004.SSE,100704.62,2.1156,3.1035,3.0575,0.0307,3.1342,before,1.0753,3.1035,65665700.0
3.2148,20060519,0.13,600004.SSE,147781.69,3.1047,3.1342,3.1074,0.035,3.1956,before,1.9757,3.1304,98230839.0
3.3299,20060522,0.19,600004.SSE,220810.49,4.6389,3.1956,3.2110000000000003,0.0373,3.2877,before,2.8316,3.2110000000000003,152068433.0
3.2877,20060523,-0.38,600004.SSE,149089.14,3.1321,3.2877,3.0959,0.057999999999999996,3.1074,before,-5.5072,3.2838,99502798.0
3.1688,20060524,-0.06,600004.SSE,111262.45,2.3374,3.1074,3.0268,0.046,3.0767,before,-0.9202,3.1227,72001650.0
3.1035,20060525,-0.03,600004.SSE,65424.68,1.3745,3.0767,3.0191,0.0263,3.0652,before,-0.4644,3.0498,42054419.0
3.115,20060526,0.05,600004.SSE,75665.07,1.5896,3.0652,3.0652,0.0171,3.0882,before,0.7776,3.0729,49039758.0
3.1688,20060529,0.15,600004.SSE,104841.37,2.2025,3.0882,3.069,0.0324,3.1572,before,2.3148,3.0729,68774951.0
3.1457,20060531,-0.18,600004.SSE,98692.24,2.0734,3.1572,3.0460000000000003,0.0317,3.0729,before,-2.7149,3.1457,64107665.0
3.1534,20060601,0.16,600004.SSE,121922.64,2.5614,3.0729,3.0498,0.0341,3.1496,before,2.4806,3.0498,79635748.0
3.2110000000000003,20060602,0.01,600004.SSE,147968.67,3.1086,3.1496,3.1342,0.0242,3.1534,before,0.1513,3.1534,98365675.0
3.2723,20060605,0.22,600004.SSE,154850.75,3.2532,3.1534,3.1342,0.0438,3.2608,before,3.3233,3.1534,105074834.0
3.4066,20060606,0.11,600004.SSE,218885.44,4.5984,3.2608,3.2110000000000003,0.0599,3.3107,before,1.6082,3.2416,152517747.0
3.3145,20060607,-0.45,600004.SSE,154822.26,3.2526,3.3107,3.092,0.0676,3.0959,before,-6.4748,3.3107,103337029.0
3.1879,20060608,0.15,600004.SSE,142170.41,2.9868,3.0959,3.0729,0.0369,3.1688,before,2.3077,3.0959,93559352.0
3.2647,20060609,0.08,600004.SSE,146685.75,3.0816,3.1688,3.1381,0.0391,3.2071,before,1.203,3.1688,98757240.0
3.2838,20060612,-0.01,600004.SSE,79085.93,1.6615,3.2071,3.1764,0.0327,3.2033,before,-0.1486,3.2071,53604082.0
3.2493,20060613,-0.02,600004.SSE,93258.6,1.9592,3.2033,3.0959,0.0476,3.1918,before,-0.2976,3.1918,62067191.0
3.2148,20060614,-0.01,600004.SSE,82763.86,1.7387,3.1918,3.1074,0.0343,3.1879,before,-0.1493,3.1649,54849447.0
3.3299,20060615,0.07,600004.SSE,91921.06,1.9311,3.1879,3.2110000000000003,0.0374,3.2225,before,1.0463,3.3107,62839528.0
3.2838,20060616,0.06,600004.SSE,84310.44,1.7712,3.2225,3.2225,0.0192,3.2493,before,0.8876,3.2455,57484697.0
3.2838,20060619,0.03,600004.SSE,100801.45,2.1177,3.2493,3.2110000000000003,0.022000000000000002,3.2647,before,0.4399,3.2301,68938288.0
3.3107,20060620,0.03,600004.SSE,78810.6,1.6557,3.2647,3.2416,0.0219,3.28,before,0.43799999999999994,3.28,54095264.0
3.3989,20060621,0.13,600004.SSE,183587.99,3.8569,3.28,3.2608,0.0422,3.3414,before,1.8895,3.28,128760830.0
3.3798,20060622,-0.1,600004.SSE,89765.61,1.8858,3.3414,3.2685,0.0328,3.2915,before,-1.4265,3.3337,62241588.0
3.3069,20060623,0.01,600004.SSE,69060.27,1.4508,3.2915,3.2608,0.0145,3.2954,before,0.1447,3.2877,47529320.0
3.326,20060626,-0.01,600004.SSE,84336.45,1.7718,3.2954,3.2647,0.0188,3.2915,before,-0.1445,3.2954,58194315.0
3.303,20060627,-0.12,600004.SSE,111929.65,2.3515,3.2915,3.2110000000000003,0.0275,3.234,before,-1.7366,3.2838,76110887.0
3.3069,20060628,0.06,600004.SSE,67752.49,1.4234,3.234,3.2071,0.0309,3.2647,before,0.8837,3.234,46249973.0
3.3145,20060629,0.06,600004.SSE,91371.26,1.9196,3.2647,3.2455,0.0219,3.2915,before,0.8759,3.2685,63102938.0
3.3107,20060630,-0.04,600004.SSE,72674.0,1.5268,3.2915,3.2608,0.0159,3.2723,before,-0.5789,3.2915,50169526.0
3.3644,20060703,0.18,600004.SSE,146803.04,3.0841,3.2723,3.28,0.0262,3.3606,before,2.6201,3.28,103033209.0
3.4219999999999997,20060704,0.05,600004.SSE,177036.5,3.7193,3.3606,3.326,0.0284,3.3836,before,0.7092,3.3721,125622918.0
3.4181,20060705,0.01,600004.SSE,108057.72,2.2701,3.3836,3.3222,0.0282,3.3874,before,0.1408,3.3798,76278180.0
3.4526,20060706,0.11,600004.SSE,132125.07,2.7757,3.3874,3.3491,0.0309,3.4411,before,1.5471,3.3874,94916679.0
3.5255,20060707,0.0,600004.SSE,129546.97,2.7216,3.4411,3.4219999999999997,0.0305,3.4411,before,0.0,3.4411,94463224.0
3.4642,20060710,-0.12,600004.SSE,71686.23,1.506,3.4411,3.3606,0.0305,3.3836,before,-1.662,3.4296,51006923.0
3.3989,20060711,0.01,600004.SSE,43846.28,0.9211,3.3836,3.3606,0.0113,3.3874,before,0.1408,3.3836,31067519.0
3.4028,20060712,-0.09,600004.SSE,55613.14,1.1683,3.3874,3.3414,0.0183,3.3452,before,-1.2658,3.3836,39281043.0
3.3606,20060713,-0.34,600004.SSE,125453.13,2.6356,3.3452,3.1688,0.057,3.1841,before,-4.8433,3.3337,85540919.0
3.2301,20060714,0.03,600004.SSE,50416.65,1.0592,3.1841,3.1649,0.021,3.1956,before,0.4491,3.1688,33880708.0
3.2148,20060717,0.04,600004.SSE,44929.17,0.9439,3.1956,3.1688,0.0149,3.2148,before,0.5961,3.1918,30120327.0
3.2225,20060718,-0.05,600004.SSE,27886.98,0.5859,3.2148,3.1764,0.0133,3.1918,before,-0.7407,3.2148,18671013.0
3.2110000000000003,20060719,-0.07,600004.SSE,36772.46,0.7725,3.1918,3.1496,0.0194,3.1572,before,-1.0448,3.1918,24496985.0
3.1956,20060720,0.08,600004.SSE,28703.88,0.603,3.1572,3.1342,0.0196,3.1956,before,1.2066,3.1534,19061452.0
3.2071,20060721,0.0,600004.SSE,19731.93,0.4145,3.1956,3.1841,0.0076,3.1956,before,0.0,3.2071,13026251.0
3.2033,20060724,0.0,600004.SSE,20514.42,0.431,3.1956,3.1534,0.0151,3.1956,before,0.0,3.1688,13456875.0
3.2608,20060725,0.09,600004.SSE,31271.81,0.657,3.1956,3.1879,0.0227,3.2416,before,1.3616,3.1879,20921151.0
3.2416,20060726,-0.03,600004.SSE,19777.19,0.4155,3.2416,3.2071,0.0104,3.2263,before,-0.4478,3.2416,13169593.0
3.2608,20060727,-0.07,600004.SSE,33858.07,0.7113,3.2263,3.1764,0.0255,3.1918,before,-1.0495,3.2148,22569856.0
3.2110000000000003,20060728,-0.05,600004.SSE,36114.26,0.7587,3.1918,3.1342,0.0242,3.1688,before,-0.7576,3.1918,23574508.0
3.1764,20060731,-0.16,600004.SSE,40303.52,0.8467,3.1688,3.0537,0.0397,3.092,before,-2.4427,3.1726,25792338.0
3.1112,20060801,-0.03,600004.SSE,21705.31,0.456,3.092,3.0652,0.0141,3.0767,before,-0.4695,3.0844,13838589.0
3.092,20060802,-0.01,600004.SSE,40540.34,0.8517,3.0767,3.0422,0.0157,3.0729,before,-0.1572,3.0767,25699477.0
3.0844,20060803,-0.01,600004.SSE,18557.8,0.3899,3.0729,3.0422,0.0142,3.0652,before,-0.1575,3.0767,11730573.0
3.1035,20060804,0.07,600004.SSE,41089.11,0.8632,3.0652,3.0345,0.0237,3.0997,before,1.1041,3.0729,26082939.0
3.092,20060807,-0.08,600004.SSE,22610.99,0.475,3.0997,3.0575,0.0109,3.0613,before,-1.248,3.092,14347803.0
3.1035,20060808,0.08,600004.SSE,22288.79,0.4683,3.0613,3.0575,0.0158,3.0997,before,1.2638,3.0575,14219015.0
3.1534,20060809,-0.01,600004.SSE,31077.98,0.6529,3.0997,3.092,0.0203,3.0959,before,-0.156,3.115,20087626.0
3.1381,20060810,0.05,600004.SSE,19345.66,0.4064,3.0959,3.0959,0.0141,3.1189,before,0.7813,3.0959,12476838.0
3.1649,20060811,0.04,600004.SSE,25578.94,0.5374,3.1189,3.1112,0.0171,3.1381,before,0.6202,3.1189,16606875.0
3.1534,20060814,-0.09,600004.SSE,21851.08,0.4591,3.1381,3.0844,0.0216,3.0959,before,-1.3867,3.1457,14048609.0
3.1227,20060815,0.05,600004.SSE,15909.17,0.3342,3.0959,3.0767,0.0156,3.1189,before,0.7813,3.0959,10227796.0
3.1496,20060816,0.04,600004.SSE,25076.41,0.5268,3.1189,3.1035,0.013999999999999999,3.1381,before,0.6202,3.1227,16224567.0
3.1457,20060817,-0.07,600004.SSE,17476.02,0.3671,3.1381,3.0959,0.0154,3.1035,before,-1.0786,3.1457,11228584.0
3.1304,20060818,-0.04,600004.SSE,21168.8,0.4447,3.1035,3.0805,0.0156,3.0844,before,-0.6231,3.115,13601935.0
3.1381,20060821,0.11,600004.SSE,35439.15,0.7445,3.0844,3.0422,0.0313,3.1381,before,1.7241,3.0575,22601270.0
3.1649,20060822,0.02,600004.SSE,43728.02,0.9187,3.1381,3.1227,0.0123,3.1496,before,0.3082,3.1342,28420948.0
3.1534,20060823,-0.02,600004.SSE,17548.64,0.3687,3.1496,3.1227,0.0092,3.1381,before,-0.3072,3.1496,11392906.0
3.1841,20060824,0.08,600004.SSE,26316.02,0.5529,3.1381,3.1304,0.0169,3.1764,before,1.2327,3.1457,17173547.0
3.2416,20060825,0.05,600004.SSE,108342.23,2.2761,3.1764,3.1764,0.0198,3.2033,before,0.7609999999999999,3.1764,72101596.0
3.2301,20060828,0.05,600004.SSE,33700.94,0.708,3.2033,3.1841,0.0151,3.2263,before,0.7553,3.2033,22352486.0
3.2110000000000003,20060829,-0.14,600004.SSE,94536.41,1.9861,3.2263,3.1534,0.018000000000000002,3.1572,before,-2.099,3.2110000000000003,62074588.0
3.1649,20060830,-0.01,600004.SSE,29490.8,0.6196,3.1572,3.1342,0.0092,3.1534,before,-0.1531,3.1572,19195139.0
3.1572,20060831,-0.06,600004.SSE,49369.52,1.0372,3.1534,3.115,0.0138,3.1227,before,-0.9202,3.1572,31968226.0
3.1457,20060901,-0.03,600004.SSE,31814.71,0.6684,3.1227,3.1035,0.0124,3.1112,before,-0.4644,3.1189,20545926.0
3.1496,20060904,0.07,600004.SSE,23879.04,0.5017,3.1112,3.1112,0.0124,3.1457,before,1.0886,3.1112,15471283.0
3.1534,20060905,0.0,600004.SSE,23067.24,0.4846,3.1457,3.1227,0.0092,3.1457,before,0.0,3.1457,14963487.0
3.1534,20060906,0.0,600004.SSE,30880.07,0.6487,3.1457,3.1227,0.0092,3.1457,before,0.0,3.1457,20022823.0
3.1496,20060907,-0.06,600004.SSE,31286.47,0.6573,3.1457,3.1112,0.0123,3.115,before,-0.9231,3.1457,20197783.0
3.1304,20060908,0.02,600004.SSE,17624.59,0.3703,3.115,3.1112,0.0062,3.1227,before,0.3106,3.115,11361435.0
3.1381,20060911,0.0,600004.SSE,37088.4,0.7792,3.1227,3.1112,0.0093,3.1227,before,0.0,3.1189,23955035.0
3.1726,20060912,0.09,600004.SSE,43389.17,0.9115,3.1227,3.1189,0.017,3.1688,before,1.3932,3.1342,28289246.0
3.1879,20060913,-0.02,600004.SSE,40825.88,0.8577,3.1688,3.1496,0.0122,3.1572,before,-0.3053,3.1688,26766200.0
3.1649,20060914,-0.08,600004.SSE,57376.67,1.2054,3.1572,3.1035,0.0184,3.1189,before,-1.2251,3.1534,37092344.0
3.2071,20060915,0.16,600004.SSE,72443.92,1.5219,3.1189,3.1112,0.031,3.1956,before,2.4806,3.1189,47580474.0
3.2838,20060918,0.07,600004.SSE,101739.49,2.1374,3.1956,3.1841,0.0318,3.2301,before,1.0590000000000002,3.1956,68062623.0
3.234,20060919,-0.08,600004.SSE,47507.78,0.9981,3.2301,3.1764,0.018000000000000002,3.1918,before,-1.1976,3.2148,31511452.0
3.2110000000000003,20060920,0.03,600004.SSE,38881.66,0.8168,3.1918,3.1649,0.0152,3.2071,before,0.4545,3.1879,25630335.0
3.2301,20060921,0.03,600004.SSE,39784.36,0.8358,3.2071,3.1879,0.0136,3.2225,before,0.4525,3.2033,26376133.0
3.2263,20060922,-0.08,600004.SSE,36971.56,0.7767,3.2225,3.1726,0.0165,3.1841,before,-1.2012,3.2148,24397660.0
3.2647,20060925,0.13,600004.SSE,159823.42,3.3576,3.1841,3.1572,0.0334,3.2455,before,1.9757,3.1841,105879778.0
3.2416,20060926,-0.03,600004.SSE,26213.15,0.5507,3.2455,3.2033,0.0119,3.2301,before,-0.4471,3.2416,17448131.0
3.2301,20060927,0.0,600004.SSE,18008.83,0.3783,3.2301,3.2033,0.009000000000000001,3.2301,before,0.0,3.2263,11972724.0
3.2455,20060928,-0.01,600004.SSE,24618.99,0.5172,3.2301,3.2110000000000003,0.0105,3.2263,before,-0.1497,3.2301,16423167.0
3.2608,20060929,0.06,600004.SSE,47368.14,0.9951,3.2263,3.2225,0.012,3.2569999999999997,before,0.8996,3.2225,31845933.0
3.3145,20061009,0.11,600004.SSE,70831.98,1.4881,3.2569999999999997,3.2455,0.0208,3.3069,before,1.6345,3.2608,48036386.0
3.3069,20061010,-0.1,600004.SSE,41170.08,0.8649,3.3069,3.2416,0.0205,3.2608,before,-1.462,3.3069,27828524.0
3.2877,20061011,-0.05,600004.SSE,27327.38,0.5741,3.2608,3.2301,0.0178,3.234,before,-0.7418,3.2608,18350454.0
3.2647,20061012,0.0,600004.SSE,39161.35,0.8227,3.234,3.2148,0.0149,3.234,before,0.0,3.2416,26154984.0
3.2608,20061013,0.0,600004.SSE,26182.75,0.5501,3.234,3.2301,0.009000000000000001,3.234,before,0.0,3.234,17564718.0
3.2569999999999997,20061016,0.01,600004.SSE,29597.88,0.6218,3.234,3.2301,0.0075,3.2416,before,0.1495,3.234,19819893.0
3.2608,20061017,-0.01,600004.SSE,27872.0,0.5855,3.2416,3.2301,0.009000000000000001,3.234,before,-0.1493,3.2416,18671204.0
3.2493,20061018,0.02,600004.SSE,28004.05,0.5883,3.234,3.2301,0.006,3.2455,before,0.299,3.2301,18749895.0
3.2647,20061019,-0.01,600004.SSE,32918.59,0.6916,3.2455,3.2301,0.0104,3.2416,before,-0.149,3.2455,22086492.0
3.2608,20061020,0.0,600004.SSE,26285.98,0.5522,3.2416,3.234,0.0075,3.2416,before,0.0,3.2416,17640195.0
3.2493,20061023,-0.09,600004.SSE,76387.67,1.6048,3.2416,3.1841,0.0209,3.1956,before,-1.3433,3.2416,50691735.0
3.234,20061024,0.07,600004.SSE,43482.02,0.9135,3.1956,3.2033,0.0106,3.2301,before,1.0590000000000002,3.2071,28950829.0
3.2455,20061025,-0.02,600004.SSE,35687.88,0.7497,3.2301,3.2110000000000003,0.0105,3.2225,before,-0.2994,3.2301,23801621.0
3.2569999999999997,20061026,0.05,600004.SSE,38183.92,0.8022,3.2225,3.2110000000000003,0.0135,3.2455,before,0.7508,3.2148,25537696.0
3.3069,20061027,0.07,600004.SSE,105491.52,2.2162,3.2455,3.234,0.0224,3.28,before,1.0432,3.2455,71645637.0
3.3337,20061030,0.08,600004.SSE,80793.27,1.6973,3.28,3.28,0.0162,3.3184,before,1.1799,3.28,55186496.0
3.3452,20061031,-0.01,600004.SSE,59973.27,1.2599,3.3184,3.303,0.0131,3.3145,before,-0.1458,3.3222,41141669.0
3.3682,20061101,0.1,600004.SSE,80002.96,1.6807,3.3145,3.2954,0.0219,3.3606,before,1.4599,3.3184,55130621.0
3.3567,20061102,-0.09,600004.SSE,53853.93,1.1314,3.3606,3.3145,0.0129,3.3184,before,-1.295,3.3567,37062977.0
3.3567,20061103,0.0,600004.SSE,58121.27,1.2209999999999999,3.3184,3.3069,0.0146,3.3184,before,0.0,3.3222,40042688.0
3.3951,20061106,0.14,600004.SSE,74960.45,1.5748,3.3184,3.2954,0.0306,3.3874,before,2.0408,3.3145,51898771.0
3.4335,20061107,0.05,600004.SSE,105783.25,2.2223,3.3874,3.3452,0.0257,3.4104,before,0.7143,3.4066,74323688.0
3.4104,20061108,-0.11,600004.SSE,53883.52,1.1320000000000001,3.4104,3.3452,0.0184,3.3567,before,-1.5603,3.4104,37550493.0
3.3798,20061109,0.03,600004.SSE,44749.76,0.9401,3.3567,3.3376,0.013000000000000001,3.3721,before,0.4323,3.3567,31062701.0
3.3759,20061110,-0.14,600004.SSE,114247.59,2.4002,3.3721,3.2877,0.0258,3.303,before,-2.0086,3.3759,78626511.0
3.326,20061113,-0.05,600004.SSE,51494.59,1.0818,3.303,3.2762,0.0161,3.28,before,-0.7321,3.303,35117090.0
3.3337,20061114,0.09,600004.SSE,35236.82,0.7403,3.28,3.28,0.0162,3.3222,before,1.3274,3.2877,24000620.0
3.3913,20061115,0.09,600004.SSE,71443.82,1.5009,3.3222,3.3069,0.0247,3.3682,before,1.31,3.326,49595039.0
3.4296,20061116,-0.03,600004.SSE,103509.32,2.1746,3.3682,3.3376,0.0273,3.3529,before,-0.431,3.3682,72530584.0
3.5179,20061117,0.25,600004.SSE,172656.31,3.6272,3.3529,3.326,0.0563,3.4718,before,3.6075,3.3376,122904522.0
3.4833,20061120,-0.03,600004.SSE,103895.72,2.1827,3.4718,3.4143,0.0195,3.4565,before,-0.4178,3.4718,74037337.0
3.5102,20061121,0.02,600004.SSE,98580.44,2.0709999999999997,3.4565,3.4296,0.0238,3.468,before,0.2797,3.4488,70874860.0
3.5907,20061122,0.05,600004.SSE,158028.5,3.3199,3.468,3.4642,0.0363,3.491,before,0.6974,3.4642,115557172.0
3.5179,20061123,-0.09,600004.SSE,80567.5,1.6926,3.491,3.4373,0.0222,3.4488,before,-1.2465,3.5063,57857162.0
3.491,20061124,0.05,600004.SSE,62296.39,1.3087,3.4488,3.4373,0.0154,3.4718,before,0.7013,3.4642,44638652.0
3.5754,20061127,0.16,600004.SSE,87048.54,1.8288,3.4718,3.4488,0.0362,3.5485,before,2.2284,3.468,63535357.0
3.5754,20061128,-0.15,600004.SSE,54558.8,1.1462,3.5485,3.468,0.03,3.4795,before,-2.0436,3.5562,39563345.0
3.5102,20061129,0.04,600004.SSE,52321.6,1.0992,3.4795,3.4335,0.0223,3.4987,before,0.5563,3.4565,37580709.0
3.5447,20061130,0.03,600004.SSE,68393.71,1.4368,3.4987,3.491,0.0152,3.5102,before,0.4149,3.5063,49654188.0
3.5907,20061201,0.08,600004.SSE,168822.29,3.5467,3.5102,3.4718,0.0331,3.5485,before,1.1019,3.5217,122650767.0
3.9015,20061206,0.66,600004.SSE,517403.62,10.8698,3.5485,3.6291,0.0777,3.8708,before,8.9918,3.9015,411437464.0
3.9552,20061207,-0.06,600004.SSE,323749.5,6.8015,3.8708,3.7404,0.0563,3.8401,before,-0.75,3.7979,257015149.0
3.8324,20061208,-0.43,600004.SSE,173066.16,3.6358,3.8401,3.6291,0.0529,3.6329,before,-5.4156,3.7711,133037914.0
3.7672,20061211,0.23,600004.SSE,95288.82,2.0019,3.6329,3.6138,0.0426,3.7442,before,3.0626,3.6138,72548687.0
3.7595,20061212,-0.12,600004.SSE,85248.0,1.7909,3.7442,3.6291,0.0349,3.6867,before,-1.5504,3.748,64902805.0
3.8708,20061213,0.35,600004.SSE,195266.11,4.1022,3.6867,3.6368,0.063,3.8554,before,4.5932,3.6943,153634618.0
3.9475,20061214,-0.03,600004.SSE,144414.85,3.0339,3.8554,3.8209,0.0326,3.8401,before,-0.3764,3.8708,116127107.0
3.8785,20061215,0.0,600004.SSE,103155.61,2.1671,3.8401,3.7979,0.0214,3.8401,before,0.0,3.8363,81751857.0
3.8631,20061218,-0.12,600004.SSE,117507.12,2.4686,3.8401,3.748,0.0302,3.7826,before,-1.5113,3.8401,92294516.0
3.7864,20061219,-0.1,600004.SSE,172609.96,3.6263,3.7826,3.6521,0.0358,3.7327,before,-1.2788,3.7826,132296030.0
3.7634,20061220,0.04,600004.SSE,106498.99,2.1430000000000002,3.7327,3.656,0.0285,3.7519,before,0.5181,3.725,81802584.0
3.7595,20061221,-0.09,600004.SSE,95284.07,1.9173,3.7519,3.6751,0.0219,3.7097,before,-1.1598,3.7404,73196419.0
3.7212,20061222,-0.07,600004.SSE,78506.57,1.5797,3.7097,3.6368,0.0222,3.6751,before,-0.9126,3.6751,59631529.0
3.7519,20061225,0.03,600004.SSE,122506.8,2.4651,3.6751,3.6713,0.0224,3.6905,before,0.3947,3.6751,93573579.0
3.6943,20061226,-0.13,600004.SSE,79426.73,1.5983,3.6905,3.6023,0.0249,3.6291,before,-1.7038,3.679,59667585.0
3.6905,20061227,0.07,600004.SSE,109914.22,2.2117,3.6291,3.5907,0.027999999999999997,3.6598,before,0.9333,3.6214,82486659.0
3.6867,20061228,-0.22,600004.SSE,143617.4,2.8899,3.6598,3.5409,0.0396,3.5562,before,-2.9062,3.6713,106963985.0
3.7212,20061229,0.19,600004.SSE,164751.59,3.3152,3.5562,3.5792,0.0395,3.6483,before,2.585,3.5792,124575258.0
3.8823,20070104,0.21,600004.SSE,239703.81,4.8234,3.6483,3.6751,0.057,3.748,before,2.7851,3.7097,187371988.0
3.9667,20070105,0.43,600004.SSE,236777.12,4.7645,3.748,3.702,0.071,3.9552,before,5.5484,3.7135,188621317.0
4.101,20070108,0.2,600004.SSE,168033.4,3.3812,3.9552,3.9168,0.0465,4.0549,before,2.445,3.9437,140279367.0
4.0856,20070109,0.01,600004.SSE,129405.93,2.6039999999999996,4.0549,3.9936,0.0227,4.0588,before,0.1193,4.0626,108036819.0
4.3772,20070110,0.61,600004.SSE,306465.91,6.1668,4.0588,4.0012,0.09300000000000001,4.3542,before,7.2706,4.0549,267789388.0
4.5652,20070111,0.13,600004.SSE,261521.45,5.2624,4.3542,4.2621,0.07,4.4155,before,1.4444,4.335,240017312.0
4.4654,20070112,-0.12,600004.SSE,215580.35,4.338,4.4155,4.1854,0.0635,4.3580000000000005,before,-1.3143,4.3695,191939238.0
4.5575,20070115,0.27,600004.SSE,432631.91,8.7056,4.3580000000000005,4.2851,0.0622,4.4884,before,2.9967,4.5191,394284654.0
4.4923,20070116,-0.15,600004.SSE,204035.15,4.1057,4.4884,4.3580000000000005,0.0302,4.4155,before,-1.6164,4.4884,185722443.0
4.4155,20070117,-0.34,600004.SSE,211178.67,4.2494,4.4155,4.2084,0.0471,4.2506,before,-3.7239999999999998,4.4155,187874879.0
4.3005,20070118,0.01,600004.SSE,127436.12,2.5643,4.2506,4.147,0.0364,4.2583,before,0.1138,4.2314,111161705.0
4.4002,20070119,0.26,600004.SSE,152864.19,3.076,4.2583,4.2698,0.0307,4.381,before,2.9545,4.2698,136954566.0
4.4731,20070122,0.14,600004.SSE,204121.87,4.1074,4.381,4.3772,0.0221,4.4501,before,1.5453,4.3925,186596700.0
4.4693,20070123,-0.19,600004.SSE,169975.33,3.4203,4.4501,4.2314,0.0533,4.3580000000000005,before,-2.0652,4.4577,152600662.0
4.4808,20070124,0.21,600004.SSE,203322.16,4.0913,4.3580000000000005,4.2698,0.0477,4.4577,before,2.3307,4.3542,185143758.0
4.6227,20070125,0.09,600004.SSE,320954.91,6.4584,4.4577,4.3273,0.0662,4.5038,before,0.9761,4.4309,297708101.0
4.5191,20070126,-0.11,600004.SSE,178886.57,3.5996,4.5038,4.2583,0.057999999999999996,4.4501,before,-1.1815,4.4462,162990505.0
4.8260000000000005,20070129,0.72,600004.SSE,352279.24,7.0887,4.4501,4.4884,0.0761,4.7992,before,7.8261,4.4884,343053894.0
4.8184,20070130,-0.2,600004.SSE,157972.75,3.1788,4.7992,4.6419,0.0363,4.7033,before,-2.0161,4.7992,153900274.0
4.8759,20070131,-0.07,600004.SSE,215245.0,4.3312,4.7033,4.5997,0.0586,4.6687,before,-0.7202,4.6726,210694158.0
4.7455,20070201,-0.06,600004.SSE,141529.09,2.8479,4.6687,4.5383,0.0446,4.638,before,-0.6218,4.5958,135908224.0
4.8375,20070202,0.22,600004.SSE,261099.57,5.2539,4.638,4.6035,0.0501,4.7455,before,2.2941,4.6419,255451031.0
4.9258,20070205,0.32,600004.SSE,224989.91,4.5273,4.7455,4.5958,0.0693,4.8989,before,3.262,4.7493,223679593.0
4.9565,20070206,-0.11,600004.SSE,163780.54,3.2956,4.8989,4.7877,0.0346,4.8452,before,-1.0859,4.8989,164663506.0
5.3286,20070207,1.0,600004.SSE,311282.01,6.2637,4.8452,4.8606,0.0968,5.3286,before,9.98,4.8606,332350845.0
5.6125,20070208,0.31,600004.SSE,240928.48,4.848,5.3286,5.3362,0.0517,5.4782,before,2.8131,5.412999999999999,273690392.0
6.0268,20070209,0.49,600004.SSE,358778.02,7.2195,5.4782,5.3593,0.1218,5.716,before,4.3248,5.4667,432652541.0
5.9692,20070212,0.16,600004.SSE,119291.85,2.4004,5.716,5.6355,0.0584,5.7928,before,1.3536,5.6815,143088911.0
6.2838,20070213,0.72,600004.SSE,127891.91,2.5735,5.7928,5.7889,0.0851,6.1419,before,6.01,5.7889,160993611.0
6.3836,20070214,-0.02,600004.SSE,186107.45,3.7449,6.1419,6.0575,0.0535,6.1342,before,-0.1575,6.1610000000000005,239952275.0
6.2876,20070215,0.22,600004.SSE,108310.95,2.1795,6.1342,6.0958,0.0315,6.2378,before,1.735,6.1419,138372332.0
6.2876,20070216,-0.27,600004.SSE,92952.26,1.8704,6.2378,6.069,0.0349,6.1073,before,-2.093,6.2646,118003505.0
6.1265,20070226,-0.01,600004.SSE,93974.21,1.891,6.1073,5.8465,0.0459,6.1035,before,-0.0792,6.0882,115889025.0
6.0766,20070227,-1.26,600004.SSE,159410.86,3.2077,6.1035,5.4935,0.0951,5.4935,before,-9.9842,6.0766,189578924.0
5.5626,20070228,0.02,600004.SSE,176143.21,3.5444,5.4935,5.0831,0.0871,5.505,before,0.1761,5.0831,194500684.0
5.4168,20070301,-0.52,600004.SSE,112428.73,2.2623,5.505,5.1368,0.051,5.2519,before,-4.5694,5.4091,123271474.0
5.5396,20070302,0.3,600004.SSE,90638.69,1.8239,5.2519,5.225,0.0599,5.3976,before,2.7624,5.2365,101842384.0
5.5434,20070305,-0.16,600004.SSE,85359.13,1.7176,5.3976,5.1559,0.0717,5.3209,before,-1.4337,5.3439,94234635.0
5.8541,20070306,0.88,600004.SSE,199344.83,4.0113,5.3209,5.247999999999998,0.1136,5.7467,before,8.0,5.271,233607395.0
5.8772,20070307,0.1,600004.SSE,102329.41,2.0591,5.7467,5.6623,0.037000000000000005,5.7928,before,0.8418,5.7467,121993216.0
5.9002,20070308,0.16,600004.SSE,68709.85,1.3826,5.7928,5.7544,0.025,5.8733,before,1.3356,5.7928,82781459.0
5.9232,20070309,-0.29,600004.SSE,64528.75,1.2985,5.8733,5.6815,0.0412,5.7314,before,-2.3888,5.8733,76963113.0
5.8426,20070312,0.17,600004.SSE,76781.62,1.545,5.7314,5.5626,0.0489,5.8119,before,1.4346,5.7084,90010363.0
6.1802,20070313,0.63,600004.SSE,148283.75,2.9838,5.8119,5.7813,0.0691,6.1188,before,5.2413,5.8081,185462230.0
6.3107,20070314,0.05,600004.SSE,154076.45,3.1004,6.1188,5.8196,0.0806,6.1419,before,0.3953,6.0421,194932773.0
6.2301,20070315,0.05,600004.SSE,63345.0,1.2746,6.1419,6.0575,0.0283,6.1687,before,0.3937,6.1419,80478440.0
6.1879,20070316,-0.64,600004.SSE,102054.89,2.0536,6.1687,5.8043,0.062,5.858,before,-5.0196,6.1879,125376946.0
5.9654,20070319,0.14,600004.SSE,55929.56,1.1254,5.858,5.6163,0.0595,5.9232,before,1.1561,5.6969,67636713.0
5.9232,20070320,-0.06,600004.SSE,75004.77,1.5093,5.9232,5.7851,0.0237,5.8963,before,-0.4898,5.9194,90636158.0
5.9232,20070321,-0.01,600004.SSE,61155.98,1.2306,5.8963,5.8388,0.0148,5.8925,before,-0.08199999999999999,5.8541,74183350.0
6.046,20070322,0.01,600004.SSE,64136.56,1.2906,5.8925,5.8618,0.0312,5.8963,before,0.0821,5.8848,79243310.0
5.9654,20070323,0.03,600004.SSE,68597.55,1.3803,5.8963,5.7621,0.0345,5.9117,before,0.2461,5.9002,83264569.0
6.2646,20070327,0.59,600004.SSE,131774.83,2.6516,5.9117,5.9654,0.0507,6.1956,before,4.8282,5.9923,167652679.0
6.2148,20070328,-0.41,600004.SSE,127543.12,2.5665,6.1956,5.8541,0.0585,5.9961,before,-3.2006,6.1956,159868183.0
6.0882,20070329,-0.36,600004.SSE,100697.91,2.0263,5.9961,5.8196,0.0452,5.8235,before,-2.9032,5.9961,123648917.0
5.858,20070330,-0.24,600004.SSE,109507.06,2.2035,5.8235,5.6892,0.0291,5.7084,before,-1.9934,5.8119,130420980.0
5.8772,20070402,0.31,600004.SSE,68058.48,1.3695,5.7084,5.7122,0.0288,5.858,before,2.6271,5.7122,81298896.0
5.8772,20070403,-0.05,600004.SSE,112093.82,2.2556,5.858,5.7084,0.0289,5.835,before,-0.4129,5.8618,133664461.0
5.9884,20070404,0.25,600004.SSE,144931.36,2.9164,5.835,5.7621,0.039,5.9539,before,2.073,5.835,176708474.0
6.28,20070405,0.32,600004.SSE,197602.75,3.9762,5.9539,5.8657,0.069,6.1073,before,2.5995,5.9539,246823732.0
6.138,20070406,-0.16,600004.SSE,122728.54,2.4696,6.1073,5.9654,0.0285,6.0306,before,-1.2668,5.9961,153248865.0
6.1687,20070409,0.15,600004.SSE,130299.25,2.6219,6.0306,6.0229,0.0241,6.1035,before,1.2029,6.0766,164530928.0
6.1687,20070410,-0.28,600004.SSE,137489.47,2.7666,6.1035,5.8081,0.0586,5.9692,before,-2.2187,6.1419,170549571.0
6.138,20070411,0.34,600004.SSE,178485.89,3.5916,5.9692,5.8848,0.0421,6.1342,before,2.7553,5.9692,221944307.0
6.4718,20070412,0.64,600004.SSE,311396.2,6.266,6.1342,6.0958,0.0615,6.4411,before,5.0473,6.1572,404539631.0
6.6214,20070413,-0.2,600004.SSE,236164.74,4.7522,6.4411,6.2876,0.0518,6.3452,before,-1.5015,6.4488,313131341.0
6.5255,20070416,0.18,600004.SSE,188372.85,3.7905,6.3452,6.2876,0.0373,6.4334,before,1.3719999999999999,6.3414,250890890.0
6.5101,20070417,-0.12,600004.SSE,241990.08,4.8694,6.4334,6.1419,0.0571,6.3759,before,-0.9023,6.4603,317127741.0
6.5523,20070418,0.3,600004.SSE,220454.56,4.4361,6.3759,6.1917,0.0569,6.5217,before,2.2762,6.3759,292272990.0
6.6713,20070419,-0.67,600004.SSE,254506.29,5.1213,6.5217,5.9961,0.1031,6.1956,before,-4.9703,6.5293,337112624.0
6.4718,20070420,0.43,600004.SSE,203826.7,4.1015,6.1956,6.1994,0.0437,6.4027,before,3.3568,6.1994,268385574.0
6.6981,20070423,0.47,600004.SSE,294284.57,5.9217,6.4027,6.4334,0.0415,6.6329,before,3.5498,6.4718,401375515.0
7.0702,20070424,0.56,600004.SSE,339275.5,6.827000000000001,6.6329,6.5332,0.081,6.9014,before,4.0846,6.6713,478694270.0
7.0319,20070425,0.12,600004.SSE,221570.71,4.4585,6.9014,6.7135,0.0463,6.959,before,0.8409,6.8439,315129765.0
7.0664,20070426,-0.23,600004.SSE,190229.97,3.8279,6.959,6.8132,0.0361,6.8477,before,-1.5983,6.9897,271507098.0
7.0127,20070427,0.08,600004.SSE,252220.1,5.0753,6.8477,6.6252,0.0565,6.8861,before,0.565,6.8477,356255917.0
7.216,20070430,0.54,600004.SSE,258868.58,5.209,6.8861,6.7902,0.0618,7.147,before,3.7921,6.8592,378531718.0
7.3503,20070508,0.19,600004.SSE,249659.68,5.0237,7.147,7.1546,0.0277,7.239,before,1.2855,7.3043,373829355.0
7.2275,20070509,-0.47,600004.SSE,209458.14,4.2148,7.239,6.771,0.0628,7.0127,before,-3.1396,7.2275,304477306.0
7.2544,20070510,0.17,600004.SSE,174022.71,3.5017,7.0127,6.9321,0.0462,7.0971,before,1.1724,7.0127,256383835.0
7.005,20070511,-0.45,600004.SSE,196257.72,3.9492,7.0971,6.771,0.0327,6.8784,before,-3.0675,6.9743,279740266.0
6.9935,20070514,-0.07,600004.SSE,138577.89,2.7885,6.8784,6.6789,0.0457,6.8439,before,-0.4923,6.7633,196930223.0
7.0357,20070515,-0.3,600004.SSE,161244.62,3.2446,6.8439,6.6828,0.0516,6.6981,before,-2.1201,6.8938,228616218.0
6.8669,20070516,0.34,600004.SSE,148941.38,2.997,6.6981,6.6061,0.039,6.8631,before,2.4549,6.6713,207832479.0
7.0357,20070517,0.29,600004.SSE,184146.45,3.7055,6.8631,6.8592,0.0261,7.005,before,2.0437,6.8669,264614163.0
6.9974,20070518,-0.33,600004.SSE,135321.05,2.7230000000000003,7.005,6.7748,0.0318,6.8439,before,-2.279,6.9974,192337819.0
7.0165,20070521,0.3,600004.SSE,171355.1,3.4481,6.8439,6.6252,0.0572,6.9897,before,2.1201,6.6598,244032079.0
7.3196,20070522,0.36,600004.SSE,282361.68,5.6818,6.9897,6.9897,0.0471,7.1623,before,2.4913,6.9897,419898208.0
7.4232,20070523,0.3,600004.SSE,196825.41,3.9606,7.1623,7.1623,0.0365,7.3081,before,2.0257,7.1968,297876310.0
7.4731,20070524,-0.49,600004.SSE,208912.34,4.2038,7.3081,6.9667,0.0695,7.0702,before,-3.2429,7.3081,308900419.0
7.7761,20070525,1.45,600004.SSE,421812.41,8.4879,7.0702,7.1048,0.0951,7.7723,before,9.9179,7.1048,657653889.0
8.3439,20070528,0.79,600004.SSE,333934.28,6.7195,7.7723,7.7454,0.0772,8.1559,before,4.916,7.8413,557832779.0
8.4897,20070529,0.02,600004.SSE,266252.32,5.3576,8.1559,8.1252,0.0445,8.1636,before,0.1186,8.1751,456380274.0
8.0293,20070530,-1.69,600004.SSE,290318.06,5.8419,8.1636,7.3465,0.0835,7.3465,before,-10.0118,7.638,459375495.0
8.083,20070531,1.52,600004.SSE,427695.98,8.6062,7.3465,7.2659,0.1113,8.083,before,10.0066,7.2659,688833715.0
8.7544,20070601,0.0,600004.SSE,404115.67,8.1318,8.083,7.7378,0.1257,8.083,before,0.0,8.2556,700298062.0
8.2211,20070604,-1.67,600004.SSE,257138.68,5.1742,8.083,7.2736,0.1173,7.2736,before,-9.994,8.1482,407042286.0
7.9334,20070605,1.28,600004.SSE,285976.39,5.7545,7.2736,6.5792,0.1862,7.895,before,8.5106,7.0779,420196126.0
8.6469,20070606,1.36,600004.SSE,303166.28,6.1004,7.895,7.8106,0.106,8.551,before,8.3333,7.8759,514901065.0
8.8273,20070607,0.24,600004.SSE,334289.87,6.7267,8.551,8.3707,0.0532,8.6661,before,1.3575,8.5242,596352165.0
8.8081,20070608,-0.13,600004.SSE,159135.08,3.2022,8.6661,8.4053,0.0463,8.6047,before,-0.7254,8.6239,283174338.0
9.2876,20070611,1.04,600004.SSE,195676.97,3.9375,8.6047,8.5626,0.0843,9.1073,before,5.846,8.7122,363769918.0
9.2492,20070612,-0.03,600004.SSE,202388.04,4.0725,9.1073,8.7544,0.0542,9.092,before,-0.1593,9.1917,377962768.0
9.5101,20070613,0.17,600004.SSE,183984.21,3.7022,9.092,9.092,0.0457,9.1764,before,0.9043,9.1303,350559976.0
9.2492,20070614,-0.32,600004.SSE,108859.82,2.1905,9.1764,8.7927,0.0496,9.0191,before,-1.6869,9.1764,203805847.0
9.1188,20070615,-0.25,600004.SSE,88111.67,1.7730000000000001,9.0191,8.8273,0.0322,8.9001,before,-1.3405,8.996,162953608.0
9.4794,20070618,1.14,600004.SSE,155650.68,3.1321,8.9001,8.9577,0.0587,9.4526,before,6.1957,8.9577,297325417.0
9.5293,20070619,-0.19,600004.SSE,92239.79,1.8561,9.4526,9.1917,0.0358,9.3605,before,-0.9724,9.5293,178536944.0
9.748,20070620,-0.15,600004.SSE,153013.37,3.0789999999999997,9.3605,9.1917,0.0594,9.2876,before,-0.7752,9.4334,303439041.0
9.4257,20070621,-0.07,600004.SSE,109627.86,2.206,9.2876,8.9577,0.0505,9.2531,before,-0.3646,9.1917,208868359.0
9.748,20070622,-0.25,600004.SSE,114788.48,2.3098,9.2531,9.0114,0.0795,9.1303,before,-1.3068,9.2608,220964701.0
9.2876,20070625,-0.56,600004.SSE,135883.79,2.7343,9.1303,8.6354,0.0715,8.8618,before,-2.9661,9.1917,249796007.0
8.972999999999997,20070626,0.07,600004.SSE,80508.85,1.62,8.8618,8.6047,0.0415,8.8963,before,0.3821,8.8426,145779026.0
9.2876,20070627,0.62,600004.SSE,89436.24,1.7997,8.8963,8.8503,0.0489,9.1955,before,3.3714,8.9232,168247640.0
9.418,20070628,-0.41,600004.SSE,89422.08,1.7994,9.1955,8.972999999999997,0.0484,8.996,before,-2.1568,9.2876,168832004.0
8.9423,20070702,-0.99,600004.SSE,113958.93,2.2931,8.996,8.1636,0.0866,8.5165,before,-5.3226,8.7045,200163540.0
8.7927,20070703,0.48,600004.SSE,49569.73,0.9975,8.5165,8.5127,0.0329,8.7505,before,2.7257,8.6086,88846016.0
8.8273,20070704,-0.38,600004.SSE,38010.87,0.7649,8.7505,8.5626,0.0304,8.5664,before,-2.1006,8.7122,68354985.0
8.4628,20070705,-1.77,600004.SSE,89988.04,1.8108,8.5664,7.7109,0.0881,7.7109,before,-9.9944,8.3669,149417584.0
8.0485,20070706,0.51,600004.SSE,81735.65,1.6447,7.7109,7.4961,0.0715,7.9564,before,3.1995,7.6457,131186507.0
8.3209,20070709,0.59,600004.SSE,44439.22,0.8942,7.9564,8.0063,0.0395,8.2403,before,3.5866,8.0063,74794880.0
8.294,20070710,-0.39,600004.SSE,43383.51,0.873,8.2403,7.9718,0.0393,8.0523,before,-2.2887,8.248,72606301.0
8.5664,20070711,0.67,600004.SSE,57441.88,1.1559,8.0523,7.9794,0.0727,8.3784,before,4.024,8.0485,99287114.0
8.4628,20070712,-0.01,600004.SSE,24939.33,0.5018,8.3784,8.3055,0.0191,8.3707,before,-0.0577,8.459,43186018.0
8.4628,20070713,0.04,600004.SSE,26264.77,0.5285,8.3707,8.2096,0.0306,8.3938,before,0.2311,8.3669,45223908.0
8.3669,20070716,-0.28,600004.SSE,29348.25,0.5906,8.3938,8.1751,0.0231,8.2556,before,-1.6138,8.2595,49977085.0
8.3822,20070717,0.13,600004.SSE,19952.7,0.4015,8.2556,8.1636,0.0264,8.3209,before,0.7616,8.1751,34237866.0
8.5357,20070718,0.44,600004.SSE,53158.29,1.0697,8.3209,8.1022,0.0523,8.5319,before,2.5581,8.3132,91700870.0
8.7313,20070719,0.14,600004.SSE,27985.88,0.5631,8.5319,8.4168,0.0368,8.6009,before,0.7937,8.4628,49858331.0
8.972999999999997,20070720,0.71,600004.SSE,46658.24,0.9389,8.6009,8.6047,0.0427,8.9423,before,3.9933,8.6047,85845936.0
9.3336,20070723,0.54,600004.SSE,72371.03,1.4563,8.9423,8.996,0.0379,9.2032,before,2.9205,8.996,137806669.0
9.3106,20070724,-0.14,600004.SSE,45350.95,0.9126,9.2032,9.1188,0.021,9.138,before,-0.7357,9.2147,86431282.0
9.1802,20070725,0.08,600004.SSE,68418.84,1.3767,9.138,8.9385,0.0265,9.1764,before,0.4235,9.092,128148971.0
9.5293,20070726,0.17,600004.SSE,49005.85,0.9861,9.1764,9.1917,0.0369,9.2569,before,0.8962,9.2876,94696181.0
9.2723,20070727,-0.3,600004.SSE,48676.29,0.9795,9.2569,9.0114,0.0282,9.1111,before,-1.5674,9.1303,91391303.0
9.3835,20070730,0.2,600004.SSE,77737.48,1.5643,9.1111,9.0459,0.0372,9.2109,before,1.0616,9.0996,147810007.0
9.7595,20070731,1.11,600004.SSE,124629.66,2.5078,9.2109,9.1418,0.0672,9.748,before,5.8298,9.2301,243635108.0
9.9398,20070801,-1.11,600004.SSE,113469.61,2.2833,9.748,9.1917,0.0769,9.2109,before,-5.5087,9.7556,223067907.0
9.5178,20070802,0.49,600004.SSE,65602.93,1.3201,9.2109,9.2377,0.0305,9.4449,before,2.5735,9.2377,127292003.0
9.7173,20070803,0.46,600004.SSE,106226.12,2.1375,9.4449,9.4219,0.0312,9.6674,before,2.3554,9.4794,210142313.0
10.4922,20070806,1.56,600004.SSE,138764.15,2.7923,9.6674,9.6252,0.0895,10.4231,before,7.8039,9.748,285716194.0
10.3234,20070807,-0.75,600004.SSE,91312.15,1.8374,10.4231,10.027999999999999,0.0283,10.0587,before,-3.4803,10.3234,191753851.0
10.1469,20070808,-0.66,600004.SSE,86045.07,1.7314,10.0587,9.5561,0.0587,9.7403,before,-3.1731,10.0127,174410921.0
10.0395,20070809,0.04,600004.SSE,41381.42,0.8327,9.7403,9.7019,0.0348,9.7595,before,0.1986,9.7518,84135336.0
9.817,20070810,-0.87,600004.SSE,92244.2,1.8562,9.7595,9.1917,0.0644,9.3413,before,-4.3112,9.7249,178933132.0
9.748,20070813,0.14,600004.SSE,63484.42,1.2775,9.3413,9.2377,0.0544,9.4065,before,0.725,9.3835,125356541.0
9.6636,20070814,0.31,600004.SSE,37969.75,0.764,9.4065,9.4065,0.0272,9.5561,before,1.5938,9.4142,74914797.0
9.6674,20070815,-0.21,600004.SSE,36587.5,0.7362,9.5561,9.326,0.0359,9.4564,before,-1.0628,9.537,71868072.0
9.4717,20070816,-0.42,600004.SSE,59967.43,1.2067,9.4564,9.0344,0.046,9.2531,before,-2.1483,9.4717,114282416.0
9.5446,20070817,0.06,600004.SSE,37513.1,0.7549,9.2531,9.1917,0.0382,9.2799,before,0.3136,9.2761,72460468.0
9.8093,20070820,0.99,600004.SSE,52231.62,1.051,9.2799,9.4334,0.0406,9.7595,before,5.1589,9.4909,104285511.0
10.0357,20070821,0.0,600004.SSE,48955.15,0.9851,9.7595,9.6981,0.0347,9.7595,before,0.0,9.771,99880523.0
9.9168,20070822,0.07,600004.SSE,55499.57,1.1168,9.7595,9.5677,0.0357,9.794,before,0.3469,9.6137,111993612.0
10.3349,20070823,0.47,600004.SSE,56398.15,1.1349,9.794,9.7556,0.0592,10.0242,before,2.3383,9.794,116892283.0
10.1546,20070824,-0.24,600004.SSE,49170.89,0.9894,10.0242,9.7863,0.0369,9.9052,before,-1.1667,10.0433,100307659.0
10.238999999999999,20070827,-0.21,600004.SSE,65272.39,1.3134,9.9052,9.6981,0.0546,9.8055,before,-1.033,9.9973,132869803.0
9.8055,20070828,-0.77,600004.SSE,127457.4,2.5647,9.8055,9.3567,0.0457,9.4295,before,-3.827,9.8055,247107508.0
9.5868,20070829,-0.06,600004.SSE,81379.12,1.6375,9.4295,9.2262,0.0382,9.3989,before,-0.3101,9.4334,156637147.0
9.5983,20070830,0.34,600004.SSE,69962.81,1.4078,9.3989,9.3758,0.0238,9.5638,before,1.7626,9.4526,136348352.0
9.8861,20070831,0.42,600004.SSE,112051.77,2.2547,9.5638,9.5983,0.0301,9.771,before,2.1396,9.6482,224728592.0
10.1508,20070903,0.57,600004.SSE,109948.2,2.2124,9.771,9.817,0.0339,10.0472,before,2.8429,9.8324,225354315.0
10.1699,20070904,-0.49,600004.SSE,77243.93,1.5543,10.0472,9.7441,0.0422,9.8093,before,-2.3763,10.0472,156900154.0
10.1546,20070905,0.67,600004.SSE,73232.66,1.4736,9.8093,9.6597,0.0507,10.1354,before,3.3284,9.7671,148005071.0
10.2237,20070906,-0.15,600004.SSE,85664.65,1.7238,10.1354,9.9321,0.0288,10.0625,before,-0.7212,10.1853,177070446.0
10.0088,20070907,-0.75,600004.SSE,64251.38,1.2929,10.0625,9.6789,0.0329,9.6981,before,-3.6319999999999997,9.9896,129595057.0
9.7978,20070910,0.05,600004.SSE,38140.44,0.7675,9.6981,9.4065,0.0407,9.7211,before,0.2513,9.5523,75044897.0
9.794,20070911,-0.93,600004.SSE,44569.52,0.8968,9.7211,9.2569,0.0551,9.2684,before,-4.6617,9.7211,87037644.0
9.4526,20070912,0.28,600004.SSE,43052.67,0.8663,9.2684,9.1994,0.0273,9.4065,before,1.4721,9.2569,82395081.0
9.5024,20070913,0.02,600004.SSE,39905.34,0.8029999999999999,9.4065,9.2569,0.0259,9.4142,before,0.1036,9.4526,76624453.0
9.6252,20070914,0.39,600004.SSE,41608.76,0.8373,9.4142,9.2876,0.0357,9.606,before,2.0186,9.4142,80492829.0
10.5344,20070917,1.56,600004.SSE,138547.41,2.7879,9.606,9.5024,0.1076,10.3656,before,7.9148,9.5753,287774690.0
10.472999999999999,20070918,-0.63,600004.SSE,71690.06,1.4426,10.3656,9.9206,0.0531,10.0587,before,-2.9619,10.3809,149332421.0
10.1891,20070919,-0.75,600004.SSE,59764.96,1.2026,10.0587,9.6444,0.0543,9.6904,before,-3.6337,10.1354,119775524.0
9.9398,20070920,0.06,600004.SSE,41983.48,0.8448,9.6904,9.6866,0.0261,9.7211,before,0.3017,9.6866,84250744.0
10.1508,20070921,0.0,600004.SSE,75492.84,1.5191,9.7211,9.4794,0.0692,9.7211,before,0.0,9.7441,152163856.0
10.0395,20070924,0.49,600004.SSE,95416.96,1.92,9.7211,9.6712,0.0376,9.959,before,2.4561,9.7441,192596536.0
9.9705,20070925,-0.87,600004.SSE,88215.85,1.7751,9.959,9.4526,0.0519,9.537,before,-4.2564,9.9705,174307071.0
9.5523,20070926,-0.97,600004.SSE,113652.32,2.287,9.537,8.9078,0.0675,9.0651,before,-4.9566,9.5255,213959373.0
9.2914,20070927,0.41,600004.SSE,70032.78,1.4092,9.0651,8.9078,0.0425,9.2646,before,2.2043,9.0574,131306644.0
9.3758,20070928,0.0,600004.SSE,95983.05,1.9314,9.2646,9.1648,0.0226,9.2646,before,0.0,9.3183,182024314.0
9.4794,20071008,-0.33,600004.SSE,144380.12,2.9053,9.2646,8.9654,0.0552,9.1035,before,-1.7359,9.4449,272913860.0
9.1035,20071009,-0.29,600004.SSE,170695.29,3.4348,9.1035,8.7659,0.0369,8.9615,before,-1.5525,9.1035,310032724.0
9.138,20071010,0.3,600004.SSE,89520.69,1.8014,8.9615,8.8695,0.0299,9.1073,before,1.6313,8.9922,165891761.0
9.1073,20071011,-0.39,600004.SSE,67935.67,1.367,9.1073,8.8695,0.0262,8.9193,before,-2.0867,9.0574,125190586.0
9.0114,20071012,-0.11,600004.SSE,71526.41,1.4393,8.9193,8.5626,0.0503,8.8656,before,-0.6011,8.927,128862447.0
8.9193,20071015,-0.32,600004.SSE,84911.42,1.7086,8.8656,8.4782,0.0495,8.7083,before,-1.7592,8.8695,150307533.0
8.9922,20071016,0.56,600004.SSE,60100.37,1.2094,8.7083,8.7237,0.0308,8.9807,before,3.1337,8.7237,109126564.0
9.1111,20071017,0.15,600004.SSE,44275.58,0.8909,8.9807,8.8196,0.0326,9.0536,before,0.8139,8.996,81984258.0
9.0536,20071018,-0.58,600004.SSE,36109.51,0.7266,9.0536,8.7697,0.0312,8.7697,before,-3.1216,9.0536,65487489.0
8.9193,20071019,-0.22,600004.SSE,29718.76,0.598,8.7697,8.6508,0.0306,8.6623,before,-1.2222,8.8119,53132071.0
8.6163,20071022,-0.4,600004.SSE,62775.46,1.2632,8.6623,8.2787,0.0388,8.4705,before,-2.2497,8.6163,108476614.0
8.6508,20071023,0.27,600004.SSE,47220.42,0.9502,8.4705,8.3822,0.0316,8.6009,before,1.5535,8.3861,82604844.0
8.7697,20071024,-0.04,600004.SSE,70003.47,1.4086,8.6009,8.505,0.0312,8.5817,before,-0.2266,8.5817,124566347.0
8.5702,20071025,-1.3,600004.SSE,77926.77,1.5681,8.5817,7.9411,0.0733,7.9487,before,-7.3822,8.5702,130103006.0
8.7429,20071026,1.23,600004.SSE,95877.19,1.9293,7.9487,7.9104,0.1048,8.5472,before,7.5414,7.9181,164923215.0
8.7966,20071029,0.44,600004.SSE,59144.19,1.1901,8.5472,8.1444,0.0764,8.762,before,2.5086,8.482000000000001,102245597.0
8.9922,20071030,0.26,600004.SSE,66634.28,1.3408,8.762,8.5319,0.0523,8.8886,before,1.4461,8.7275,120830055.0
9.184,20071031,0.25,600004.SSE,77078.63,1.551,8.8886,8.9078,0.0313,9.0114,before,1.3706,8.9385,143080866.0
9.0651,20071101,-0.29,600004.SSE,33692.66,0.6779999999999999,9.0114,8.7697,0.0324,8.8695,before,-1.5684,9.0459,61335033.0
9.0152,20071105,-0.37,600004.SSE,25486.95,0.5129,8.8695,8.6853,0.0374,8.6891,before,-2.033,8.9654,46165055.0
8.9654,20071106,0.18,600004.SSE,16839.42,0.3388,8.6891,8.6738,0.0337,8.7774,before,1.0095,8.7237,30270039.0
8.8196,20071107,0.04,600004.SSE,24100.21,0.485,8.7774,8.5664,0.0289,8.7966,before,0.2221,8.8004,43057668.0
8.8925,20071108,-0.54,600004.SSE,26605.57,0.5354,8.7966,8.4782,0.0471,8.5319,before,-2.9917,8.7697,47724735.0
8.693,20071109,0.06,600004.SSE,31237.23,0.6286,8.5319,8.3707,0.0377,8.5626,before,0.3427,8.3861,54820965.0
8.4782,20071112,-0.98,600004.SSE,37995.19,0.7646,8.5626,7.9909,0.0569,8.083,before,-5.5777,8.4782,63882734.0
8.5971,20071113,0.69,600004.SSE,78934.41,1.5883,8.083,8.1866,0.0506,8.4206,before,4.1591,8.1866,135867308.0
8.7697,20071114,0.63,600004.SSE,59498.35,1.1972,8.4206,8.3822,0.0463,8.7275,before,3.6458,8.527999999999999,105567150.0
8.8925,20071115,0.05,600004.SSE,42639.2,0.858,8.7275,8.6853,0.024,8.7505,before,0.2792,8.7467,77179848.0
8.7697,20071116,-0.21,600004.SSE,11020.97,0.2218,8.7505,8.5165,0.028999999999999998,8.6508,before,-1.1693,8.7697,19479727.0
8.9078,20071119,0.41,600004.SSE,18409.24,0.3704,8.6508,8.6738,0.027000000000000003,8.8503,before,2.3099,8.7467,33439956.0
9.1035,20071120,0.24,600004.SSE,33215.07,0.6684,8.8503,8.7774,0.0369,8.9654,before,1.3216,8.7774,61227654.0
9.1073,20071121,-0.37,600004.SSE,25039.84,0.5039,8.9654,8.7774,0.037000000000000005,8.7851,before,-2.0109,8.9999,46235497.0
8.8196,20071122,-0.59,600004.SSE,18122.81,0.3647,8.7851,8.482000000000001,0.0383,8.4973,before,-3.2723,8.7697,32288807.0
8.6508,20071123,0.3,600004.SSE,12299.1,0.2475,8.4973,8.2825,0.043,8.6431,before,1.7202,8.527999999999999,21474337.0
9.161,20071126,0.74,600004.SSE,53325.21,1.073,8.6431,8.7275,0.0502,9.0037,before,4.1714,8.7659,98628255.0
9.0843,20071127,-0.44,600004.SSE,23840.96,0.4797,9.0037,8.762,0.0357,8.7889,before,-2.381,8.9845,43753512.0
9.0498,20071128,0.0,600004.SSE,21170.33,0.426,8.7889,8.6738,0.0427,8.7889,before,0.0,8.8426,38589688.0
9.0382,20071129,0.43,600004.SSE,28024.62,0.5639,8.7889,8.7237,0.036000000000000004,8.9999,before,2.3836,8.8579,51550756.0
9.161,20071130,0.04,600004.SSE,45292.52,0.9114,8.9999,8.9078,0.0282,9.0191,before,0.2166,8.9999,84388867.0
9.184,20071203,-0.09,600004.SSE,17676.87,0.3557,9.0191,8.9193,0.0297,8.9769,before,-0.4862,8.9999,32808539.0
9.1035,20071204,-0.23,600004.SSE,23917.38,0.4813,8.9769,8.8157,0.032,8.8656,before,-1.2486,8.9769,43556865.0
9.0037,20071205,0.28,600004.SSE,44460.12,0.8946,8.8656,8.7697,0.0264,8.9999,before,1.5393,8.8695,81111489.0
9.2531,20071206,0.48,600004.SSE,70073.18,1.41,8.9999,8.8579,0.0439,9.2339,before,2.5988,9.0152,130657725.0
9.3451,20071207,0.04,600004.SSE,47024.05,0.9462,9.2339,9.0728,0.0296,9.2531,before,0.2111,9.161,88718713.0
9.4717,20071210,0.31,600004.SSE,46227.25,0.9302,9.2531,9.0881,0.0416,9.4065,before,1.6324,9.1764,88949599.0
9.537,20071211,0.09,600004.SSE,37526.06,0.7551,9.4065,9.3298,0.0218,9.4487,before,0.4663,9.4909,72491237.0
9.9666,20071212,0.56,600004.SSE,87551.13,1.7617,9.4487,9.3567,0.0645,9.7211,before,2.8881,9.395,174398806.0
9.9666,20071213,-0.76,600004.SSE,62265.24,1.2529,9.7211,9.3298,0.0652,9.3528,before,-3.8095,9.6521,124215410.0
9.5983,20071214,0.44,600004.SSE,28841.02,0.5803,9.3528,9.2032,0.0422,9.5638,before,2.2929,9.2646,55603639.0
9.8592,20071217,-0.19,600004.SSE,35884.12,0.7221,9.5638,9.4526,0.0423,9.4717,before,-0.9679,9.5983,71538106.0
9.6175,20071218,-0.09,600004.SSE,14958.41,0.301,9.4717,9.3528,0.0283,9.4295,before,-0.46299999999999997,9.4641,28994304.0
9.9666,20071219,0.71,600004.SSE,56657.44,1.1401,9.4295,9.5024,0.0491,9.7748,before,3.6693,9.5024,114260922.0
10.1354,20071220,0.36,600004.SSE,43250.52,0.8703,9.7748,9.8439,0.0299,9.9513,before,1.7946,9.9321,88721841.0
10.074,20071221,0.04,600004.SSE,28349.0,0.5704,9.9513,9.817,0.0255,9.9705,before,0.1959,9.9129,57921746.0
10.3081,20071224,0.5,600004.SSE,49577.69,0.9976,9.9705,9.9935,0.0313,10.2121,before,2.4438,9.9935,103576614.0
10.2582,20071225,0.04,600004.SSE,34023.25,0.6846,10.2121,10.1124,0.0143,10.2313,before,0.1908,10.1853,71247252.0
10.3196,20071226,-0.26,600004.SSE,48843.93,0.9829,10.2313,9.8937,0.0419,10.1047,before,-1.2381,10.2428,100837106.0
10.2659,20071227,-0.03,600004.SSE,58744.74,1.1821,10.1047,9.9743,0.0289,10.0932,before,-0.1446,10.1354,121803856.0
10.3119,20071228,0.27,600004.SSE,85163.2,1.7137,10.0932,9.9858,0.0324,10.2237,before,1.3037,10.1393,177240473.0
10.8183,20080102,1.17,600004.SSE,103295.98,2.0786,10.2237,10.2083,0.0596,10.7953,before,5.5767,10.2083,225597626.0
11.0523,20080103,0.13,600004.SSE,85296.39,1.7164,10.7953,10.6687,0.0357,10.8566,before,0.5869,10.8029,189505698.0
10.8873,20080104,0.0,600004.SSE,59694.58,1.2012,10.8566,10.615,0.0251,10.8566,before,0.0,10.8068,131466917.0
11.2556,20080107,0.75,600004.SSE,53703.54,1.0806,10.8566,10.7684,0.0449,11.2211,before,3.3662,10.872,122243212.0
11.2556,20080108,-0.92,600004.SSE,64883.7,1.3056,11.2211,10.6226,0.0564,10.7722,before,-3.9948,11.2211,145248842.0
11.0408,20080109,0.54,600004.SSE,33217.86,0.6684,10.7722,10.6226,0.0389,11.0369,before,2.4423,10.7454,73807965.0
11.1405,20080110,-0.22,600004.SSE,42769.03,0.8606,11.0369,10.7262,0.0375,10.9295,before,-0.9713,11.1405,95081903.0
10.8413,20080111,-0.68,600004.SSE,50847.95,1.0232,10.9295,10.4922,0.0321,10.5996,before,-3.0317,10.8413,111253594.0
10.8068,20080114,0.22,600004.SSE,40052.99,0.8059999999999999,10.5996,10.404000000000002,0.0382,10.707,before,1.0115,10.5996,86921243.0
10.7185,20080115,-0.24,600004.SSE,66642.8,1.341,10.707,10.3196,0.0373,10.5881,before,-1.0924,10.4884,143516183.0
10.8068,20080116,0.29,600004.SSE,63684.36,1.2815,10.5881,10.4538,0.0336,10.73,before,1.3346,10.5497,139088141.0
10.7953,20080117,-0.92,600004.SSE,67294.1,1.3541,10.73,9.8093,0.0917,10.2812,before,-4.178,10.7185,142802040.0
10.3503,20080118,-0.41,600004.SSE,40631.07,0.8176,10.2812,10.0395,0.0303,10.0817,before,-1.9431,10.285,84634068.0
10.2313,20080121,-1.2,600004.SSE,39760.05,0.8001,10.0817,9.4794,0.0749,9.4986,before,-5.7999,10.0817,80237853.0
9.5408,20080122,-0.71,600004.SSE,112371.42,2.2612,9.4986,8.8311,0.0749,9.1495,before,-3.6429,9.2301,212924724.0
9.7019,20080123,0.79,600004.SSE,36253.49,0.7295,9.1495,9.161,0.0591,9.537,before,4.2066,9.2684,70265603.0
9.8937,20080124,0.25,600004.SSE,35807.68,0.7205,9.537,9.5408,0.0368,9.6597,before,1.2775,9.5408,71796253.0
9.7978,20080125,-0.49,600004.SSE,32097.58,0.6459,9.6597,9.3413,0.0474,9.418,before,-2.4723,9.6981,63146390.0
9.5408,20080128,-0.49,600004.SSE,37250.55,0.7496,9.418,8.7966,0.0792,9.1802,before,-2.5349,9.5024,69794579.0
9.326,20080129,0.04,600004.SSE,16912.71,0.3403,9.1802,9.0306,0.0324,9.1994,before,0.2123,9.161,31969801.0
9.4257,20080130,0.01,600004.SSE,21233.84,0.4273,9.1994,9.0037,0.0456,9.2032,before,0.053,9.2569,40072953.0
9.326,20080131,-0.38,600004.SSE,13997.69,0.2817,9.2032,8.9845,0.0371,9.0191,before,-2.0116,9.1495,26229225.0
9.3567,20080201,0.61,600004.SSE,43485.18,0.875,9.0191,8.4551,0.0999,9.3183,before,3.2955,9.0536,79714986.0
9.9168,20080204,1.19,600004.SSE,42392.72,0.853,9.3183,9.4295,0.0523,9.8976,before,6.2238,9.4295,84747886.0
9.8439,20080205,-0.45,600004.SSE,21842.86,0.4395,9.8976,9.5983,0.0246,9.6789,before,-2.2157,9.7441,43533498.0
9.7441,20080213,-0.85,600004.SSE,23437.92,0.4716,9.6789,9.2531,0.0509,9.2646,before,-4.28,9.6482,45435594.0
9.5024,20080214,0.27,600004.SSE,7917.09,0.1593,9.2646,9.2684,0.0252,9.395,before,1.4203,9.3605,15204838.0
9.418,20080215,-0.3,600004.SSE,19033.78,0.38299999999999995,9.395,9.161,0.0275,9.2492,before,-1.556,9.395,36125705.0
9.4334,20080218,0.25,600004.SSE,17638.21,0.3549,9.2492,9.2492,0.02,9.372,before,1.3172,9.2723,33720421.0
9.5945,20080219,0.37,600004.SSE,36133.56,0.7271,9.372,9.2492,0.0369,9.5523,before,1.9241,9.3835,69492540.0
9.6175,20080220,-0.51,600004.SSE,19882.28,0.4001,9.5523,9.2492,0.0388,9.302999999999999,before,-2.602,9.5523,38461606.0
9.3375,20080221,-0.16,600004.SSE,24802.62,0.4991,9.302999999999999,9.0651,0.0293,9.2262,before,-0.8381,9.184,46598719.0
9.2109,20080222,-0.74,600004.SSE,28040.95,0.5642,9.2262,8.8119,0.0433,8.8656,before,-3.9091,9.2109,51472607.0
8.8656,20080225,-0.82,600004.SSE,19554.31,0.3935,8.8656,8.4436,0.0473,8.4628,before,-4.508,8.7774,34739379.0
8.8196,20080226,0.32,600004.SSE,14112.02,0.284,8.4628,8.4091,0.0484,8.6201,before,1.8423,8.6086,24855019.0
8.7659,20080227,0.21,600004.SSE,13856.39,0.2788,8.6201,8.6316,0.0158,8.7237,before,1.1871,8.7122,24771230.0
8.7697,20080228,-0.13,600004.SSE,8121.53,0.1634,8.7237,8.5779,0.0223,8.6585,before,-0.7263,8.7697,14450214.0
8.9193,20080229,0.4,600004.SSE,11223.73,0.2258,8.6585,8.6585,0.0298,8.8541,before,2.251,8.6585,20304394.0
9.0037,20080303,0.08,600004.SSE,40494.02,0.8148,8.8541,8.7237,0.0319,8.8925,before,0.4403,8.7697,73513803.0
9.0459,20080304,-0.22,600004.SSE,22893.67,0.4607,8.8925,8.7467,0.0334,8.7851,before,-1.2055,8.9193,41823877.0
8.7851,20080305,-0.41,600004.SSE,38728.05,0.7793,8.7851,8.459,0.0372,8.5856,before,-2.274,8.7697,67933435.0
8.6968,20080306,0.08,600004.SSE,14957.86,0.301,8.5856,8.4705,0.0267,8.6239,before,0.45399999999999996,8.527999999999999,26393062.0
8.7659,20080307,0.2,600004.SSE,16267.29,0.3273,8.6239,8.4935,0.0316,8.7237,before,1.1299,8.6201,28856995.0
8.7237,20080310,-0.31,600004.SSE,13712.83,0.2759,8.7237,8.527999999999999,0.0223,8.5702,before,-1.7318,8.7237,24143986.0
8.5587,20080311,-0.2,600004.SSE,12891.99,0.2594,8.5702,8.2748,0.033,8.4743,before,-1.137,8.5587,22211584.0
8.6546,20080312,-1.02,600004.SSE,56722.68,1.1414,8.4743,7.8068,0.1001,7.9756,before,-5.8654,8.5779,94547858.0
8.0638,20080313,-0.19,600004.SSE,28336.54,0.5702,7.9756,7.8298,0.0293,7.8835,before,-1.1607,7.9411,46086118.0
7.9833,20080314,-0.2,600004.SSE,19171.19,0.3858,7.8835,7.5920000000000005,0.0494,7.7876,before,-1.2361,7.8375,30476718.0
7.8260000000000005,20080317,-0.5,600004.SSE,24390.21,0.4908,7.7876,7.5344,0.0375,7.5421,before,-3.1289,7.7493,38542480.0
7.5805,20080318,-0.91,600004.SSE,30225.16,0.6082,7.5421,7.0089,0.0762,7.1009,before,-5.8786,7.5421,44722511.0
7.5536,20080319,0.63,600004.SSE,43662.12,0.8786,7.1009,7.0165,0.0755,7.4078,before,4.324,7.2429,65555957.0
7.6879,20080320,0.29,600004.SSE,61893.28,1.2454,7.4078,6.9206,0.1039,7.5498,before,1.9079,7.3081,93237970.0
7.9142,20080321,0.62,600004.SSE,56084.51,1.1286,7.5498,7.4692,0.0587,7.849,before,4.0026,7.5958,88181819.0
8.0293,20080324,-0.96,600004.SSE,40972.32,0.8245,7.849,7.3081,0.0919,7.381,before,-5.959,7.9909,64552026.0
7.7416,20080325,0.32,600004.SSE,41101.51,0.8271,7.381,7.028,0.09699999999999999,7.5383,before,2.1122,7.0894,63096909.0
7.6802,20080326,-0.05,600004.SSE,39968.11,0.8043,7.5383,7.4309,0.033,7.5152,before,-0.3232,7.5536,62021281.0
7.4002,20080327,-0.67,600004.SSE,40573.16,0.8164,7.5152,7.0165,0.0512,7.1892,before,-4.345,7.3158,60063074.0
7.3349,20080328,0.22,600004.SSE,37758.15,0.7598,7.1892,6.7327,0.0834,7.2966,before,1.4915,7.1163,55000075.0
7.1086,20080331,-0.98,600004.SSE,37146.65,0.7475,7.2966,6.7979,0.0428,6.817,before,-6.5464,7.0511,52835083.0
7.0626,20080401,-0.27,600004.SSE,37644.97,0.7575,6.817,6.5332,0.0772,6.6866,before,-1.9299,6.8209,52832640.0
6.8362,20080402,-0.12,600004.SSE,21983.78,0.4424,6.6866,6.4219,0.062,6.6252,before,-0.8746,6.7058,29985236.0
6.936,20080403,0.58,600004.SSE,20858.92,0.4197,6.6252,6.4795,0.0684,6.9091,before,4.2647,6.6137,28991735.0
7.4807,20080407,1.15,600004.SSE,37378.09,0.7521,6.9091,6.725,0.1093,7.4692,before,8.11,6.8516,55606499.0
7.6418,20080408,0.03,600004.SSE,29801.91,0.5997,7.4692,7.3196,0.0431,7.4846,before,0.1957,7.4807,46113956.0
7.7838,20080409,-0.3,600004.SSE,37336.76,0.7513,7.4846,7.2122,0.0762,7.3388,before,-1.9531,7.4884,57799273.0
7.6418,20080410,0.48,600004.SSE,33974.91,0.6837,7.3388,7.2122,0.0584,7.5728,before,3.1873,7.3043,52064695.0
7.6764,20080411,0.02,600004.SSE,18811.71,0.3785,7.5728,7.4117,0.0347,7.5805,before,0.1287,7.5383,29186272.0
7.6112,20080414,-0.4,600004.SSE,23766.98,0.4782,7.5805,7.2851,0.0431,7.3887,before,-2.5707,7.4539,36135172.0
7.8682,20080415,0.93,600004.SSE,33763.51,0.6794,7.3887,7.2544,0.0831,7.8413,before,6.1346,7.3925,52534603.0
7.9334,20080416,-0.37,600004.SSE,23399.23,0.4708,7.8413,7.6073,0.0416,7.6610000000000005,before,-2.2996,7.8260000000000005,37349253.0
7.8682,20080417,-0.38,600004.SSE,20211.68,0.4067,7.6610000000000005,7.3081,0.0732,7.4769,before,-2.4173,7.6610000000000005,31162393.0
7.4309,20080418,-0.59,600004.SSE,21340.06,0.4294,7.4769,6.8324,0.0802,7.1892,before,-3.8462,7.4309,31591780.0
7.7876,20080421,-1.19,600004.SSE,54710.85,1.1009,7.1892,6.5792,0.1681,6.6061,before,-8.0678,7.7876,79170439.0
7.2122,20080422,1.01,600004.SSE,34938.59,0.703,6.6061,6.3337,0.1327,7.1009,before,7.4484,6.4564,48211181.0
7.4961,20080423,0.5,600004.SSE,27469.51,0.5528,7.1009,6.9206,0.081,7.3426,before,3.4317,6.9552,41177226.0
8.0753,20080424,1.27,600004.SSE,106446.7,2.142,7.3426,7.4807,0.081,7.9641,before,8.4273,7.9411,170892774.0
7.9181,20080425,-0.72,600004.SSE,57803.07,1.1631,7.9641,7.5536,0.0459,7.6112,before,-4.4064,7.7838,91682675.0
7.6495,20080428,-0.21,600004.SSE,32193.35,0.6478,7.6112,7.3349,0.0416,7.5076,before,-1.3444,7.5037,49837479.0
7.8682,20080429,0.68,600004.SSE,29299.98,0.5896,7.5076,7.4117,0.061,7.8413,before,4.4127,7.4961,46495569.0
7.9909,20080430,0.06,600004.SSE,64654.85,1.301,7.8413,7.7032,0.0367,7.8682,before,0.3729,7.9104,104048406.0
7.9871,20080505,0.14,600004.SSE,55938.48,1.1256,7.8682,7.6457,0.0433,7.9372,before,0.8669,7.8989,89707606.0
7.9372,20080506,-0.2,600004.SSE,31121.27,0.6262,7.9372,7.6879,0.0313,7.8413,before,-1.2277,7.9372,49816781.0
8.0638,20080507,-0.34,600004.SSE,61950.97,1.2466,7.8413,7.6610000000000005,0.0516,7.6764,before,-2.1131,7.8682,100563352.0
7.6956,20080508,0.03,600004.SSE,31471.42,0.6333,7.6764,7.4539,0.0311,7.6879,before,0.1905,7.6265,48809750.0
7.7224,20080509,-0.72,600004.SSE,42974.51,0.8647,7.6879,7.1431,0.0754,7.3388,before,-4.5627,7.6495,65438274.0
7.5191,20080512,0.14,600004.SSE,22520.07,0.4532,7.3388,7.1163,0.0551,7.4078,before,0.9296,7.2544,33956335.0
7.4078,20080513,-0.19,600004.SSE,23665.26,0.4762,7.4078,7.1393,0.0362,7.3158,before,-1.25,7.1393,35457052.0
7.6265,20080514,0.54,600004.SSE,21738.99,0.4374,7.3158,7.2621,0.05,7.5766,before,3.5976,7.2697,33460586.0
7.7608,20080515,0.01,600004.SSE,22438.2,0.4515,7.5766,7.5536,0.0277,7.5805,before,0.0643,7.6227,35254951.0
7.6495,20080516,-0.33,600004.SSE,18664.32,0.3756,7.5805,7.3234,0.0431,7.4232,before,-2.1208,7.5805,28663554.0
7.4961,20080519,-0.05,600004.SSE,11791.38,0.2373,7.4232,7.3081,0.025,7.3963,before,-0.3283,7.4539,17865407.0
7.6418,20080520,-0.39,600004.SSE,34488.51,0.6940000000000001,7.3963,7.1431,0.0672,7.2083,before,-2.5692,7.3963,52190689.0
7.2621,20080521,0.02,600004.SSE,20473.97,0.41200000000000003,7.2083,6.7979,0.0642,7.216,before,0.1352,7.1546,29424766.0
7.147,20080522,-0.45,600004.SSE,16749.16,0.337,7.216,6.9283,0.0304,6.9974,before,-3.0385,7.0664,24136835.0
7.0396,20080523,-0.28,600004.SSE,19238.84,0.3871,6.9974,6.8209,0.0313,6.8592,before,-1.9499,6.9667,27209102.0
6.8708,20080526,-0.78,600004.SSE,33572.69,0.6756,6.8592,6.4334,0.0639,6.4795,before,-5.5398,6.8708,45479190.0
6.5984,20080527,0.21,600004.SSE,14762.5,0.2971,6.4795,6.3989,0.0308,6.5829999999999975,before,1.5789,6.5063,19726913.0
6.817,20080528,0.46,600004.SSE,17889.06,0.36,6.5829999999999975,6.5255,0.0444,6.8055,before,3.4049,6.5792,24572673.0
6.8017,20080529,-0.46,600004.SSE,9962.58,0.2005,6.8055,6.5792,0.0329,6.5829999999999975,before,-3.2928,6.8017,13703848.0
6.6943,20080530,0.09,600004.SSE,11286.84,0.2271,6.5829999999999975,6.5639,0.02,6.6252,before,0.6662,6.5829999999999975,15310988.0
6.6483,20080602,-0.19,600004.SSE,13899.89,0.2797,6.6252,6.4756,0.0257,6.5332,before,-1.3971,6.6252,18657135.0
6.6061,20080603,0.13,600004.SSE,22176.13,0.4462,6.5332,6.3644,0.0373,6.5984,before,0.9694,6.5485,29413198.0
6.5869,20080604,-0.05,600004.SSE,11868.13,0.2388,6.5984,6.4219,0.0251,6.5754,before,-0.3693,6.5255,15805341.0
6.5523,20080605,-0.17,600004.SSE,11131.44,0.22399999999999998,6.5754,6.4334,0.0185,6.4910000000000005,before,-1.2602,6.5293,14781166.0
6.5293,20080606,-0.27,600004.SSE,15659.0,0.3151,6.4910000000000005,6.3183,0.0323,6.3605,before,-2.0269999999999997,6.5217,20493729.0
6.1342,20080610,-1.29,600004.SSE,27536.05,0.5541,6.3605,5.7275,0.0644,5.7314,before,-9.8851,6.1265,33057518.0
5.8388,20080611,0.03,600004.SSE,20253.46,0.4075,5.7314,5.505,0.0578,5.7467,before,0.2551,5.6969,23566016.0
5.7352,20080612,-0.37,600004.SSE,20904.88,0.4207,5.7467,5.5012,0.0407,5.5664,before,-3.1383,5.7007,23885911.0
5.647,20080613,-0.26,600004.SSE,15835.26,0.3186,5.5664,5.4091,0.0429,5.4398,before,-2.2767,5.6048,17932573.0
5.5357,20080616,-0.07,600004.SSE,22493.91,0.4526,5.4398,5.2864,0.0457,5.4053,before,-0.6272,5.482,24932993.0
5.4705,20080617,-0.39,600004.SSE,29327.22,0.5901,5.4053,5.1368,0.0622,5.2135,before,-3.5167,5.3132,31453202.0
5.5166,20080618,0.45,600004.SSE,30145.61,0.6066,5.2135,4.9795,0.1028,5.4322,before,4.2056,5.1598,32856134.0
5.4322,20080619,-1.09,600004.SSE,23969.95,0.4823,5.4322,4.8912,0.0996,4.9028,before,-9.7758,5.4091,25061459.0
5.0677,20080623,0.13,600004.SSE,21668.96,0.436,4.9028,4.8721,0.0398,4.9641,before,1.2922,4.9028,22061432.0
5.225,20080624,0.44,600004.SSE,18212.42,0.3665,4.9641,4.9258,0.0599,5.178999999999999,before,4.3180000000000005,4.9258,19182261.0
5.4322,20080625,0.44,600004.SSE,18689.49,0.3761,5.178999999999999,5.0984,0.0649,5.3938,before,4.1392,5.1905,20475514.0
5.4091,20080626,-0.14,600004.SSE,17534.79,0.3528,5.3938,5.2519,0.0289,5.3247,before,-1.2647,5.4053,19185406.0
5.1636,20080627,-0.69,600004.SSE,13583.82,0.2733,5.3247,4.9526,0.0403,4.9910000000000005,before,-6.3129,5.1636,14054296.0
5.0562,20080630,0.03,600004.SSE,15720.64,0.3163,4.9910000000000005,4.8989,0.0322,5.0063,before,0.293,4.9718,16004133.0
5.0562,20080701,-0.17,600004.SSE,14505.15,0.2919,5.0063,4.8721,0.037000000000000005,4.9219,before,-1.6553,5.0255,14635913.0
5.0178,20080702,0.14,600004.SSE,17344.93,0.349,4.9219,4.8644,0.0317,4.9910000000000005,before,1.3861,4.9219,17546942.0
5.225,20080703,0.42,600004.SSE,19624.87,0.3949,4.9910000000000005,4.8721,0.0703,5.1943,before,4.1016,4.9219,20587586.0
5.2442,20080704,-0.12,600004.SSE,7613.3,0.1532,5.1943,5.1176,0.0244,5.1368,before,-1.1257,5.1176,8087336.0
5.4475,20080707,0.59,600004.SSE,22706.86,0.4569,5.1368,5.1636,0.055,5.4245,before,5.5977,5.1751,25056450.0
5.4667,20080708,-0.14,600004.SSE,19093.95,0.3842,5.4245,5.2979,0.0314,5.3554,before,-1.2579,5.459,20992982.0
5.5204,20080709,0.28,600004.SSE,18867.19,0.3797,5.3554,5.3669,0.0291,5.4935,before,2.5478,5.3669,21124933.0
5.505,20080710,-0.19,600004.SSE,22928.88,0.4614,5.4935,5.39,0.0213,5.3976,before,-1.6859,5.4245,25572890.0
5.39,20080711,-0.39,600004.SSE,15900.89,0.32,5.3976,5.1751,0.0397,5.2097,before,-3.5199,5.3593,17105626.0
5.3554,20080714,0.1,600004.SSE,12498.02,0.2515,5.2097,5.1406,0.0412,5.2595,before,0.9355,5.2058,13419588.0
5.3017,20080715,-0.35,600004.SSE,19679.92,0.396,5.2595,5.0677,0.0445,5.0869,before,-3.2437,5.2519,20926200.0
5.1022,20080716,-0.31,600004.SSE,18937.36,0.3811,5.0869,4.9028,0.0393,4.9373,before,-2.9693,5.0677,19396226.0
5.0332,20080717,-0.12,600004.SSE,25076.83,0.5046,4.9373,4.8644,0.0346,4.8759,before,-1.1846,5.0063,25363301.0
5.0102,20080718,0.26,600004.SSE,23616.37,0.4752,4.8759,4.8721,0.027999999999999997,5.0063,before,2.5974,4.9104,23857763.0
5.2173,20080721,0.39,600004.SSE,21763.74,0.4379,5.0063,5.0063,0.0428,5.1943,before,3.7975,5.0293,22864092.0
5.2825,20080722,0.05,600004.SSE,20047.07,0.4034,5.1943,5.1444,0.0263,5.2173,before,0.469,5.1943,21452616.0
5.3132,20080723,-0.03,600004.SSE,17343.61,0.349,5.2173,5.1751,0.0261,5.2058,before,-0.2801,5.247999999999998,18752877.0
5.3784,20080724,0.29,600004.SSE,21582.39,0.4343,5.2058,5.225,0.03,5.3439,before,2.7154,5.225,23687714.0
5.3401,20080725,-0.2,600004.SSE,13647.83,0.2746,5.3439,5.247999999999998,0.0173,5.247999999999998,before,-1.8232,5.3132,14766583.0
5.5472,20080728,0.43,600004.SSE,47356.24,0.9529,5.247999999999998,5.2519,0.0557,5.459,before,3.9926,5.3056,52413633.0
5.5204,20080729,-0.07,600004.SSE,34487.25,0.6940000000000001,5.459,5.3669,0.0286,5.4245,before,-0.625,5.4091,38651074.0
5.5741,20080730,0.01,600004.SSE,15141.91,0.3047,5.4245,5.4091,0.0305,5.4283,before,0.0898,5.5166,17053124.0
5.4782,20080731,-0.34,600004.SSE,24117.49,0.4853,5.4283,5.1176,0.0664,5.2634,before,-3.0521,5.4398,26212170.0
5.459,20080801,0.27,600004.SSE,14015.11,0.282,5.2634,5.1636,0.0556,5.3938,before,2.5,5.1713,15314151.0
5.4935,20080804,-0.06,600004.SSE,16093.76,0.3238,5.3938,5.3209,0.0316,5.3669,before,-0.542,5.39,17936083.0
5.5434,20080805,-0.03,600004.SSE,12790.18,0.2574,5.3669,5.3401,0.0379,5.3516,before,-0.27699999999999997,5.3669,14053126.0
5.6662,20080806,0.54,600004.SSE,44759.49,0.9007,5.3516,5.2749,0.0731,5.6163,before,5.0,5.4015,49898982.0
5.7467,20080807,0.07,600004.SSE,25670.36,0.5165,5.6163,5.4974,0.0441,5.6508,before,0.6173,5.5971,29188341.0
5.8196,20080808,-0.67,600004.SSE,33364.9,0.6714,5.6508,5.3017,0.092,5.3209,before,-5.872000000000001,5.6738,37936506.0
5.6623,20080811,0.46,600004.SSE,60924.61,1.2259,5.3209,5.3784,0.0531,5.5472,before,4.2831,5.3784,67625720.0
5.9961,20080812,0.78,600004.SSE,85894.35,1.7284,5.5472,5.4015,0.1071,5.9347,before,6.9643,5.4475,100824914.0
6.1073,20080813,0.02,600004.SSE,91324.63,1.8377,5.9347,5.7506,0.0601,5.9462,before,0.1669,5.8963,109658683.0
5.9807,20080814,-0.16,600004.SSE,41204.64,0.8291,5.9462,5.7659,0.0358,5.8657,before,-1.3333,5.8963,48796517.0
6.1419,20080815,0.52,600004.SSE,62431.3,1.2563,5.8657,5.8465,0.0507,6.1227,before,4.3919,5.904,76541512.0
6.1572,20080818,-0.5,600004.SSE,51480.09,1.0359,6.1227,5.7352,0.0688,5.8772,before,-4.0453,6.1534,62140575.0
6.2071,20080819,0.61,600004.SSE,66726.7,1.3427,5.8772,5.6969,0.0868,6.1764,before,5.1433,5.8119,82062467.0
6.5408,20080820,0.5,600004.SSE,119817.6,2.411,6.1764,6.0229,0.0834,6.4257,before,4.0096,6.1419,154517004.0
6.3375,20080821,-0.69,600004.SSE,74386.94,1.4968,6.4257,5.9462,0.0609,6.0843,before,-5.32,6.3375,91658255.0
6.1073,20080822,-0.33,600004.SSE,59317.92,1.1936,6.0843,5.7506,0.0586,5.9194,before,-2.6873,6.1073,70692801.0
6.0843,20080825,0.05,600004.SSE,25090.45,0.5049,5.9194,5.8196,0.0444,5.9462,before,0.4184,5.8196,30399183.0
5.8618,20080826,-0.36,600004.SSE,29180.97,0.5872,5.9462,5.647,0.0358,5.7659,before,-3.0,5.7966,33659364.0
5.9117,20080827,0.07,600004.SSE,23619.72,0.4753,5.7659,5.6738,0.0412,5.8004,before,0.6014,5.6853,27598723.0
5.7199,20080828,-0.51,600004.SSE,29012.48,0.5838,5.8004,5.4475,0.047,5.5472,before,-4.3553,5.7199,32622361.0
5.835,20080829,0.46,600004.SSE,25182.55,0.5067,5.5472,5.5549,0.0509,5.7774,before,4.1071,5.5549,29093477.0
5.9807,20080901,0.33,600004.SSE,34641.39,0.6971,5.7774,5.693,0.0497,5.9385,before,2.8302,5.7697,40784027.0
6.0229,20080902,0.02,600004.SSE,37086.35,0.7463,5.9385,5.6815,0.0575,5.9501,before,0.1668,5.8772,43678917.0
5.9309,20080903,-0.32,600004.SSE,31565.15,0.6352,5.9501,5.6623,0.045,5.7928,before,-2.6644,5.8541,37120868.0
5.8273,20080904,-0.1,600004.SSE,19036.97,0.3831,5.7928,5.5741,0.0436,5.7429,before,-0.8554,5.6777,21903003.0
5.693,20080905,-0.55,600004.SSE,15354.51,0.309,5.7429,5.4552,0.0414,5.4705,before,-4.7455,5.5779,17391283.0
5.5664,20080908,-0.64,600004.SSE,28207.34,0.5676,5.4705,5.0447,0.096,5.1521,before,-5.7971,5.4552,29792050.0
5.3017,20080909,0.19,600004.SSE,12452.48,0.2506,5.1521,5.1406,0.0308,5.247999999999998,before,1.8269,5.1406,13185802.0
5.39,20080910,0.1,600004.SSE,9471.18,0.1906,5.247999999999998,5.1521,0.0453,5.294,before,0.9443,5.225,10181683.0
5.3516,20080911,-0.1,600004.SSE,8897.33,0.179,5.294,5.1751,0.0327,5.247999999999998,before,-0.9355,5.3247,9435601.0
5.5127,20080912,0.37,600004.SSE,13116.56,0.2639,5.247999999999998,5.2058,0.0585,5.4283,before,3.4939,5.247999999999998,14336905.0
5.6125,20080916,0.22,600004.SSE,27101.15,0.5453,5.4283,5.3784,0.0429,5.5396,before,2.0073,5.4015,30263390.0
5.6432,20080917,0.06,600004.SSE,23262.04,0.4681,5.5396,5.4628,0.0322,5.5664,before,0.5367,5.4897,26120865.0
5.5588,20080918,-0.04,600004.SSE,37086.43,0.7463,5.5664,5.2519,0.0552,5.5472,before,-0.3559,5.4974,40333680.0
6.1035,20080919,1.12,600004.SSE,173320.5,3.4876,5.5472,5.8465,0.0464,6.1035,before,10.0,5.9961,212221281.0
6.6981,20080922,0.39,600004.SSE,151132.61,3.0411,6.1035,5.8695,0.1356,6.2953,before,3.1656,6.1879,191031937.0
6.0920000000000005,20080923,-0.9,600004.SSE,36279.13,0.73,6.2953,5.8004,0.0464,5.8503,before,-7.081,5.9961,43254509.0
6.1419,20080924,0.43,600004.SSE,22722.57,0.4572,5.8503,5.6969,0.0762,6.0651,before,3.641,5.7928,26946477.0
6.2071,20080925,0.09,600004.SSE,40862.7,0.8223,6.0651,5.9462,0.0433,6.1073,before,0.7353,6.0038,50370035.0
6.1917,20080926,0.1,600004.SSE,30846.16,0.6207,6.1073,5.9347,0.0422,6.1572,before,0.8109999999999999,6.1687,37900446.0
6.3605,20081006,-0.41,600004.SSE,12233.08,0.2462,6.1572,5.9462,0.0676,5.9539,before,-3.2985,6.3605,14949657.0
6.0383,20081007,0.03,600004.SSE,14645.21,0.2947,5.9539,5.459,0.0973,5.9692,before,0.2496,5.8503,17190744.0
6.1035,20081008,0.02,600004.SSE,19074.47,0.3838,5.9692,5.8119,0.049,5.9807,before,0.166,5.8963,23243887.0
6.1419,20081009,-0.08,600004.SSE,10821.04,0.2177,5.9807,5.9194,0.0373,5.9385,before,-0.6628,6.1188,13197027.0
5.881,20081010,-0.28,600004.SSE,33805.97,0.6803,5.9385,5.6316,0.0417,5.8004,before,-2.3353,5.7467,39248289.0
5.7467,20081013,-0.17,600004.SSE,42788.2,0.861,5.8004,5.5396,0.0359,5.716,before,-1.4518,5.6969,48479862.0
5.9155,20081014,-0.48,600004.SSE,26812.86,0.5395,5.716,5.4705,0.078,5.4782,before,-4.1594,5.8119,30923162.0
5.5818,20081015,0.19,600004.SSE,14283.61,0.2874,5.4782,5.4552,0.0235,5.5741,before,1.7179,5.4744,15957119.0
5.4015,20081016,-0.95,600004.SSE,32574.54,0.6555,5.5741,5.0831,0.0569,5.1022,before,-8.4444,5.4015,34613001.0
5.1751,20081017,-0.99,600004.SSE,68824.59,1.3849,5.1022,4.592,0.1146,4.6112,before,-9.6117,5.1214,66328538.0
4.5805,20081020,-0.2,600004.SSE,60013.03,1.2076,4.6112,4.2621,0.0698,4.5115,before,-2.1482,4.4616,53098548.0
4.546,20081021,-0.01,600004.SSE,51416.88,1.0346,4.5115,4.3580000000000005,0.0417,4.5076,before,-0.1098,4.5191,46344006.0
4.5076,20081022,-0.19,600004.SSE,34393.46,0.6921,4.5076,4.2736,0.0516,4.4155,before,-2.0879,4.5076,30673173.0
4.4923,20081023,0.03,600004.SSE,19590.17,0.3942,4.4155,4.2467,0.0561,4.4271,before,0.3367,4.3196,17374101.0
4.4577,20081024,-0.32,600004.SSE,34253.88,0.6893,4.4271,4.2122,0.0559,4.2698,before,-3.5794,4.4577,29819151.0
4.1624,20081027,-0.83,600004.SSE,30154.67,0.6068,4.2698,3.8439,0.0742,3.8593,before,-9.6288,4.1547,24432077.0
4.0012,20081028,0.21,600004.SSE,38807.53,0.7809,3.8593,3.725,0.0719,3.9629,before,2.6958,3.8133,30848436.0
4.0588,20081029,-0.15,600004.SSE,43786.11,0.8811,3.9629,3.89,0.0425,3.89,before,-1.875,4.0358,34873103.0
3.9514,20081030,-0.39,600004.SSE,90461.93,1.8203,3.89,3.5984,0.0917,3.6943,before,-4.9682,3.8823,69188800.0
3.7135,20081031,-0.29,600004.SSE,85052.24,1.7115,3.6943,3.4219999999999997,0.0791,3.5524,before,-3.8874,3.6598,60895911.0
3.5677,20081103,-0.04,600004.SSE,22356.74,0.4499,3.5524,3.468,0.0279,3.5332,before,-0.5579,3.5409,15908944.0
3.6099,20081104,0.11,600004.SSE,19882.2,0.4001,3.5332,3.468,0.0407,3.5869,before,1.5428,3.5217,14266070.0
3.8439,20081105,0.48,600004.SSE,58921.74,1.1856,3.5869,3.5869,0.0718,3.8248,before,6.6298,3.5869,44656266.0
3.8094,20081106,-0.19,600004.SSE,16428.74,0.3306,3.8248,3.6905,0.0311,3.7289,before,-2.4611,3.6943,12406342.0
3.7634,20081107,0.06,600004.SSE,28239.68,0.5682,3.7289,3.6445,0.0319,3.7595,before,0.7968,3.6905,21150329.0
3.9629,20081110,0.35,600004.SSE,112076.95,2.2553,3.7595,3.7519,0.0567,3.9322,before,4.6113,3.8133,86680236.0
3.8938,20081111,-0.38,600004.SSE,79621.65,1.6022,3.9322,3.7442,0.0378,3.7442,before,-4.7859,3.8401,61483735.0
3.7595,20081112,-0.07,600004.SSE,40001.44,0.8049,3.7442,3.6521,0.0291,3.7097,before,-0.9259,3.6943,29810164.0
3.8938,20081113,0.26,600004.SSE,86797.81,1.7466,3.7097,3.656,0.0641,3.8401,before,3.4713,3.679,66725155.0
4.101,20081114,0.5,600004.SSE,103660.64,2.0859,3.8401,3.8439,0.0671,4.0856,before,6.4516,3.8708,83255762.0
4.2506,20081117,0.3,600004.SSE,122223.82,2.4594,4.0856,4.0127,0.0582,4.2352,before,3.6364,4.0818,103334639.0
4.2045,20081118,-0.83,600004.SSE,94825.84,1.9081,4.2352,3.8133,0.0924,3.8248,before,-9.7076,4.1624,76243631.0
4.0933,20081119,0.51,600004.SSE,77774.66,1.565,3.8248,3.7787,0.0816,4.078,before,6.6062,3.7941,61816920.0
4.0818,20081120,-0.42,600004.SSE,101582.35,2.0441,4.078,3.8554,0.0559,3.8708,before,-5.1033,3.9782,80726571.0
3.9053,20081121,-0.15,600004.SSE,72634.19,1.4616,3.8708,3.6751,0.0589,3.7941,before,-1.9206,3.7864,55233238.0
3.8094,20081124,-0.42,600004.SSE,50132.65,1.0088,3.7941,3.5831,0.0601,3.5869,before,-5.483,3.7902,37176214.0
3.6675,20081125,0.0,600004.SSE,45880.43,0.9232,3.5869,3.5025,0.0456,3.5869,before,0.0,3.6368,33253620.0
3.6675,20081126,0.08,600004.SSE,31961.65,0.6431,3.5869,3.5562,0.0304,3.6253,before,1.105,3.5831,23400890.0
3.8631,20081127,-0.02,600004.SSE,125482.21,2.525,3.6253,3.6176,0.0683,3.6176,before,-0.2732,3.8593,93987197.0
3.5984,20081128,-0.43,600004.SSE,130822.38,2.6325,3.6176,3.2685,0.0904,3.4028,before,-5.8904,3.5562,89502486.0
3.4066,20081201,0.01,600004.SSE,87467.29,1.76,3.4028,3.2647,0.0422,3.4066,before,0.1456,3.3529,59076571.0
3.468,20081202,0.1,600004.SSE,75903.68,1.5274,3.4066,3.3107,0.0465,3.4565,before,1.4535,3.3222,52216194.0
3.6905,20081203,0.46,600004.SSE,122608.52,2.4672,3.4565,3.4795,0.0616,3.6867,before,6.5903,3.4795,88901766.0
3.8554,20081204,0.11,600004.SSE,222822.37,4.4837,3.6867,3.6675,0.0511,3.7404,before,1.4785,3.7365,168462738.0
3.7634,20081205,0.03,600004.SSE,128317.79,2.5821,3.7404,3.656,0.0291,3.7557,before,0.3974,3.6867,96165568.0
3.9475,20081208,0.36,600004.SSE,221823.26,4.4636,3.7557,3.7749,0.0462,3.9322,before,4.7493,3.8401,172841664.0
4.0242,20081209,-0.13,600004.SSE,231637.33,4.6611,3.9322,3.8133,0.0529,3.8708,before,-1.6373,3.9322,184012180.0
3.9245,20081210,0.06,600004.SSE,247006.19,4.9703,3.8708,3.7634,0.040999999999999995,3.8976,before,0.7682,3.8478,191541024.0
4.0127,20081211,-0.06,600004.SSE,228748.23,4.603,3.8976,3.8631,0.0381,3.8708,before,-0.7624,3.9053,182036428.0
3.8324,20081212,-0.65,600004.SSE,148860.62,2.9954,3.8708,3.5332,0.0781,3.5485,before,-8.3227,3.8056,110644313.0
3.6445,20081215,0.03,600004.SSE,94795.16,1.9075,3.5485,3.4833,0.0461,3.5601,before,0.419,3.6176,68165575.0
3.5984,20081216,0.02,600004.SSE,84022.95,1.6907,3.5601,3.4718,0.0348,3.5716,before,0.2782,3.5332,59745324.0
3.7289,20081217,0.23,600004.SSE,133403.44,2.6844,3.5716,3.5601,0.0472,3.6867,before,3.19,3.5984,98716693.0
3.8631,20081218,0.33,600004.SSE,146572.45,2.9494,3.6867,3.6445,0.0591,3.8478,before,4.4355,3.6598,111524431.0
4.0089,20081219,0.12,600004.SSE,242021.91,4.87,3.8478,3.8554,0.0399,3.9092,before,1.5444,3.89,192282148.0
3.9398,20081222,-0.11,600004.SSE,132661.72,1.3266,3.9092,3.7864,0.0393,3.8554,before,-1.3942,3.9245,103334535.0
4.0588,20081223,0.26,600004.SSE,336045.4,3.3605,3.8554,3.7595,0.0771,3.9819999999999998,before,3.3419,3.8248,268084146.0
3.9514,20081224,-0.28,600004.SSE,168415.68,1.6842,3.9819999999999998,3.7442,0.0522,3.8439,before,-3.4826,3.9514,130547969.0
3.8785,20081225,-0.3,600004.SSE,126095.98,1.261,3.8439,3.6061,0.0709,3.6943,before,-3.866,3.8401,94767223.0
3.679,20081226,-0.16,600004.SSE,90534.92,0.9053,3.6943,3.5217,0.0429,3.6176,before,-2.1448,3.679,65875005.0
3.6943,20081229,-0.07,600004.SSE,85033.04,0.8378,3.6176,3.537,0.0438,3.5831,before,-0.9589,3.6061,61745769.0
3.6368,20081230,-0.14,600004.SSE,75152.13,0.7404,3.5831,3.468,0.047,3.514,before,-1.9364,3.5754,53856696.0
3.5524,20081231,-0.04,600004.SSE,43637.08,0.4299,3.514,3.4718,0.0226,3.491,before,-0.5642,3.5217,30938842.0
3.6099,20090105,0.23,600004.SSE,57850.67,0.57,3.491,3.5255,0.0241,3.6061,before,3.2624,3.5485,41653948.0
3.8056,20090106,0.31,600004.SSE,157894.94,1.5556,3.6061,3.5831,0.0618,3.7595,before,4.2582,3.5869,117829616.0
3.7864,20090107,-0.06,600004.SSE,88349.93,0.8704,3.7595,3.7135,0.0184,3.7289,before,-0.7905,3.7404,66974893.0
3.6943,20090108,-0.22,600004.SSE,63123.86,0.6219,3.7289,3.6099,0.0226,3.6214,before,-2.9216,3.6713,46445025.0
3.7404,20090109,0.23,600004.SSE,83346.02,0.8211,3.6214,3.6176,0.0342,3.7365,before,3.1464,3.6214,61860758.0
3.7749,20090112,-0.02,600004.SSE,95601.21,0.9419,3.7365,3.6905,0.0225,3.725,before,-0.2653,3.7135,72166634.0
3.702,20090113,-0.11,600004.SSE,80904.15,0.7971,3.725,3.5907,0.0293,3.6713,before,-1.4628,3.6905,59472090.0
3.7595,20090114,0.16,600004.SSE,121042.24,1.1925,3.6713,3.6176,0.0391,3.7519,before,2.1592,3.656,90696191.0
3.7902,20090115,-0.02,600004.SSE,132718.16,1.3076,3.7519,3.679,0.0291,3.7404,before,-0.2642,3.7058,100436732.0
3.9168,20090116,0.22,600004.SSE,178954.62,1.7631,3.7404,3.7634,0.0411,3.8478,before,2.9139,3.7634,139956785.0
3.9744,20090119,-0.01,600004.SSE,104241.15,1.0270000000000001,3.8478,3.8056,0.0438,3.8439,before,-0.1287,3.8708,81989504.0
3.9130000000000003,20090120,0.09,600004.SSE,61342.97,0.6044,3.8439,3.8056,0.0284,3.89,before,1.1598,3.8248,47763526.0
3.9437,20090121,-0.1,600004.SSE,77646.24,0.765,3.89,3.8094,0.0344,3.8401,before,-1.2739,3.8439,60585837.0
3.9130000000000003,20090122,0.14,600004.SSE,53969.62,0.5317,3.8401,3.8324,0.0206,3.9092,before,1.8065,3.8746,42314825.0
3.9245,20090123,-0.02,600004.SSE,51698.46,0.5093,3.9092,3.8746,0.0127,3.8976,before,-0.2535,3.8976,40717673.0
3.9897,20090202,0.14,600004.SSE,85248.67,0.8399,3.8976,3.8478,0.0356,3.9667,before,1.7789,3.9092,67432711.0
4.2506,20090203,0.55,600004.SSE,207983.99,2.0491,3.9667,3.9322,0.0799,4.2391,before,6.8664,3.9667,172676697.0
4.3925,20090204,0.27,600004.SSE,212577.75,2.0944,4.2391,4.2506,0.0339,4.3733,before,3.1542,4.2621,186517984.0
4.4002,20090205,-0.19,600004.SSE,137161.08,1.3513,4.3733,4.2621,0.0317,4.2813,before,-2.1518,4.3849,120018586.0
4.5038,20090206,0.35,600004.SSE,106558.82,1.0498,4.2813,4.2851,0.0509,4.4539,before,4.0509,4.2851,94671715.0
4.5767,20090209,0.09,600004.SSE,144348.68,1.4222,4.4539,4.4194,0.0356,4.4999,before,1.0011,4.4999,130795115.0
4.4846,20090210,-0.15,600004.SSE,188420.18,1.8564,4.4999,4.3196,0.0363,4.4232,before,-1.652,4.4846,167249314.0
4.6802,20090211,0.48,600004.SSE,242426.53,2.3884,4.4232,4.2966,0.0873,4.6611,before,5.3751,4.335,217290996.0
4.78,20090212,-0.09,600004.SSE,287195.7,2.8295,4.6611,4.4501,0.0712,4.6189,before,-0.9564,4.5958,267640371.0
4.8107,20090213,0.25,600004.SSE,200116.72,1.9716,4.6189,4.5421,0.0579,4.7416,before,2.6824,4.6112,189297240.0
4.8068,20090216,0.12,600004.SSE,224346.22,2.2103,4.7416,4.6265,0.0376,4.7992,before,1.2539,4.757,212963828.0
4.8145,20090217,-0.45,600004.SSE,197372.37,1.9446,4.7992,4.5613,0.0526,4.5767,before,-4.644,4.8068,185924601.0
4.5345,20090218,-0.44,600004.SSE,183586.56,1.8087,4.5767,4.3503,0.04,4.3580000000000005,before,-4.7619,4.4846,163662697.0
4.4386,20090219,0.02,600004.SSE,134809.43,1.3282,4.3580000000000005,4.3081,0.0295,4.3695,before,0.2273,4.4079,119025663.0
4.5728,20090220,0.34,600004.SSE,143260.58,1.4114,4.3695,4.3196,0.0578,4.5383,before,3.8549,4.3695,129487720.0
4.6764,20090223,0.14,600004.SSE,217720.18,2.145,4.5383,4.4577,0.048,4.6074,before,1.5284,4.5345,201614502.0
4.638,20090224,-0.52,600004.SSE,174104.26,1.7153,4.6074,4.3196,0.0688,4.3503,before,-5.5914,4.5575,156790565.0
4.4347,20090225,-0.14,600004.SSE,162389.17,1.5999,4.3503,4.1508,0.0649,4.2813,before,-1.5945,4.4079,139972145.0
4.3657,20090226,-0.47,600004.SSE,103998.62,1.0246,4.2813,4.0166,0.081,4.0473,before,-5.4398,4.2736,88592723.0
4.0933,20090227,-0.04,600004.SSE,83320.33,0.8209,4.0473,3.9283,0.0404,4.0281,before,-0.4896,4.0434,67406359.0
4.0588,20090302,0.02,600004.SSE,74224.54,0.7313,4.0281,3.9589999999999996,0.0246,4.0358,before,0.24600000000000002,3.9974,60140789.0
4.0511,20090303,-0.02,600004.SSE,50429.44,0.4968,4.0358,3.9168,0.0331,4.0281,before,-0.2454,3.9514,40671827.0
4.2544,20090304,0.42,600004.SSE,107221.66,1.0564,4.0281,4.0473,0.0517,4.2352,before,5.1661,4.0626,90350333.0
4.2851,20090305,-0.02,600004.SSE,121672.07,1.1987,4.2352,4.1508,0.0316,4.2276,before,-0.2339,4.2506,103452765.0
4.3081,20090306,0.07,600004.SSE,93856.33,0.9247,4.2276,4.1125,0.0469,4.2621,before,0.8206,4.1815,79736829.0
4.3235,20090309,-0.09,600004.SSE,110230.7,1.0859999999999999,4.2621,4.1662,0.0372,4.2161,before,-1.0465,4.2698,94738497.0
4.2851,20090310,0.11,600004.SSE,65305.08,0.6434,4.2161,4.1432,0.0341,4.2698,before,1.2926,4.1854,55557768.0
4.4194,20090311,-0.03,600004.SSE,127069.83,1.2519,4.2698,4.2506,0.0394,4.2544,before,-0.348,4.3311,111279133.0
4.2889,20090312,-0.13,600004.SSE,71346.07,0.7029,4.2544,4.1508,0.0326,4.1892,before,-1.5134,4.2122,60525391.0
4.2506,20090313,-0.19,600004.SSE,93764.67,0.9238,4.1892,4.078,0.0414,4.0971,before,-2.2459,4.2506,78460409.0
4.2352,20090316,0.26,600004.SSE,57954.75,0.5710000000000001,4.0971,4.0511,0.0447,4.2276,before,3.1439,4.1086,48580111.0
4.3695,20090317,0.22,600004.SSE,106100.98,1.0453,4.2276,4.1854,0.0434,4.335,before,2.5791,4.1892,92071730.0
4.4232,20090318,0.02,600004.SSE,106744.41,1.0517,4.335,4.3005,0.0286,4.3427,before,0.2286,4.3427,93950186.0
4.4194,20090319,0.14,600004.SSE,123415.35,1.2159,4.3427,4.3311,0.0205,4.4155,before,1.5964,4.3503,109247588.0
4.4232,20090320,-0.13,600004.SSE,92434.04,0.9107,4.4155,4.3311,0.0213,4.3503,before,-1.459,4.4194,81705029.0
4.4347,20090323,0.15,600004.SSE,95979.1,0.9456,4.3503,4.3503,0.0194,4.4232,before,1.7084,4.3580000000000005,85420421.0
4.5575,20090324,0.19,600004.SSE,148353.52,1.4616,4.4232,4.4577,0.0224,4.5191,before,2.1277,4.4769,135220064.0
4.5421,20090325,-0.31,600004.SSE,104689.78,1.0314,4.5191,4.3580000000000005,0.0406,4.3657,before,-3.3991,4.4616,94465031.0
4.4884,20090326,0.23,600004.SSE,95223.53,0.9382,4.3657,4.2851,0.0465,4.4769,before,2.6107,4.3849,84759864.0
4.5805,20090327,0.15,600004.SSE,122285.12,1.2048,4.4769,4.4769,0.0232,4.5537,before,1.6593,4.4846,111928279.0
4.5613,20090330,-0.19,600004.SSE,123829.9,1.22,4.5537,4.4079,0.0337,4.4577,before,-2.0675,4.5575,112015380.0
4.4693,20090331,0.02,600004.SSE,98418.81,0.9696,4.4577,4.3580000000000005,0.0244,4.4693,before,0.2222,4.3657,87806749.0
4.5958,20090401,0.2,600004.SSE,144168.05,1.4204,4.4693,4.4501,0.0333,4.569,before,2.2173,4.4846,131282804.0
4.6918,20090402,-0.09,600004.SSE,249752.95,2.4606,4.569,4.4999,0.0423,4.523,before,-0.9761,4.569,232296144.0
4.5728,20090403,-0.14,600004.SSE,180458.41,1.7779,4.523,4.4386,0.0296,4.4539,before,-1.5334,4.5537,163326515.0
4.523,20090407,0.07,600004.SSE,75327.23,0.7421,4.4539,4.4271,0.0211,4.4884,before,0.7786,4.4577,67992765.0
4.4769,20090408,-0.3,600004.SSE,117119.04,1.1539,4.4884,4.3235,0.0342,4.3388,before,-3.3113,4.4616,103684426.0
4.3925,20090409,0.1,600004.SSE,72896.53,0.7182,4.3388,4.3081,0.0194,4.3887,before,1.1416,4.3311,64042756.0
4.4923,20090410,0.2,600004.SSE,90851.94,0.8951,4.3887,4.3887,0.0237,4.4884,before,2.2573,4.4079,81608361.0
4.5882,20090413,0.13,600004.SSE,162363.18,1.5996,4.4884,4.4846,0.0232,4.5537,before,1.4349,4.4999,148510161.0
4.6764,20090414,0.01,600004.SSE,202706.52,1.9971,4.5537,4.5268,0.0326,4.5575,before,0.1088,4.5421,187761429.0
4.5882,20090415,0.01,600004.SSE,139577.15,1.3751,4.5575,4.4769,0.0239,4.5613,before,0.1087,4.5575,128035129.0
4.7071,20090416,0.27,600004.SSE,259135.14,2.5531,4.5613,4.546,0.0347,4.6956,before,2.9316,4.5767,242536280.0
4.7109,20090417,-0.16,600004.SSE,167957.54,1.6548,4.6956,4.5805,0.0274,4.6189,before,-1.6878,4.6994,157320820.0
4.7493,20090420,0.22,600004.SSE,156370.3,1.5406,4.6189,4.5767,0.0376,4.7263,before,2.3605,4.5958,147844310.0
4.7263,20090421,-0.08,600004.SSE,128813.52,1.2691,4.7263,4.5958,0.0273,4.6879,before,-0.8386,4.6534,120933292.0
4.8184,20090422,-0.29,600004.SSE,239055.6,2.3552,4.6879,4.523,0.0634,4.5421,before,-3.0655,4.7071,227959912.0
4.569,20090423,-0.03,600004.SSE,107484.35,1.0590000000000002,4.5421,4.4194,0.0327,4.5268,before,-0.3272,4.5115,97454546.0
4.546,20090424,-0.12,600004.SSE,81422.01,0.8022,4.5268,4.4501,0.0219,4.4693,before,-1.3129,4.546,73761435.0
4.4923,20090427,-0.21,600004.SSE,86672.31,0.8539,4.4693,4.335,0.0355,4.3657,before,-2.3282,4.4731,76937360.0
4.3503,20090428,-0.12,600004.SSE,102014.01,1.0051,4.3657,4.2352,0.0261,4.3043,before,-1.3621,4.3427,88194264.0
4.3849,20090429,0.16,600004.SSE,108604.29,1.07,4.3043,4.2736,0.0253,4.3849,before,1.8412,4.3005,95271512.0
4.4155,20090430,-0.03,600004.SSE,144270.34,1.4214,4.3849,4.3388,0.0169,4.3695,before,-0.33899999999999997,4.3849,127359884.0
4.4884,20090504,0.23,600004.SSE,162472.15,1.6007,4.3695,4.3580000000000005,0.0295,4.4846,before,2.6077,4.3695,145205420.0
4.523,20090505,0.03,600004.SSE,181609.26,1.7893,4.4846,4.4271,0.021,4.4999,before,0.3315,4.5038,163760330.0
4.5345,20090506,0.07,600004.SSE,171600.53,1.6906,4.4999,4.4501,0.0187,4.5345,before,0.7709,4.4923,155674327.0
4.5575,20090507,-0.15,600004.SSE,167970.08,1.6549,4.5345,4.4232,0.0295,4.4577,before,-1.6393,4.5537,152038495.0
4.546,20090508,0.17,600004.SSE,195357.72,1.9247,4.4577,4.4271,0.0267,4.5421,before,1.8889,4.4539,177584501.0
4.6304,20090511,-0.24,600004.SSE,215290.48,2.1211,4.5421,4.4155,0.048,4.4232,before,-2.6172,4.5383,197055278.0
4.4769,20090512,0.1,600004.SSE,104298.88,1.0276,4.4232,4.3657,0.0258,4.4731,before,1.1198,4.3733,93014293.0
4.546,20090513,0.14,600004.SSE,134947.32,1.3295,4.4731,4.4501,0.0221,4.5421,before,1.5504,4.4731,122993166.0
4.5805,20090514,0.01,600004.SSE,155023.7,1.5273,4.5421,4.4884,0.0207,4.546,before,0.1091,4.5076,141892623.0
4.5882,20090515,-0.08,600004.SSE,124981.2,1.2313,4.546,4.4577,0.0283,4.5076,before,-0.8715,4.5728,113852741.0
4.4999,20090518,-0.04,600004.SSE,91852.13,0.9049,4.5076,4.4079,0.0198,4.4884,before,-0.4396,4.4923,82454844.0
4.5115,20090519,-0.01,600004.SSE,131098.6,1.2916,4.4884,4.4577,0.0121,4.4846,before,-0.1104,4.5038,118682215.0
4.4999,20090520,-0.14,600004.SSE,133108.19,1.3114,4.4846,4.404,0.021,4.4155,before,-1.547,4.4884,119306964.0
4.4232,20090521,-0.11,600004.SSE,110370.58,1.0874,4.4155,4.3196,0.0236,4.3580000000000005,before,-1.2346,4.4155,97330052.0
4.5038,20090522,0.25,600004.SSE,136946.7,1.3492,4.3580000000000005,4.3235,0.0409,4.4846,before,2.8409,4.3542,122888195.0
4.4884,20090525,-0.1,600004.SSE,179851.96,1.7719,4.4846,4.3311,0.0354,4.4347,before,-1.105,4.4155,160453858.0
4.546,20090526,0.13,600004.SSE,272814.37,2.6878,4.4347,4.4501,0.0223,4.4999,before,1.4525,4.4539,247199844.0
4.5191,20090527,-0.05,600004.SSE,99088.27,0.9762,4.4999,4.4386,0.0176,4.4731,before,-0.5507,4.5038,89469667.0
4.5613,20090601,0.15,600004.SSE,181820.89,1.7913,4.4731,4.4999,0.0144,4.546,before,1.6611,4.4999,166184993.0
4.5767,20090602,-0.02,600004.SSE,153744.19,1.5147,4.546,4.5191,0.0131,4.5383,before,-0.2179,4.5613,141132318.0
4.6419,20090603,0.14,600004.SSE,194042.0,1.9117,4.5383,4.5038,0.0306,4.6074,before,1.5284,4.546,179346149.0
4.6304,20090604,-0.09,600004.SSE,142051.88,1.3995,4.6074,4.5191,0.0247,4.5613,before,-0.9677,4.5805,130821259.0
4.6419,20090605,-0.04,600004.SSE,150620.67,1.4839,4.5613,4.5383,0.0228,4.5421,before,-0.4343,4.5882,139254643.0
4.5958,20090608,0.08,600004.SSE,106807.66,1.0523,4.5421,4.5191,0.0174,4.5805,before,0.8724,4.546,98275493.0
4.6074,20090609,0.03,600004.SSE,150914.48,1.4868,4.5805,4.4731,0.0292,4.5958,before,0.3243,4.5805,138286160.0
4.78,20090610,0.27,600004.SSE,374118.19,3.6859,4.5958,4.5805,0.0431,4.7301,before,2.9095,4.6035,355639379.0
4.7455,20090611,-0.23,600004.SSE,226929.33,2.2358,4.7301,4.6074,0.0293,4.6189,before,-2.4084,4.7071,214184945.0
4.6457,20090612,-0.14,600004.SSE,130239.22,1.2831,4.6189,4.5038,0.0311,4.546,before,-1.5021,4.6189,119931587.0
4.6189,20090615,0.11,600004.SSE,95905.77,0.9449,4.546,4.5191,0.0218,4.6035,before,1.1983,4.5421,88342810.0
4.6419,20090616,0.02,600004.SSE,96622.3,0.9519,4.6035,4.546,0.0205,4.6112,before,0.2153,4.5728,89603197.0
4.6918,20090617,0.12,600004.SSE,138747.61,1.367,4.6112,4.5805,0.0236,4.6726,before,1.2889,4.592,130075527.0
4.7148,20090618,0.03,600004.SSE,140065.22,1.38,4.6726,4.6457,0.0148,4.6879,before,0.3181,4.6879,132389744.0
4.9258,20090622,0.12,600004.SSE,309127.41,3.0456,4.6879,4.7148,0.0444,4.7455,before,1.2685,4.8797,300316980.0
4.9104,20090623,0.16,600004.SSE,306130.69,3.0161,4.7455,4.6534,0.0543,4.8260000000000005,before,1.6701,4.6802,295444151.0
4.9948,20090624,0.27,600004.SSE,317150.02,3.1246,4.8260000000000005,4.78,0.0441,4.9603,before,2.7721,4.8107,313621808.0
4.9718,20090625,-0.18,600004.SSE,179487.31,1.7683,4.9603,4.8337,0.027999999999999997,4.8682,before,-1.7982,4.9449,177264343.0
4.9028,20090626,-0.08,600004.SSE,91147.69,0.898,4.8682,4.8107,0.0193,4.8299,before,-0.8138,4.8951,88997664.0
4.9028,20090629,0.03,600004.SSE,106708.99,1.0513,4.8299,4.8145,0.0185,4.8452,before,0.3077,4.8299,104665406.0
4.8836,20090630,-0.21,600004.SSE,111290.5,1.0965,4.8452,4.7301,0.0317,4.7416,before,-2.1472,4.8452,107714840.0
4.7915,20090701,0.05,600004.SSE,137039.35,1.3501,4.7416,4.7263,0.0136,4.7646,before,0.5225,4.7416,131444842.0
4.8299,20090702,0.03,600004.SSE,152728.67,1.5047,4.7646,4.7378,0.0198,4.78,before,0.3119,4.78,147169311.0
4.8567,20090703,0.11,600004.SSE,141352.9,1.3926,4.78,4.7416,0.0238,4.8337,before,1.1399,4.7416,137297183.0
4.9373,20090706,0.13,600004.SSE,162135.68,1.5974,4.8337,4.7992,0.0287,4.8989,before,1.3319999999999999,4.8414,158822320.0
4.9488,20090707,-0.03,600004.SSE,155382.53,1.5309,4.8989,4.8452,0.0212,4.8836,before,-0.3033,4.9181,153541053.0
4.8759,20090708,-0.11,600004.SSE,129602.6,1.2769,4.8836,4.7646,0.0223,4.8299,before,-1.1156,4.8606,126042558.0
4.9143,20090709,0.16,600004.SSE,155321.12,1.5303,4.8299,4.8107,0.0215,4.9104,before,1.641,4.8184,153063177.0
4.9795,20090710,-0.04,600004.SSE,156876.76,1.5456,4.9104,4.8682,0.0222,4.8912,before,-0.4036,4.9296,155976740.0
5.0178,20090713,0.11,600004.SSE,197518.32,1.946,4.8912,4.8682,0.0304,4.9449,before,1.1145,4.8951,197651501.0
5.0639,20090714,0.22,600004.SSE,178940.24,1.7630000000000001,4.9449,4.9449,0.024,5.0524,before,2.2044,4.968,181476154.0
5.1176,20090715,-0.02,600004.SSE,205689.62,2.0265,5.0524,5.013999999999999,0.0206,5.0447,before,-0.1961,5.0677,210335965.0
5.0792,20090716,-0.11,600004.SSE,153554.62,1.5129,5.0447,4.9795,0.0196,4.9871,before,-1.0806,5.0524,155393289.0
5.037,20090717,-0.03,600004.SSE,139153.5,1.371,4.9871,4.9258,0.0228,4.9718,before,-0.2979,4.9871,139626048.0
5.1828,20090720,0.38,600004.SSE,238683.47,2.3516,4.9718,5.0102,0.0349,5.1636,before,3.7849,5.013999999999999,246575456.0
5.1636,20090721,-0.23,600004.SSE,174854.8,1.7227,5.1636,5.0332,0.025,5.0485,before,-2.2073,5.1636,179378561.0
5.0984,20090722,0.1,600004.SSE,142296.1,1.4019,5.0485,5.037,0.0118,5.0984,before,0.9814,5.0485,145647408.0
5.1214,20090723,-0.02,600004.SSE,125147.77,1.2329999999999999,5.0984,5.0293,0.0185,5.0869,before,-0.1944,5.1022,128063797.0
5.1483,20090724,-0.11,600004.SSE,153999.58,1.5172,5.0869,4.9795,0.0331,5.0332,before,-1.0711,5.0984,157523151.0
5.1981,20090727,0.27,600004.SSE,229586.92,2.2619,5.0332,5.0178,0.0354,5.1675,before,2.6575,5.0447,235885336.0
5.2058,20090728,0.01,600004.SSE,175345.17,1.7275,5.1675,5.0792,0.0249,5.1713,before,0.0959,5.1675,181935506.0
5.2173,20090729,-0.49,600004.SSE,232178.57,2.2875,5.1713,4.7608,0.0881,4.9296,before,-4.6935,5.1636,235668361.0
5.013999999999999,20090730,0.06,600004.SSE,143875.24,1.4175,4.9296,4.8260000000000005,0.0382,4.9603,before,0.603,4.9334,143243995.0
5.1329,20090731,0.29,600004.SSE,213732.73,2.1057,4.9603,4.9449,0.038,5.1022,before,2.8971,5.0102,216586470.0
5.2595,20090803,0.31,600004.SSE,230659.26,2.2725,5.1022,5.0907,0.033,5.2557,before,3.0097,5.1176,240717456.0
5.2902,20090804,0.05,600004.SSE,230388.27,2.2698,5.2557,5.1137,0.0339,5.2825,before,0.4713,5.247999999999998,242195824.0
5.6086,20090805,0.31,600004.SSE,451825.94,4.4515,5.2825,5.3401,0.0507,5.436,before,2.9081,5.3401,498456848.0
5.5204,20090806,-0.19,600004.SSE,240549.04,2.3699,5.436,5.2902,0.0426,5.3401,before,-1.7593,5.436,258639985.0
5.3823,20090807,-0.41,600004.SSE,224454.11,2.2114,5.3401,5.0984,0.0537,5.1329,before,-3.8643,5.3017,233610563.0
5.2288,20090810,0.07,600004.SSE,136362.49,1.3435,5.1329,5.0639,0.0324,5.1675,before,0.6863,5.1943,139545158.0
5.2135,20090811,-0.03,600004.SSE,107593.85,1.06,5.1675,5.1214,0.0175,5.1521,before,-0.2921,5.178999999999999,110371910.0
5.1368,20090812,-0.45,600004.SSE,154128.09,1.5185,5.1521,4.9104,0.0439,4.9258,before,-4.3945,5.1329,153362145.0
5.0102,20090813,0.12,600004.SSE,120268.87,1.1849,4.9258,4.9104,0.0204,4.9871,before,1.2257,4.9756,118653803.0
5.0025,20090814,-0.44,600004.SSE,118668.74,1.1692,4.9871,4.757,0.0494,4.7646,before,-4.44,4.9948,114985119.0
4.7992,20090817,-0.34,600004.SSE,137289.84,1.3526,4.7646,4.5728,0.0475,4.5958,before,-3.5903,4.7301,128119036.0
4.7301,20090818,0.18,600004.SSE,82671.7,0.8145,4.5958,4.5805,0.0329,4.6841,before,1.9715,4.5805,76257175.0
4.6879,20090819,-0.43,600004.SSE,106101.62,1.0453,4.6841,4.4347,0.0548,4.4693,before,-4.6187,4.6879,96083453.0
4.5958,20090820,0.21,600004.SSE,106164.93,1.046,4.4693,4.4577,0.0304,4.5728,before,2.3649,4.4731,95582720.0
4.6189,20090821,0.08,600004.SSE,108782.38,1.0717,4.5728,4.5076,0.0242,4.615,before,0.8801,4.5728,98960180.0
4.638,20090824,0.02,600004.SSE,95312.64,0.9390000000000001,4.615,4.5652,0.0164,4.6227,before,0.2181,4.6074,87236361.0
4.6035,20090825,-0.23,600004.SSE,106020.8,1.0445,4.6227,4.4117,0.0413,4.5076,before,-2.5027,4.5997,94841126.0
4.6534,20090826,0.22,600004.SSE,125468.92,1.2361,4.5076,4.4769,0.0391,4.6189,before,2.4554,4.4884,114626387.0
4.78,20090827,0.26,600004.SSE,239803.45,2.3626,4.6189,4.5843,0.0425,4.7493,before,2.8322,4.6074,225442506.0
4.7301,20090828,-0.28,600004.SSE,141803.63,1.3971,4.7493,4.5843,0.0307,4.6074,before,-2.9661,4.7148,130708095.0
4.5498,20090831,-0.59,600004.SSE,136876.09,1.3485,4.6074,4.2928,0.0557,4.312,before,-6.441,4.5345,119718638.0
4.3925,20090901,0.03,600004.SSE,85105.08,0.8385,4.312,4.2889,0.0245,4.3273,before,0.3501,4.3081,73342258.0
4.3618,20090902,0.04,600004.SSE,62121.19,0.612,4.3273,4.2621,0.0233,4.3465,before,0.4651,4.3158,53361028.0
4.5038,20090903,0.27,600004.SSE,126454.39,1.2459,4.3465,4.3235,0.0417,4.4846,before,3.125,4.3465,111255581.0
4.5038,20090904,0.01,600004.SSE,106889.47,1.0531,4.4846,4.4194,0.0191,4.4884,before,0.1122,4.4577,94838461.0
4.5498,20090907,0.0,600004.SSE,100988.64,0.995,4.4884,4.4616,0.0191,4.4884,before,0.0,4.5191,90629357.0
4.523,20090908,0.06,600004.SSE,82887.33,0.8166,4.4884,4.4194,0.0235,4.5191,before,0.6726,4.4846,73781544.0
4.5575,20090909,0.05,600004.SSE,90211.18,0.8888,4.5191,4.4769,0.0178,4.5421,before,0.5568,4.5191,81088664.0
4.5537,20090910,-0.09,600004.SSE,66160.84,0.6518,4.5421,4.4923,0.0133,4.4999,before,-0.9967,4.5421,59471935.0
4.5652,20090911,0.09,600004.SSE,69189.25,0.6817,4.4999,4.4769,0.019,4.5421,before,1.0067,4.4769,62383632.0
4.6227,20090914,0.15,600004.SSE,105727.69,1.0417,4.5421,4.5421,0.0177,4.6189,before,1.6611,4.5575,96374383.0
4.6687,20090915,0.06,600004.SSE,113098.46,1.1143,4.6189,4.5958,0.0163,4.6496,before,0.6536,4.6189,104163268.0
4.6457,20090916,-0.14,600004.SSE,89608.22,0.8828,4.6496,4.5383,0.0227,4.5805,before,-1.5152,4.6457,81518876.0
4.6764,20090917,0.17,600004.SSE,101753.81,1.0025,4.5805,4.5882,0.0187,4.6649,before,1.8681,4.5882,93882714.0
4.6841,20090918,-0.24,600004.SSE,115274.97,1.1357,4.6649,4.523,0.0345,4.5421,before,-2.589,4.6687,105864235.0
4.5805,20090921,0.06,600004.SSE,76794.34,0.7566,4.5421,4.4501,0.0288,4.5728,before,0.6645,4.5153,68648313.0
4.6649,20090922,0.13,600004.SSE,136177.33,1.3416,4.5728,4.5383,0.0275,4.638,before,1.4301,4.5498,125026672.0
4.6994,20090923,-0.26,600004.SSE,127693.38,1.2581,4.638,4.4769,0.0477,4.5076,before,-2.82,4.6457,116940481.0
4.5843,20090924,-0.09,600004.SSE,72215.54,0.7115,4.5076,4.4194,0.0368,4.4616,before,-1.0045,4.4769,64205706.0
4.4884,20090925,-0.03,600004.SSE,43491.56,0.4285,4.4616,4.4271,0.0135,4.4501,before,-0.3382,4.4731,38511843.0
4.4884,20090928,-0.23,600004.SSE,55394.69,0.5458,4.4501,4.312,0.0396,4.3311,before,-2.6018,4.4693,48582785.0
4.3580000000000005,20090929,-0.07,600004.SSE,50963.58,0.5021,4.3311,4.2621,0.0221,4.2966,before,-0.813,4.3542,43597022.0
4.4079,20090930,0.13,600004.SSE,50471.4,0.4973,4.2966,4.3235,0.0199,4.3618,before,1.5222,4.3235,43818028.0
4.5153,20091009,0.29,600004.SSE,66325.3,0.6535,4.3618,4.404,0.0254,4.5076,before,3.3449,4.4232,58970679.0
4.523,20091012,-0.07,600004.SSE,44752.72,0.4409,4.5076,4.4693,0.0123,4.4731,before,-0.7813,4.5153,39975235.0
4.523,20091013,0.09,600004.SSE,64259.19,0.6331,4.4731,4.4501,0.0169,4.5191,before,1.0124,4.4501,57440014.0
4.6035,20091014,0.11,600004.SSE,72928.72,0.7185,4.5191,4.5153,0.02,4.5728,before,1.2249,4.5191,66141419.0
4.6074,20091015,0.02,600004.SSE,62014.68,0.611,4.5728,4.5652,0.0099,4.5843,before,0.22,4.5805,56482569.0
4.6496,20091016,0.11,600004.SSE,108311.69,1.0671,4.5843,4.569,0.0176,4.638,before,1.2075,4.5843,99252505.0
4.6687,20091019,0.06,600004.SSE,97415.1,0.9598,4.638,4.5958,0.0163,4.6687,before,0.6508,4.6342,89915916.0
4.7033,20091020,0.02,600004.SSE,137870.27,1.3583,4.6687,4.6342,0.0151,4.6802,before,0.2155,4.6879,128054628.0
4.6841,20091021,-0.06,600004.SSE,78178.0,0.7702,4.6802,4.6342,0.0108,4.6496,before,-0.6452,4.6764,72447161.0
4.6841,20091022,0.04,600004.SSE,66257.5,0.6528,4.6496,4.6227,0.013000000000000001,4.6687,before,0.4329,4.6227,61374754.0
4.7493,20091023,0.13,600004.SSE,124447.65,1.2261,4.6687,4.6841,0.013999999999999999,4.734,before,1.4009,4.6841,116764678.0
4.7762,20091026,0.04,600004.SSE,91013.7,0.8967,4.734,4.6649,0.0234,4.757,before,0.4251,4.7416,85450040.0
4.8222,20091027,-0.17,600004.SSE,142915.06,1.4080000000000001,4.757,4.6534,0.0349,4.6687,before,-1.7989,4.7109,134748770.0
4.7416,20091028,0.13,600004.SSE,96932.98,0.955,4.6687,4.6342,0.0226,4.734,before,1.4009,4.6611,90404212.0
4.6994,20091029,-0.27,600004.SSE,99097.84,0.9763,4.734,4.5843,0.0244,4.5997,before,-2.8693,4.6687,91441925.0
4.6879,20091030,0.03,600004.SSE,59259.79,0.5838,4.5997,4.6035,0.0186,4.615,before,0.3282,4.638,54706807.0
4.6956,20091102,0.13,600004.SSE,80603.71,0.7941,4.615,4.5076,0.0403,4.6802,before,1.4177,4.5345,73939376.0
4.78,20091103,0.16,600004.SSE,139975.76,1.3791,4.6802,4.6534,0.0269,4.7608,before,1.7204,4.6764,131668178.0
4.7838,20091104,-0.02,600004.SSE,85179.55,0.8392,4.7608,4.7186,0.0137,4.7493,before,-0.2114,4.7685,80426720.0
4.8606,20091105,0.19,600004.SSE,150988.19,1.4876,4.7493,4.7416,0.0254,4.8452,before,2.0127,4.757,144714658.0
4.9066,20091106,-0.05,600004.SSE,120987.94,1.192,4.8452,4.8107,0.0197,4.8222,before,-0.5192,4.8797,116563477.0
4.8606,20091109,0.05,600004.SSE,74884.11,0.7378,4.8222,4.7992,0.0125,4.8452,before,0.5219,4.8299,71876200.0
4.9948,20091110,0.27,600004.SSE,167066.49,1.646,4.8452,4.8452,0.0312,4.9833,before,2.8037,4.8721,163313413.0
4.9756,20091111,-0.03,600004.SSE,80546.03,0.7936,4.9833,4.8912,0.0172,4.968,before,-0.303,4.9411,78991136.0
4.9948,20091112,-0.09,600004.SSE,80633.53,0.7944,4.968,4.9028,0.0193,4.9219,before,-0.9119,4.9756,79328919.0
4.9258,20091113,-0.07,600004.SSE,107898.04,1.063,4.9219,4.8068,0.0245,4.8874,before,-0.7157,4.9104,104259873.0
5.0524,20091116,0.29,600004.SSE,157842.4,1.5551,4.8874,4.8951,0.0319,5.0332,before,2.9866,4.9066,156248726.0
5.037,20091117,-0.08,600004.SSE,90157.05,0.8882,5.0332,4.968,0.013999999999999999,4.9910000000000005,before,-0.8,5.0332,89490598.0
5.0485,20091118,0.08,600004.SSE,110683.3,1.0905,4.9910000000000005,4.9833,0.0131,5.0332,before,0.8065,4.9948,110297202.0
5.0715,20091119,0.07,600004.SSE,136644.65,1.3463,5.0332,4.9948,0.015,5.0677,before,0.7,5.0332,136869456.0
5.1214,20091120,0.08,600004.SSE,126673.37,1.248,5.0677,5.0485,0.0149,5.1061,before,0.7944,5.0677,128134504.0
5.1559,20091123,0.09,600004.SSE,118324.25,1.1658,5.1061,5.0831,0.0148,5.1521,before,0.8867,5.1061,120449375.0
5.1828,20091124,-0.43,600004.SSE,167128.96,1.6466,5.1521,4.9066,0.0537,4.9373,before,-4.1992,5.1521,168213023.0
5.0639,20091125,0.2,600004.SSE,102193.56,1.0068,4.9373,4.8874,0.0357,5.037,before,2.0387,4.9449,101098816.0
5.0907,20091126,-0.37,600004.SSE,128350.74,1.2645,5.037,4.8414,0.05,4.849,before,-3.6963,5.0485,126874219.0
4.9066,20091127,-0.08,600004.SSE,92331.14,0.9097,4.849,4.7455,0.0332,4.8107,before,-0.8299,4.8068,88614687.0
5.0332,20091130,0.33,600004.SSE,86347.8,0.8507,4.8107,4.8145,0.045,4.9756,before,3.4519,4.8145,84505803.0
5.0332,20091201,0.06,600004.SSE,88825.91,0.8751,4.9756,4.9219,0.0222,5.0063,before,0.6067,4.9565,87861628.0
5.1329,20091202,0.17,600004.SSE,131731.95,1.2979,5.0063,5.0217,0.0221,5.0907,before,1.7085,5.0255,133052476.0
5.1137,20091203,0.01,600004.SSE,125317.9,1.2347,5.0907,5.0063,0.0208,5.0984,before,0.0988,5.0831,125949339.0
5.2519,20091204,0.28,600004.SSE,349914.89,3.4474,5.0984,5.0677,0.0365,5.2365,before,2.7641,5.0831,359527957.0
5.2787,20091207,0.0,600004.SSE,236872.57,2.3337,5.2365,5.1866,0.0173,5.2365,before,0.0,5.2595,246058146.0
5.2288,20091208,-0.25,600004.SSE,132745.26,1.3078,5.2365,5.0715,0.0298,5.1137,before,-2.4015,5.2288,135452183.0
5.1444,20091209,-0.07,600004.SSE,113033.11,1.1136,5.1137,5.0255,0.0226,5.0754,before,-0.6890000000000001,5.0485,114224162.0
5.2097,20091210,0.21,600004.SSE,172332.7,1.6979,5.0754,5.0677,0.0278,5.1828,before,2.0813,5.0907,176428857.0
5.2288,20091211,-0.15,600004.SSE,187419.96,1.8465,5.1828,5.0907,0.0262,5.1061,before,-1.4563,5.1828,193003646.0
5.225,20091214,0.21,600004.SSE,218735.01,2.155,5.1061,5.037,0.0365,5.2135,before,2.069,5.1137,223677214.0
5.2749,20091215,-0.12,600004.SSE,140630.06,1.3855,5.2135,5.1483,0.0241,5.1521,before,-1.1583,5.2749,145085837.0
5.1866,20091216,-0.12,600004.SSE,128669.25,1.2677,5.1521,5.0639,0.0244,5.0907,before,-1.1719,5.1636,131559102.0
5.1176,20091217,-0.4,600004.SSE,104770.82,1.0322,5.0907,4.8874,0.0455,4.8912,before,-3.9526,5.0907,103935161.0
4.9603,20091218,-0.09,600004.SSE,82051.27,0.8084,4.8912,4.8260000000000005,0.0278,4.8452,before,-0.9259,4.8912,79612110.0
4.9833,20091221,0.19,600004.SSE,82801.16,0.8158,4.8452,4.8375,0.0301,4.9411,before,1.973,4.8606,80967192.0
4.9411,20091222,-0.33,600004.SSE,71293.02,0.7024,4.9411,4.7493,0.0387,4.7762,before,-3.3605,4.9296,68655662.0
4.8797,20091223,0.14,600004.SSE,43282.85,0.4264,4.7762,4.7608,0.0253,4.8452,before,1.4752,4.7685,41462336.0
4.9871,20091224,0.26,600004.SSE,81933.86,0.8072,4.8452,4.8414,0.0301,4.9756,before,2.6999,4.8452,80247479.0
4.9718,20091225,-0.09,600004.SSE,48975.21,0.4825,4.9756,4.8951,0.0152,4.9296,before,-0.91,4.9565,48027394.0
5.0102,20091228,0.13,600004.SSE,57298.86,0.5645,4.9296,4.9258,0.0173,4.9948,before,1.3265,4.9296,56744079.0
5.0485,20091229,0.08,600004.SSE,79484.39,0.7831,4.9948,4.968,0.0161,5.037,before,0.8056,5.0025,79206174.0
5.1176,20091230,0.15,600004.SSE,116636.49,1.1491,5.037,4.9948,0.024,5.1137,before,1.4985,5.0524,117460108.0
5.1291,20091231,-0.01,600004.SSE,179040.82,1.7639,5.1137,5.0831,0.0089,5.1061,before,-0.0984,5.1061,181892708.0
5.1713,20100104,0.0,600004.SSE,154788.54,1.525,5.1061,5.1022,0.0138,5.1061,before,0.0,5.1061,157747809.0
5.1521,20100105,0.04,600004.SSE,110709.22,1.0907,5.1061,5.1022,0.0099,5.1291,before,0.3941,5.1061,112683563.0
5.1291,20100106,-0.15,600004.SSE,94106.65,0.9272,5.1291,5.0409,0.0167,5.0524,before,-1.472,5.1176,95205863.0
5.0562,20100107,-0.26,600004.SSE,89618.13,0.8829,5.0524,4.8874,0.0339,4.9219,before,-2.5896,5.0332,88611912.0
5.1559,20100108,0.4,600004.SSE,149238.12,1.4703,4.9219,4.8951,0.0532,5.1214,before,4.09,4.8951,149969456.0
5.2634,20100111,0.21,600004.SSE,213822.07,2.1066,5.1214,5.1214,0.0275,5.2288,before,2.0629,5.1636,221095349.0
5.2672,20100112,0.07,600004.SSE,128943.45,1.2704,5.2288,5.1559,0.0212,5.2634,before,0.6737,5.1981,133964253.0
5.2825,20100113,-0.15,600004.SSE,144030.37,1.419,5.2634,5.1368,0.0277,5.1866,before,-1.4340000000000002,5.1636,149155601.0
5.3976,20100114,0.37,600004.SSE,185263.7,1.8253,5.1866,5.1713,0.0436,5.3746,before,3.5887,5.1828,196244561.0
5.3976,20100115,-0.08,600004.SSE,100715.93,0.9923,5.3746,5.2979,0.0187,5.3324,before,-0.7491,5.3708,106958605.0
5.5741,20100118,0.36,600004.SSE,191835.75,1.89,5.3324,5.2825,0.0547,5.5166,before,3.3962,5.3324,208241848.0
5.6355,20100119,0.14,600004.SSE,202184.07,1.992,5.5166,5.459,0.0319,5.5856,before,1.2774,5.4859,224091042.0
5.6163,20100120,-0.11,600004.SSE,198384.15,1.9545,5.5856,5.4782,0.0243,5.5319,before,-0.991,5.5971,218072462.0
5.7122,20100121,-0.15,600004.SSE,194460.33,1.9159,5.5319,5.436,0.05,5.4552,before,-1.3649,5.6623,215431588.0
5.8273,20100122,0.24,600004.SSE,406182.13,4.0018,5.4552,5.4398,0.071,5.5741,before,2.214,5.4859,454945617.0
5.6777,20100125,-0.47,600004.SSE,201048.55,1.9808,5.5741,5.3286,0.0623,5.3401,before,-4.2419,5.5894,219784238.0
5.3976,20100126,-0.22,600004.SSE,144893.8,1.4275,5.3401,5.1329,0.05,5.2288,before,-2.0735,5.3401,151123512.0
5.2787,20100127,-0.11,600004.SSE,77658.64,0.7651,5.2288,5.1368,0.0269,5.1713,before,-1.0587,5.2327,80360216.0
5.3976,20100128,0.43,600004.SSE,157885.29,1.5555,5.1713,5.1329,0.0516,5.39,before,4.1829,5.1713,165734777.0
5.4782,20100129,0.0,600004.SSE,118136.1,1.1639,5.39,5.3094,0.0317,5.39,before,0.0,5.3324,126922329.0
5.5894,20100201,0.24,600004.SSE,160072.13,1.5771,5.39,5.2519,0.0626,5.5089,before,2.2409,5.3631,172469995.0
5.5818,20100202,-0.2,600004.SSE,97857.94,0.9641,5.5089,5.3746,0.0374,5.4091,before,-1.8265,5.5166,107021346.0
5.6086,20100203,0.39,600004.SSE,160739.62,1.5836,5.4091,5.2327,0.0698,5.6048,before,3.6279,5.412999999999999,174569531.0
5.8235,20100204,0.18,600004.SSE,254178.06,2.5042,5.6048,5.5357,0.0512,5.6969,before,1.6158,5.5856,288383471.0
5.6777,20100205,-0.37,600004.SSE,168367.06,1.6588,5.6969,5.412999999999999,0.0459,5.5089,before,-3.2686,5.5741,185250901.0
5.601,20100208,-0.06,600004.SSE,75344.01,0.7423,5.5089,5.4628,0.0247,5.4782,before,-0.5479,5.5089,82717745.0
5.7199,20100209,0.32,600004.SSE,138692.04,1.3664,5.4782,5.4283,0.0533,5.6393,before,2.9385,5.4859,154976283.0
5.7275,20100210,0.09,600004.SSE,149127.5,1.4692,5.6393,5.6201,0.0187,5.6853,before,0.8029,5.6815,168129830.0
5.7352,20100211,-0.23,600004.SSE,113083.14,1.1141,5.6853,5.5357,0.0354,5.5703,before,-2.0354,5.7045,126439468.0
5.6316,20100212,0.08,600004.SSE,63427.41,0.6249,5.5703,5.5089,0.0217,5.6086,before,0.7227,5.5894,70345034.0
5.8158,20100222,0.19,600004.SSE,165883.48,1.6343,5.6086,5.5357,0.0502,5.7045,before,1.704,5.5818,187864462.0
5.7813,20100223,0.11,600004.SSE,130381.71,1.2845,5.7045,5.6086,0.03,5.7621,before,0.97,5.7122,148053122.0
5.8081,20100224,0.08,600004.SSE,109810.55,1.0819,5.7621,5.6892,0.0201,5.8004,before,0.6987,5.7275,125611170.0
5.9270000000000005,20100225,0.04,600004.SSE,148443.42,1.4625,5.8004,5.7928,0.0234,5.8235,before,0.3469,5.8004,172837152.0
5.9616,20100226,0.21,600004.SSE,186822.66,1.8406,5.8235,5.7352,0.0389,5.9270000000000005,before,1.815,5.8311,217653858.0
6.1802,20100301,0.36,600004.SSE,221868.32,2.1859,5.9270000000000005,5.8925,0.0484,6.1073,before,3.056,5.9309,268141124.0
6.1304,20100302,-0.14,600004.SSE,142646.01,1.4054,6.1073,5.9731,0.0255,6.0383,before,-1.1532,6.1035,171679495.0
6.2186,20100303,0.18,600004.SSE,132966.03,1.31,6.0383,6.0038,0.0358,6.1304,before,1.5,6.0383,162105173.0
6.1956,20100304,-0.37,600004.SSE,155603.49,1.5330000000000001,6.1304,5.8887,0.0501,5.9424,before,-3.0378,6.1956,186334043.0
6.0383,20100305,0.08,600004.SSE,109822.28,1.082,5.9424,5.8772,0.0271,5.9846,before,0.6774,5.9769,130184402.0
6.1342,20100308,0.06,600004.SSE,90660.87,0.8932,5.9846,5.9692,0.0278,6.0114,before,0.5046,6.0076,108920712.0
6.0076,20100309,-0.25,600004.SSE,93284.76,0.9191,6.0114,5.858,0.0251,5.8887,before,-2.0921,6.0038,109759190.0
5.9270000000000005,20100310,-0.04,600004.SSE,103810.47,1.0228,5.8887,5.7928,0.0231,5.8657,before,-0.3419,5.8887,120534303.0
5.9232,20100311,-0.07,600004.SSE,112905.61,1.1124,5.8657,5.8119,0.0189,5.8311,before,-0.6003,5.8618,131654211.0
5.8887,20100312,-0.22,600004.SSE,99457.62,0.9799,5.8311,5.7122,0.0302,5.7199,before,-1.8982,5.8657,114156887.0
5.8273,20100315,0.1,600004.SSE,81454.1,0.8025,5.7199,5.7275,0.0176,5.7697,before,0.8795,5.7314,93375013.0
5.8963,20100316,0.17,600004.SSE,115167.73,1.1347,5.7697,5.7697,0.0218,5.858,before,1.4821,5.7851,133682716.0
5.9769,20100317,0.2,600004.SSE,118526.1,1.1677,5.858,5.881,0.0163,5.9577,before,1.7182,5.8963,139805130.0
5.9846,20100318,-0.06,600004.SSE,84839.18,0.8359,5.9577,5.8925,0.0152,5.9270000000000005,before,-0.5068,5.9769,99827814.0
5.9731,20100319,0.06,600004.SSE,72919.06,0.7184,5.9270000000000005,5.904,0.0119,5.9577,before,0.5093,5.9232,86028367.0
6.0383,20100322,-0.06,600004.SSE,78956.11,0.7779,5.9577,5.8772,0.027000000000000003,5.9270000000000005,before,-0.5068,5.9884,92906848.0
5.9385,20100323,-0.1,600004.SSE,69557.25,0.6853,5.9270000000000005,5.8273,0.0187,5.8772,before,-0.8489,5.9194,81197623.0
5.9270000000000005,20100324,-0.06,600004.SSE,63604.75,0.6266,5.8772,5.8388,0.0154,5.8465,before,-0.5137,5.8772,74234238.0
5.8273,20100325,-0.37,600004.SSE,96894.14,0.9546,5.8465,5.6393,0.0318,5.6623,before,-3.1842,5.8119,110215750.0
5.8004,20100326,0.19,600004.SSE,52972.48,0.5219,5.6623,5.647,0.0276,5.7582,before,1.6889,5.647,60376326.0
5.8618,20100329,0.18,600004.SSE,93327.64,0.9195,5.7582,5.7621,0.0175,5.8465,before,1.5734,5.7851,107848556.0
5.8388,20100330,-0.09,600004.SSE,80042.36,0.7886,5.8465,5.7621,0.0129,5.8004,before,-0.7745,5.8388,92080949.0
5.7851,20100331,-0.15,600004.SSE,86748.24,0.8547,5.8004,5.6969,0.0156,5.7275,before,-1.301,5.7851,98700353.0
5.8004,20100401,0.14,600004.SSE,82622.86,0.8140000000000001,5.7275,5.7045,0.0167,5.7966,before,1.2302,5.716,94817702.0
5.881,20100402,0.16,600004.SSE,92902.17,0.9153,5.7966,5.7659,0.02,5.8772,before,1.3889,5.7851,107719419.0
5.9194,20100406,0.07,600004.SSE,85743.23,0.8448,5.8772,5.8235,0.0163,5.9117,before,0.5993,5.881,100016115.0
5.904,20100407,-0.12,600004.SSE,61137.68,0.6023,5.9117,5.8081,0.0162,5.8503,before,-1.0213,5.904,71067782.0
5.858,20100408,-0.19,600004.SSE,64740.31,0.6378,5.8503,5.7467,0.0189,5.7582,before,-1.6337,5.8465,74468569.0
5.8465,20100409,0.16,600004.SSE,55623.63,0.5479999999999999,5.7582,5.7621,0.0149,5.8388,before,1.3986,5.7774,64170780.0
5.9961,20100412,0.32,600004.SSE,166784.95,1.6432,5.8388,5.8273,0.0293,5.9961,before,2.7586,5.8388,196785719.0
6.0997,20100413,-0.01,600004.SSE,154868.38,1.5258,5.9961,5.8657,0.0386,5.9923,before,-0.0839,6.0114,184152118.0
6.2148,20100414,0.34,600004.SSE,209638.8,2.0654,5.9923,6.0114,0.0336,6.1649,before,2.8547,6.0114,256187622.0
6.1649,20100415,-0.12,600004.SSE,117339.65,1.1561,6.1649,6.0383,0.0204,6.1035,before,-0.9796,6.1649,141875130.0
6.1534,20100416,-0.24,600004.SSE,88696.93,0.8739,6.1035,5.9616,0.0313,5.9846,before,-1.9786,6.1035,105786910.0
5.9424,20100419,-0.61,600004.SSE,131833.41,1.2989,5.9846,5.6623,0.0471,5.6777,before,-5.1304,5.8925,152148278.0
5.7314,20100420,-0.18,600004.SSE,117593.67,1.1586,5.6777,5.5242,0.0363,5.5856,before,-1.5957,5.6662,130550106.0
5.6969,20100421,0.2,600004.SSE,136689.41,1.3467,5.5856,5.5204,0.0315,5.6853,before,1.8018,5.5856,152264835.0
5.6623,20100422,-0.21,600004.SSE,113471.63,1.1179,5.6853,5.5511,0.0195,5.5818,before,-1.8584,5.6623,126014268.0
5.6163,20100423,-0.07,600004.SSE,70526.14,0.6948,5.5818,5.5357,0.0144,5.5434,before,-0.6312,5.5396,78062202.0
5.6547,20100426,0.14,600004.SSE,62865.44,0.6194,5.5434,5.5434,0.02,5.6163,before,1.2704,5.5664,70147614.0
5.6163,20100427,-0.43,600004.SSE,94561.89,0.9316,5.6163,5.2979,0.0565,5.3976,before,-3.853,5.6163,101853544.0
5.4091,20100428,-0.2,600004.SSE,59779.49,0.589,5.3976,5.2135,0.0363,5.2979,before,-1.8639,5.3401,63085511.0
5.39,20100429,-0.1,600004.SSE,60471.85,0.5958,5.2979,5.2327,0.0294,5.247999999999998,before,-0.9497,5.3247,64077904.0
5.2979,20100430,-0.16,600004.SSE,87745.02,0.8645,5.247999999999998,5.0524,0.047,5.1675,before,-1.534,5.2365,89985307.0
5.1828,20100504,-0.12,600004.SSE,54495.6,0.5369,5.1675,5.0562,0.0243,5.1061,before,-1.1685,5.0754,55546184.0
5.225,20100505,0.22,600004.SSE,84437.37,0.8319,5.1061,5.0409,0.0355,5.2173,before,2.1675,5.0831,85990393.0
5.1828,20100506,-0.48,600004.SSE,87527.52,0.8623,5.2173,4.9603,0.0424,4.9756,before,-4.6287,5.1828,88211527.0
4.9603,20100507,-0.26,600004.SSE,64971.88,0.6401,4.9756,4.8107,0.0303,4.8452,before,-2.6289,4.8797,62968886.0
4.9219,20100510,-0.05,600004.SSE,78081.29,0.7693,4.8452,4.6879,0.0478,4.8222,before,-0.5192,4.8452,74521047.0
4.9296,20100511,-0.18,600004.SSE,76435.73,0.7531,4.8222,4.6802,0.0522,4.7301,before,-1.8789,4.9219,73091839.0
4.8222,20100512,0.11,600004.SSE,59766.01,0.5888,4.7301,4.6802,0.0298,4.7838,before,1.1702,4.7186,56761842.0
4.8644,20100513,0.15,600004.SSE,89450.33,0.8813,4.7838,4.734,0.0273,4.8606,before,1.5773,4.8068,85588641.0
4.8606,20100514,-0.13,600004.SSE,62514.86,0.6159,4.8606,4.7762,0.0176,4.7953,before,-1.3458,4.8222,59779326.0
4.757,20100517,-0.67,600004.SSE,83892.16,0.8265,4.7953,4.4539,0.063,4.4577,before,-7.0304,4.7301,76672333.0
4.615,20100518,0.23,600004.SSE,57118.88,0.5627,4.4577,4.4194,0.044000000000000004,4.5728,before,2.5959,4.4884,51202966.0
4.6304,20100519,-0.04,600004.SSE,46054.68,0.4537,4.5728,4.5191,0.0242,4.5537,before,-0.44,4.5345,41833041.0
4.734,20100520,0.24,600004.SSE,132787.72,1.3083,4.5537,4.5038,0.0508,4.6764,before,2.6519,4.5268,122689345.0
4.7493,20100521,0.13,600004.SSE,94572.62,0.9317,4.6764,4.5268,0.0474,4.7416,before,1.3994,4.5537,87589083.0
4.8874,20100524,0.22,600004.SSE,156245.69,1.5394,4.7416,4.7455,0.0297,4.849,before,2.3355,4.7762,149939061.0
4.8414,20100525,-0.2,600004.SSE,73824.27,0.7273,4.849,4.7186,0.0249,4.7493,before,-2.0747,4.7953,70040816.0
4.8797,20100526,0.1,600004.SSE,100128.41,0.9865,4.7493,4.7301,0.0318,4.7992,before,1.0593,4.7608,95664369.0
4.8606,20100527,0.05,600004.SSE,88308.85,0.87,4.7992,4.7033,0.0325,4.8260000000000005,before,0.5241,4.7608,84127696.0
4.8912,20100528,-0.08,600004.SSE,71438.09,0.7038,4.8260000000000005,4.7608,0.0271,4.7838,before,-0.8342,4.8721,68378318.0
4.7646,20100531,-0.33,600004.SSE,65685.5,0.6471,4.7838,4.6035,0.0336,4.6189,before,-3.47,4.7646,61254395.0
4.6304,20100601,-0.11,600004.SSE,58776.44,0.5791,4.6189,4.4923,0.0294,4.5652,before,-1.1983,4.5997,53250804.0
4.6496,20100602,0.16,600004.SSE,47006.95,0.4631,4.5652,4.5191,0.0287,4.6457,before,1.7641,4.5268,42915223.0
4.6802,20100603,-0.11,600004.SSE,48006.57,0.473,4.6457,4.5843,0.0206,4.5882,before,-1.1918,4.6802,44263967.0
4.6534,20100604,0.11,600004.SSE,41837.01,0.4122,4.5882,4.5421,0.0241,4.6457,before,1.2061,4.5575,38307704.0
4.6074,20100607,-0.14,600004.SSE,39034.98,0.3846,4.6457,4.5268,0.0173,4.5728,before,-1.5168,4.5421,35504404.0
4.615,20100608,0.07,600004.SSE,37598.97,0.3704,4.5728,4.5652,0.011000000000000001,4.6074,before,0.7701,4.5843,34287311.0
4.7608,20100609,0.26,600004.SSE,61822.95,0.6091,4.6074,4.5843,0.0382,4.7416,before,2.8384,4.6189,57396065.0
4.7493,20100610,-0.06,600004.SSE,56287.37,0.5546,4.7416,4.6764,0.0159,4.7109,before,-0.6369,4.7301,52759626.0
4.7646,20100611,0.0,600004.SSE,38074.65,0.3751,4.7109,4.6879,0.016,4.7109,before,0.0,4.7148,35729434.0
4.8299,20100617,0.13,600004.SSE,72587.37,0.7151,4.7109,4.7301,0.0214,4.7762,before,1.3889,4.757,68945266.0
4.8107,20100618,-0.12,600004.SSE,56189.61,0.5536,4.7762,4.6956,0.0242,4.7148,before,-1.2645,4.7762,53114575.0
4.8567,20100621,0.25,600004.SSE,69203.38,0.6818,4.7148,4.7033,0.032,4.8414,before,2.6681,4.7109,66168400.0
4.968,20100622,0.1,600004.SSE,95058.91,0.9365,4.8414,4.8107,0.0322,4.8912,before,1.0395,4.8452,92592303.0
4.8797,20100623,-0.13,600004.SSE,63628.78,0.6269,4.8912,4.7493,0.0267,4.8260000000000005,before,-1.3374,4.8567,61011010.0
4.8567,20100624,0.01,600004.SSE,34584.06,0.3407,4.8260000000000005,4.7915,0.0136,4.8299,before,0.1043,4.8260000000000005,33150649.0
4.7992,20100628,-0.34,600004.SSE,62962.42,0.6203,4.8299,4.6227,0.0365,4.6611,before,-3.5417,4.7953,58643450.0
4.6841,20100629,-0.3,600004.SSE,69544.6,0.6852,4.6611,4.4846,0.0432,4.5076,before,-3.2397,4.6611,63030147.0
4.4846,20100630,-0.13,600004.SSE,40721.93,0.4012,4.5076,4.3887,0.0212,4.4424,before,-1.4509,4.4846,35804141.0
4.4693,20100701,-0.06,600004.SSE,24688.0,0.2432,4.4424,4.4079,0.0136,4.4117,before,-0.6795,4.4271,21738818.0
4.4539,20100702,0.01,600004.SSE,44773.16,0.4411,4.4117,4.2774,0.0399,4.4194,before,0.114,4.4079,38886669.0
4.569,20100705,0.21,600004.SSE,67021.65,0.6603,4.4194,4.3311,0.0535,4.523,before,2.3918,4.3772,59822386.0
4.5805,20100706,0.08,600004.SSE,52479.79,0.517,4.523,4.4731,0.0234,4.5652,before,0.8899,4.4846,47226423.0
4.5843,20100707,-0.06,600004.SSE,39847.96,0.3926,4.5652,4.4769,0.0232,4.5345,before,-0.6615,4.5421,35878500.0
4.5728,20100708,-0.05,600004.SSE,32893.0,0.3241,4.5345,4.4769,0.0211,4.5076,before,-0.5549,4.569,29541126.0
4.6189,20100709,0.18,600004.SSE,63428.48,0.6249,4.5076,4.4846,0.0301,4.5997,before,2.0089,4.5076,57639115.0
4.6764,20100712,0.09,600004.SSE,68819.89,0.6779999999999999,4.5997,4.569,0.023,4.6457,before,0.9847,4.5997,63205324.0
4.6227,20100713,-0.15,600004.SSE,43450.5,0.4281,4.6457,4.5345,0.0195,4.569,before,-1.6251,4.615,39526434.0
4.6457,20100714,0.07,600004.SSE,40426.01,0.3983,4.569,4.5652,0.0176,4.6035,before,0.7709,4.5652,37018807.0
4.6764,20100715,-0.06,600004.SSE,63942.5,0.63,4.6035,4.569,0.023,4.5728,before,-0.6557,4.6074,58845797.0
4.6342,20100716,0.11,600004.SSE,46206.09,0.4552,4.5728,4.5345,0.022000000000000002,4.6304,before,1.2101,4.569,42047378.0
4.7301,20100719,0.18,600004.SSE,71885.39,0.7082,4.6304,4.569,0.0348,4.7186,before,1.9565,4.5843,66750161.0
4.8260000000000005,20100720,0.2,600004.SSE,103505.16,1.0198,4.7186,4.6879,0.0288,4.8222,before,2.1322,4.7109,98204900.0
4.8797,20100721,0.02,600004.SSE,87264.82,0.8598,4.8222,4.7762,0.0219,4.8299,before,0.2088,4.8260000000000005,83895347.0
4.8759,20100722,0.08,600004.SSE,71009.78,0.6996,4.8299,4.7838,0.0188,4.8721,before,0.8333,4.8260000000000005,68301977.0
4.9833,20100723,0.01,600004.SSE,102168.7,1.0066,4.8721,4.8222,0.0331,4.8759,before,0.1033,4.9258,99465254.0
4.9373,20100726,0.08,600004.SSE,63459.68,0.6252,4.8759,4.8567,0.0165,4.9143,before,0.8256,4.8759,61824409.0
5.2749,20100727,0.22,600004.SSE,273213.02,2.6918,4.9143,5.0025,0.0553,5.0255,before,2.2518,5.1368,276572051.0
5.1214,20100728,0.14,600004.SSE,149004.19,1.4680000000000002,5.0255,4.9603,0.032,5.0984,before,1.4014,4.9833,149533814.0
5.2173,20100729,0.1,600004.SSE,155167.18,1.5287,5.0984,5.0677,0.0296,5.1483,before,0.9872,5.0869,158583221.0
5.1329,20100730,-0.06,600004.SSE,107134.54,1.0555,5.1483,5.0409,0.0176,5.1176,before,-0.5865,5.1291,108405177.0
5.1981,20100802,0.13,600004.SSE,120181.79,1.1841,5.1176,5.1176,0.0157,5.1828,before,1.2783,5.1636,123344531.0
5.2288,20100803,-0.23,600004.SSE,112760.04,1.1109,5.1828,5.0524,0.034,5.0677,before,-2.233,5.2097,115150153.0
5.1137,20100804,0.07,600004.SSE,89459.99,0.8814,5.0677,4.9948,0.0228,5.1022,before,0.6951,5.0524,89953376.0
5.1636,20100805,0.01,600004.SSE,80130.02,0.7895,5.1022,5.0562,0.0207,5.1061,before,0.0986,5.0869,81493664.0
5.1828,20100806,0.15,600004.SSE,104675.2,1.0313,5.1061,5.037,0.0286,5.1828,before,1.4778,5.0907,106737866.0
5.3784,20100809,0.33,600004.SSE,154595.06,1.5231,5.1828,5.1559,0.0427,5.3478,before,3.2039,5.1828,163044869.0
5.3784,20100810,-0.45,600004.SSE,131624.42,1.2968,5.3478,5.1176,0.0489,5.1214,before,-4.2333,5.3593,136403157.0
5.2442,20100811,0.13,600004.SSE,72491.69,0.7142,5.1214,5.1214,0.0236,5.1866,before,1.2770000000000001,5.1214,74688983.0
5.1866,20100812,-0.15,600004.SSE,57493.49,0.5664,5.1866,5.0907,0.0184,5.1137,before,-1.4549,5.1329,58646550.0
5.1866,20100813,0.14,600004.SSE,60013.94,0.5913,5.1137,5.0984,0.0177,5.1828,before,1.3780000000000001,5.1291,61444090.0
5.2979,20100816,0.21,600004.SSE,92263.01,0.909,5.1828,5.1636,0.0262,5.2902,before,2.0388,5.1866,96388580.0
5.3439,20100817,0.03,600004.SSE,99584.14,0.9811,5.2902,5.2442,0.019,5.3017,before,0.2854,5.294,104647582.0
5.3324,20100818,0.05,600004.SSE,94067.86,0.9268,5.3017,5.2519,0.0152,5.3286,before,0.4744,5.3132,99046564.0
5.3401,20100819,-0.1,600004.SSE,84656.62,0.8341,5.3286,5.2212,0.0223,5.2787,before,-0.9681,5.3324,86594334.0
5.2864,20100820,-0.17,600004.SSE,86209.83,0.8494,5.2787,5.1636,0.0235,5.1905,before,-1.6618,5.2519,87087801.0
5.2288,20100823,-0.06,600004.SSE,64824.37,0.6387,5.1905,5.1483,0.0159,5.1598,before,-0.5964,5.1905,65141413.0
5.2212,20100824,0.07,600004.SSE,70550.64,0.6951,5.1598,5.1214,0.019,5.1943,before,0.7,5.178999999999999,70771956.0
5.1675,20100825,-0.31,600004.SSE,87795.32,0.865,5.1943,5.0293,0.0268,5.0332,before,-3.0785,5.1483,86785114.0
5.0984,20100826,0.06,600004.SSE,49471.4,0.4874,5.0332,5.0025,0.0184,5.0639,before,0.6148,5.0332,48477134.0
5.0447,20100827,-0.14,600004.SSE,116760.28,1.1503,5.0639,4.9258,0.0234,4.9948,before,-1.4257,5.0332,112609365.0
5.1061,20100830,0.21,600004.SSE,91414.46,0.9006,4.9948,5.0102,0.0196,5.1022,before,2.1694,5.0102,89635261.0
5.1022,20100831,-0.02,600004.SSE,82859.62,0.8164,5.1022,5.0255,0.0152,5.0907,before,-0.2022,5.0754,81260759.0
5.178999999999999,20100901,-0.04,600004.SSE,90395.31,0.8906,5.0907,5.0293,0.0294,5.0715,before,-0.4053,5.0869,89456324.0
5.1444,20100902,0.03,600004.SSE,74528.78,0.7343,5.0715,5.0639,0.0153,5.0869,before,0.3052,5.1176,73477794.0
5.0984,20100903,-0.07,600004.SSE,91064.84,0.8972,5.0869,4.9987,0.0193,5.0485,before,-0.7099,5.0869,88806026.0
5.271,20100906,0.39,600004.SSE,202878.03,1.9988,5.0485,5.0715,0.0398,5.2519,before,3.9837,5.0715,204543030.0
5.2864,20100907,0.0,600004.SSE,99956.88,0.9848,5.2519,5.1981,0.0167,5.2519,before,0.0,5.2634,101660916.0
5.2365,20100908,-0.03,600004.SSE,82299.46,0.8108,5.2519,5.1675,0.0128,5.2365,before,-0.2947,5.2058,82947806.0
5.2979,20100909,-0.17,600004.SSE,111053.77,1.0941,5.2365,5.1329,0.0315,5.1483,before,-1.6749,5.2519,112371969.0
5.1675,20100910,-0.05,600004.SSE,77587.28,0.7644,5.1483,5.0562,0.022000000000000002,5.1214,before,-0.501,5.1598,76726263.0
5.2519,20100913,0.24,600004.SSE,103342.51,1.0182,5.1214,5.1444,0.0211,5.247999999999998,before,2.4169,5.1483,104541834.0
5.2864,20100914,-0.02,600004.SSE,95063.37,0.9366,5.247999999999998,5.2135,0.0138,5.2365,before,-0.1967,5.2519,96813975.0
5.2557,20100915,-0.18,600004.SSE,80579.82,0.7939,5.2365,5.1176,0.0266,5.1444,before,-1.7734,5.247999999999998,80797609.0
5.1636,20100916,-0.21,600004.SSE,75438.5,0.7432,5.1444,4.9718,0.0371,5.0332,before,-2.1063,5.1444,74005759.0
5.0562,20100917,-0.07,600004.SSE,53830.99,0.5304,5.0332,4.9795,0.0154,4.9987,before,-0.7172,5.0447,52368405.0
5.0562,20100920,0.0,600004.SSE,43693.22,0.4305,4.9987,4.9871,0.0134,4.9987,before,0.0,4.9987,42539708.0
5.0447,20100921,-0.17,600004.SSE,52686.11,0.5191,4.9987,4.8912,0.031,4.9104,before,-1.7544,5.013999999999999,50442982.0
5.0025,20100927,0.16,600004.SSE,35531.13,0.3501,4.9104,4.9258,0.0158,4.9948,before,1.6807,4.9258,34292649.0
5.0562,20100928,-0.08,600004.SSE,54725.22,0.5392,4.9948,4.9334,0.0248,4.9526,before,-0.8264,4.9948,52985194.0
4.9871,20100929,-0.2,600004.SSE,60675.81,0.5978,4.9526,4.8452,0.0292,4.849,before,-2.0833,4.9565,57865882.0
4.9334,20100930,0.15,600004.SSE,64854.3,0.639,4.849,4.8184,0.0234,4.9258,before,1.5957,4.8452,61351455.0
5.0562,20101008,0.21,600004.SSE,100620.51,0.9913,4.9258,4.9526,0.0209,5.0332,before,2.199,4.9526,97944136.0
5.1905,20101011,0.22,600004.SSE,179069.73,1.7642,5.0332,5.0025,0.0369,5.1483,before,2.2541,5.0562,177510870.0
5.2135,20101012,0.07,600004.SSE,142815.93,1.4071,5.1483,5.1368,0.015,5.1828,before,0.7014,5.1598,143263716.0
5.2825,20101013,0.09,600004.SSE,154053.95,1.5178,5.1828,5.1636,0.0229,5.2288,before,0.8955,5.1828,156070585.0
5.2634,20101014,-0.2,600004.SSE,167869.1,1.6539,5.2288,5.1214,0.0266,5.1291,before,-1.9724,5.2403,168464192.0
5.3593,20101015,0.4,600004.SSE,275807.35,2.7173,5.1291,5.1061,0.0493,5.3324,before,4.0241,5.1061,280888211.0
5.5664,20101018,0.11,600004.SSE,351116.37,3.4593,5.3324,5.2288,0.0629,5.39,before,1.0638,5.4475,367877677.0
5.4015,20101019,0.01,600004.SSE,159429.6,1.5707,5.39,5.2787,0.023,5.3976,before,0.0957,5.3976,164870607.0
5.3554,20101020,-0.23,600004.SSE,158719.83,1.5637,5.3976,5.2058,0.0277,5.2787,before,-2.1989,5.271,162427430.0
5.3094,20101021,-0.12,600004.SSE,126234.83,1.2437,5.2787,5.1675,0.0264,5.2135,before,-1.173,5.2864,127806623.0
5.2634,20101022,-0.01,600004.SSE,94579.49,0.9318,5.2135,5.178999999999999,0.0158,5.2097,before,-0.0989,5.2097,95732065.0
5.412999999999999,20101025,0.3,600004.SSE,160596.52,1.5822,5.2097,5.1981,0.0406,5.3631,before,2.9703,5.2097,165466717.0
5.412999999999999,20101026,-0.13,600004.SSE,145046.35,1.429,5.3631,5.2519,0.0298,5.2979,before,-1.25,5.4053,148938454.0
5.4168,20101027,0.17,600004.SSE,204068.13,2.0105,5.2979,5.294,0.0234,5.3861,before,1.6553,5.3094,212336625.0
5.436,20101028,-0.15,600004.SSE,123992.49,1.2216,5.3861,5.2634,0.0326,5.3094,before,-1.4368,5.39,128424381.0
5.3439,20101029,0.01,600004.SSE,108083.57,1.0649,5.3094,5.2212,0.0233,5.3132,before,0.0972,5.3132,110699267.0
5.5549,20101101,0.45,600004.SSE,264377.59,2.6047,5.3132,5.3324,0.0417,5.5472,before,4.3689,5.3324,280548024.0
5.8119,20101102,-0.14,600004.SSE,237416.13,2.3391,5.5472,5.4475,0.066,5.4744,before,-1.3023,5.5472,256794261.0
5.647,20101103,0.22,600004.SSE,176566.15,1.7396,5.4744,5.4283,0.0405,5.5856,before,2.0735,5.4437,190520250.0
5.6432,20101104,0.06,600004.SSE,140672.94,1.3859,5.5856,5.5089,0.024,5.6163,before,0.5539999999999999,5.5856,151977005.0
5.6969,20101105,0.02,600004.SSE,168872.63,1.6638,5.6163,5.5703,0.022000000000000002,5.6278,before,0.1837,5.6432,184206201.0
5.8273,20101108,0.22,600004.SSE,185071.97,1.8234,5.6278,5.6432,0.033,5.7429,before,2.0165,5.6432,206027928.0
5.7506,20101109,-0.19,600004.SSE,149975.48,1.4776,5.7429,5.624,0.0225,5.6432,before,-1.7071,5.7429,164448688.0
5.624,20101110,-0.19,600004.SSE,153987.82,1.5171,5.6432,5.4437,0.032,5.5472,before,-1.7367,5.624,164296008.0
5.5703,20101111,-0.11,600004.SSE,148064.56,1.4588,5.5472,5.4667,0.0186,5.4897,before,-1.0233,5.5396,158686122.0
5.4897,20101112,-0.91,600004.SSE,220501.44,2.1724,5.4897,5.0025,0.0883,5.0178,before,-8.5526,5.4744,224474688.0
5.1022,20101115,0.14,600004.SSE,112432.98,1.1077,5.0178,4.9565,0.0288,5.0907,before,1.4388,5.0984,109696153.0
5.0984,20101116,-0.44,600004.SSE,127087.68,1.2521,5.0907,4.8222,0.0537,4.8644,before,-4.458,5.0984,121592859.0
4.8836,20101117,-0.16,600004.SSE,78481.28,0.7732,4.8644,4.7493,0.0276,4.7838,before,-1.6967,4.8222,73248944.0
4.8644,20101118,0.09,600004.SSE,60778.8,0.5988,4.7838,4.757,0.0227,4.8299,before,0.9709,4.8145,56722766.0
4.8529,20101119,0.0,600004.SSE,115329.89,1.1363,4.8299,4.6572,0.0406,4.8299,before,0.0,4.849,106400127.0
4.8222,20101122,-0.14,600004.SSE,98313.19,0.9686,4.8299,4.7186,0.0214,4.757,before,-1.4957,4.7992,90967173.0
4.7493,20101123,-0.23,600004.SSE,86520.46,0.8524,4.757,4.5767,0.0369,4.638,before,-2.4946,4.7493,77883509.0
4.6956,20101124,0.11,600004.SSE,87050.46,0.8576,4.638,4.5958,0.0211,4.6956,before,1.2236,4.6074,78654633.0
4.7646,20101125,0.14,600004.SSE,82434.51,0.8122,4.6956,4.6841,0.0176,4.7646,before,1.5385,4.7148,75507401.0
4.757,20101126,-0.14,600004.SSE,73411.5,0.7233,4.7646,4.6841,0.0152,4.6956,before,-1.5152,4.7493,66961725.0
4.7416,20101129,0.06,600004.SSE,48268.88,0.4756,4.6956,4.6841,0.0121,4.7263,before,0.6593,4.7109,44101429.0
4.734,20101130,-0.22,600004.SSE,82825.62,0.816,4.7263,4.5537,0.0382,4.6112,before,-2.4017,4.7301,74261666.0
4.6227,20101201,-0.01,600004.SSE,40578.59,0.3998,4.6112,4.569,0.0112,4.6074,before,-0.1119,4.5997,36166570.0
4.6726,20101202,0.05,600004.SSE,79611.32,0.7843,4.6074,4.592,0.0179,4.6342,before,0.5599,4.6496,71406266.0
4.638,20101203,-0.04,600004.SSE,46058.55,0.4538,4.6342,4.569,0.0145,4.6112,before,-0.4454,4.6265,41063256.0
4.6265,20101206,-0.04,600004.SSE,47290.67,0.4659,4.6112,4.5613,0.0145,4.592,before,-0.4474,4.615,42048910.0
4.6112,20101207,0.04,600004.SSE,47727.12,0.4702,4.592,4.5191,0.0202,4.6112,before,0.4494,4.5805,42198403.0
4.6227,20101208,-0.06,600004.SSE,39586.93,0.39,4.6112,4.569,0.0112,4.5805,before,-0.6711,4.6112,35255706.0
4.6265,20101209,0.02,600004.SSE,54174.47,0.5337,4.5805,4.5613,0.0146,4.592,before,0.2252,4.5767,48355244.0
4.6227,20101210,0.06,600004.SSE,39959.07,0.3937,4.592,4.5537,0.0146,4.6227,before,0.6742,4.569,35566921.0
4.7148,20101213,0.17,600004.SSE,86130.29,0.8486,4.6227,4.6074,0.0234,4.7109,before,1.8973,4.6342,77845158.0
4.7148,20101214,-0.05,600004.SSE,63631.08,0.5533,4.7109,4.6649,0.011000000000000001,4.6841,before,-0.5476,4.7109,57743655.0
4.6879,20101215,-0.06,600004.SSE,59274.99,0.5154,4.6841,4.638,0.011000000000000001,4.6534,before,-0.6608,4.6841,53505331.0
4.6687,20101216,-0.07,600004.SSE,51309.34,0.4462,4.6534,4.5958,0.0155,4.615,before,-0.7761,4.6572,46044483.0
4.6227,20101217,-0.01,600004.SSE,34229.47,0.2976,4.615,4.5805,0.0089,4.6112,before,-0.1117,4.6074,30516944.0
4.6265,20101220,-0.23,600004.SSE,117618.75,1.0228,4.6112,4.4501,0.038,4.4923,before,-2.5727,4.6265,102919964.0
4.569,20101221,0.14,600004.SSE,123084.84,1.0703,4.4923,4.4846,0.0195,4.5652,before,1.6073,4.4923,107883705.0
4.5652,20101222,-0.07,600004.SSE,65888.08,0.5729,4.5652,4.5191,0.0102,4.5306,before,-0.7909999999999999,4.5537,57964813.0
4.5306,20101223,-0.08,600004.SSE,52789.09,0.45899999999999996,4.5306,4.4846,0.0103,4.4884,before,-0.9112,4.5306,46054605.0
4.5038,20101224,0.0,600004.SSE,46393.06,0.4034,4.4884,4.4577,0.0103,4.4884,before,0.0,4.4846,40285415.0
4.5076,20101227,-0.17,600004.SSE,70817.64,0.6158,4.4884,4.3887,0.0264,4.4002,before,-1.954,4.4846,61235693.0
4.404,20101228,-0.25,600004.SSE,69194.2,0.6017,4.4002,4.2621,0.0328,4.2698,before,-2.9308,4.3849,57913959.0
4.2928,20101229,0.03,600004.SSE,47129.06,0.4098,4.2698,4.2237,0.0157,4.2851,before,0.3623,4.2659,38868517.0
4.3733,20101230,0.11,600004.SSE,54590.87,0.4747,4.2851,4.2506,0.0289,4.3427,before,1.3237,4.2928,45733688.0
4.5997,20101231,0.4,600004.SSE,111955.44,0.9735,4.3427,4.3158,0.0653,4.5498,before,4.7506,4.3427,96580812.0
4.6726,20110104,0.18,600004.SSE,171473.99,1.4911,4.5498,4.4731,0.0442,4.6419,before,2.0408,4.5498,152714767.0
4.8606,20110105,0.25,600004.SSE,305946.85,2.6604,4.6419,4.615,0.0522,4.7723,before,2.7778,4.6342,283242168.0
4.7723,20110106,-0.2,600004.SSE,150953.47,1.3126,4.7723,4.5958,0.0368,4.6687,before,-2.1622,4.7723,136183433.0
4.6879,20110107,-0.15,600004.SSE,114238.67,0.9934,4.6687,4.5345,0.0331,4.592,before,-1.6575,4.6419,102026646.0
4.6342,20110110,-0.1,600004.SSE,59722.44,0.5193,4.592,4.5076,0.027000000000000003,4.5383,before,-1.1236,4.592,52940117.0
4.592,20110111,0.09,600004.SSE,51848.01,0.4509,4.5383,4.5038,0.0193,4.5843,before,1.0227,4.523,45718279.0
4.6342,20110112,0.08,600004.SSE,67676.64,0.5885,4.5843,4.546,0.0191,4.6265,before,0.8999,4.5843,60252497.0
4.7033,20110113,-0.03,600004.SSE,56505.11,0.4913,4.6265,4.5958,0.0234,4.6112,before,-0.3344,4.615,50843642.0
4.6112,20110114,-0.25,600004.SSE,64469.44,0.5606,4.6112,4.4769,0.0291,4.4846,before,-2.7964,4.5958,56537802.0
4.4654,20110117,-0.36,600004.SSE,65018.9,0.5654,4.4846,4.2851,0.0403,4.2966,before,-4.1427,4.4654,54934568.0
4.3235,20110118,0.02,600004.SSE,47867.14,0.4162,4.2966,4.2467,0.018000000000000002,4.3081,before,0.2401,4.3158,39600184.0
4.4002,20110119,0.17,600004.SSE,36898.6,0.3209,4.3081,4.2698,0.0299,4.3964,before,2.0359,4.312,31080410.0
4.3695,20110120,-0.18,600004.SSE,41076.2,0.3572,4.3964,4.2544,0.0258,4.3005,before,-2.1127,4.3695,34285472.0
4.381,20110121,0.05,600004.SSE,60456.79,0.5257,4.3005,4.2659,0.0264,4.3273,before,0.5995,4.2698,50592966.0
4.4462,20110124,0.1,600004.SSE,86774.82,0.7546,4.3273,4.3081,0.0322,4.381,before,1.1919,4.335,74011654.0
4.4194,20110125,-0.03,600004.SSE,32615.2,0.2836,4.381,4.3158,0.0236,4.3657,before,-0.3534,4.3657,27543975.0
4.4002,20110126,0.05,600004.SSE,34958.34,0.304,4.3657,4.3503,0.0118,4.3887,before,0.591,4.3657,29679679.0
4.4462,20110127,0.04,600004.SSE,66453.57,0.5779,4.3887,4.335,0.0259,4.4117,before,0.47,4.381,56707704.0
4.4155,20110128,-0.03,600004.SSE,42838.17,0.3725,4.4117,4.3542,0.013999999999999999,4.3964,before,-0.3509,4.4155,36448683.0
4.4347,20110131,0.06,600004.SSE,76204.02,0.6626,4.3964,4.3503,0.02,4.4271,before,0.7042,4.3964,65064304.0
4.4309,20110201,0.0,600004.SSE,39650.22,0.3448,4.4271,4.3887,0.0093,4.4271,before,0.0,4.4117,33936151.0
4.4194,20110209,-0.12,600004.SSE,50350.7,0.4378,4.4271,4.335,0.0198,4.3657,before,-1.3986,4.4002,42743127.0
4.4347,20110210,0.13,600004.SSE,60106.01,0.5227,4.3657,4.3503,0.0201,4.4309,before,1.5366,4.3657,51212539.0
4.5153,20110211,0.07,600004.SSE,83292.84,0.7243,4.4309,4.4117,0.0233,4.4654,before,0.8149,4.4271,72010251.0
4.5997,20110214,0.24,600004.SSE,139486.27,1.2129,4.4654,4.4654,0.03,4.592,before,2.7714,4.4654,123618395.0
4.6649,20110215,-0.07,600004.SSE,141498.15,1.2304,4.592,4.5498,0.0247,4.5537,before,-0.7865,4.5958,126529305.0
4.6112,20110216,0.09,600004.SSE,86145.49,0.7491,4.5537,4.5345,0.017,4.5997,before,1.0193,4.5613,76411378.0
4.6342,20110217,-0.06,600004.SSE,97207.85,0.8453,4.5997,4.5383,0.0202,4.569,before,-0.6726,4.615,86236504.0
4.615,20110218,-0.1,600004.SSE,76439.91,0.6647,4.569,4.5076,0.0237,4.5191,before,-1.1287,4.569,67360301.0
4.5498,20110221,0.03,600004.SSE,93007.94,0.8088,4.5191,4.4846,0.0148,4.5345,before,0.3425,4.4884,81541292.0
4.5652,20110222,-0.27,600004.SSE,108070.15,0.9397,4.5345,4.3849,0.0398,4.3964,before,-3.0717,4.546,93558420.0
4.4501,20110223,0.04,600004.SSE,55260.21,0.4805,4.3964,4.381,0.0164,4.4155,before,0.4695,4.3887,47227228.0
4.4462,20110224,0.05,600004.SSE,62282.68,0.5416,4.4155,4.3849,0.013999999999999999,4.4424,before,0.5841,4.4117,53281546.0
4.4501,20110225,-0.05,600004.SSE,65176.07,0.5667,4.4424,4.3849,0.0151,4.4155,before,-0.5807,4.4424,55717668.0
4.4616,20110228,0.09,600004.SSE,83285.17,0.7242,4.4155,4.3849,0.0175,4.4616,before,1.0514,4.4194,71484774.0
4.5383,20110301,0.14,600004.SSE,121180.72,1.0537,4.4616,4.4577,0.0185,4.5345,before,1.6185,4.4654,105825776.0
4.5498,20110302,-0.01,600004.SSE,94631.43,0.8229,4.5345,4.4769,0.0159,4.5306,before,-0.1138,4.5076,82777678.0
4.5805,20110303,-0.03,600004.SSE,123389.9,1.073,4.5306,4.5076,0.0159,4.5153,before,-0.3417,4.5345,108672766.0
4.5843,20110304,0.12,600004.SSE,136766.81,1.1893,4.5153,4.5153,0.016,4.5767,before,1.3714,4.5153,120747734.0
4.6342,20110307,0.1,600004.SSE,154143.09,1.3404,4.5767,4.5805,0.0113,4.6265,before,1.1274,4.5958,137815054.0
4.6687,20110308,0.08,600004.SSE,149162.85,1.2971,4.6265,4.5805,0.019,4.6687,before,0.8919,4.6342,133550772.0
4.7723,20110309,-0.05,600004.SSE,156970.55,1.365,4.6687,4.6419,0.0276,4.6419,before,-0.5525,4.6649,142380589.0
4.6649,20110310,0.02,600004.SSE,142814.34,1.2419,4.6419,4.569,0.02,4.6534,before,0.2222,4.6419,127810235.0
4.734,20110311,-0.03,600004.SSE,137542.86,1.196,4.6534,4.5958,0.0299,4.638,before,-0.3326,4.6227,123938534.0
4.6802,20110314,0.0,600004.SSE,120311.24,1.0462,4.638,4.5805,0.0211,4.638,before,0.0,4.6227,107692459.0
4.638,20110315,-0.08,600004.SSE,126633.46,1.1012,4.638,4.4846,0.0334,4.5958,before,-0.8899,4.638,111499873.0
4.592,20110316,-0.06,600004.SSE,99790.17,0.8677,4.5958,4.546,0.0101,4.5652,before,-0.6734,4.569,88332531.0
4.5652,20110317,-0.14,600004.SSE,95557.12,0.8309,4.5652,4.4846,0.0181,4.4923,before,-1.5819,4.5498,83868585.0
4.5383,20110318,0.03,600004.SSE,50177.65,0.4363,4.4923,4.4923,0.0103,4.5076,before,0.3444,4.523,43864561.0
4.523,20110321,0.0,600004.SSE,43327.4,0.3768,4.5076,4.4846,0.0092,4.5076,before,0.0,4.5076,37810796.0
4.5345,20110322,0.01,600004.SSE,75783.05,0.659,4.5076,4.4769,0.0126,4.5153,before,0.1144,4.5038,66238319.0
4.546,20110323,0.05,600004.SSE,103223.01,0.8976,4.5153,4.4884,0.0126,4.5383,before,0.5714,4.5076,90367047.0
4.5537,20110324,-0.03,600004.SSE,66855.68,0.5814,4.5383,4.5191,0.008,4.523,before,-0.3409,4.5498,58747300.0
4.5652,20110325,0.07,600004.SSE,82481.87,0.7172,4.523,4.5191,0.0103,4.5613,before,0.7982,4.5306,72740586.0
4.5997,20110328,0.02,600004.SSE,90464.78,0.7867,4.5613,4.5537,0.0102,4.569,before,0.2262,4.5613,80248912.0
4.6112,20110329,0.01,600004.SSE,125707.88,1.0931,4.569,4.5613,0.0113,4.5767,before,0.1129,4.569,111610186.0
4.5843,20110330,-0.1,600004.SSE,93589.79,0.8138,4.5767,4.4999,0.0192,4.523,before,-1.1274,4.5767,82210149.0
4.5345,20110331,-0.17,600004.SSE,92542.51,0.8047,4.523,4.4271,0.0239,4.4347,before,-1.9384,4.5191,80088912.0
4.5652,20110401,0.21,600004.SSE,112806.61,0.9809,4.4347,4.4155,0.0337,4.546,before,2.4419,4.4347,97903487.0
4.5306,20110406,-0.05,600004.SSE,93109.67,0.8096,4.546,4.4654,0.0136,4.5191,before,-0.5675,4.5038,81285574.0
4.5537,20110407,0.05,600004.SSE,77534.87,0.6742,4.5191,4.5038,0.0114,4.546,before,0.5708,4.523,68162910.0
4.5767,20110408,0.02,600004.SSE,74486.33,0.6477,4.546,4.5191,0.0125,4.5537,before,0.22699999999999998,4.5383,65685720.0
4.5843,20110411,-0.01,600004.SSE,91081.16,0.792,4.5537,4.546,0.0091,4.5498,before,-0.1133,4.5498,80578893.0
4.6419,20110412,0.16,600004.SSE,189816.11,1.6506,4.5498,4.5191,0.0272,4.6342,before,1.8141,4.5383,169453262.0
4.6534,20110413,0.03,600004.SSE,138854.49,1.2074,4.6342,4.5958,0.0122,4.6496,before,0.3341,4.6265,124582943.0
4.6534,20110414,-0.12,600004.SSE,97683.42,0.8494,4.6496,4.5767,0.0166,4.5843,before,-1.3319,4.6496,87327646.0
4.615,20110415,0.03,600004.SSE,75132.02,0.6533,4.5843,4.5537,0.0135,4.5997,before,0.3375,4.5997,66799705.0
4.6572,20110418,0.08,600004.SSE,102149.44,0.8883,4.5997,4.592,0.0146,4.6419,before,0.8969,4.592,91629249.0
4.6265,20110419,-0.18,600004.SSE,93214.47,0.8106,4.6419,4.5076,0.0256,4.5498,before,-2.0,4.6227,82439790.0
4.569,20110420,0.04,600004.SSE,49817.91,0.4332,4.5498,4.5383,0.0068,4.569,before,0.4535,4.5498,44012303.0
4.6342,20110421,0.09,600004.SSE,89752.86,0.7805,4.569,4.5613,0.0158,4.615,before,1.0158,4.5805,80022860.0
4.6687,20110422,0.01,600004.SSE,122806.27,1.0679,4.615,4.5805,0.019,4.6227,before,0.1117,4.615,110351599.0
4.6572,20110425,-0.15,600004.SSE,108554.01,0.9439,4.6227,4.5306,0.0279,4.546,before,-1.6741,4.6419,96506842.0
4.5613,20110426,-0.12,600004.SSE,74813.74,0.6506,4.546,4.4424,0.0261,4.4846,before,-1.3621,4.546,65146246.0
4.5191,20110427,-0.06,600004.SSE,59741.12,0.5195,4.4846,4.4347,0.0184,4.4501,before,-0.6904,4.5038,51921249.0
4.4999,20110428,-0.12,600004.SSE,66349.34,0.5770000000000001,4.4501,4.381,0.0267,4.3887,before,-1.3905,4.4731,56954876.0
4.4347,20110429,0.08,600004.SSE,52194.07,0.4539,4.3887,4.3849,0.0118,4.4309,before,0.9401,4.3964,44639795.0
4.4884,20110503,0.1,600004.SSE,46617.0,0.4054,4.4309,4.4155,0.0163,4.4846,before,1.1641,4.4309,40301531.0
4.5153,20110504,-0.09,600004.SSE,66976.63,0.5824,4.4846,4.4194,0.0207,4.4347,before,-1.0357,4.4654,58037059.0
4.4846,20110505,0.08,600004.SSE,38614.12,0.3358,4.4347,4.4155,0.0151,4.4769,before,0.9302,4.4155,33315327.0
4.5076,20110506,0.02,600004.SSE,42958.73,0.3736,4.4769,4.4347,0.0161,4.4884,before,0.2304,4.4347,37271555.0
4.5076,20110509,-0.04,600004.SSE,35539.47,0.309,4.4884,4.4501,0.0126,4.4654,before,-0.4598,4.4884,30840907.0
4.4731,20110510,-0.04,600004.SSE,45865.73,0.3988,4.4654,4.4271,0.0104,4.4462,before,-0.4619,4.4654,39495647.0
4.4769,20110511,0.01,600004.SSE,48056.76,0.4179,4.4462,4.4347,0.0093,4.4501,before,0.11599999999999999,4.4501,41490727.0
4.4462,20110512,-0.07,600004.SSE,53255.7,0.4631,4.4501,4.404,0.0093,4.4155,before,-0.8111,4.4347,45677213.0
4.4424,20110513,0.04,600004.SSE,36468.35,0.3171,4.4155,4.3849,0.0129,4.4347,before,0.4673,4.4117,31227398.0
4.4501,20110516,-0.01,600004.SSE,33354.1,0.29,4.4347,4.4002,0.0116,4.4309,before,-0.1163,4.4347,28644061.0
4.4462,20110517,-0.01,600004.SSE,33178.87,0.2885,4.4309,4.3964,0.0116,4.4271,before,-0.1164,4.4424,28459364.0
4.4577,20110518,0.03,600004.SSE,28617.79,0.2489,4.4271,4.4194,0.0082,4.4424,before,0.3497,4.4271,24629385.0
4.4616,20110519,-0.07,600004.SSE,38307.4,0.3331,4.4424,4.4002,0.0139,4.404,before,-0.813,4.4462,32894437.0
4.4155,20110520,-0.01,600004.SSE,28644.3,0.2491,4.404,4.3849,0.006999999999999999,4.4002,before,-0.1171,4.4117,24419905.0
4.4002,20110523,-0.26,600004.SSE,59815.21,0.5201,4.4002,4.2544,0.0328,4.2659,before,-3.0481,4.4002,50021483.0
4.2928,20110524,0.02,600004.SSE,32623.47,0.2837,4.2659,4.2352,0.0133,4.2774,before,0.2418,4.2698,26904789.0
4.2813,20110525,-0.1,600004.SSE,27529.64,0.2394,4.2774,4.2199,0.0145,4.2237,before,-1.2063,4.2659,22636908.0
4.2506,20110526,-0.05,600004.SSE,27219.14,0.2367,4.2237,4.1930000000000005,0.0134,4.2007,before,-0.6105,4.2314,22322279.0
4.2199,20110527,-0.07,600004.SSE,35188.87,0.306,4.2007,4.1508,0.016,4.1624,before,-0.86,4.2199,28509280.0
4.1854,20110530,-0.07,600004.SSE,27528.08,0.2394,4.1624,4.1202,0.0149,4.1278,before,-0.8674,4.1739,22186675.0
4.1777,20110531,0.1,600004.SSE,26222.24,0.228,4.1278,4.1278,0.0125,4.1777,before,1.25,4.1278,21100401.0
4.1777,20110601,-0.02,600004.SSE,24171.62,0.2102,4.1777,4.147,0.0074,4.1662,before,-0.2469,4.1662,19504351.0
4.1585,20110602,-0.16,600004.SSE,43324.74,0.3767,4.1662,4.0549,0.0248,4.0856,before,-1.9802,4.1508,34369302.0
4.1317,20110603,0.06,600004.SSE,25032.17,0.2177,4.0856,4.0818,0.0126,4.1163,before,0.7576,4.0856,19948286.0
4.1585,20110607,0.06,600004.SSE,26825.14,0.2333,4.1163,4.0895,0.0163,4.147,before,0.7519,4.1125,21458172.0
4.1585,20110608,-0.01,600004.SSE,19600.15,0.1704,4.147,4.0971,0.0149,4.1432,before,-0.1244,4.1432,15677442.0
4.1624,20110609,-0.14,600004.SSE,23525.0,0.2046,4.1432,4.0588,0.0249,4.0703,before,-1.7435,4.1355,18770792.0
4.0971,20110610,0.03,600004.SSE,22249.07,0.1935,4.0703,4.0511,0.0114,4.0856,before,0.3802,4.0664,17552537.0
4.0741,20110613,-0.09,600004.SSE,23630.69,0.2055,4.0856,4.0242,0.0126,4.0396,before,-1.1364,4.0741,18549175.0
4.1125,20110614,0.11,600004.SSE,29911.08,0.2601,4.0396,4.0434,0.0166,4.0971,before,1.4049,4.0664,23696894.0
4.101,20110615,-0.04,600004.SSE,18911.05,0.1644,4.0971,4.0703,0.0076,4.0741,before,-0.5038,4.0971,14978843.0
4.0703,20110616,-0.13,600004.SSE,25816.73,0.2245,4.0741,3.9974,0.0177,4.0089,before,-1.6456,4.0703,20154084.0
4.0242,20110617,-0.04,600004.SSE,19848.97,0.1726,4.0089,3.9819999999999998,0.0103,3.9859,before,-0.5148,4.0127,15407385.0
4.0127,20110620,-0.1,600004.SSE,30045.09,0.2613,3.9859,3.9168,0.0246,3.9360000000000004,before,-1.2937,3.9936,23006932.0
3.9629,20110621,0.03,600004.SSE,18913.89,0.1645,3.9360000000000004,3.9245,0.0092,3.9514,before,0.3932,3.9398,14458875.0
3.9705,20110622,-0.03,600004.SSE,20771.6,0.1806,3.9514,3.9207,0.0131,3.9360000000000004,before,-0.3916,3.9629,15887412.0
3.9936,20110623,0.09,600004.SSE,27588.03,0.2399,3.9360000000000004,3.9168,0.0197,3.9819999999999998,before,1.1796,3.9360000000000004,21123798.0
4.0664,20110624,0.14,600004.SSE,51618.19,0.4489,3.9819999999999998,3.9667,0.0246,4.0549,before,1.8135,3.9782,40348162.0
4.0895,20110627,0.0,600004.SSE,38584.11,0.3355,4.0549,4.0434,0.0115,4.0549,before,0.0,4.0549,30403890.0
4.0818,20110629,-0.05,600004.SSE,29953.86,0.2605,4.0549,4.0281,0.0127,4.0281,before,-0.6361,4.0664,23546625.0
4.0895,20110630,0.08,600004.SSE,24767.86,0.2154,4.0281,4.0358,0.0141,4.0703,before,1.0243,4.0434,19538396.0
4.0741,20110701,-0.02,600004.SSE,31862.5,0.2771,4.0703,4.0511,0.0063,4.0588,before,-0.2535,4.0664,25088312.0
4.1278,20110704,0.12,600004.SSE,54230.42,0.4716,4.0588,4.0588,0.0165,4.1202,before,1.5248,4.0741,43118845.0
4.1278,20110705,-0.01,600004.SSE,34831.48,0.3029,4.1202,4.0971,0.0075,4.1163,before,-0.1252,4.1202,27752175.0
4.1317,20110706,0.01,600004.SSE,30605.47,0.2661,4.1163,4.0818,0.0125,4.1202,before,0.1253,4.1163,24320522.0
4.1355,20110707,-0.07,600004.SSE,33720.84,0.2932,4.1202,4.0741,0.015,4.0856,before,-0.8761,4.1317,26858339.0
4.1854,20110708,0.14,600004.SSE,95884.51,0.8338,4.0856,4.0818,0.0253,4.1585,before,1.7677,4.0818,77261009.0
4.1662,20110711,0.0,600004.SSE,33365.87,0.2901,4.1585,4.1317,0.0087,4.1585,before,0.0,4.1508,26838669.0
4.1355,20110712,-0.16,600004.SSE,36874.9,0.3207,4.1585,4.0703,0.0161,4.0741,before,-1.9851,4.1355,29296425.0
4.1355,20110713,0.11,600004.SSE,29577.87,0.2572,4.0741,4.0818,0.0139,4.1317,before,1.3924,4.0895,23592310.0
4.147,20110714,0.02,600004.SSE,28372.37,0.2467,4.1317,4.1163,0.0075,4.1432,before,0.2497,4.1278,22724838.0
4.1930000000000005,20110715,0.09,600004.SSE,60794.24,0.5286,4.1432,4.1125,0.0199,4.1892,before,1.1208,4.1317,49094034.0
4.2084,20110718,-0.02,600004.SSE,36078.85,0.3137,4.1892,4.1585,0.0123,4.1777,before,-0.2463,4.1892,29224391.0
4.1624,20110719,-0.08,600004.SSE,28936.11,0.2516,4.1777,4.1278,0.0086,4.1355,before,-0.9877,4.147,23231492.0
4.1624,20110720,0.0,600004.SSE,20245.82,0.1761,4.1355,4.1163,0.0112,4.1355,before,0.0,4.147,16230292.0
4.1585,20110721,-0.01,600004.SSE,29191.21,0.2538,4.1355,4.0971,0.015,4.1317,before,-0.1247,4.1355,23389791.0
4.1432,20110722,-0.03,600004.SSE,17068.95,0.1484,4.1317,4.1048,0.0087,4.1163,before,-0.3745,4.1202,13634600.0
4.1508,20110725,-0.23,600004.SSE,42480.16,0.3694,4.1163,3.9819999999999998,0.0414,3.9974,before,-2.8822,4.1202,33403027.0
4.2045,20110726,0.25,600004.SSE,67123.61,0.5837,3.9974,3.9936,0.0529,4.1278,before,3.2258,3.9936,53663171.0
4.1048,20110727,-0.11,600004.SSE,39073.3,0.3398,4.1278,4.0281,0.0188,4.0703,before,-1.375,4.1048,30791128.0
4.0703,20110728,-0.06,600004.SSE,29590.13,0.2573,4.0703,4.0127,0.0139,4.0396,before,-0.7605,4.0588,23136507.0
4.0549,20110729,-0.04,600004.SSE,20246.62,0.1761,4.0396,4.0012,0.0128,4.0166,before,-0.5109,4.0434,15795580.0
4.0511,20110801,0.04,600004.SSE,11837.96,0.1029,4.0166,4.0089,0.0103,4.0396,before,0.5135,4.0281,9258529.0
4.0281,20110802,-0.1,600004.SSE,24550.47,0.2135,4.0396,3.9629,0.0166,3.9859,before,-1.2771,4.0242,18962818.0
4.0012,20110803,-0.02,600004.SSE,16661.91,0.1449,3.9859,3.9322,0.0181,3.9782,before,-0.2587,3.9667,12820612.0
4.0242,20110804,0.04,600004.SSE,20843.3,0.1812,3.9782,3.9667,0.0143,3.9974,before,0.5188,3.9667,16124463.0
3.9514,20110805,-0.16,600004.SSE,27064.53,0.2353,3.9974,3.9053,0.0116,3.9168,before,-2.0645,3.9322,20614002.0
3.9053,20110808,-0.4,600004.SSE,69098.16,0.6009,3.9168,3.6713,0.0593,3.7097,before,-5.2701,3.9053,50448499.0
3.702,20110809,-0.03,600004.SSE,43158.88,0.3753,3.7097,3.5946,0.0292,3.6943,before,-0.4172,3.6368,30488968.0
3.7749,20110810,0.08,600004.SSE,34237.27,0.2977,3.6943,3.7135,0.0168,3.7365,before,1.1173,3.7212,24817079.0
3.8056,20110811,0.13,600004.SSE,44390.51,0.386,3.7365,3.679,0.0345,3.8017,before,1.7956,3.6943,32359189.0
3.8708,20110812,0.09,600004.SSE,37649.13,0.3274,3.8017,3.8017,0.0176,3.8478,before,1.2212,3.8171,28057713.0
3.9168,20110815,0.13,600004.SSE,38678.6,0.3363,3.8478,3.8593,0.0147,3.9168,before,1.7426,3.8593,29153889.0
3.9398,20110816,-0.01,600004.SSE,48811.59,0.4244,3.9168,3.9053,0.0092,3.9092,before,-0.1318,3.9207,37044157.0
3.9207,20110817,-0.09,600004.SSE,27933.35,0.2429,3.9092,3.8286,0.0234,3.8631,before,-1.2363,3.9207,20098012.0
3.8631,20110818,-0.13,600004.SSE,24202.61,0.2105,3.8631,3.7864,0.0195,3.7902,before,-1.8081,3.8631,17196810.0
3.7826,20110819,-0.03,600004.SSE,23256.97,0.2022,3.7902,3.7365,0.0113,3.7749,before,-0.4249,3.7557,16282249.0
3.7979,20110822,0.0,600004.SSE,19070.0,0.1658,3.7749,3.7595,0.01,3.7749,before,0.0,3.7864,13402260.0
3.8286,20110823,0.09,600004.SSE,21448.32,0.1865,3.7749,3.7864,0.0114,3.8248,before,1.2802,3.7864,15193898.0
3.8439,20110824,-0.05,600004.SSE,18764.83,0.1632,3.8248,3.7979,0.0126,3.7979,before,-0.7022,3.8401,13350888.0
3.9092,20110825,0.16,600004.SSE,38660.66,0.3362,3.7979,3.8133,0.0255,3.8823,before,2.2631,3.8171,27850536.0
3.8976,20110826,-0.02,600004.SSE,25500.07,0.2217,3.8823,3.8631,0.0097,3.8708,before,-0.2766,3.8938,18414125.0
3.8708,20110829,-0.06,600004.SSE,19739.84,0.1717,3.8708,3.8401,0.0083,3.8401,before,-0.8322,3.867,14157189.0
3.89,20110830,-0.04,600004.SSE,21763.07,0.1892,3.8401,3.8133,0.0196,3.8171,before,-0.5594,3.8631,15622226.0
3.8363,20110831,0.03,600004.SSE,17155.53,0.1492,3.8171,3.7864,0.0127,3.8363,before,0.4219,3.8248,12181518.0
3.8516,20110901,-0.03,600004.SSE,13626.97,0.1185,3.8363,3.8133,0.0098,3.8171,before,-0.4202,3.8248,9712703.0
3.8286,20110902,-0.05,600004.SSE,14903.21,0.1296,3.8171,3.7826,0.0127,3.7902,before,-0.7032,3.8286,10531204.0
3.7634,20110905,-0.1,600004.SSE,16556.69,0.14400000000000002,3.7902,3.7327,0.0085,3.7365,before,-1.4164,3.7634,11546685.0
3.7595,20110906,0.02,600004.SSE,14279.73,0.1242,3.7365,3.7212,0.0101,3.748,before,0.2874,3.7327,9941446.0
3.8938,20110907,0.26,600004.SSE,55930.86,0.4864,3.748,3.748,0.0387,3.89,before,3.7249,3.7595,39892339.0
4.0703,20110908,0.27,600004.SSE,104662.6,0.9101,3.89,3.8631,0.0539,4.0319,before,3.7293,3.8823,76991867.0
4.1585,20110909,-0.04,600004.SSE,179262.47,1.5588,4.0319,3.9322,0.0559,4.0127,before,-0.5326,4.0051,133366277.0
4.0511,20110913,-0.19,600004.SSE,103917.99,0.9036,4.0127,3.8554,0.0482,3.9092,before,-2.5435,3.9589999999999996,75908716.0
3.8976,20110914,-0.03,600004.SSE,39767.32,0.3458,3.9092,3.8439,0.0137,3.8938,before,-0.4121,3.867,28675253.0
3.9168,20110915,-0.03,600004.SSE,24808.95,0.2157,3.8938,3.8708,0.011000000000000001,3.8785,before,-0.4138,3.8938,17976262.0
3.9360000000000004,20110916,0.03,600004.SSE,26677.79,0.23199999999999998,3.8785,3.8785,0.0152,3.8938,before,0.4155,3.8823,19413085.0
3.89,20110919,-0.16,600004.SSE,23224.45,0.20199999999999999,3.8938,3.8017,0.0221,3.8094,before,-2.2069,3.89,16662475.0
3.8631,20110920,0.06,600004.SSE,16396.49,0.1426,3.8094,3.7979,0.0169,3.8401,before,0.8463,3.8017,11691761.0
3.9245,20110921,0.15,600004.SSE,28835.62,0.2507,3.8401,3.8171,0.027999999999999997,3.9207,before,2.0979,3.8401,20889700.0
3.9053,20110922,-0.19,600004.SSE,31931.18,0.2777,3.9207,3.8133,0.0233,3.8171,before,-2.6027,3.8976,22971666.0
3.8785,20110923,0.09,600004.SSE,31330.93,0.2724,3.8171,3.7634,0.0295,3.867,before,1.2658,3.7711,22260432.0
3.8708,20110926,-0.01,600004.SSE,21214.35,0.1845,3.867,3.7902,0.0208,3.8631,before,-0.1389,3.8286,15165384.0
3.9092,20110927,0.06,600004.SSE,27262.19,0.2371,3.8631,3.8439,0.0167,3.8938,before,0.8345,3.8708,19711808.0
3.9168,20110928,-0.09,600004.SSE,17633.74,0.1533,3.8938,3.8248,0.0234,3.8439,before,-1.2414,3.9053,12714686.0
3.8823,20110929,-0.02,600004.SSE,27341.22,0.2377,3.8439,3.8017,0.0209,3.8363,before,-0.2793,3.8401,19549034.0
3.8785,20110930,-0.01,600004.SSE,20106.38,0.1748,3.8363,3.8171,0.0154,3.8286,before,-0.1401,3.8401,14396905.0
3.8554,20111010,-0.05,600004.SSE,12416.41,0.10800000000000001,3.8286,3.7979,0.0154,3.8017,before,-0.7013,3.8171,8849229.0
3.89,20111011,0.05,600004.SSE,20911.82,0.1818,3.8017,3.8017,0.0226,3.8286,before,0.7062,3.8631,14997696.0
3.9322,20111012,0.15,600004.SSE,42620.15,0.3706,3.8286,3.8133,0.0309,3.9092,before,2.1038,3.8133,30922437.0
3.9629,20111013,0.09,600004.SSE,57159.22,0.4970000000000001,3.9092,3.89,0.0192,3.9589999999999996,before,1.2363,3.89,41860249.0
3.9589999999999996,20111014,-0.03,600004.SSE,27142.18,0.23600000000000002,3.9589999999999996,3.8976,0.0149,3.9437,before,-0.4071,3.9514,19849195.0
3.9629,20111017,-0.02,600004.SSE,22577.25,0.1963,3.9437,3.9168,0.0123,3.9322,before,-0.2725,3.9514,16568570.0
3.9207,20111018,-0.14,600004.SSE,24377.82,0.212,3.9322,3.8363,0.0219,3.8554,before,-1.9126,3.9207,17652392.0
3.8823,20111019,-0.07,600004.SSE,21460.52,0.1866,3.8554,3.8171,0.0167,3.8171,before,-0.9749,3.867,15384604.0
3.8248,20111020,-0.13,600004.SSE,32363.15,0.2814,3.8171,3.7442,0.0211,3.748,before,-1.8284,3.8171,22751208.0
3.7864,20111021,-0.02,600004.SSE,17419.41,0.1515,3.748,3.7327,0.0143,3.7365,before,-0.2865,3.7826,12176680.0
3.8171,20111024,0.14,600004.SSE,21499.39,0.187,3.7365,3.7365,0.0216,3.8133,before,2.0115,3.7711,15155863.0
3.867,20111025,0.07,600004.SSE,23646.4,0.2056,3.8133,3.7902,0.0197,3.8516,before,0.9859,3.8017,16883323.0
3.9207,20111026,0.07,600004.SSE,37672.2,0.3276,3.8516,3.8363,0.0223,3.89,before,0.9763,3.8401,27241454.0
3.9514,20111027,0.04,600004.SSE,37006.28,0.3218,3.89,3.8938,0.0152,3.9092,before,0.5525,3.9053,27039718.0
3.9589999999999996,20111028,0.03,600004.SSE,37676.94,0.3276,3.9092,3.8976,0.0151,3.9245,before,0.4121,3.9322,27545398.0
3.9322,20111031,-0.02,600004.SSE,19870.36,0.1728,3.9245,3.89,0.0109,3.9168,before,-0.2736,3.9245,14462081.0
3.9437,20111101,0.0,600004.SSE,25456.83,0.2214,3.9168,3.8708,0.0178,3.9168,before,0.0,3.8938,18575037.0
3.9629,20111102,0.08,600004.SSE,29973.27,0.2606,3.9168,3.867,0.0247,3.9589999999999996,before,1.0974,3.89,21840505.0
4.0281,20111103,0.04,600004.SSE,81796.53,0.7113,3.9589999999999996,3.9437,0.0217,3.9782,before,0.5427,3.9589999999999996,60860304.0
4.0127,20111104,-0.01,600004.SSE,47283.31,0.4112,3.9782,3.9514,0.0148,3.9744,before,-0.135,3.9897,34991244.0
3.9859,20111107,-0.09,600004.SSE,28504.19,0.2479,3.9744,3.9245,0.0149,3.9245,before,-1.2162,3.9782,20983420.0
3.9475,20111108,-0.03,600004.SSE,26892.78,0.2339,3.9245,3.8938,0.0137,3.9092,before,-0.4104,3.9245,19636415.0
3.9514,20111109,0.08,600004.SSE,25637.02,0.2229,3.9092,3.8938,0.0151,3.9514,before,1.0989,3.9207,18727740.0
3.9322,20111110,-0.1,600004.SSE,28433.9,0.2473,3.9514,3.8938,0.0095,3.8976,before,-1.3587,3.9322,20692897.0
3.9245,20111111,0.0,600004.SSE,22859.28,0.1988,3.8976,3.8785,0.0124,3.8976,before,0.0,3.9053,16600793.0
3.9589999999999996,20111114,0.08,600004.SSE,36904.27,0.3209,3.8976,3.9168,0.011000000000000001,3.9437,before,1.1019,3.9168,27098335.0
3.9744,20111115,0.04,600004.SSE,30423.95,0.2646,3.9437,3.9322,0.0109,3.9629,before,0.545,3.9437,22405449.0
3.9705,20111116,-0.18,600004.SSE,38554.82,0.3353,3.9629,3.8516,0.0298,3.867,before,-2.439,3.9629,27967998.0
3.8823,20111117,-0.07,600004.SSE,34909.44,0.3036,3.867,3.8286,0.0139,3.8286,before,-0.9722,3.8631,25012114.0
3.8363,20111118,-0.04,600004.SSE,28772.25,0.2502,3.8286,3.7749,0.0154,3.8094,before,-0.561,3.8286,20365718.0
3.8171,20111121,0.02,600004.SSE,17425.58,0.1515,3.8094,3.7749,0.0113,3.8171,before,0.2821,3.8094,12313647.0
3.8133,20111122,-0.02,600004.SSE,14328.58,0.1246,3.8171,3.7826,0.0084,3.8094,before,-0.2813,3.8017,10129266.0
3.8248,20111123,-0.05,600004.SSE,18086.45,0.1573,3.8094,3.7711,0.0141,3.7826,before,-0.7052,3.8094,12758138.0
3.7979,20111124,0.01,600004.SSE,15230.82,0.1324,3.7826,3.7595,0.0099,3.7864,before,0.142,3.7634,10701111.0
3.7979,20111125,-0.03,600004.SSE,13116.11,0.1141,3.7864,3.7595,0.0099,3.7711,before,-0.4255,3.7711,9208010.0
3.7979,20111128,0.04,600004.SSE,20315.67,0.1767,3.7711,3.7634,0.0085,3.7902,before,0.5698,3.7711,14314471.0
3.8248,20111129,0.05,600004.SSE,18496.86,0.1608,3.7902,3.7902,0.0085,3.8171,before,0.7082,3.8017,13111936.0
3.8171,20111130,-0.22,600004.SSE,38596.71,0.3356,3.8171,3.679,0.0366,3.702,before,-3.0942,3.8171,26890440.0
3.7979,20111201,0.11,600004.SSE,39748.93,0.3456,3.702,3.7442,0.0145,3.7595,before,1.5965,3.7749,27884751.0
3.7595,20111202,-0.08,600004.SSE,16998.31,0.1478,3.7595,3.7058,0.0143,3.7173,before,-1.1429,3.7365,11782756.0
3.7365,20111205,-0.07,600004.SSE,14061.37,0.1223,3.7173,3.6675,0.0188,3.679,before,-1.0116,3.7365,9656790.0
3.6943,20111206,0.01,600004.SSE,13053.17,0.1135,3.679,3.6521,0.0117,3.6828,before,0.146,3.679,8911392.0
3.6943,20111207,-0.02,600004.SSE,9832.76,0.0855,3.6828,3.6483,0.0131,3.6751,before,-0.2915,3.6828,6726792.0
3.6905,20111208,-0.02,600004.SSE,11830.04,0.1029,3.6751,3.6253,0.0175,3.6636,before,-0.2924,3.6751,8064409.0
3.679,20111209,-0.01,600004.SSE,13131.58,0.1142,3.6636,3.6406,0.0103,3.656,before,-0.1466,3.6636,8938482.0
3.679,20111212,-0.06,600004.SSE,23400.3,0.2035,3.656,3.6099,0.0191,3.6253,before,-0.8811,3.6751,15810715.0
3.6253,20111213,-0.15,600004.SSE,30961.73,0.2692,3.6253,3.5332,0.0252,3.5447,before,-2.2222,3.6138,20618495.0
3.5447,20111214,-0.1,600004.SSE,46585.95,0.4051,3.5447,3.4642,0.0227,3.491,before,-1.5152,3.5447,30347326.0
3.5025,20111215,-0.1,600004.SSE,31827.37,0.2768,3.491,3.4335,0.02,3.4373,before,-1.5385,3.4757,20528949.0
3.514,20111216,0.08,600004.SSE,30578.51,0.2659,3.4373,3.4104,0.0297,3.4795,before,1.25,3.4411,19643089.0
3.468,20111219,-0.09,600004.SSE,50634.57,0.4403,3.4795,3.3798,0.0262,3.4335,before,-1.3889,3.468,32133907.0
3.4642,20111220,-0.03,600004.SSE,26927.98,0.2342,3.4335,3.4066,0.0172,3.4143,before,-0.4695,3.4143,17205060.0
3.4526,20111221,-0.06,600004.SSE,50011.68,0.4349,3.4143,3.3798,0.022000000000000002,3.3836,before,-0.9434,3.4411,31671002.0
3.3874,20111222,-0.08,600004.SSE,31628.86,0.275,3.3836,3.3069,0.0238,3.3414,before,-1.2698,3.3682,19658037.0
3.3836,20111223,-0.01,600004.SSE,40301.43,0.3504,3.3414,3.3069,0.0225,3.3337,before,-0.1608,3.3529,25070657.0
3.3529,20111226,0.01,600004.SSE,19998.94,0.1739,3.3337,3.326,0.0081,3.3414,before,0.161,3.3452,12430077.0
3.3414,20111227,-0.08,600004.SSE,26417.8,0.2297,3.3414,3.2915,0.0145,3.2992,before,-1.2862,3.3414,16329865.0
3.303,20111228,-0.01,600004.SSE,30441.77,0.2647,3.2992,3.2608,0.013000000000000001,3.2915,before,-0.1629,3.2915,18598128.0
3.303,20111229,-0.01,600004.SSE,23521.75,0.2045,3.2915,3.2762,0.0082,3.2877,before,-0.1631,3.2877,14401059.0
3.3414,20111230,0.07,600004.SSE,40176.19,0.3494,3.2877,3.28,0.018000000000000002,3.326,before,1.1438,3.2915,24801094.0
3.3836,20120104,0.03,600004.SSE,56636.67,0.4925,3.326,3.326,0.0178,3.3414,before,0.4847,3.3414,35403651.0
3.3606,20120105,-0.08,600004.SSE,56304.93,0.4896,3.3414,3.2762,0.0257,3.2992,before,-1.2862,3.3184,34765974.0
3.3606,20120106,0.07,600004.SSE,49004.7,0.4261,3.2992,3.2992,0.0195,3.3337,before,1.1401,3.3069,30349775.0
3.4219999999999997,20120109,0.12,600004.SSE,44773.48,0.3893,3.3337,3.3337,0.0258,3.3989,before,1.9324,3.3452,28212714.0
3.4795,20120110,0.13,600004.SSE,75009.1,0.6523,3.3989,3.3874,0.0269,3.468,before,2.0537,3.4104,47996945.0
3.4757,20120111,-0.08,600004.SSE,44266.01,0.3849,3.468,3.4219999999999997,0.0155,3.4258,before,-1.2384,3.4526,28390842.0
3.4603,20120112,0.0,600004.SSE,21815.52,0.1897,3.4258,3.4104,0.0141,3.4258,before,0.0,3.4104,13956227.0
3.4373,20120113,-0.08,600004.SSE,35402.74,0.3078,3.4258,3.3567,0.0235,3.3836,before,-1.2539,3.4335,22320373.0
3.4143,20120116,0.01,600004.SSE,30999.66,0.2696,3.3836,3.3452,0.0206,3.3874,before,0.1587,3.3606,19574012.0
3.5025,20120117,0.2,600004.SSE,57549.76,0.5004,3.3874,3.3606,0.0412,3.4948,before,3.1696,3.3951,36878608.0
3.514,20120118,-0.05,600004.SSE,42950.35,0.3735,3.4948,3.4526,0.0169,3.468,before,-0.768,3.491,27798322.0
3.5294,20120119,0.08,600004.SSE,49436.11,0.4299,3.468,3.4411,0.0248,3.514,before,1.2384,3.468,32289087.0
3.5677,20120120,0.03,600004.SSE,47464.83,0.4127,3.514,3.4948,0.0199,3.5294,before,0.4587,3.514,31213088.0
3.5409,20120130,-0.06,600004.SSE,37053.88,0.3222,3.5294,3.4872,0.0152,3.4948,before,-0.9132,3.5332,24227816.0
3.5025,20120131,-0.05,600004.SSE,22942.67,0.1995,3.4948,3.4488,0.0154,3.468,before,-0.768,3.4948,14804617.0
3.4872,20120201,-0.06,600004.SSE,13781.62,0.1198,3.468,3.4258,0.017,3.4373,before,-0.9288,3.4642,8876614.0
3.5025,20120202,0.1,600004.SSE,29996.87,0.2608,3.4373,3.4258,0.0219,3.491,before,1.5625,3.4373,19326450.0
3.5447,20120203,0.05,600004.SSE,48228.54,0.4194,3.491,3.4603,0.0246,3.5179,before,0.7692,3.4795,31502952.0
3.5294,20120206,0.01,600004.SSE,22288.39,0.1938,3.5179,3.5025,0.0076,3.5217,before,0.1527,3.514,14587207.0
3.514,20120207,-0.13,600004.SSE,16781.22,0.1459,3.5217,3.4488,0.0183,3.4526,before,-1.9817,3.5063,10840368.0
3.5294,20120208,0.13,600004.SSE,27472.45,0.2389,3.4526,3.4488,0.0233,3.5217,before,2.0218,3.4526,17915681.0
3.5332,20120209,-0.01,600004.SSE,22717.06,0.1975,3.5217,3.5063,0.0076,3.5179,before,-0.1524,3.5217,14896119.0
3.5409,20120210,0.01,600004.SSE,29028.81,0.2524,3.5179,3.4948,0.0122,3.5217,before,0.1527,3.5179,19047152.0
3.5485,20120213,-0.03,600004.SSE,32677.24,0.2841,3.5217,3.4948,0.0152,3.5063,before,-0.4573,3.5063,21430769.0
3.5294,20120214,0.0,600004.SSE,22154.91,0.1927,3.5063,3.491,0.0107,3.5063,before,0.0,3.514,14453307.0
3.5754,20120215,0.11,600004.SSE,45548.32,0.3961,3.5063,3.4948,0.023,3.5677,before,1.6845,3.5063,30109872.0
3.5754,20120216,-0.02,600004.SSE,23928.31,0.2081,3.5677,3.5294,0.0136,3.5562,before,-0.3012,3.5601,15827020.0
3.5716,20120217,-0.04,600004.SSE,26915.5,0.23399999999999999,3.5562,3.5294,0.0121,3.5332,before,-0.6042,3.5716,17747208.0
3.5677,20120220,0.01,600004.SSE,35434.06,0.3081,3.5332,3.5294,0.0106,3.5409,before,0.152,3.5601,23386558.0
3.5562,20120221,0.03,600004.SSE,21663.59,0.1884,3.5409,3.514,0.0121,3.5562,before,0.4552,3.5332,14249595.0
3.6023,20120222,0.08,600004.SSE,46627.95,0.4055,3.5562,3.5409,0.0181,3.5984,before,1.2085,3.5677,31055890.0
3.6214,20120223,0.0,600004.SSE,30781.38,0.2677,3.5984,3.5754,0.0119,3.5984,before,0.0,3.5946,20601845.0
3.6636,20120224,0.1,600004.SSE,74995.01,0.6521,3.5984,3.5869,0.0209,3.6521,before,1.4925,3.5984,50643250.0
3.7327,20120227,0.04,600004.SSE,109775.53,0.9546,3.6521,3.6483,0.0235,3.6751,before,0.5882,3.6636,75493102.0
3.6828,20120228,-0.03,600004.SSE,43997.69,0.3826,3.6751,3.6291,0.0146,3.656,before,-0.4386,3.656,29991245.0
3.6905,20120229,-0.04,600004.SSE,35703.8,0.3105,3.656,3.6368,0.0147,3.6368,before,-0.5874,3.6636,24338568.0
3.656,20120301,0.01,600004.SSE,25130.11,0.2185,3.6368,3.6214,0.0103,3.6406,before,0.1477,3.6253,17014533.0
3.6943,20120302,0.08,600004.SSE,40685.75,0.3538,3.6406,3.6368,0.0162,3.6828,before,1.1799,3.6368,27861123.0
3.7058,20120305,-0.03,600004.SSE,35080.08,0.305,3.6828,3.656,0.0131,3.6675,before,-0.4373,3.6905,24045784.0
3.6751,20120306,-0.08,600004.SSE,30957.01,0.2692,3.6675,3.6138,0.0161,3.6253,before,-1.1713,3.6675,20942061.0
3.6253,20120307,-0.03,600004.SSE,22756.77,0.1979,3.6253,3.5831,0.0119,3.6099,before,-0.4444,3.5984,15285730.0
3.6636,20120308,0.05,600004.SSE,34384.11,0.299,3.6099,3.6023,0.0164,3.6368,before,0.7440000000000001,3.6138,23262643.0
3.6828,20120309,0.07,600004.SSE,34430.16,0.2994,3.6368,3.6291,0.0148,3.6751,before,1.034,3.6406,23488520.0
3.6943,20120312,-0.01,600004.SSE,33386.48,0.2903,3.6751,3.6406,0.0146,3.6675,before,-0.1462,3.6828,22801181.0
3.7097,20120313,0.07,600004.SSE,39810.15,0.3462,3.6675,3.6521,0.0161,3.7058,before,1.0249,3.6675,27361148.0
3.7289,20120314,-0.19,600004.SSE,63005.0,0.5479,3.7058,3.5677,0.0435,3.6023,before,-2.7536,3.7173,43027982.0
3.6751,20120315,0.03,600004.SSE,74731.47,0.6498,3.6023,3.6138,0.0164,3.6214,before,0.4471,3.6521,50653720.0
3.7864,20120316,0.26,600004.SSE,102631.48,0.8924,3.6214,3.6253,0.0445,3.7595,before,3.8576,3.6368,70824305.0
3.7864,20120319,0.02,600004.SSE,61969.86,0.5389,3.7595,3.7365,0.0129,3.7711,before,0.2857,3.7557,43397221.0
3.7634,20120320,-0.12,600004.SSE,51976.3,0.452,3.7711,3.6943,0.0185,3.7058,before,-1.7094,3.7634,35958076.0
3.7864,20120321,0.12,600004.SSE,81250.61,0.7065,3.7058,3.7058,0.0217,3.7711,before,1.7391,3.7058,56796318.0
3.8133,20120322,-0.02,600004.SSE,45926.23,0.3994,3.7711,3.7442,0.0185,3.7595,before,-0.2849,3.7634,32301021.0
3.7595,20120323,-0.04,600004.SSE,48841.3,0.4247,3.7595,3.7173,0.0114,3.7365,before,-0.5714,3.748,33911751.0
3.7634,20120326,0.0,600004.SSE,22686.62,0.1973,3.7365,3.7173,0.0129,3.7365,before,0.0,3.748,15793299.0
3.7864,20120327,-0.01,600004.SSE,30519.45,0.2654,3.7365,3.7327,0.0144,3.7327,before,-0.1437,3.7365,21363310.0
3.7327,20120328,-0.16,600004.SSE,59029.27,0.5133,3.7327,3.6406,0.0245,3.6483,before,-2.3022,3.7289,40478538.0
3.6751,20120329,-0.12,600004.SSE,42898.32,0.373,3.6483,3.5716,0.027999999999999997,3.5831,before,-1.7673,3.6368,28776546.0
3.6253,20120330,0.07,600004.SSE,23402.89,0.2035,3.5831,3.5869,0.0105,3.6214,before,1.0495,3.5869,15714189.0
3.7097,20120405,0.16,600004.SSE,32715.15,0.2845,3.6214,3.6023,0.0297,3.7058,before,2.3739,3.6253,22406182.0
3.7212,20120406,-0.02,600004.SSE,20869.3,0.1815,3.7058,3.679,0.0116,3.6943,before,-0.2899,3.7058,14381185.0
3.7365,20120409,0.0,600004.SSE,27236.8,0.2368,3.6943,3.679,0.016,3.6943,before,0.0,3.6943,18863144.0
3.7442,20120410,0.08,600004.SSE,25616.17,0.2227,3.6943,3.6406,0.0276,3.7365,before,1.1628,3.679,17621092.0
3.8017,20120411,0.06,600004.SSE,44254.84,0.3848,3.7365,3.702,0.0273,3.7711,before,0.8621,3.7097,31086503.0
3.8017,20120412,0.06,600004.SSE,41970.84,0.365,3.7711,3.7595,0.0114,3.8017,before,0.8547,3.7749,29574764.0
3.8248,20120413,-0.01,600004.SSE,30886.67,0.2686,3.8017,3.7826,0.0113,3.7979,before,-0.1412,3.7979,21884160.0
3.8017,20120416,-0.06,600004.SSE,20997.1,0.1826,3.7979,3.7634,0.0099,3.7634,before,-0.8487,3.7826,14782233.0
3.7826,20120417,-0.05,600004.SSE,24341.35,0.2117,3.7634,3.7097,0.0185,3.7365,before,-0.7133,3.7634,16984663.0
3.8171,20120418,0.14,600004.SSE,52579.86,0.4572,3.7365,3.7327,0.023,3.8133,before,2.0115,3.7365,37066673.0
3.8363,20120419,0.02,600004.SSE,43344.9,0.3769,3.8133,3.7826,0.0141,3.8248,before,0.2817,3.8133,30723192.0
3.8363,20120420,-0.03,600004.SSE,43868.72,0.3815,3.8248,3.7864,0.0126,3.8094,before,-0.4213,3.8171,31123029.0
3.8286,20120423,-0.03,600004.SSE,32583.71,0.2833,3.8094,3.7864,0.0113,3.7902,before,-0.4231,3.8094,23070915.0
3.8286,20120424,0.02,600004.SSE,40643.4,0.3534,3.7902,3.7365,0.0241,3.8017,before,0.2833,3.7749,28613105.0
3.8286,20120425,0.04,600004.SSE,37371.99,0.325,3.8017,3.7826,0.0127,3.8248,before,0.565,3.7979,26529791.0
3.8363,20120426,-0.04,600004.SSE,18692.69,0.1625,3.8248,3.7902,0.0112,3.8017,before,-0.5618,3.8248,13256241.0
3.8248,20120427,-0.02,600004.SSE,16692.63,0.1452,3.8017,3.7595,0.0169,3.7902,before,-0.2825,3.8133,11790356.0
3.8976,20120502,0.14,600004.SSE,74324.76,0.6463,3.7902,3.8248,0.0198,3.867,before,1.983,3.8248,53538940.0
3.8823,20120503,0.02,600004.SSE,30535.61,0.2655,3.867,3.8516,0.0083,3.8785,before,0.2778,3.8554,21988486.0
3.9589999999999996,20120504,0.11,600004.SSE,69405.81,0.6035,3.8785,3.8554,0.0263,3.9360000000000004,before,1.5235,3.8554,50682695.0
4.0549,20120507,0.11,600004.SSE,69285.21,0.6025,3.9360000000000004,3.9092,0.0368,3.9974,before,1.5007,3.9092,51509254.0
4.0127,20120508,-0.05,600004.SSE,40189.4,0.3495,3.9974,3.9589999999999996,0.0134,3.9705,before,-0.672,3.9974,29810059.0
3.9629,20120509,-0.14,600004.SSE,43222.61,0.3758,3.9705,3.8785,0.0217,3.8938,before,-1.8945,3.9514,31489866.0
3.9437,20120510,0.05,600004.SSE,18124.68,0.1576,3.8938,3.8938,0.0124,3.9207,before,0.6897,3.8938,13232815.0
3.9360000000000004,20120511,-0.01,600004.SSE,13263.38,0.1153,3.9207,3.8976,0.0096,3.9168,before,-0.13699999999999998,3.9092,9671851.0
3.9475,20120514,0.03,600004.SSE,20691.14,0.1799,3.9168,3.9053,0.011000000000000001,3.9322,before,0.4115,3.9437,15137526.0
3.9475,20120515,-0.01,600004.SSE,32828.84,0.2855,3.9322,3.8554,0.0232,3.9245,before,-0.1366,3.9053,23748086.0
3.9322,20120516,-0.08,600004.SSE,19304.71,0.1679,3.9245,3.867,0.0164,3.8823,before,-1.0944,3.9053,14019717.0
3.9705,20120517,0.15,600004.SSE,32169.99,0.2797,3.8823,3.8708,0.0249,3.9629,before,2.0747,3.8938,23568433.0
3.9897,20120518,-0.1,600004.SSE,40121.59,0.3489,3.9629,3.8938,0.0244,3.9092,before,-1.355,3.9360000000000004,29419534.0
3.9168,20120521,-0.13,600004.SSE,33611.76,0.2923,3.9092,3.8363,0.0206,3.8401,before,-1.7857,3.8976,24180801.0
3.9053,20120522,0.08,600004.SSE,20484.0,0.1781,3.8401,3.8554,0.0126,3.8823,before,1.1189,3.8631,14794366.0
3.8976,20120523,-0.07,600004.SSE,20432.94,0.1777,3.8823,3.8363,0.0166,3.8439,before,-0.9682,3.89,14678858.0
3.8631,20120524,-0.06,600004.SSE,35786.95,0.3112,3.8439,3.7902,0.0182,3.8133,before,-0.838,3.8401,25460667.0
3.8171,20120525,-0.06,600004.SSE,31947.12,0.2778,3.8133,3.7557,0.0169,3.7826,before,-0.8451,3.8133,22513347.0
3.8248,20120528,0.07,600004.SSE,18757.98,0.1631,3.7826,3.7442,0.0213,3.8171,before,0.9943,3.7749,13227625.0
3.8554,20120529,0.07,600004.SSE,27558.45,0.2396,3.8171,3.8094,0.0127,3.8554,before,0.9845,3.8286,19679710.0
3.8554,20120530,-0.06,600004.SSE,18219.74,0.1584,3.8554,3.8171,0.0097,3.8248,before,-0.8357,3.8554,13003119.0
3.8248,20120531,-0.03,600004.SSE,24079.15,0.2094,3.8248,3.7711,0.013999999999999999,3.8094,before,-0.4213,3.8133,17020464.0
3.8401,20120601,-0.01,600004.SSE,20904.32,0.1818,3.8094,3.7826,0.0155,3.8017,before,-0.141,3.8094,14828141.0
3.7826,20120604,-0.21,600004.SSE,32719.12,0.2845,3.8017,3.6905,0.024,3.6905,before,-2.9661,3.7826,22729099.0
3.7749,20120605,0.04,600004.SSE,29074.54,0.2528,3.6905,3.679,0.0262,3.7097,before,0.5822,3.7097,20163459.0
3.7365,20120606,0.01,600004.SSE,10716.15,0.0932,3.7097,3.7058,0.0087,3.7173,before,0.1447,3.7097,7424761.0
3.7634,20120607,-0.06,600004.SSE,29360.86,0.2553,3.7173,3.6483,0.0318,3.6828,before,-0.8671,3.7442,20223162.0
3.7212,20120608,0.04,600004.SSE,19301.57,0.1678,3.6828,3.6828,0.0102,3.7058,before,0.5831,3.7058,13312965.0
3.7365,20120611,0.05,600004.SSE,12148.86,0.1056,3.7058,3.6943,0.0116,3.7327,before,0.7246,3.7058,8412201.0
3.7289,20120612,-0.05,600004.SSE,23203.73,0.2018,3.7327,3.6521,0.0201,3.7058,before,-0.7194,3.7289,15892339.0
3.748,20120613,0.07,600004.SSE,22386.83,0.1947,3.7058,3.6905,0.0159,3.7442,before,1.0145,3.7058,15540954.0
3.748,20120614,-0.03,600004.SSE,12220.78,0.1063,3.7442,3.7212,0.0072,3.7289,before,-0.4304,3.7442,8506356.0
3.7557,20120615,0.01,600004.SSE,9577.77,0.0833,3.7289,3.7058,0.013000000000000001,3.7327,before,0.1441,3.7289,6655683.0
3.7711,20120618,0.05,600004.SSE,13143.36,0.1143,3.7327,3.7365,0.0086,3.7595,before,0.7194,3.748,9200702.0
3.7595,20120619,-0.09,600004.SSE,15131.48,0.1316,3.7595,3.6905,0.0186,3.7097,before,-1.2857,3.748,10479502.0
3.7212,20120620,-0.02,600004.SSE,14852.72,0.1292,3.7097,3.702,0.0058,3.702,before,-0.2894,3.7097,10257206.0
3.7173,20120621,-0.04,600004.SSE,13080.42,0.1137,3.702,3.6751,0.0116,3.679,before,-0.5806,3.6943,8968386.0
3.6521,20120626,-0.06,600004.SSE,20446.37,0.1778,3.679,3.6099,0.0117,3.6483,before,-0.8759,3.6368,13820415.0
3.6675,20120627,0.0,600004.SSE,10030.6,0.0872,3.6483,3.6291,0.0103,3.6483,before,0.0,3.6521,6820285.0
3.6751,20120628,-0.03,600004.SSE,14359.94,0.1249,3.6483,3.6291,0.0118,3.6291,before,-0.4418,3.6636,9767811.0
3.6751,20120629,0.05,600004.SSE,15047.61,0.1308,3.6291,3.6291,0.0118,3.656,before,0.7396,3.6291,10242832.0
3.6943,20120702,0.04,600004.SSE,14373.76,0.125,3.656,3.6521,0.0117,3.679,before,0.5874,3.6675,9837997.0
3.7097,20120703,0.05,600004.SSE,11531.34,0.1003,3.679,3.6675,0.0117,3.7058,before,0.7299,3.6828,7938892.0
3.748,20120704,0.07,600004.SSE,19887.78,0.1729,3.7058,3.6943,0.0145,3.7442,before,1.0145,3.7097,13799448.0
3.7442,20120705,-0.11,600004.SSE,12322.53,0.1072,3.7442,3.679,0.0172,3.6828,before,-1.5782,3.7442,8479818.0
3.7327,20120706,0.09,600004.SSE,14710.83,0.1279,3.6828,3.679,0.0146,3.7327,before,1.3119999999999998,3.6828,10148725.0
3.7212,20120709,-0.14,600004.SSE,13031.66,0.1133,3.7327,3.656,0.0173,3.656,before,-2.0144,3.7173,8948959.0
3.656,20120710,-0.03,600004.SSE,13837.38,0.1203,3.656,3.6099,0.0132,3.6406,before,-0.4405,3.6521,9359305.0
3.6521,20120711,0.01,600004.SSE,11727.54,0.102,3.6406,3.6214,0.0088,3.6483,before,0.1475,3.6368,7939964.0
3.679,20120712,0.02,600004.SSE,14160.39,0.1231,3.6483,3.6138,0.0177,3.656,before,0.2946,3.6406,9610781.0
3.6828,20120713,0.01,600004.SSE,9985.34,0.0868,3.656,3.6483,0.0103,3.6636,before,0.1468,3.6521,6819567.0
3.6521,20120716,-0.12,600004.SSE,17219.52,0.1497,3.6636,3.5946,0.0161,3.5984,before,-1.7595,3.6521,11624268.0
3.6099,20120717,-0.07,600004.SSE,29931.63,0.2603,3.5984,3.491,0.0328,3.5601,before,-1.0448,3.5984,19813793.0
3.5754,20120718,0.02,600004.SSE,12626.01,0.1098,3.5601,3.5217,0.0151,3.5716,before,0.3017,3.5562,8329696.0
3.6905,20120719,0.21,600004.SSE,32562.48,0.2832,3.5716,3.5946,0.0271,3.6828,before,3.1579,3.6099,22140311.0
3.6943,20120720,-0.02,600004.SSE,14693.11,0.1278,3.6828,3.6636,0.0087,3.6751,before,-0.2915,3.6828,10068317.0
3.7173,20120723,-0.01,600004.SSE,28729.92,0.2498,3.6751,3.6636,0.0146,3.6675,before,-0.1462,3.679,19712891.0
3.6943,20120724,0.01,600004.SSE,38869.39,0.33799999999999997,3.6675,3.6483,0.0132,3.6751,before,0.1464,3.6483,26554045.0
3.6675,20120725,-0.14,600004.SSE,19771.02,0.1719,3.6751,3.5946,0.02,3.5946,before,-2.1572,3.6675,12623064.0
3.6099,20120726,-0.12,600004.SSE,30760.1,0.2675,3.5946,3.5217,0.0252,3.5255,before,-1.8898,3.5831,19275565.0
3.5716,20120727,0.08,600004.SSE,15685.59,0.1364,3.5255,3.537,0.0096,3.5716,before,1.2841,3.537,9865579.0
3.5792,20120730,-0.04,600004.SSE,7752.78,0.0674,3.5716,3.5447,0.0095,3.5485,before,-0.6339,3.5792,4867394.0
3.5716,20120731,0.0,600004.SSE,17118.85,0.1489,3.5485,3.537,0.0096,3.5485,before,0.0,3.5601,10755302.0
3.5907,20120801,0.05,600004.SSE,10549.29,0.0917,3.5485,3.5447,0.0128,3.5792,before,0.7974,3.5447,6655186.0
3.5907,20120802,-0.05,600004.SSE,6946.6,0.0604,3.5792,3.5485,0.0111,3.5485,before,-0.7911,3.5792,4378682.0
3.5792,20120803,0.05,600004.SSE,9630.59,0.0837,3.5485,3.5485,0.008,3.5792,before,0.7974,3.5601,6067190.0
3.6214,20120806,0.08,600004.SSE,13893.15,0.1208,3.5792,3.5485,0.0206,3.6214,before,1.2658,3.5677,8826041.0
3.6675,20120807,0.05,600004.SSE,15326.92,0.1333,3.6214,3.5984,0.0188,3.6521,before,0.7813,3.6099,9860178.0
3.679,20120808,0.0,600004.SSE,13432.28,0.1168,3.6521,3.6329,0.0124,3.6521,before,0.0,3.656,8681679.0
3.6867,20120809,0.04,600004.SSE,28930.23,0.2516,3.6521,3.6061,0.0217,3.6751,before,0.6202,3.6521,18660098.0
3.679,20120810,0.0,600004.SSE,10887.73,0.0947,3.6751,3.6445,0.0092,3.6751,before,0.0,3.6675,7051937.0
3.6675,20120813,-0.13,600004.SSE,11321.9,0.0985,3.6751,3.5946,0.02,3.5984,before,-2.0031,3.6675,7242015.0
3.6291,20120814,0.04,600004.SSE,14020.76,0.1219,3.5984,3.5946,0.0094,3.6214,before,0.6289,3.5984,8954196.0
3.6291,20120815,-0.05,600004.SSE,6923.98,0.0602,3.6214,3.5907,0.0109,3.5946,before,-0.7813,3.6214,4409264.0
3.6099,20120816,-0.02,600004.SSE,5831.96,0.0507,3.5946,3.5792,0.0094,3.5831,before,-0.315,3.6061,3701710.0
3.6214,20120817,0.02,600004.SSE,8469.11,0.0736,3.5831,3.5831,0.0111,3.5946,before,0.316,3.5984,5390028.0
3.5946,20120820,0.0,600004.SSE,6775.43,0.0589,3.5946,3.5601,0.0094,3.5946,before,0.0,3.5946,4286537.0
3.6291,20120821,0.04,600004.SSE,12780.11,0.1111,3.5946,3.5562,0.0205,3.6176,before,0.6299,3.5907,8115183.0
3.6329,20120822,-0.03,600004.SSE,8583.0,0.0746,3.6176,3.5946,0.011000000000000001,3.5984,before,-0.4695,3.6099,5484648.0
3.6176,20120823,-0.01,600004.SSE,18244.53,0.1586,3.5984,3.5792,0.011000000000000001,3.5946,before,-0.1572,3.6061,11594216.0
3.6176,20120824,-0.07,600004.SSE,16313.05,0.1419,3.5946,3.5562,0.0173,3.5562,before,-1.1024,3.5831,10315413.0
3.5562,20120827,-0.13,600004.SSE,26156.28,0.2274,3.5562,3.4757,0.0223,3.4795,before,-2.0701,3.5562,16195724.0
3.5562,20120828,0.08,600004.SSE,11943.4,0.1039,3.4795,3.4757,0.0228,3.5255,before,1.3008,3.491,7409058.0
3.679,20120829,0.12,600004.SSE,70781.27,0.6155,3.5255,3.5447,0.0385,3.5946,before,1.9262,3.5447,45317168.0
3.6291,20120830,0.01,600004.SSE,22131.14,0.1924,3.5946,3.5792,0.0142,3.5984,before,0.1575,3.6099,14096328.0
3.6905,20120831,0.11,600004.SSE,34536.81,0.3003,3.5984,3.5984,0.0252,3.6636,before,1.7296,3.6176,22371560.0
3.7097,20120903,0.03,600004.SSE,17981.15,0.1564,3.6636,3.6329,0.0201,3.679,before,0.4637,3.656,11684315.0
3.6982,20120904,-0.11,600004.SSE,20418.91,0.1776,3.679,3.6061,0.0246,3.6176,before,-1.6923,3.679,13160592.0
3.679,20120905,0.06,600004.SSE,11118.34,0.0967,3.6176,3.5984,0.0219,3.6521,before,0.9390000000000001,3.6061,7162654.0
3.7135,20120906,0.07,600004.SSE,23492.38,0.2043,3.6521,3.6521,0.0171,3.6905,before,1.0853,3.6521,15356159.0
3.7979,20120907,0.14,600004.SSE,59319.39,0.5158,3.6905,3.6905,0.0291,3.7711,before,2.1472,3.7173,39493739.0
3.7826,20120910,-0.03,600004.SSE,24973.04,0.2172,3.7711,3.7289,0.0135,3.7519,before,-0.4505,3.7711,16542468.0
3.7634,20120911,-0.04,600004.SSE,18964.99,0.1649,3.7519,3.7097,0.0151,3.7289,before,-0.6033,3.7634,12475655.0
3.7711,20120912,0.03,600004.SSE,14169.32,0.1232,3.7289,3.7135,0.0152,3.748,before,0.4552,3.748,9365737.0
3.7711,20120913,-0.04,600004.SSE,14628.16,0.1272,3.748,3.7135,0.0151,3.725,before,-0.6042,3.7404,9691419.0
3.7864,20120914,0.05,600004.SSE,30063.74,0.2614,3.725,3.7289,0.0152,3.7519,before,0.7599,3.7404,19988954.0
3.7634,20120917,-0.16,600004.SSE,24987.62,0.2173,3.7519,3.6521,0.0302,3.6636,before,-2.4133,3.7519,16332155.0
3.6867,20120918,0.01,600004.SSE,8987.37,0.0782,3.6636,3.6406,0.0124,3.6675,before,0.1546,3.6445,5810451.0
3.7097,20120919,0.07,600004.SSE,8787.75,0.0764,3.6675,3.6636,0.0123,3.7097,before,1.0802,3.6675,5733120.0
3.7135,20120920,-0.08,600004.SSE,11957.39,0.10400000000000001,3.7097,3.6521,0.0168,3.6636,before,-1.2214,3.7097,7776636.0
3.679,20120921,-0.06,600004.SSE,14228.0,0.1237,3.6636,3.6176,0.017,3.6291,before,-0.9274,3.6636,9178056.0
3.6982,20120924,0.09,600004.SSE,12984.37,0.1129,3.6291,3.5984,0.0265,3.679,before,1.4041,3.6176,8375430.0
3.6751,20120925,-0.03,600004.SSE,9657.9,0.084,3.679,3.6214,0.0138,3.6636,before,-0.4615,3.6675,6236128.0
3.6751,20120926,-0.06,600004.SSE,10712.08,0.0931,3.6636,3.6214,0.0139,3.6291,before,-0.9274,3.6406,6889122.0
3.7097,20120927,0.11,600004.SSE,13270.26,0.1154,3.6291,3.6291,0.0218,3.6905,before,1.7161,3.6291,8612375.0
3.8209,20120928,0.23,600004.SSE,57762.69,0.5023,3.6905,3.6751,0.0399,3.8209,before,3.5276,3.6751,38553999.0
3.8248,20121008,-0.06,600004.SSE,19262.7,0.1675,3.8209,3.7826,0.0119,3.7864,before,-0.8889,3.8094,12939495.0
3.867,20121009,0.12,600004.SSE,28543.07,0.2482,3.7864,3.7941,0.0194,3.8554,before,1.7937,3.7941,19379727.0
3.8439,20121010,-0.07,600004.SSE,16788.73,0.146,3.8554,3.8056,0.0103,3.8171,before,-1.0279,3.8363,11324562.0
3.8478,20121011,0.01,600004.SSE,16545.25,0.1439,3.8171,3.8094,0.0104,3.8209,before,0.1484,3.8094,11192356.0
3.867,20121012,0.04,600004.SSE,14942.0,0.1299,3.8209,3.8209,0.0119,3.8439,before,0.5926,3.8324,10153386.0
3.8708,20121015,-0.03,600004.SSE,16832.16,0.1464,3.8439,3.8171,0.0147,3.8248,before,-0.4418,3.8324,11413428.0
3.8938,20121016,0.08,600004.SSE,25070.48,0.218,3.8248,3.8248,0.0178,3.8708,before,1.1834,3.8248,17147237.0
3.8938,20121017,0.02,600004.SSE,17501.13,0.1522,3.8708,3.8593,0.0088,3.8823,before,0.2924,3.8708,11995928.0
3.9015,20121018,0.02,600004.SSE,25059.06,0.2179,3.8823,3.8708,0.0073,3.8938,before,0.2915,3.8823,17212095.0
3.9130000000000003,20121019,-0.09,600004.SSE,24612.81,0.214,3.8938,3.8363,0.0189,3.8439,before,-1.3081,3.8938,16890081.0
3.8554,20121022,-0.01,600004.SSE,9550.54,0.083,3.8439,3.8171,0.0103,3.8363,before,-0.1473,3.8439,6468035.0
3.8439,20121023,-0.06,600004.SSE,17536.82,0.1525,3.8363,3.7941,0.0133,3.8056,before,-0.885,3.8363,11806122.0
3.7864,20121024,-0.1,600004.SSE,79252.27,0.6892,3.8056,3.7097,0.0208,3.748,before,-1.4881,3.7864,52388557.0
3.7519,20121025,-0.05,600004.SSE,55458.24,0.4822,3.748,3.7173,0.0091,3.7173,before,-0.7553,3.7404,36575431.0
3.725,20121026,-0.08,600004.SSE,33055.77,0.2874,3.7173,3.656,0.0183,3.6751,before,-1.2177,3.7135,21494263.0
3.7135,20121029,0.05,600004.SSE,23248.45,0.2022,3.6751,3.656,0.0154,3.702,before,0.7704,3.6905,15169668.0
3.7404,20121030,0.02,600004.SSE,19856.78,0.1727,3.702,3.702,0.0107,3.7135,before,0.3058,3.702,13066674.0
3.7365,20121031,0.03,600004.SSE,23010.24,0.2001,3.7135,3.702,0.0091,3.7289,before,0.4573,3.7135,15113881.0
3.7941,20121101,0.07,600004.SSE,44297.57,0.3852,3.7289,3.725,0.0182,3.7711,before,1.0622,3.7289,29482204.0
3.8056,20121102,0.05,600004.SSE,30026.05,0.2611,3.7711,3.7634,0.0105,3.7979,before,0.7508,3.7711,20080202.0
3.8248,20121105,-0.01,600004.SSE,30760.0,0.2675,3.7979,3.7826,0.0119,3.7941,before,-0.149,3.7979,20688984.0
3.8171,20121106,0.01,600004.SSE,30771.57,0.2676,3.7941,3.7289,0.0224,3.7979,before,0.1493,3.7864,20474587.0
3.8363,20121107,0.0,600004.SSE,24535.66,0.2134,3.7979,3.7749,0.0164,3.7979,before,0.0,3.7941,16535467.0
3.7864,20121108,-0.14,600004.SSE,23555.38,0.2048,3.7979,3.7135,0.0194,3.7173,before,-2.0864,3.7864,15587798.0
3.7404,20121109,-0.01,600004.SSE,11353.55,0.0987,3.7173,3.679,0.0167,3.7135,before,-0.1522,3.7135,7454216.0
3.7519,20121112,0.07,600004.SSE,8769.98,0.0763,3.7135,3.7135,0.0107,3.7519,before,1.0671,3.7173,5788710.0
3.7711,20121113,-0.04,600004.SSE,14077.95,0.1224,3.7519,3.7135,0.0151,3.7289,before,-0.6033,3.7595,9302747.0
3.725,20121114,-0.04,600004.SSE,8552.2,0.0744,3.7289,3.6982,0.0076,3.7097,before,-0.607,3.7173,5605421.0
3.7173,20121115,-0.18,600004.SSE,21599.5,0.1878,3.7097,3.5984,0.0321,3.6061,before,-2.7481,3.7097,13977347.0
3.6406,20121116,0.06,600004.SSE,13180.37,0.1146,3.6061,3.5984,0.011000000000000001,3.6406,before,0.9419,3.6099,8427744.0
3.7097,20121119,0.11,600004.SSE,19402.72,0.1687,3.6406,3.5946,0.0311,3.702,before,1.7107,3.6406,12463815.0
3.6905,20121120,-0.09,600004.SSE,15493.52,0.1347,3.702,3.6214,0.0183,3.6521,before,-1.3761,3.6867,10011043.0
3.6982,20121121,0.08,600004.SSE,13095.3,0.1139,3.6521,3.6445,0.013999999999999999,3.6982,before,1.2403,3.6445,8497235.0
3.6905,20121122,-0.02,600004.SSE,12744.42,0.1108,3.6982,3.6636,0.0077,3.6867,before,-0.3063,3.6905,8263342.0
3.7173,20121123,0.04,600004.SSE,12217.08,0.1062,3.6867,3.6675,0.0138,3.7097,before,0.6144,3.6867,7999232.0
3.7289,20121126,-0.04,600004.SSE,11888.95,0.1034,3.7097,3.6675,0.0168,3.6867,before,-0.6107,3.7097,7763596.0
3.6867,20121127,-0.1,600004.SSE,13765.52,0.1197,3.6867,3.6214,0.0169,3.6291,before,-1.5361,3.6867,8876279.0
3.656,20121128,0.01,600004.SSE,12741.16,0.1108,3.6291,3.5984,0.0156,3.6329,before,0.156,3.6291,8168704.0
3.6445,20121129,-0.04,600004.SSE,10262.87,0.0892,3.6329,3.6099,0.0093,3.6099,before,-0.6231,3.6291,6569257.0
3.656,20121130,0.06,600004.SSE,8988.08,0.0782,3.6099,3.6099,0.0125,3.6445,before,0.9404,3.6099,5784568.0
3.7097,20121203,0.02,600004.SSE,30332.95,0.2638,3.6445,3.6406,0.0186,3.656,before,0.3106,3.6406,19648232.0
3.702,20121204,0.06,600004.SSE,14471.39,0.1258,3.656,3.6406,0.017,3.6905,before,0.9288,3.6406,9396060.0
3.7826,20121205,0.14,600004.SSE,32710.05,0.2844,3.6905,3.6636,0.0322,3.7711,before,2.1472,3.702,21665928.0
3.7826,20121206,-0.04,600004.SSE,11836.34,0.1029,3.7711,3.7365,0.012,3.748,before,-0.6006,3.7519,7855872.0
3.8094,20121207,0.08,600004.SSE,25361.96,0.2205,3.748,3.748,0.0166,3.7941,before,1.2085,3.748,16946995.0
3.8554,20121210,0.04,600004.SSE,42964.57,0.3736,3.7941,3.7749,0.0209,3.8171,before,0.597,3.7979,28962472.0
3.8171,20121211,-0.07,600004.SSE,19827.42,0.1724,3.8171,3.7634,0.0134,3.7749,before,-1.0386,3.8171,13250459.0
3.7979,20121212,0.02,600004.SSE,28148.74,0.2448,3.7749,3.7595,0.0105,3.7864,before,0.2999,3.7749,18782700.0
3.7979,20121213,-0.05,600004.SSE,12110.01,0.1053,3.7864,3.7595,0.0105,3.7595,before,-0.7474,3.7864,8082606.0
3.8938,20121214,0.21,600004.SSE,47818.11,0.4158,3.7595,3.7595,0.0361,3.8785,before,3.1627,3.7595,32490484.0
3.9360000000000004,20121217,0.06,600004.SSE,93198.05,0.8104,3.8785,3.8478,0.0219,3.9130000000000003,before,0.8759,3.8785,64139115.0
3.9283,20121218,-0.06,600004.SSE,35879.84,0.312,3.9130000000000003,3.867,0.0159,3.8785,before,-0.8683,3.9130000000000003,24701372.0
3.9168,20121219,0.02,600004.SSE,31877.76,0.2772,3.8785,3.8708,0.0117,3.89,before,0.292,3.8785,21957675.0
3.9398,20121220,0.07,600004.SSE,45776.08,0.3981,3.89,3.8785,0.016,3.9283,before,1.0189,3.8785,31651638.0
4.0242,20121221,0.11,600004.SSE,85107.05,0.7401,3.9283,3.9360000000000004,0.0231,3.9897,before,1.585,3.9437,60115783.0
4.0127,20121224,-0.03,600004.SSE,25284.1,0.2199,3.9897,3.9552,0.0142,3.9744,before,-0.4255,3.9897,17788642.0
4.0358,20121225,0.06,600004.SSE,78851.17,0.6857,3.9744,3.9437,0.0228,4.0089,before,0.8547,3.9667,55718637.0
4.0089,20121226,-0.01,600004.SSE,30268.37,0.2632,4.0089,3.9667,0.0099,4.0012,before,-0.1412,3.9974,21326056.0
4.0204,20121227,-0.09,600004.SSE,29078.76,0.2529,4.0012,3.9514,0.017,3.9514,before,-1.273,3.9859,20401501.0
4.0204,20121228,0.06,600004.SSE,35253.69,0.3066,3.9514,3.9283,0.0229,3.9859,before,0.8596,3.9514,24706625.0
4.0434,20121231,0.05,600004.SSE,41634.18,0.36200000000000004,3.9859,3.9897,0.0128,4.0127,before,0.7102,3.9897,29540946.0
4.0549,20130104,-0.01,600004.SSE,41368.19,0.3597,4.0127,3.9974,0.0141,4.0089,before,-0.141,4.0319,29395118.0
4.0358,20130107,0.01,600004.SSE,30669.31,0.2667,4.0089,3.9974,0.0099,4.0127,before,0.1412,4.0089,21765261.0
4.0549,20130108,0.02,600004.SSE,34446.49,0.2995,4.0127,3.9782,0.0183,4.0242,before,0.2821,4.0127,24435738.0
4.0473,20130109,-0.04,600004.SSE,27675.68,0.2407,4.0242,3.9897,0.0141,4.0012,before,-0.5626,4.0204,19679109.0
4.0242,20130110,-0.03,600004.SSE,33145.47,0.2882,4.0012,3.9744,0.0127,3.9859,before,-0.4243,3.9974,23410437.0
4.0012,20130111,-0.09,600004.SSE,39254.83,0.3413,3.9859,3.9283,0.0185,3.9360000000000004,before,-1.2784,3.9859,27493812.0
4.0473,20130114,0.16,600004.SSE,67790.32,0.5895,3.9360000000000004,3.9168,0.0331,4.0242,before,2.3022,3.9168,47985606.0
4.0588,20130115,0.04,600004.SSE,60284.65,0.5242,4.0242,4.0242,0.0084,4.0473,before,0.5626,4.0242,43037191.0
4.0588,20130116,-0.01,600004.SSE,50993.59,0.4434,4.0473,3.9974,0.0154,4.0434,before,-0.1399,4.0473,36309137.0
4.1432,20130117,0.17,600004.SSE,106960.54,0.9301,4.0434,4.0204,0.0308,4.1393,before,2.381,4.0434,77237944.0
4.1432,20130118,-0.02,600004.SSE,42500.69,0.3696,4.1393,4.0818,0.015,4.1278,before,-0.2736,4.1317,30872927.0
4.2851,20130121,0.19,600004.SSE,110812.48,0.9636,4.1278,4.1048,0.0439,4.2352,before,2.6063,4.1317,82385683.0
4.2583,20130122,-0.05,600004.SSE,58305.97,0.507,4.2352,4.1777,0.0187,4.2045,before,-0.6684,4.2391,43330184.0
4.2122,20130123,-0.08,600004.SSE,37826.25,0.3289,4.2045,4.1048,0.0256,4.1624,before,-1.0767,4.1815,27734674.0
4.1930000000000005,20130124,-0.14,600004.SSE,40595.9,0.353,4.1624,4.0703,0.0299,4.0818,before,-1.9048,4.1624,29579308.0
4.0971,20130125,0.02,600004.SSE,22848.87,0.1987,4.0818,4.0588,0.0097,4.0933,before,0.2774,4.0818,16466796.0
4.2966,20130128,0.34,600004.SSE,90980.84,0.7911,4.0933,4.0818,0.0526,4.2851,before,4.7026,4.0933,68105471.0
4.2851,20130129,-0.06,600004.SSE,35379.75,0.3077,4.2851,4.2352,0.0119,4.2506,before,-0.7926,4.2851,26579160.0
4.3465,20130130,0.14,600004.SSE,59792.43,0.5199,4.2506,4.2122,0.032,4.3311,before,1.8642,4.2583,45423141.0
4.3427,20130131,-0.07,600004.SSE,33885.21,0.2947,4.3311,4.2467,0.0222,4.2889,before,-0.915,4.335,25636295.0
4.3311,20130201,0.0,600004.SSE,34853.83,0.3031,4.2889,4.2506,0.0185,4.2889,before,0.0,4.2889,26397954.0
4.4386,20130204,0.05,600004.SSE,69128.01,0.6011,4.2889,4.3005,0.0317,4.3196,before,0.6596,4.3081,53242068.0
4.3695,20130205,-0.02,600004.SSE,82940.38,0.7212,4.3196,4.2583,0.0262,4.3081,before,-0.2621,4.312,62913513.0
4.3657,20130206,0.07,600004.SSE,52857.84,0.4596,4.3081,4.2889,0.0171,4.3465,before,0.9198,4.3005,40533331.0
4.3657,20130207,0.02,600004.SSE,31307.98,0.2722,4.3465,4.2851,0.0182,4.3580000000000005,before,0.2604,4.3427,23976561.0
4.3925,20130208,0.03,600004.SSE,39973.43,0.3476,4.3580000000000005,4.3311,0.0143,4.3772,before,0.3896,4.3465,30850470.0
4.404,20130218,-0.03,600004.SSE,41981.81,0.3651,4.3772,4.3542,0.0116,4.3580000000000005,before,-0.3881,4.381,32463007.0
4.3580000000000005,20130219,-0.14,600004.SSE,37241.06,0.3238,4.3580000000000005,4.2698,0.0208,4.2813,before,-1.8182,4.3465,28329981.0
4.3542,20130220,0.11,600004.SSE,30561.07,0.2657,4.2813,4.2736,0.0185,4.3427,before,1.455,4.2851,23245801.0
4.3005,20130221,-0.24,600004.SSE,53002.27,0.4609,4.3427,4.2045,0.0222,4.2045,before,-3.1291,4.3005,39774431.0
4.2467,20130222,-0.04,600004.SSE,22591.09,0.1964,4.2045,4.1739,0.0175,4.1815,before,-0.5384,4.1930000000000005,16808509.0
4.2276,20130225,0.06,600004.SSE,13353.06,0.1161,4.1815,4.1930000000000005,0.0081,4.2161,before,0.8119,4.1930000000000005,9932607.0
4.2161,20130226,-0.14,600004.SSE,27008.34,0.2349,4.2161,4.1202,0.0228,4.1393,before,-1.8792,4.2045,19931300.0
4.1815,20130227,-0.02,600004.SSE,19004.85,0.1653,4.1393,4.1202,0.015,4.1278,before,-0.2736,4.1393,13925703.0
4.2352,20130228,0.16,600004.SSE,22865.78,0.1988,4.1278,4.1393,0.0233,4.2161,before,2.1948,4.1393,16913679.0
4.2352,20130301,-0.01,600004.SSE,21451.94,0.1865,4.2161,4.1662,0.0161,4.2122,before,-0.1342,4.2276,15934112.0
4.2045,20130304,-0.18,600004.SSE,30534.39,0.2655,4.2122,4.0971,0.0255,4.1086,before,-2.4194,4.1892,22395551.0
4.1624,20130305,0.07,600004.SSE,19085.14,0.166,4.1086,4.0971,0.0152,4.1508,before,0.9642,4.0971,13941481.0
4.2276,20130306,0.13,600004.SSE,31460.7,0.2736,4.1508,4.1508,0.0191,4.2237,before,1.7735,4.1662,23314648.0
4.2237,20130307,-0.09,600004.SSE,21362.51,0.1858,4.2237,4.1393,0.0201,4.1739,before,-1.2064,4.2237,15768712.0
4.2352,20130308,0.04,600004.SSE,17801.82,0.1548,4.1739,4.1508,0.0204,4.1930000000000005,before,0.5427,4.1739,13223937.0
4.2352,20130311,0.03,600004.SSE,23035.27,0.2003,4.1930000000000005,4.1739,0.0148,4.2122,before,0.4049,4.1892,17131098.0
4.2352,20130312,-0.15,600004.SSE,28671.25,0.2493,4.2122,4.0971,0.0323,4.1278,before,-2.0161,4.2045,21018512.0
4.1278,20130313,-0.11,600004.SSE,23346.18,0.203,4.1278,4.0473,0.0192,4.0626,before,-1.5089,4.1086,16802455.0
4.0741,20130314,-0.07,600004.SSE,24541.49,0.2134,4.0626,4.0127,0.0153,4.0242,before,-0.9749,4.0626,17521196.0
4.0626,20130315,-0.04,600004.SSE,57351.31,0.4987,4.0242,3.9514,0.0281,4.0012,before,-0.5626,4.0319,40477859.0
4.0089,20130318,-0.02,600004.SSE,14325.64,0.1246,4.0012,3.9782,0.0071,3.9897,before,-0.2829,3.9974,10098801.0
4.0242,20130319,0.03,600004.SSE,18203.12,0.1583,3.9897,3.9782,0.0113,4.0089,before,0.4255,3.9897,12868216.0
4.0703,20130320,0.11,600004.SSE,28326.32,0.2463,4.0089,4.0089,0.0155,4.0703,before,1.5537,4.0127,20248454.0
4.0818,20130321,0.0,600004.SSE,22417.99,0.1949,4.0703,4.0473,0.0083,4.0703,before,0.0,4.0741,16095695.0
4.0741,20130322,-0.07,600004.SSE,53504.23,0.4653,4.0703,4.0204,0.0139,4.0319,before,-0.9736,4.0703,38139596.0
4.0549,20130325,0.02,600004.SSE,20166.84,0.1754,4.0319,4.0319,0.0056,4.0434,before,0.2809,4.0358,14402336.0
4.0473,20130326,-0.05,600004.SSE,15986.0,0.139,4.0434,3.9859,0.0154,4.0127,before,-0.7003,4.0473,11312966.0
4.0358,20130327,-0.03,600004.SSE,12738.49,0.1108,4.0127,3.9859,0.0127,3.9974,before,-0.4231,4.0204,9023625.0
3.9782,20130328,-0.17,600004.SSE,34365.33,0.2988,3.9974,3.9015,0.0198,3.9015,before,-2.4079,3.9782,23879821.0
3.9360000000000004,20130329,0.02,600004.SSE,17000.63,0.1478,3.9015,3.9015,0.0087,3.9130000000000003,before,0.2903,3.9130000000000003,11760517.0
3.9398,20130401,0.01,600004.SSE,12598.0,0.1095,3.9130000000000003,3.9130000000000003,0.0072,3.9168,before,0.1447,3.9245,8743119.0
3.9514,20130402,-0.01,600004.SSE,14089.95,0.1225,3.9168,3.9053,0.0116,3.9130000000000003,before,-0.1445,3.9168,9781132.0
3.9360000000000004,20130403,-0.01,600004.SSE,16178.97,0.1407,3.9130000000000003,3.8785,0.0145,3.9053,before,-0.1447,3.9130000000000003,11166749.0
3.8478,20130408,-0.17,600004.SSE,51522.66,0.44799999999999995,3.9053,3.7864,0.0159,3.8094,before,-2.4638,3.8478,34687830.0
3.867,20130409,0.08,600004.SSE,23095.64,0.2008,3.8094,3.8209,0.0119,3.8554,before,1.1887,3.8209,15693804.0
3.8554,20130410,-0.02,600004.SSE,11886.76,0.1034,3.8554,3.8248,0.0073,3.8439,before,-0.2937,3.8554,8069692.0
3.8785,20130411,0.02,600004.SSE,15965.6,0.1388,3.8439,3.8439,0.0088,3.8554,before,0.2946,3.8478,10877309.0
3.867,20130412,-0.06,600004.SSE,13550.94,0.1178,3.8554,3.7979,0.0176,3.8209,before,-0.8811,3.8554,9181883.0
3.8593,20130415,0.06,600004.SSE,21855.41,0.19,3.8209,3.8209,0.0104,3.8554,before,0.8889,3.8209,14839862.0
3.89,20130416,0.05,600004.SSE,27534.31,0.2394,3.8554,3.8171,0.0191,3.8823,before,0.7342,3.8248,18727286.0
3.8785,20130417,-0.03,600004.SSE,19727.45,0.1715,3.8823,3.8248,0.0131,3.867,before,-0.4373,3.8478,13419148.0
3.867,20130418,-0.05,600004.SSE,21773.33,0.1893,3.867,3.7979,0.0176,3.8363,before,-0.7321,3.8363,14783291.0
3.9130000000000003,20130419,0.12,600004.SSE,26344.11,0.2291,3.8363,3.8324,0.0206,3.9053,before,1.7699,3.8439,18101551.0
3.9437,20130422,0.07,600004.SSE,22256.31,0.1935,3.9053,3.8785,0.0174,3.9437,before,1.0145,3.89,15367954.0
3.9514,20130423,-0.12,600004.SSE,23908.93,0.2079,3.9437,3.8478,0.0258,3.8785,before,-1.7217,3.9437,16443063.0
3.9398,20130424,0.06,600004.SSE,31644.17,0.2752,3.8785,3.8785,0.0161,3.9130000000000003,before,0.8759,3.8785,21797328.0
3.9514,20130425,0.01,600004.SSE,42679.59,0.3711,3.9130000000000003,3.9053,0.0116,3.9168,before,0.1447,3.9360000000000004,29601520.0
3.9283,20130426,-0.06,600004.SSE,31757.82,0.2762,3.9168,3.8708,0.0145,3.8823,before,-0.8671,3.9168,21852255.0
3.9053,20130502,0.02,600004.SSE,20400.7,0.1774,3.8823,3.867,0.0102,3.8938,before,0.2915,3.8785,14005283.0
3.9552,20130503,0.08,600004.SSE,46463.01,0.40399999999999997,3.8938,3.9053,0.0131,3.9398,before,1.1628,3.9053,32277542.0
3.9667,20130506,0.04,600004.SSE,31906.07,0.2774,3.9398,3.9168,0.0129,3.9629,before,0.5747,3.9360000000000004,22282351.0
3.9629,20130507,-0.01,600004.SSE,20932.81,0.182,3.9629,3.9360000000000004,0.0071,3.9552,before,-0.1429,3.9629,14600997.0
3.9744,20130508,-0.06,600004.SSE,64474.49,0.5606,3.9552,3.9015,0.0186,3.9245,before,-0.8584,3.9552,44723386.0
3.9283,20130509,-0.11,600004.SSE,83294.14,0.7243,3.9245,3.8324,0.0245,3.8593,before,-1.5873,3.9245,56940465.0
3.8708,20130510,0.01,600004.SSE,56110.72,0.4879,3.8593,3.8363,0.0088,3.867,before,0.1466,3.8554,38194377.0
3.8823,20130513,0.01,600004.SSE,54598.31,0.4748,3.867,3.8478,0.0088,3.8708,before,0.1464,3.8708,37258462.0
3.867,20130514,-0.07,600004.SSE,62086.85,0.5399,3.8708,3.8056,0.0161,3.8324,before,-1.0234,3.867,42081292.0
3.8554,20130515,0.02,600004.SSE,32095.36,0.2791,3.8324,3.8248,0.0074,3.8439,before,0.2954,3.8324,21779700.0
3.8938,20130516,0.07,600004.SSE,53660.53,0.4666,3.8439,3.8248,0.0177,3.8823,before,1.0309,3.8439,36637705.0
3.9360000000000004,20130517,0.07,600004.SSE,55690.01,0.4843,3.8823,3.8785,0.0146,3.9245,before,1.0204,3.8823,38405951.0
3.9667,20130520,0.05,600004.SSE,52973.9,0.4606,3.9245,3.9283,0.0101,3.9514,before,0.7215,3.9398,36989586.0
3.9782,20130521,0.04,600004.SSE,44746.11,0.3891,3.9514,3.9360000000000004,0.0115,3.9744,before,0.5731,3.9514,31262876.0
3.9744,20130522,-0.05,600004.SSE,43141.12,0.3751,3.9744,3.9283,0.0114,3.9437,before,-0.7123,3.9744,30106872.0
3.9437,20130523,-0.06,600004.SSE,38053.86,0.3309,3.9437,3.9053,0.01,3.9130000000000003,before,-0.8608,3.9398,26356306.0
3.9360000000000004,20130524,0.04,600004.SSE,30052.14,0.2613,3.9130000000000003,3.9015,0.0087,3.9360000000000004,before,0.5789,3.9130000000000003,20783970.0
3.9398,20130527,0.0,600004.SSE,26767.0,0.2328,3.9360000000000004,3.9053,0.0086,3.9360000000000004,before,0.0,3.9360000000000004,18562505.0
3.9859,20130528,0.07,600004.SSE,51802.81,0.4505,3.9360000000000004,3.9168,0.0173,3.9744,before,1.0072,3.9360000000000004,36176370.0
3.9897,20130529,0.01,600004.SSE,53863.91,0.4684,3.9744,3.9629,0.0071,3.9782,before,0.1425,3.9897,37833528.0
3.9782,20130530,-0.01,600004.SSE,44389.26,0.386,3.9782,3.9514,0.0071,3.9744,before,-0.1422,3.9744,31093698.0
4.0434,20130531,0.03,600004.SSE,64173.56,0.5579999999999999,3.9744,3.9744,0.0171,3.9897,before,0.4274,3.9782,45462068.0
4.0741,20130603,0.08,600004.SSE,56166.06,0.4884,3.9897,3.9859,0.0227,4.0358,before,1.1348,4.0012,40042583.0
4.0626,20130604,-0.08,600004.SSE,46958.4,0.4083,4.0358,3.9744,0.0224,3.9897,before,-1.122,4.0434,33271058.0
3.9974,20130605,-0.06,600004.SSE,28103.35,0.2444,3.9897,3.9514,0.0113,3.9552,before,-0.8511,3.9897,19691253.0
3.9782,20130606,-0.08,600004.SSE,25318.62,0.2202,3.9552,3.9053,0.0186,3.9130000000000003,before,-1.1445,3.9514,17656577.0
3.9360000000000004,20130607,-0.02,600004.SSE,27190.0,0.2364,3.9130000000000003,3.8478,0.0217,3.9015,before,-0.2894,3.9130000000000003,18707915.0
3.8823,20130613,-0.17,600004.SSE,35633.69,0.3099,3.9015,3.7864,0.0247,3.8056,before,-2.4673,3.8823,23995794.0
3.8248,20130614,0.02,600004.SSE,27066.61,0.2354,3.8056,3.7979,0.0074,3.8171,before,0.2976,3.8094,18224503.0
3.8324,20130617,0.0,600004.SSE,19958.21,0.1735,3.8171,3.7941,0.0104,3.8171,before,0.0,3.8209,13451331.0
3.8324,20130618,0.01,600004.SSE,10996.44,0.0956,3.8171,3.8056,0.0074,3.8209,before,0.1484,3.8171,7422363.0
3.8209,20130619,-0.11,600004.SSE,23551.55,0.2048,3.8209,3.7404,0.0207,3.7595,before,-1.6296,3.8209,15669280.0
3.7711,20130620,-0.1,600004.SSE,21654.95,0.1883,3.7595,3.6982,0.0196,3.702,before,-1.506,3.7595,14273241.0
3.7173,20130621,0.01,600004.SSE,23309.45,0.2027,3.702,3.6406,0.0214,3.7097,before,0.1529,3.679,15174363.0
3.702,20130624,-0.3,600004.SSE,33731.12,0.2933,3.7097,3.5255,0.0473,3.537,before,-4.5802,3.702,21450771.0
3.5447,20130625,0.0,600004.SSE,50279.25,0.4372,3.537,3.3913,0.0432,3.537,before,0.0,3.5332,30949546.0
3.5601,20130626,-0.03,600004.SSE,28113.19,0.2445,3.537,3.4795,0.0224,3.5217,before,-0.48,3.537,17444392.0
3.5601,20130627,0.05,600004.SSE,36065.44,0.3136,3.5217,3.5102,0.0145,3.5485,before,0.8039,3.537,22503176.0
3.5907,20130628,0.02,600004.SSE,34787.45,0.3025,3.5485,3.5102,0.0223,3.5601,before,0.319,3.5447,21805910.0
3.5831,20130701,0.02,600004.SSE,16147.94,0.1404,3.5601,3.5217,0.0175,3.5716,before,0.318,3.5485,10129791.0
3.5792,20130702,-0.01,600004.SSE,18039.21,0.1569,3.5716,3.537,0.0111,3.5677,before,-0.1585,3.5716,11338476.0
3.5792,20130703,-0.03,600004.SSE,17947.08,0.1561,3.5677,3.5217,0.0159,3.5485,before,-0.4762,3.5562,11245212.0
3.5946,20130704,0.03,600004.SSE,23683.04,0.2059,3.5485,3.5332,0.0175,3.5677,before,0.4785,3.537,14922485.0
3.6099,20130705,0.01,600004.SSE,21355.66,0.1857,3.5677,3.5677,0.0127,3.5716,before,0.1587,3.5677,13525472.0
3.5601,20130708,-0.17,600004.SSE,21058.9,0.1831,3.5716,3.4757,0.0238,3.4757,before,-2.6941,3.5562,13059932.0
3.5025,20130709,0.03,600004.SSE,10863.31,0.0945,3.4757,3.4718,0.0098,3.491,before,0.4886,3.4795,6689044.0
3.5907,20130710,0.16,600004.SSE,15356.57,0.1335,3.491,3.4987,0.0259,3.5831,before,2.5932,3.4987,9629624.0
3.6905,20130711,0.17,600004.SSE,44726.28,0.3889,3.5831,3.5677,0.0348,3.679,before,2.6856,3.5677,28820368.0
3.6867,20130712,-0.08,600004.SSE,23772.87,0.2067,3.679,3.6214,0.0169,3.6329,before,-1.2308,3.679,15350586.0
3.6867,20130715,0.04,600004.SSE,16615.84,0.1445,3.6329,3.6329,0.013999999999999999,3.656,before,0.6231,3.6406,10739751.0
3.6905,20130716,0.05,600004.SSE,15156.1,0.1318,3.656,3.6406,0.0139,3.6867,before,0.774,3.656,9809459.0
3.6867,20130717,-0.05,600004.SSE,17059.93,0.1483,3.6867,3.6521,0.0092,3.656,before,-0.768,3.6867,11069434.0
3.656,20130718,-0.04,600004.SSE,21181.3,0.1842,3.656,3.6099,0.0124,3.6329,before,-0.6192,3.656,13569917.0
3.6521,20130719,-0.1,600004.SSE,25828.85,0.2246,3.6329,3.5716,0.0218,3.5792,before,-1.5576,3.6329,16474454.0
3.6176,20130722,0.06,600004.SSE,31788.96,0.2764,3.5792,3.5716,0.0127,3.6099,before,0.9494,3.5792,20181480.0
3.6751,20130723,0.1,600004.SSE,51477.42,0.4476,3.6099,3.5946,0.0219,3.6675,before,1.5674,3.6176,33204015.0
3.679,20130724,-0.03,600004.SSE,47035.33,0.409,3.6675,3.6214,0.0154,3.6521,before,-0.46299999999999997,3.679,30329218.0
3.6751,20130725,0.01,600004.SSE,53568.49,0.4658,3.6521,3.6329,0.0109,3.656,before,0.155,3.6636,34602042.0
3.656,20130726,-0.08,600004.SSE,28766.6,0.2501,3.656,3.6023,0.0147,3.6099,before,-1.3051,3.656,17490813.0
3.6099,20130729,-0.08,600004.SSE,34634.16,0.3012,3.6099,3.5485,0.0165,3.5601,before,-1.3223,3.6099,20734527.0
3.5984,20130730,0.01,600004.SSE,17506.02,0.1522,3.5601,3.5562,0.0117,3.5677,before,0.1675,3.5601,10492756.0
3.6023,20130731,0.05,600004.SSE,18064.21,0.1571,3.5677,3.5869,0.005,3.5984,before,0.8361,3.5907,10889208.0
3.6445,20130801,0.06,600004.SSE,30327.39,0.2637,3.5984,3.5869,0.0166,3.6329,before,0.995,3.6023,18423213.0
3.6751,20130802,0.01,600004.SSE,41869.72,0.3641,3.6329,3.6253,0.0131,3.6406,before,0.1642,3.6406,25583928.0
3.6636,20130805,0.03,600004.SSE,22730.1,0.1977,3.6406,3.6253,0.0098,3.656,before,0.4918,3.6521,13894439.0
3.6867,20130806,0.02,600004.SSE,38817.19,0.3375,3.656,3.6329,0.0147,3.6675,before,0.3263,3.6636,23793307.0
3.6943,20130807,0.0,600004.SSE,31420.52,0.2732,3.6675,3.6521,0.0114,3.6675,before,0.0,3.6521,19338563.0
3.6867,20130808,-0.02,600004.SSE,21215.04,0.1845,3.6675,3.6521,0.0098,3.656,before,-0.3252,3.6521,13050814.0
3.6751,20130809,0.02,600004.SSE,23932.15,0.2081,3.656,3.6406,0.0098,3.6675,before,0.3263,3.6675,14669163.0
3.7173,20130812,0.07,600004.SSE,55990.74,0.4869,3.6675,3.6521,0.0179,3.7097,before,1.1382,3.6675,34632418.0
3.7327,20130813,0.03,600004.SSE,32579.31,0.2833,3.7097,3.6982,0.0096,3.7289,before,0.4823,3.7173,20326607.0
3.7595,20130814,-0.03,600004.SSE,35108.71,0.3053,3.7289,3.7058,0.0144,3.7097,before,-0.48,3.7289,21916149.0
3.7212,20130815,-0.03,600004.SSE,37779.93,0.3285,3.7097,3.679,0.0113,3.6943,before,-0.4823,3.7173,23463008.0
3.7864,20130816,-0.04,600004.SSE,54116.03,0.4706,3.6943,3.656,0.0355,3.6675,before,-0.6462,3.6751,33661687.0
3.6943,20130819,0.02,600004.SSE,27423.11,0.2385,3.6675,3.6445,0.013000000000000001,3.679,before,0.3252,3.6521,16856616.0
3.6982,20130820,-0.02,600004.SSE,22099.65,0.1922,3.679,3.656,0.0113,3.6675,before,-0.3241,3.679,13609787.0
3.6867,20130821,0.02,600004.SSE,16735.97,0.1455,3.6675,3.6521,0.0098,3.679,before,0.3252,3.6675,10278889.0
3.6943,20130822,0.01,600004.SSE,24455.65,0.2127,3.679,3.6636,0.0081,3.6867,before,0.1621,3.6675,15097979.0
3.7058,20130823,-0.02,600004.SSE,22743.78,0.1978,3.6867,3.6445,0.0162,3.6751,before,-0.3236,3.679,14024786.0
3.7711,20130826,0.13,600004.SSE,60898.77,0.5296,3.6751,3.6636,0.0292,3.7519,before,2.1104,3.6751,38118566.0
3.8248,20130827,0.04,600004.SSE,70115.76,0.6097,3.7519,3.7289,0.0254,3.7749,before,0.6359,3.7404,44495623.0
3.8593,20130828,0.07,600004.SSE,96420.68,0.8384,3.7749,3.7327,0.0332,3.8171,before,1.1058,3.7595,61495341.0
3.9475,20130829,0.08,600004.SSE,115709.43,1.0062,3.8171,3.8056,0.0375,3.867,before,1.25,3.8478,75326446.0
4.1048,20130830,0.29,600004.SSE,204400.18,1.7774,3.867,3.8785,0.0586,4.0396,before,4.4753,3.9015,137427473.0
4.124,20130902,-0.24,600004.SSE,111904.1,0.9731,4.0396,3.8478,0.0679,3.8938,before,-3.5451,4.0396,73859526.0
4.2007,20130903,0.27,600004.SSE,202953.84,1.7648,3.8938,3.9859,0.0551,4.0549,before,4.1348,3.9859,139151719.0
4.1393,20130904,-0.01,600004.SSE,97398.19,0.8469,4.0549,4.0089,0.0324,4.0511,before,-0.1471,4.0511,66472059.0
4.0396,20130905,-0.2,600004.SSE,85735.5,0.7455,4.0511,3.9015,0.0339,3.9322,before,-2.9455,4.0396,56801928.0
4.0741,20130906,0.15,600004.SSE,72582.35,0.6312,3.9322,3.9245,0.0379,4.0204,before,2.2762,3.9360000000000004,48620614.0
4.2698,20130909,0.27,600004.SSE,229058.54,1.9918,4.0204,3.9859,0.0712,4.1815,before,4.0059,4.0166,159078793.0
4.5767,20130910,0.51,600004.SSE,366720.57,3.1889,4.1815,4.1815,0.0942,4.4846,before,7.2753,4.2352,270989703.0
4.4501,20130911,-0.29,600004.SSE,191590.63,1.666,4.4846,4.2851,0.0372,4.312,before,-3.8564,4.4194,139430607.0
4.3849,20130912,0.02,600004.SSE,107597.37,0.9356,4.312,4.2659,0.0277,4.3235,before,0.2766,4.2966,77888515.0
4.4155,20130913,-0.08,600004.SSE,109893.19,0.9556,4.3235,4.2045,0.0483,4.2774,before,-1.1034,4.3235,79329321.0
4.3618,20130916,0.02,600004.SSE,70544.74,0.6134,4.2774,4.2583,0.0237,4.2889,before,0.2789,4.2774,50964858.0
4.3196,20130917,-0.26,600004.SSE,96618.51,0.8402,4.2889,4.124,0.0459,4.1355,before,-3.6161,4.312,68015194.0
4.17,20130918,0.01,600004.SSE,54349.16,0.4726,4.1355,4.0818,0.0216,4.1393,before,0.1443,4.1163,37556410.0
4.2467,20130923,0.07,600004.SSE,55572.52,0.4832,4.1393,4.1278,0.0288,4.1815,before,1.0086,4.1393,38964668.0
4.2045,20130924,-0.04,600004.SSE,52172.53,0.4537,4.1815,4.0971,0.0257,4.1585,before,-0.5706,4.1930000000000005,36241686.0
4.1777,20130925,-0.09,600004.SSE,65304.87,0.5679,4.1585,4.0856,0.0215,4.1048,before,-1.2912,4.1393,45165483.0
4.0971,20130926,-0.14,600004.SSE,82663.14,0.7188,4.1048,3.9859,0.0276,4.0204,before,-2.0349,4.0933,55701853.0
4.0511,20130927,0.0,600004.SSE,23503.45,0.2044,4.0204,3.9974,0.0134,4.0204,before,0.0,4.0089,15833545.0
4.0549,20130930,0.03,600004.SSE,26927.15,0.2341,4.0204,4.0166,0.0104,4.0396,before,0.4451,4.0281,18206242.0
4.0933,20131008,0.06,600004.SSE,41445.26,0.3604,4.0396,4.0204,0.0177,4.0741,before,0.8863,4.0434,28269664.0
4.17,20131009,0.15,600004.SSE,65397.79,0.5687,4.0741,4.0549,0.0278,4.1624,before,2.1962,4.0741,45173487.0
4.2007,20131010,-0.12,600004.SSE,61581.03,0.5355,4.1624,4.0741,0.0301,4.0933,before,-1.7192,4.1624,42684877.0
4.1930000000000005,20131011,0.13,600004.SSE,53660.65,0.4666,4.0933,4.1048,0.0219,4.17,before,1.895,4.1163,37385029.0
4.2659,20131014,0.03,600004.SSE,56788.62,0.4938,4.17,4.1777,0.0215,4.1892,before,0.4292,4.1777,40128333.0
4.2889,20131015,0.05,600004.SSE,72823.0,0.6332,4.1892,4.1355,0.037000000000000005,4.2161,before,0.7123,4.2045,51360101.0
4.2352,20131016,-0.21,600004.SSE,58927.49,0.5124,4.2161,4.0741,0.0382,4.0933,before,-2.9703,4.2352,40775682.0
4.1355,20131017,-0.02,600004.SSE,34617.23,0.301,4.0933,4.0741,0.0146,4.0818,before,-0.2915,4.1048,23799275.0
4.1163,20131018,0.03,600004.SSE,25874.13,0.225,4.0818,4.0703,0.0117,4.0971,before,0.4386,4.0933,17751806.0
4.1508,20131021,0.08,600004.SSE,41291.61,0.3591,4.0971,4.0626,0.0218,4.147,before,1.1645,4.1086,28465429.0
4.1508,20131022,-0.08,600004.SSE,33282.66,0.2894,4.147,4.0856,0.0158,4.0971,before,-1.1511,4.1393,22959284.0
4.1163,20131023,-0.12,600004.SSE,46485.68,0.4042,4.0971,4.0204,0.0233,4.0281,before,-1.7467,4.1048,31639548.0
4.0434,20131024,-0.03,600004.SSE,33184.57,0.2886,4.0281,3.9859,0.0148,4.0089,before,-0.4444,4.0166,22347064.0
4.0511,20131025,-0.07,600004.SSE,33279.75,0.2894,4.0089,3.9475,0.0253,3.9667,before,-1.0417,4.0166,22303968.0
4.0089,20131028,0.03,600004.SSE,25682.23,0.2233,3.9667,3.9475,0.015,3.9859,before,0.4511,3.9629,17147040.0
4.0319,20131029,-0.08,600004.SSE,51761.07,0.4501,3.9859,3.8708,0.0404,3.9360000000000004,before,-1.1976,3.9897,34194716.0
4.0319,20131030,0.16,600004.SSE,33143.31,0.2882,3.9360000000000004,3.9475,0.0212,4.0319,before,2.4242,3.9475,22232411.0
4.2659,20131031,0.21,600004.SSE,131543.63,1.1439,4.0319,4.124,0.0355,4.1585,before,3.1065,4.124,92245816.0
4.1508,20131101,-0.03,600004.SSE,41306.75,0.3592,4.1585,4.0626,0.0215,4.1393,before,-0.4304,4.1048,28488898.0
4.17,20131104,-0.03,600004.SSE,25020.52,0.2176,4.1393,4.1048,0.0159,4.124,before,-0.4323,4.147,17335573.0
4.147,20131105,0.01,600004.SSE,35868.14,0.3119,4.124,4.0434,0.0246,4.1278,before,0.1447,4.0971,24607567.0
4.1278,20131106,-0.07,600004.SSE,33216.3,0.2888,4.1278,4.0703,0.0145,4.0856,before,-1.0116,4.1086,22801356.0
4.0856,20131107,-0.07,600004.SSE,22408.66,0.1949,4.0856,4.0396,0.0117,4.0434,before,-1.0219,4.0856,15240065.0
4.0549,20131108,-0.07,600004.SSE,23285.82,0.2025,4.0434,3.9744,0.0206,4.0012,before,-1.0324,4.0511,15671789.0
4.0281,20131111,0.01,600004.SSE,13817.73,0.1202,4.0012,3.9744,0.0134,4.0089,before,0.149,4.0012,9269359.0
4.0319,20131112,0.03,600004.SSE,24165.16,0.2101,4.0089,3.9974,0.0089,4.0281,before,0.4464,4.0166,16261032.0
4.0434,20131113,-0.07,600004.SSE,29900.28,0.26,4.0281,3.9782,0.0163,3.9859,before,-1.037,4.0166,20091108.0
4.0166,20131114,0.04,600004.SSE,21913.0,0.1905,3.9859,3.9552,0.015,4.0089,before,0.5988,3.9974,14632796.0
4.0971,20131115,0.09,600004.SSE,52546.53,0.4569,4.0089,3.9859,0.0283,4.0626,before,1.3393,4.0166,35699504.0
4.147,20131118,0.14,600004.SSE,54131.66,0.4707,4.0626,4.0856,0.0147,4.147,before,2.0558,4.1086,37424861.0
4.17,20131119,-0.04,600004.SSE,42564.77,0.3701,4.147,4.0971,0.0173,4.124,before,-0.5755,4.1624,29434172.0
4.17,20131120,0.07,600004.SSE,45310.7,0.39399999999999996,4.124,4.1086,0.0145,4.1624,before,1.013,4.124,31450503.0
4.3503,20131121,0.11,600004.SSE,176705.11,1.5366,4.1624,4.1278,0.053,4.2314,before,1.5759,4.1624,126023933.0
4.2851,20131122,0.0,600004.SSE,53677.92,0.4668,4.2314,4.1815,0.024,4.2314,before,0.0,4.2314,38018336.0
4.3503,20131125,0.08,600004.SSE,93679.94,0.8146,4.2314,4.2045,0.0339,4.2774,before,1.1283,4.2352,67454110.0
4.3005,20131126,-0.1,600004.SSE,51509.53,0.4479,4.2774,4.2007,0.0237,4.2161,before,-1.3947,4.2774,36544283.0
4.2698,20131127,0.03,600004.SSE,40872.14,0.3554,4.2161,4.2122,0.0141,4.2352,before,0.4243,4.2352,29034861.0
4.3081,20131128,0.03,600004.SSE,55914.22,0.4862,4.2352,4.2237,0.0197,4.2544,before,0.4225,4.2352,39975207.0
4.2889,20131129,0.0,600004.SSE,45300.81,0.3939,4.2544,4.2352,0.0126,4.2544,before,0.0,4.2467,32334581.0
4.2429,20131202,-0.18,600004.SSE,82195.36,0.7147,4.2544,4.0626,0.0421,4.147,before,-2.5245,4.2122,57375262.0
4.2314,20131203,0.13,600004.SSE,43034.52,0.3742,4.147,4.124,0.0259,4.2237,before,1.8705,4.1393,30121418.0
4.3311,20131204,0.13,600004.SSE,110833.11,0.9638,4.2237,4.2007,0.0311,4.3005,before,1.8362,4.2237,79751240.0
4.3081,20131205,-0.05,600004.SSE,38300.37,0.33299999999999996,4.3005,4.2544,0.0125,4.2698,before,-0.6935,4.3081,27459323.0
4.2889,20131206,-0.02,600004.SSE,27166.07,0.2362,4.2698,4.2544,0.0084,4.2583,before,-0.2793,4.2698,19442497.0
4.2851,20131209,0.0,600004.SSE,25494.39,0.2217,4.2583,4.2429,0.0098,4.2583,before,0.0,4.2698,18220089.0
4.3081,20131210,0.06,600004.SSE,59887.21,0.5208,4.2583,4.2544,0.0126,4.2966,before,0.8403,4.2698,42928412.0
4.3427,20131211,0.04,600004.SSE,103347.73,0.8987,4.2966,4.2583,0.0194,4.3196,before,0.5556,4.2851,74604642.0
4.404,20131212,0.11,600004.SSE,103239.35,0.8977,4.3196,4.2851,0.0276,4.3849,before,1.5193,4.3005,75392837.0
4.3964,20131213,-0.05,600004.SSE,49687.13,0.4321,4.3849,4.3388,0.0136,4.3542,before,-0.6803,4.3772,36341346.0
4.3618,20131216,-0.13,600004.SSE,49025.25,0.4263,4.3542,4.2467,0.026000000000000002,4.2774,before,-1.7808,4.3542,35263388.0
4.3388,20131217,0.06,600004.SSE,46267.53,0.4023,4.2774,4.2583,0.0181,4.312,before,0.8368,4.2851,33367677.0
4.3311,20131218,-0.2,600004.SSE,80519.43,0.7002,4.312,4.1624,0.0387,4.1930000000000005,before,-2.7663,4.3235,56843237.0
4.2237,20131219,0.02,600004.SSE,33613.25,0.2923,4.1930000000000005,4.17,0.0128,4.2045,before,0.2845,4.1930000000000005,23670163.0
4.2122,20131220,-0.13,600004.SSE,30364.52,0.264,4.2045,4.1048,0.0255,4.1278,before,-1.844,4.1892,21111878.0
4.1393,20131223,-0.09,600004.SSE,44202.55,0.3844,4.1278,4.0511,0.0217,4.0741,before,-1.3006,4.1163,30162656.0
4.3733,20131224,0.28,600004.SSE,165770.58,1.4415,4.0741,4.2007,0.0425,4.2429,before,4.0996,4.2045,119019960.0
4.2659,20131225,0.03,600004.SSE,70097.72,0.6095,4.2429,4.147,0.0281,4.2583,before,0.4219,4.2467,49374468.0
4.2429,20131226,-0.22,600004.SSE,48893.41,0.4252,4.2583,4.124,0.027999999999999997,4.1278,before,-3.0812,4.2122,34251770.0
4.2007,20131227,0.11,600004.SSE,43520.08,0.3784,4.1278,4.1163,0.0202,4.1930000000000005,before,1.5896,4.1163,30438657.0
4.2314,20131230,-0.04,600004.SSE,31437.62,0.2734,4.1930000000000005,4.1624,0.0156,4.17,before,-0.569,4.2007,22073762.0
4.1777,20131231,-0.04,600004.SSE,54445.92,0.4734,4.17,4.0818,0.0229,4.147,before,-0.5722,4.1624,37764894.0
4.1585,20140102,-0.01,600004.SSE,27865.03,0.2423,4.147,4.1163,0.0101,4.1393,before,-0.1439,4.1355,19293316.0
4.1355,20140103,-0.06,600004.SSE,51839.65,0.4508,4.1393,4.0396,0.0231,4.1048,before,-0.8646,4.1355,35432233.0
4.0818,20140106,-0.13,600004.SSE,34018.12,0.2958,4.1048,3.9974,0.0203,4.0281,before,-1.8895,4.0818,23024656.0
4.0396,20140107,-0.05,600004.SSE,20809.91,0.18100000000000002,4.0281,3.9744,0.0163,3.9974,before,-0.7407,4.0012,13972997.0
4.0319,20140108,0.04,600004.SSE,39196.99,0.3408,3.9974,3.9859,0.0119,4.0204,before,0.597,3.9974,26372494.0
4.0396,20140109,-0.08,600004.SSE,26404.57,0.2296,4.0204,3.9744,0.0163,3.9744,before,-1.1869,4.0089,17767331.0
3.9897,20140110,-0.09,600004.SSE,35209.16,0.3062,3.9744,3.8785,0.0285,3.9207,before,-1.3514,3.9744,23211972.0
3.9322,20140113,-0.07,600004.SSE,37420.06,0.3254,3.9207,3.8478,0.0213,3.8785,before,-1.0654,3.9245,24361892.0
3.9552,20140114,0.12,600004.SSE,24391.08,0.2121,3.8785,3.8593,0.0246,3.9475,before,1.8462,3.8785,15995289.0
3.9552,20140115,-0.02,600004.SSE,12310.81,0.1071,3.9475,3.9130000000000003,0.0106,3.9360000000000004,before,-0.3021,3.9130000000000003,8116742.0
3.9782,20140116,0.04,600004.SSE,19896.75,0.17300000000000001,3.9360000000000004,3.9207,0.0152,3.9629,before,0.6061,3.9360000000000004,13174540.0
3.9552,20140117,-0.04,600004.SSE,14064.86,0.1223,3.9629,3.9130000000000003,0.0105,3.9360000000000004,before,-0.6024,3.9552,9267660.0
3.9322,20140120,-0.05,600004.SSE,18482.67,0.1607,3.9360000000000004,3.8785,0.0136,3.9092,before,-0.7576,3.9207,12095365.0
3.9552,20140121,0.06,600004.SSE,14326.32,0.1246,3.9092,3.8938,0.0153,3.9437,before,0.9159999999999999,3.9092,9450021.0
4.0396,20140122,0.14,600004.SSE,26512.75,0.2305,3.9437,3.9475,0.0227,4.0281,before,2.1180000000000003,3.9475,17829372.0
4.0511,20140123,0.0,600004.SSE,19026.96,0.1655,4.0281,4.0089,0.0104,4.0281,before,0.0,4.0319,12850678.0
4.0741,20140124,0.03,600004.SSE,22236.33,0.1934,4.0281,4.0012,0.0178,4.0434,before,0.4444,4.0166,15073661.0
4.0434,20140127,-0.05,600004.SSE,18978.43,0.165,4.0434,3.9897,0.0133,4.0166,before,-0.7375,4.0319,12754222.0
4.0319,20140128,0.01,600004.SSE,19318.35,0.168,4.0166,3.9667,0.0163,4.0204,before,0.1486,4.0281,12976409.0
4.0511,20140129,0.01,600004.SSE,19977.0,0.1737,4.0204,3.9974,0.0134,4.0281,before,0.1484,4.0281,13463545.0
4.0319,20140130,-0.03,600004.SSE,15142.55,0.1317,4.0281,3.9859,0.0119,4.0089,before,-0.4444,4.0281,10149912.0
4.0012,20140207,-0.03,600004.SSE,20703.73,0.18,4.0089,3.9552,0.0119,3.9897,before,-0.4464,4.0012,13788340.0
4.0818,20140210,0.13,600004.SSE,61221.88,0.5324,3.9897,3.9897,0.0224,4.0703,before,1.9432,3.9974,41519907.0
4.0856,20140211,0.01,600004.SSE,41690.71,0.3625,4.0703,4.0396,0.0117,4.0741,before,0.1466,4.0626,28372445.0
4.1930000000000005,20140212,0.17,600004.SSE,79105.36,0.6879,4.0741,4.0626,0.0322,4.1777,before,2.489,4.0741,54781780.0
4.4616,20140213,0.13,600004.SSE,238561.4,2.0744,4.1777,4.2467,0.0514,4.2544,before,1.8571,4.3542,173904626.0
4.2774,20140214,0.01,600004.SSE,85530.55,0.7437,4.2544,4.1892,0.021,4.2583,before,0.1403,4.2544,60758170.0
4.2698,20140217,-0.03,600004.SSE,69216.17,0.6019,4.2583,4.2122,0.013999999999999999,4.2429,before,-0.4202,4.2659,49132831.0
4.2429,20140218,-0.05,600004.SSE,71475.05,0.6215,4.2429,4.1624,0.0183,4.2122,before,-0.7032,4.2429,50256688.0
4.2583,20140219,0.04,600004.SSE,90362.4,0.7858,4.2122,4.2045,0.0127,4.2352,before,0.5666,4.2045,64042901.0
4.3427,20140220,0.0,600004.SSE,121656.98,1.0579,4.2352,4.2237,0.0282,4.2352,before,0.0,4.2352,87205320.0
4.2583,20140221,-0.12,600004.SSE,53327.13,0.4637,4.2352,4.1355,0.0296,4.1624,before,-1.6901,4.2314,37458868.0
4.3005,20140224,0.19,600004.SSE,153134.14,1.3316,4.1624,4.1508,0.0358,4.2774,before,2.7221,4.17,109163209.0
4.3542,20140225,-0.14,600004.SSE,129410.75,1.1253,4.2774,4.1624,0.0446,4.1930000000000005,before,-1.9526,4.2889,92982667.0
4.2429,20140226,-0.04,600004.SSE,88898.91,0.773,4.1930000000000005,4.0856,0.037000000000000005,4.17,before,-0.569,4.2007,62044513.0
4.2161,20140227,-0.03,600004.SSE,50975.37,0.4433,4.17,4.1355,0.02,4.1508,before,-0.4292,4.17,35720547.0
4.2583,20140228,0.11,600004.SSE,59962.42,0.5214,4.1508,4.1508,0.0259,4.2161,before,1.5805,4.1508,42373011.0
4.2774,20140303,0.07,600004.SSE,77727.6,0.6759,4.2161,4.1777,0.024,4.2583,before,0.9901,4.2045,55174046.0
4.2544,20140304,-0.03,600004.SSE,52795.93,0.4591,4.2583,4.1777,0.0182,4.2429,before,-0.4202,4.2429,37238486.0
4.2659,20140305,-0.07,600004.SSE,44246.44,0.3848,4.2429,4.1930000000000005,0.0169,4.2007,before,-0.9845,4.2544,31353175.0
4.2161,20140306,0.0,600004.SSE,45794.05,0.3982,4.2007,4.1355,0.0199,4.2007,before,0.0,4.1892,32041906.0
4.2659,20140307,-0.04,600004.SSE,34396.96,0.2991,4.2007,4.1624,0.0241,4.1777,before,-0.5682,4.2122,24219463.0
4.17,20140310,-0.27,600004.SSE,64257.57,0.5588,4.1777,4.0166,0.0371,4.0166,before,-3.8571,4.147,43953455.0
4.0319,20140311,-0.01,600004.SSE,37443.46,0.3256,4.0166,3.9897,0.0104,4.0089,before,-0.1486,4.0166,25152345.0
4.0204,20140312,-0.06,600004.SSE,35830.73,0.3116,4.0089,3.9475,0.0179,3.9744,before,-0.8929,4.0089,23900227.0
4.0396,20140313,0.06,600004.SSE,32214.94,0.2801,3.9744,3.9629,0.0195,4.0089,before,0.9009,3.9744,21641194.0
4.0204,20140314,-0.02,600004.SSE,23246.0,0.2021,4.0089,3.9744,0.0119,3.9974,before,-0.2976,4.0089,15565706.0
4.0434,20140317,0.06,600004.SSE,24149.18,0.21,3.9974,3.9859,0.0149,4.0319,before,0.8955,3.9974,16250301.0
4.0434,20140318,0.0,600004.SSE,28199.0,0.2452,4.0319,4.0166,0.0074,4.0319,before,0.0,4.0319,19046878.0
4.0549,20140319,0.02,600004.SSE,29917.18,0.2601,4.0319,3.9897,0.0163,4.0434,before,0.2959,4.0396,20137210.0
4.0511,20140320,-0.11,600004.SSE,26475.97,0.2302,4.0434,3.9782,0.0177,3.9782,before,-1.6224,4.0434,17853964.0
4.0856,20140321,0.17,600004.SSE,43141.44,0.3751,3.9782,3.9744,0.0285,4.0818,before,2.5487,3.9897,29174620.0
4.1393,20140324,0.08,600004.SSE,38506.93,0.3348,4.0818,4.0626,0.019,4.1278,before,1.1696,4.0703,26512013.0
4.1508,20140325,0.0,600004.SSE,28194.86,0.2452,4.1278,4.1048,0.0116,4.1278,before,0.0,4.1163,19518401.0
4.147,20140326,-0.02,600004.SSE,40432.89,0.3516,4.1278,4.0933,0.013000000000000001,4.1163,before,-0.289,4.1278,27939052.0
4.1930000000000005,20140327,0.02,600004.SSE,51160.27,0.4449,4.1163,4.0856,0.0261,4.1278,before,0.2899,4.1086,35501813.0
4.2237,20140328,0.09,600004.SSE,59779.32,0.5198,4.1278,4.1278,0.0231,4.1815,before,1.3006,4.1278,41864726.0
4.2122,20140331,0.0,600004.SSE,29880.55,0.2598,4.1815,4.1278,0.02,4.1815,before,0.0,4.1815,20868893.0
4.1892,20140401,-0.03,600004.SSE,36603.43,0.3183,4.1815,4.1393,0.0114,4.1624,before,-0.428,4.1624,25540746.0
4.1892,20140402,0.04,600004.SSE,26305.21,0.2287,4.1624,4.1508,0.0086,4.1892,before,0.5731,4.1585,18382706.0
4.1930000000000005,20140403,-0.07,600004.SSE,33336.11,0.2899,4.1892,4.124,0.0171,4.147,before,-0.9972,4.1777,23257472.0
4.17,20140404,0.03,600004.SSE,26352.95,0.2292,4.147,4.124,0.0115,4.1624,before,0.4317,4.147,18325151.0
4.2161,20140408,0.07,600004.SSE,45702.66,0.3974,4.1624,4.147,0.0172,4.2045,before,1.0029,4.1585,32065013.0
4.2122,20140409,-0.03,600004.SSE,37907.6,0.3296,4.2045,4.17,0.0099,4.1892,before,-0.4255,4.2045,26591437.0
4.2352,20140410,0.06,600004.SSE,53382.35,0.4642,4.1892,4.1624,0.0171,4.2237,before,0.8547,4.1892,37614984.0
4.2583,20140411,0.01,600004.SSE,47697.07,0.4148,4.2237,4.2045,0.0127,4.2314,before,0.1412,4.2161,33797908.0
4.2429,20140414,-0.05,600004.SSE,44456.57,0.3866,4.2314,4.1815,0.0141,4.2007,before,-0.7052,4.2237,31357219.0
4.2122,20140415,-0.04,600004.SSE,31040.85,0.2699,4.2007,4.1624,0.0114,4.1777,before,-0.5682,4.2122,21751529.0
4.1892,20140416,-0.01,600004.SSE,21976.18,0.1911,4.1777,4.147,0.01,4.17,before,-0.1429,4.1777,15356492.0
4.2007,20140417,0.02,600004.SSE,27685.98,0.2407,4.17,4.1508,0.0114,4.1815,before,0.2861,4.1930000000000005,19373418.0
4.2161,20140418,0.04,600004.SSE,34134.27,0.2968,4.1815,4.147,0.0171,4.2045,before,0.5706,4.1624,23969908.0
4.1815,20140421,-0.16,600004.SSE,40058.54,0.3483,4.2045,4.1048,0.0184,4.1086,before,-2.2695,4.1777,27917732.0
4.147,20140422,0.01,600004.SSE,38640.81,0.336,4.1086,4.0549,0.0218,4.1163,before,0.1451,4.1163,26585175.0
4.124,20140423,-0.02,600004.SSE,18474.7,0.1606,4.1163,4.0933,0.0072,4.1048,before,-0.2899,4.1086,12715809.0
4.2161,20140424,0.12,600004.SSE,66057.03,0.5744,4.1048,4.0971,0.0291,4.1777,before,1.7442,4.1048,46148263.0
4.1815,20140425,-0.11,600004.SSE,38710.52,0.3366,4.1777,4.1048,0.0186,4.1086,before,-1.5714,4.17,26905871.0
4.124,20140428,-0.12,600004.SSE,36898.4,0.3209,4.1086,4.0204,0.0247,4.0396,before,-1.7417,4.1048,25076588.0
4.0933,20140429,0.07,600004.SSE,25110.64,0.2184,4.0396,4.0281,0.0162,4.0818,before,1.034,4.0434,17090270.0
4.1278,20140430,0.06,600004.SSE,30918.66,0.2689,4.0818,4.0856,0.0102,4.1163,before,0.8772,4.0933,21287801.0
4.1508,20140505,0.05,600004.SSE,37800.61,0.3287,4.1163,4.0933,0.0145,4.147,before,0.7246,4.1048,26120033.0
4.17,20140506,0.04,600004.SSE,29674.51,0.258,4.147,4.124,0.0115,4.17,before,0.5755,4.147,20599658.0
4.1930000000000005,20140507,-0.05,600004.SSE,39745.76,0.3456,4.17,4.1278,0.0157,4.1393,before,-0.7153,4.1393,27746766.0
4.1892,20140508,0.0,600004.SSE,30490.58,0.2651,4.1393,4.1278,0.0144,4.1393,before,0.0,4.1393,21248070.0
4.147,20140509,-0.09,600004.SSE,30805.26,0.2679,4.1393,4.0703,0.0187,4.0856,before,-1.2968,4.1393,21175674.0
4.1624,20140512,0.11,600004.SSE,53025.86,0.4611,4.0856,4.0741,0.0219,4.1508,before,1.6058,4.1086,36672506.0
4.2122,20140513,0.06,600004.SSE,47977.16,0.4172,4.1508,4.1355,0.0187,4.1892,before,0.8621,4.147,33591490.0
4.2007,20140514,-0.04,600004.SSE,25001.71,0.2174,4.1892,4.1508,0.0114,4.1624,before,-0.5698,4.2007,17473696.0
4.1930000000000005,20140515,-0.03,600004.SSE,31693.14,0.2756,4.1624,4.1393,0.0129,4.147,before,-0.4298,4.1508,22155899.0
4.17,20140516,0.03,600004.SSE,20137.62,0.1751,4.147,4.1048,0.0158,4.1624,before,0.4317,4.1393,13973422.0
4.1585,20140519,-0.07,600004.SSE,24859.0,0.2162,4.1624,4.0971,0.0143,4.124,before,-1.0029,4.1508,17206178.0
4.1508,20140520,0.01,600004.SSE,13561.57,0.1179,4.124,4.1163,0.0087,4.1278,before,0.1447,4.147,9406254.0
4.1930000000000005,20140521,0.1,600004.SSE,34952.01,0.3039,4.1278,4.1048,0.0217,4.1892,before,1.4451,4.1278,24442087.0
4.2045,20140522,-0.03,600004.SSE,30007.3,0.2609,4.1892,4.1585,0.0114,4.17,before,-0.4274,4.1892,21059884.0
4.2045,20140523,0.06,600004.SSE,31946.91,0.2778,4.17,4.1624,0.01,4.2045,before,0.8584,4.1777,22428497.0
4.2237,20140526,-0.01,600004.SSE,31273.95,0.2719,4.2045,4.1892,0.0085,4.2007,before,-0.1418,4.2045,22063115.0
4.2045,20140527,-0.05,600004.SSE,22896.04,0.1991,4.2007,4.17,0.0085,4.17,before,-0.7102,4.2045,16060081.0
4.2007,20140528,0.04,600004.SSE,22938.36,0.1995,4.17,4.1585,0.01,4.1930000000000005,before,0.5722,4.1624,16069383.0
4.1930000000000005,20140529,-0.09,600004.SSE,32385.34,0.2816,4.1930000000000005,4.1355,0.0142,4.1393,before,-1.2802,4.1815,22575077.0
4.1892,20140530,0.04,600004.SSE,26995.93,0.2347,4.1393,4.1278,0.0144,4.1624,before,0.5764,4.147,18799502.0
4.1777,20140603,-0.02,600004.SSE,19231.81,0.1672,4.1624,4.1278,0.0115,4.1508,before,-0.2865,4.1624,13404714.0
4.147,20140604,-0.1,600004.SSE,33160.94,0.2884,4.1508,4.0856,0.0144,4.0933,before,-1.4368,4.124,22825023.0
4.1278,20140605,0.05,600004.SSE,16850.83,0.1465,4.0933,4.0856,0.0102,4.124,before,0.7289,4.0971,11609306.0
4.124,20140606,-0.01,600004.SSE,16341.92,0.1421,4.124,4.0856,0.0087,4.1163,before,-0.1447,4.124,11242651.0
4.1278,20140609,-0.03,600004.SSE,13233.58,0.1151,4.1163,4.0933,0.0087,4.0971,before,-0.4348,4.0971,9115724.0
4.147,20140610,0.06,600004.SSE,18696.08,0.1626,4.0971,4.0856,0.0146,4.1355,before,0.8734,4.1086,12904222.0
4.1393,20140611,0.0,600004.SSE,16557.67,0.14400000000000002,4.1355,4.1048,0.0087,4.1355,before,0.0,4.1393,11438747.0
4.1355,20140612,-0.03,600004.SSE,12380.7,0.1077,4.1355,4.1086,0.0058,4.1163,before,-0.4329,4.1278,8554265.0
4.1624,20140613,0.08,600004.SSE,34535.9,0.3003,4.1163,4.1048,0.0145,4.1624,before,1.1594,4.1163,23978518.0
4.1624,20140616,-0.01,600004.SSE,39784.82,0.34600000000000003,4.1624,4.124,0.01,4.1585,before,-0.1433,4.1585,27652696.0
4.1624,20140617,-0.03,600004.SSE,22132.9,0.1925,4.1585,4.1278,0.0086,4.1393,before,-0.4304,4.1585,15376587.0
4.147,20140618,-0.02,600004.SSE,26129.35,0.2272,4.1393,4.1163,0.0072,4.1278,before,-0.2882,4.1355,18087515.0
4.1355,20140619,-0.09,600004.SSE,32154.49,0.2796,4.1278,4.0626,0.0173,4.0741,before,-1.3006,4.1278,22081962.0
4.1048,20140620,0.03,600004.SSE,17624.17,0.1533,4.0741,4.0703,0.0088,4.0933,before,0.4392,4.0703,12074973.0
4.1355,20140623,0.05,600004.SSE,20338.33,0.1769,4.0933,4.0856,0.0117,4.124,before,0.7289,4.0971,14030410.0
4.1355,20140624,0.02,600004.SSE,12483.4,0.1086,4.124,4.1086,0.0058,4.1355,before,0.2894,4.1086,8631086.0
4.1930000000000005,20140625,0.06,600004.SSE,52273.39,0.4546,4.1355,4.1048,0.0216,4.17,before,0.8658,4.1163,36415463.0
4.1930000000000005,20140626,0.01,600004.SSE,30284.55,0.2633,4.17,4.1624,0.0072,4.1777,before,0.1431,4.17,21208981.0
4.2237,20140627,0.01,600004.SSE,42935.56,0.3734,4.1777,4.1624,0.0143,4.1815,before,0.1429,4.1777,30149946.0
4.2122,20140630,0.03,600004.SSE,26852.64,0.2335,4.1815,4.1624,0.0114,4.2007,before,0.428,4.1815,18865135.0
4.2161,20140701,0.01,600004.SSE,26958.57,0.2344,4.2007,4.1777,0.0099,4.2045,before,0.142,4.2007,18969185.0
4.2314,20140702,0.03,600004.SSE,42390.59,0.3686,4.2045,4.1815,0.0113,4.2237,before,0.4255,4.2007,29899399.0
4.2544,20140703,0.03,600004.SSE,43326.69,0.3768,4.2237,4.2045,0.0113,4.2429,before,0.4237,4.2237,30787653.0
4.2583,20140704,0.0,600004.SSE,31095.98,0.2704,4.2429,4.2161,0.0098,4.2429,before,0.0,4.2467,22081869.0
4.2467,20140707,-0.03,600004.SSE,29243.13,0.2543,4.2429,4.2045,0.0098,4.2237,before,-0.4219,4.2429,20712179.0
4.2467,20140708,0.03,600004.SSE,26390.46,0.2295,4.2237,4.2045,0.0099,4.2429,before,0.4237,4.2161,18724649.0
4.2429,20140709,-0.1,600004.SSE,34587.22,0.3008,4.2429,4.1777,0.0155,4.1815,before,-1.4065,4.2429,24369442.0
4.2161,20140710,0.04,600004.SSE,23525.29,0.2046,4.1815,4.1815,0.0086,4.2045,before,0.5706,4.1815,16558231.0
4.2467,20140711,0.06,600004.SSE,33930.42,0.295,4.2045,4.2007,0.0113,4.2429,before,0.8511,4.2045,24093023.0
4.3081,20140714,0.09,600004.SSE,51934.93,0.4516,4.2429,4.2352,0.0169,4.2966,before,1.2658,4.2583,37253400.0
4.312,20140715,-0.03,600004.SSE,33817.14,0.2941,4.2966,4.2544,0.0139,4.2774,before,-0.4167,4.2889,24234588.0
4.3005,20140716,0.02,600004.SSE,36348.25,0.3161,4.2774,4.2583,0.0098,4.2889,before,0.2789,4.2774,26088868.0
4.3542,20140717,0.11,600004.SSE,100395.51,0.873,4.2889,4.2966,0.0139,4.3542,before,1.5299,4.3081,72962448.0
4.3733,20140718,0.0,600004.SSE,60716.6,0.528,4.3542,4.3311,0.0096,4.3542,before,0.0,4.3311,44294798.0
4.3503,20140721,-0.13,600004.SSE,43526.01,0.3785,4.3542,4.2698,0.0178,4.2774,before,-1.7808,4.3388,31378164.0
4.3311,20140722,0.04,600004.SSE,27834.47,0.242,4.2774,4.2659,0.0153,4.3005,before,0.5579,4.2659,20086744.0
4.3311,20140723,-0.01,600004.SSE,35239.42,0.3064,4.3005,4.2889,0.0097,4.2966,before,-0.1387,4.2966,25471729.0
4.3427,20140724,0.07,600004.SSE,46236.33,0.4021,4.2966,4.2889,0.0125,4.3388,before,0.9722,4.2966,33503801.0
4.404,20140725,0.08,600004.SSE,54241.77,0.4717,4.3388,4.3196,0.0193,4.3849,before,1.1004,4.3388,39792502.0
4.4577,20140728,0.1,600004.SSE,100550.8,0.8744,4.3849,4.3887,0.015,4.4424,before,1.3605,4.3964,74602793.0
4.4577,20140729,-0.03,600004.SSE,50400.01,0.4383,4.4424,4.4079,0.0107,4.4271,before,-0.4027,4.4501,37383137.0
4.4386,20140730,-0.06,600004.SSE,56387.89,0.4903,4.4271,4.3657,0.0162,4.3887,before,-0.8086,4.4155,41555362.0
4.4309,20140731,0.06,600004.SSE,37220.68,0.3237,4.3887,4.3733,0.0136,4.4271,before,0.8152,4.3849,27426763.0
4.4501,20140801,-0.05,600004.SSE,76122.55,0.6619,4.4271,4.3887,0.0135,4.3964,before,-0.6739,4.4155,56371313.0
4.4961,20140804,0.16,600004.SSE,82428.54,0.7168,4.3964,4.4309,0.0149,4.4923,before,2.171,4.4386,61777773.0
4.5153,20140805,-0.05,600004.SSE,80142.39,0.6969,4.4923,4.4424,0.0159,4.4616,before,-0.664,4.5153,60091999.0
4.4808,20140806,0.03,600004.SSE,70374.0,0.6119,4.4616,4.4386,0.0094,4.4808,before,0.4011,4.4616,52652148.0
4.4846,20140807,-0.08,600004.SSE,106035.49,0.922,4.4808,4.4155,0.016,4.4309,before,-1.0652,4.4808,79078818.0
4.4462,20140808,0.0,600004.SSE,58342.93,0.5073,4.4309,4.4079,0.0085,4.4309,before,0.0,4.4462,41107555.0
4.4693,20140811,0.05,600004.SSE,55239.38,0.4803,4.4309,4.4194,0.0113,4.4654,before,0.7082,4.4194,39117527.0
4.4808,20140812,0.03,600004.SSE,54214.63,0.4714,4.4654,4.4462,0.0084,4.4808,before,0.4219,4.4654,38600062.0
4.4999,20140813,-0.04,600004.SSE,62826.81,0.5463,4.4808,4.4271,0.0168,4.4577,before,-0.5602,4.4769,44661481.0
4.4693,20140814,-0.03,600004.SSE,45445.75,0.3952,4.4577,4.4309,0.0085,4.4386,before,-0.4225,4.4577,32235958.0
4.4769,20140815,0.05,600004.SSE,40321.07,0.3506,4.4386,4.4309,0.0099,4.4693,before,0.7072,4.4386,28639755.0
4.4999,20140818,0.03,600004.SSE,46630.19,0.4055,4.4693,4.4654,0.0084,4.4884,before,0.4213,4.4769,33277155.0
4.569,20140819,0.13,600004.SSE,115777.59,1.0068,4.4884,4.4693,0.0224,4.569,before,1.8182,4.4884,83398743.0
4.6956,20140820,0.1,600004.SSE,118804.13,1.0331,4.569,4.5383,0.0343,4.6342,before,1.3736,4.5652,87270327.0
4.7263,20140821,0.03,600004.SSE,79774.72,0.6937,4.6342,4.6074,0.0257,4.6534,before,0.4065,4.6342,58988423.0
4.7646,20140822,0.09,600004.SSE,109224.26,0.9498,4.6534,4.5958,0.0364,4.7071,before,1.2146,4.6726,81523823.0
4.7646,20140825,0.02,600004.SSE,84722.42,0.7367,4.7071,4.6649,0.0213,4.7224,before,0.2667,4.7033,63620104.0
4.7915,20140826,0.04,600004.SSE,119572.06,1.0398,4.7224,4.6265,0.0346,4.7455,before,0.5319,4.7033,89768142.0
4.7723,20140827,-0.02,600004.SSE,61312.03,0.5331,4.7455,4.7033,0.0146,4.734,before,-0.2646,4.7416,46233692.0
4.7263,20140828,-0.15,600004.SSE,52089.6,0.45299999999999996,4.734,4.6265,0.0212,4.638,before,-1.9894,4.7263,38684360.0
4.6956,20140829,0.05,600004.SSE,44778.28,0.3894,4.638,4.5843,0.0244,4.6726,before,0.6766,4.6572,33105849.0
4.734,20140901,0.05,600004.SSE,43674.28,0.3798,4.6726,4.638,0.0202,4.7033,before,0.672,4.6534,32596723.0
4.7531,20140902,0.06,600004.SSE,97938.73,0.8516,4.7033,4.6879,0.0134,4.7416,before,0.8011,4.7148,73703509.0
4.7762,20140903,0.04,600004.SSE,82608.54,0.7183,4.7416,4.7224,0.0119,4.7646,before,0.5298,4.757,62566694.0
4.7723,20140904,-0.02,600004.SSE,98704.71,0.8583,4.7646,4.734,0.0079,4.7531,before,-0.2635,4.7531,74720548.0
4.9488,20140905,0.26,600004.SSE,168918.79,1.4689,4.7531,4.7531,0.040999999999999995,4.9143,before,3.4346,4.757,130900826.0
5.0409,20140909,0.18,600004.SSE,174155.65,1.5144,4.9143,4.9028,0.0281,5.0293,before,2.2989,4.9104,138626058.0
5.0869,20140910,-0.02,600004.SSE,128597.52,1.1182,5.0293,4.9641,0.0237,5.0178,before,-0.2497,5.0102,102867648.0
5.0409,20140911,-0.02,600004.SSE,93023.33,0.8089,5.0178,4.9411,0.02,5.0025,before,-0.2503,5.0178,74055493.0
5.1099,20140912,0.16,600004.SSE,140057.98,1.2179,5.0025,4.9718,0.0276,5.1022,before,2.0075,4.9910000000000005,112538834.0
5.1675,20140915,0.09,600004.SSE,83961.58,0.7301,5.1022,5.06,0.0209,5.1598,before,1.107,5.06,68527035.0
5.247999999999998,20140916,-0.22,600004.SSE,132119.35,1.1489,5.1598,4.9603,0.055999999999999994,5.0217,before,-2.6764,5.1559,107792018.0
5.0409,20140917,0.03,600004.SSE,107572.27,0.9354,5.0217,4.9718,0.0138,5.0409,before,0.375,4.9987,85760394.0
5.0715,20140918,0.02,600004.SSE,47200.38,0.4104,5.0409,5.0102,0.0125,5.0524,before,0.2491,5.0293,37861986.0
5.06,20140919,-0.01,600004.SSE,54828.44,0.4768,5.0524,5.0025,0.0112,5.0485,before,-0.1242,5.0332,43935834.0
5.0293,20140922,-0.09,600004.SSE,66071.3,0.5745,5.0485,4.9641,0.0124,4.9910000000000005,before,-1.1194,5.0293,52524167.0
5.0178,20140923,0.02,600004.SSE,39063.18,0.3397,4.9910000000000005,4.9641,0.0101,5.0025,before,0.2516,4.9641,31089881.0
5.0984,20140924,0.13,600004.SSE,67973.92,0.5911,5.0025,4.9795,0.0238,5.0869,before,1.6311,4.9910000000000005,54710613.0
5.1675,20140925,-0.01,600004.SSE,80985.22,0.7042,5.0869,5.06,0.021,5.0792,before,-0.1235,5.0984,66113917.0
5.0984,20140926,-0.01,600004.SSE,47619.11,0.4141,5.0792,5.0332,0.0124,5.0715,before,-0.1236,5.0524,38380714.0
5.1559,20140929,0.12,600004.SSE,98023.25,0.8524,5.0715,5.06,0.0186,5.1483,before,1.4851,5.0907,79708696.0
5.247999999999998,20140930,0.15,600004.SSE,107698.15,0.9365,5.1483,5.1291,0.0232,5.2403,before,1.8293,5.1598,89028644.0
5.2595,20141008,-0.01,600004.SSE,69324.88,0.6028,5.2403,5.1559,0.0204,5.2365,before,-0.1198,5.2403,57496810.0
5.2864,20141009,-0.02,600004.SSE,74017.17,0.6436,5.2365,5.1713,0.0216,5.225,before,-0.2398,5.247999999999998,61575325.0
5.225,20141010,-0.11,600004.SSE,64000.21,0.5565,5.225,5.1483,0.0144,5.1559,before,-1.3221,5.225,52691695.0
5.1981,20141013,0.04,600004.SSE,110370.64,0.9597,5.1559,5.0524,0.027999999999999997,5.178999999999999,before,0.4872,5.1291,89963292.0
5.3976,20141014,0.04,600004.SSE,153004.18,1.3305,5.178999999999999,5.1406,0.0497,5.2058,before,0.4848,5.1483,129015367.0
5.3247,20141015,0.14,600004.SSE,75110.86,0.6531,5.2058,5.2058,0.0229,5.294,before,1.6888,5.225,63099034.0
5.3056,20141016,-0.14,600004.SSE,69985.04,0.6086,5.294,5.178999999999999,0.0237,5.2058,before,-1.6607,5.2557,58519422.0
5.2403,20141017,0.03,600004.SSE,103268.73,0.898,5.2058,5.06,0.035,5.225,before,0.3619,5.2058,84657252.0
5.2864,20141020,0.09,600004.SSE,72690.13,0.6321,5.225,5.2097,0.0144,5.2787,before,1.0817,5.2173,60948501.0
5.3056,20141021,0.03,600004.SSE,66750.54,0.5804,5.2787,5.2097,0.0178,5.2979,before,0.3567,5.2787,55882848.0
5.4322,20141022,-0.04,600004.SSE,89265.16,0.7762,5.2979,5.2403,0.0355,5.2749,before,-0.4739,5.2595,75836460.0
5.2749,20141023,-0.18,600004.SSE,73868.82,0.6423,5.2749,5.1483,0.0238,5.1598,before,-2.1429,5.2672,61074769.0
5.1981,20141024,0.03,600004.SSE,55392.68,0.4817,5.1598,5.1176,0.0158,5.178999999999999,before,0.365,5.1291,45614453.0
5.1866,20141027,-0.06,600004.SSE,37080.37,0.3224,5.178999999999999,5.0715,0.0218,5.1406,before,-0.7273,5.1675,30364129.0
5.2787,20141028,0.21,600004.SSE,62942.89,0.5473,5.1406,5.1559,0.0244,5.2749,before,2.5641,5.1559,52471629.0
5.67,20141029,0.61,600004.SSE,237022.15,2.0611,5.2749,5.2864,0.0726,5.6585,before,7.2619,5.2979,207984234.0
5.6738,20141030,-0.09,600004.SSE,155577.69,1.3528,5.6585,5.5319,0.0255,5.601,before,-0.9989,5.5894,138926417.0
5.8963,20141031,0.25,600004.SSE,186699.89,1.6235,5.601,5.5357,0.0639,5.7582,before,2.8027,5.6048,171009277.0
6.0728,20141103,0.16,600004.SSE,204920.17,1.7819,5.7582,5.8081,0.0458,5.858,before,1.7448,5.8081,193409383.0
5.9194,20141104,-0.09,600004.SSE,117293.86,1.0199,5.858,5.7506,0.0289,5.8004,before,-0.9646,5.8695,108732743.0
5.8388,20141105,-0.06,600004.SSE,79495.47,0.6913,5.8004,5.7314,0.0184,5.7621,before,-0.6494,5.7621,73153971.0
5.9654,20141106,0.18,600004.SSE,123953.7,1.0779,5.7621,5.7697,0.0338,5.8772,before,1.9608,5.7774,115902054.0
5.9654,20141107,-0.11,600004.SSE,151350.34,1.3161,5.8772,5.7621,0.0342,5.8081,before,-1.1752,5.9385,141018417.0
6.0766,20141110,0.39,600004.SSE,199177.27,1.732,5.8081,5.8465,0.04,6.0536,before,4.2162,5.8465,190344041.0
6.2339,20141111,-0.18,600004.SSE,209923.44,1.8254,6.0536,5.858,0.0622,5.9385,before,-1.8672,6.0575,201951217.0
6.2109,20141112,0.39,600004.SSE,140735.38,1.2238,5.9385,5.8772,0.055999999999999994,6.1841,before,4.1226,5.9270000000000005,137326142.0
6.3145,20141113,-0.05,600004.SSE,157928.6,1.3733,6.1841,6.1342,0.0294,6.1534,before,-0.5076,6.2416,156762551.0
6.1841,20141114,-0.12,600004.SSE,88040.06,0.7656,6.1534,6.0344,0.0245,6.0766,before,-1.2245,6.1265,85338776.0
6.2646,20141117,0.07,600004.SSE,97694.14,0.8495,6.0766,6.0882,0.0289,6.1227,before,0.7231,6.2032,95882913.0
6.1534,20141118,-0.3,600004.SSE,158060.61,1.3744,6.1227,5.8887,0.0431,5.9347,before,-3.0769,6.1342,150162449.0
5.9846,20141119,-0.07,600004.SSE,72440.97,0.6299,5.9347,5.8273,0.0265,5.8887,before,-0.7407,5.9270000000000005,68115122.0
5.9270000000000005,20141120,0.05,600004.SSE,81606.87,0.7096,5.8887,5.8081,0.0203,5.9194,before,0.5329999999999999,5.8772,76098758.0
6.1342,20141121,0.29,600004.SSE,135675.99,1.1798,5.9194,5.8772,0.0435,6.1035,before,3.0753,5.9079,130439001.0
6.2032,20141124,-0.03,600004.SSE,140470.62,1.2215,6.1035,6.0268,0.0288,6.0843,before,-0.3086,6.1227,136928807.0
6.2454,20141125,0.14,600004.SSE,136216.26,1.1845,6.0843,6.0766,0.0279,6.1726,before,1.4448,6.0882,134154274.0
6.2109,20141126,-0.06,600004.SSE,111721.38,0.9715,6.1726,6.0728,0.0224,6.1342,before,-0.6104,6.1726,109181318.0
6.1726,20141127,-0.1,600004.SSE,125680.94,1.0929,6.1342,6.0268,0.0235,6.0728,before,-1.0235,6.1342,121452201.0
6.5408,20141128,0.41,600004.SSE,256563.31,2.231,6.0728,6.0882,0.0745,6.3298,before,4.2399,6.1035,259297494.0
6.5293,20141201,-0.16,600004.SSE,208032.41,1.8090000000000002,6.3298,6.2032,0.0516,6.2263,before,-1.5873,6.3337,209875876.0
6.3529,20141202,0.15,600004.SSE,159822.23,1.3898,6.2263,6.1227,0.0373,6.3222,before,1.5121,6.2148,159170634.0
6.3912,20141203,-0.07,600004.SSE,170861.88,1.4858,6.3222,6.2032,0.0298,6.28,before,-0.6951,6.3414,171332560.0
6.4027,20141204,0.18,600004.SSE,195633.3,1.7012,6.28,6.2454,0.025,6.3912,before,1.8,6.28,197012326.0
6.4488,20141205,-0.18,600004.SSE,209537.31,1.8221,6.3912,6.0958,0.055,6.28,before,-1.7682,6.4104,208670323.0
6.5715,20141208,0.38,600004.SSE,350980.65,3.052,6.28,6.2838,0.046,6.5178,before,3.8,6.3912,361316019.0
7.17,20141209,0.75,600004.SSE,595699.09,5.18,6.5178,6.56,0.0934,6.9858,before,7.2254,6.5907,660869629.0
7.684,20141210,1.09,600004.SSE,526586.19,4.579,6.9858,6.6943,0.142,7.6725,before,9.7934,7.1239,603061811.0
8.3746,20141211,0.49,600004.SSE,544518.36,4.7349,7.6725,7.4577,0.1195,7.9794,before,4.0098,7.6725,695282698.0
7.9027,20141212,-0.37,600004.SSE,296773.2,2.5806,7.9794,7.5536,0.0441,7.7454,before,-2.9111,7.8797,363109222.0
8.1597,20141215,-0.13,600004.SSE,320029.12,2.7829,7.7454,7.6073,0.0713,7.6649,before,-1.0535,8.1597,398690303.0
7.6610000000000005,20141216,-0.2,600004.SSE,341519.2,2.9697,7.6649,7.3465,0.040999999999999995,7.5383,before,-1.6380000000000001,7.5958,405684213.0
7.8106,20141217,0.23,600004.SSE,298509.18,2.5957,7.5383,7.4654,0.0458,7.684,before,1.9151,7.5344,364879991.0
7.6342,20141218,-0.3,600004.SSE,191627.67,1.6663,7.684,7.4884,0.0188,7.4961,before,-2.451,7.6265,229939457.0
7.7147,20141219,0.27,600004.SSE,323958.55,2.8169999999999997,7.4961,7.3465,0.0494,7.6649,before,2.2613,7.5076,391355040.0
7.6265,20141222,-0.66,600004.SSE,257775.08,2.2415,7.6649,7.2199,0.0532,7.2505,before,-5.4054,7.5344,301385710.0
7.3465,20141223,-0.28,600004.SSE,116929.38,1.0168,7.2505,7.0319,0.0433,7.0741,before,-2.4242,7.2505,134356434.0
7.1892,20141224,0.15,600004.SSE,120174.78,1.045,7.0741,6.9858,0.0284,7.17,before,1.331,7.0894,135967886.0
7.3695,20141225,0.22,600004.SSE,128538.01,1.1177,7.17,7.1316,0.0333,7.3081,before,1.9264,7.1585,148438755.0
7.4846,20141226,0.19,600004.SSE,235259.76,2.0457,7.3081,7.239,0.0335,7.4270000000000005,before,1.6323,7.3311,276380876.0
7.3196,20141229,-0.58,600004.SSE,375963.81,3.2693,7.4270000000000005,6.9628,0.0482,7.0626,before,-4.9028,7.3081,426010740.0
7.0702,20141230,-0.47,600004.SSE,250751.83,2.1805,7.0626,6.6866,0.0542,6.7672,before,-4.1778,7.0204,273427007.0
6.8669,20141231,0.15,600004.SSE,197078.99,1.7137,6.7672,6.7173,0.0223,6.8631,before,1.3915,6.7787,213624420.0
7.3771,20150105,0.72,600004.SSE,392172.34,3.4102,6.8631,6.8669,0.0741,7.3158,before,6.5874,6.9053,447453973.0
7.4462,20150106,0.04,600004.SSE,238702.38,2.0757,7.3158,7.0933,0.0481,7.3388,before,0.3433,7.2199,277053291.0
7.4002,20150107,-0.12,600004.SSE,133496.59,1.1608,7.3388,7.1585,0.0334,7.2621,before,-1.0265,7.3771,154539348.0
7.3771,20150108,-0.25,600004.SSE,115121.59,1.0011,7.2621,7.0626,0.0432,7.1086,before,-2.1608,7.2774,131349773.0
7.3004,20150109,0.05,600004.SSE,153938.54,1.3386,7.1086,7.0626,0.0336,7.1393,before,0.4417,7.1124,176458913.0
7.0933,20150112,-0.45,600004.SSE,113987.46,0.9912,7.1393,6.817,0.0387,6.8554,before,-3.9578,7.0894,126081480.0
6.9436,20150113,0.11,600004.SSE,93046.37,0.8091,6.8554,6.794,0.022000000000000002,6.9245,before,1.0073,6.8439,101586323.0
6.9245,20150114,-0.11,600004.SSE,68809.32,0.5983,6.9245,6.8132,0.0163,6.8554,before,-0.9973,6.9053,75154574.0
7.1623,20150115,0.43,600004.SSE,96577.47,0.8398,6.8554,6.8132,0.0513,7.1239,before,3.9377,6.8439,107630815.0
7.2007,20150116,0.0,600004.SSE,80010.71,0.6957,7.1239,7.0242,0.0247,7.1239,before,0.0,7.1086,90822878.0
6.9705,20150119,-0.82,600004.SSE,154918.93,1.3471,7.1239,6.4679,0.0705,6.6099,before,-7.2247,6.7288,166251259.0
6.7672,20150120,0.24,600004.SSE,104663.09,0.9101,6.6099,6.6099,0.0237,6.7633,before,2.2792,6.6099,111836834.0
7.0319,20150121,0.39,600004.SSE,115264.54,1.0023,6.7633,6.7748,0.0381,7.005,before,3.6212,6.7748,126922939.0
7.2314,20150122,0.27,600004.SSE,155495.28,1.3521,7.005,6.9321,0.043,7.1777,before,2.4194,7.0012,176338663.0
7.3656,20150123,0.01,600004.SSE,136945.71,1.1908,7.1777,7.1316,0.0324,7.1815,before,0.0875,7.1892,157831006.0
7.2966,20150126,0.17,600004.SSE,108079.64,0.9398,7.1815,7.1239,0.0236,7.2889,before,1.486,7.1508,124561241.0
7.3465,20150127,-0.16,600004.SSE,147757.61,1.2848,7.2889,7.0204,0.0448,7.1892,before,-1.3781,7.2889,169308555.0
7.2199,20150128,-0.09,600004.SSE,63239.63,0.5499,7.1892,7.0741,0.0201,7.1316,before,-0.7859999999999999,7.1508,71945967.0
7.1239,20150129,-0.09,600004.SSE,59084.13,0.5138,7.1316,7.0319,0.0132,7.0741,before,-0.7923,7.0626,66618052.0
7.1585,20150130,-0.15,600004.SSE,63906.15,0.5557,7.0741,6.9743,0.0257,6.982,before,-1.331,7.0741,71780067.0
6.9245,20150202,-0.3,600004.SSE,62450.98,0.5431,6.982,6.7787,0.0207,6.794,before,-2.6978,6.9245,67897243.0
6.8938,20150203,0.1,600004.SSE,69915.31,0.608,6.794,6.7672,0.0185,6.8554,before,0.9242,6.8132,76141367.0
6.9245,20150204,-0.05,600004.SSE,55262.13,0.4805,6.8554,6.817,0.0156,6.8247,before,-0.4579,6.8938,60512502.0
6.9552,20150205,-0.06,600004.SSE,78643.78,0.6839,6.8247,6.7787,0.0258,6.7864,before,-0.552,6.9053,85842818.0
6.7748,20150206,-0.29,600004.SSE,75465.88,0.6562,6.7864,6.5485,0.0333,6.6061,before,-2.6827,6.7748,79729286.0
6.5984,20150209,-0.22,600004.SSE,89069.33,0.7745,6.6061,6.4526,0.0219,6.4679,before,-2.0913,6.5984,92227622.0
6.5677,20150210,0.16,600004.SSE,79963.73,0.6953,6.4679,6.4296,0.0214,6.5677,before,1.5534,6.4679,82739641.0
6.6367,20150211,0.04,600004.SSE,55584.14,0.4833,6.5677,6.5178,0.0182,6.5907,before,0.3824,6.56,58209117.0
6.6483,20150212,0.07,600004.SSE,43681.77,0.3798,6.5907,6.5677,0.0124,6.6367,before,0.6667,6.5869,46001338.0
6.7979,20150213,0.16,600004.SSE,68020.65,0.5915,6.6367,6.6674,0.0199,6.7365,before,1.5137,6.6674,73193032.0
6.8324,20150216,0.11,600004.SSE,49257.46,0.4283,6.7365,6.7288,0.0149,6.8055,before,1.0252,6.7442,53123617.0
7.0012,20150217,0.31,600004.SSE,93374.29,0.812,6.8055,6.7979,0.0295,7.0012,before,2.8598,6.8132,102724310.0
6.982,20150225,-0.14,600004.SSE,59541.41,0.5178,7.0012,6.8823,0.0143,6.912999999999999,before,-1.2556,6.9245,65648210.0
7.0396,20150226,0.19,600004.SSE,94597.99,0.8226,6.912999999999999,6.8362,0.0291,7.0319,before,1.7257,6.912999999999999,105084591.0
7.2505,20150227,0.22,600004.SSE,139734.95,1.2151,7.0319,7.0204,0.033,7.17,before,1.9643,7.0319,159528180.0
7.2697,20150302,-0.03,600004.SSE,73246.81,0.6369,7.17,7.0818,0.0263,7.1508,before,-0.2627,7.2505,83392004.0
7.1393,20150303,-0.37,600004.SSE,108760.45,0.9457,7.1508,6.9014,0.0334,6.9168,before,-3.2485,7.1393,120929552.0
6.9743,20150304,0.08,600004.SSE,76594.04,0.6659999999999999,6.9168,6.8938,0.0118,6.9705,before,0.726,6.912999999999999,84630204.0
6.9705,20150305,-0.08,600004.SSE,67070.9,0.5832,6.9705,6.8631,0.0153,6.9168,before,-0.7207,6.9705,73777865.0
6.9436,20150306,-0.01,600004.SSE,57960.14,0.504,6.9168,6.8746,0.01,6.912999999999999,before,-0.0907,6.8938,63675401.0
7.0012,20150309,0.13,600004.SSE,64414.25,0.5601,6.912999999999999,6.8132,0.0272,6.9935,before,1.1807,6.8823,70913010.0
7.1623,20150310,0.2,600004.SSE,109506.67,0.9522,6.9935,6.936,0.0323,7.1201,before,1.7953,6.9705,123531108.0
7.3158,20150311,-0.03,600004.SSE,122782.15,1.0677,7.1201,7.0933,0.0309,7.1009,before,-0.2646,7.1201,140861766.0
7.1892,20150312,-0.11,600004.SSE,117283.93,1.0199,7.1009,6.9858,0.0283,7.0319,before,-0.9726,7.1086,132364491.0
7.2083,20150313,0.25,600004.SSE,120901.29,1.0513,7.0319,7.0434,0.0232,7.1892,before,2.2321,7.0434,137645555.0
7.3656,20150316,0.26,600004.SSE,182049.47,1.5830000000000002,7.1892,7.2314,0.0183,7.3503,before,2.2707,7.2812,211973498.0
7.9603,20150317,0.76,600004.SSE,366390.07,3.1860000000000004,7.3503,7.3311,0.0854,7.8298,before,6.4902,7.3695,450014430.0
7.8797,20150318,-0.09,600004.SSE,253031.5,2.2003,7.8298,7.6956,0.0233,7.7723,before,-0.7217,7.8298,313297315.0
7.7416,20150319,-0.18,600004.SSE,189994.15,1.6521,7.7723,7.615,0.0162,7.6610000000000005,before,-1.454,7.7416,231983356.0
7.7915,20150320,0.1,600004.SSE,143748.26,1.25,7.6610000000000005,7.6457,0.0189,7.7224,before,0.8197,7.6610000000000005,176646221.0
7.849,20150323,0.08,600004.SSE,211006.25,1.8348,7.7224,7.6956,0.0195,7.7723,before,0.6504,7.7301,260928696.0
7.7723,20150324,-0.15,600004.SSE,214184.78,1.8625,7.7723,7.5037,0.0347,7.6764,before,-1.2116,7.7646,261083344.0
8.1252,20150325,0.19,600004.SSE,310431.53,2.6994,7.6764,7.7723,0.0458,7.7991,before,1.5536,7.7723,390688603.0
7.9718,20150326,0.07,600004.SSE,222826.79,1.9376,7.7991,7.6265,0.0443,7.8413,before,0.5636,7.7339,276471331.0
8.0101,20150327,0.12,600004.SSE,186142.92,1.6186,7.8413,7.7991,0.0272,7.9181,before,0.9608,7.8145,234848198.0
8.3554,20150330,0.53,600004.SSE,299468.75,2.6041,7.9181,7.9986,0.0452,8.248,before,4.203,7.9986,389801587.0
8.3516,20150331,-0.32,600004.SSE,247225.47,2.1498,8.248,8.0101,0.0411,8.0485,before,-2.4353,8.2748,320414928.0
8.225,20150401,0.17,600004.SSE,171698.04,1.493,8.0485,8.0408,0.0226,8.1559,before,1.3261,8.0562,222517547.0
8.2173,20150402,-0.05,600004.SSE,197261.53,1.7153,8.1559,7.9986,0.0269,8.1252,before,-0.3849,8.1789,254860256.0
8.4244,20150403,0.41,600004.SSE,284254.92,2.4718,8.1252,7.9986,0.0526,8.3822,before,3.1685,8.0677,372667588.0
8.7083,20150407,0.33,600004.SSE,267529.92,2.3263,8.3822,8.317,0.0464,8.5894,before,2.4719,8.4014,362145567.0
8.5702,20150408,-0.27,600004.SSE,214343.02,1.8639,8.5894,8.3362,0.027000000000000003,8.4206,before,-1.9737,8.5702,288445954.0
8.4321,20150409,-0.42,600004.SSE,198754.39,1.7283,8.4206,8.0792,0.0418,8.1559,before,-3.1319999999999997,8.4244,259271191.0
8.4053,20150410,0.35,600004.SSE,179963.74,1.5649,8.1559,8.0753,0.0408,8.3746,before,2.6944,8.1559,237217493.0
8.5702,20150413,0.24,600004.SSE,203385.43,1.7686,8.3746,8.3669,0.024,8.5242,before,1.7991,8.3669,275222709.0
8.904,20150414,0.41,600004.SSE,232238.44,2.0195,8.5242,8.4628,0.0515,8.7812,before,3.0191,8.5204,322125535.0
8.9654,20150415,-0.33,600004.SSE,218802.05,1.9026,8.7812,8.482000000000001,0.055,8.5741,before,-2.3588,8.7505,303802519.0
8.9845,20150416,0.62,600004.SSE,215488.4,1.8738,8.5741,8.4129,0.0666,8.9654,before,4.5388,8.4743,300755115.0
9.2416,20150417,0.18,600004.SSE,262301.35,2.2809,8.9654,8.9155,0.0364,9.0766,before,1.2605,9.1303,379813011.0
9.4065,20150420,-0.12,600004.SSE,341472.34,2.9693,9.0766,8.9155,0.0539,9.0037,before,-0.8299,9.1111,499408203.0
9.3912,20150421,0.6,600004.SSE,238397.82,2.073,9.0037,8.9845,0.0453,9.3797,before,4.1841,9.0574,350021303.0
9.7748,20150422,0.21,600004.SSE,227078.18,1.9746,9.3797,9.4564,0.0341,9.5101,before,1.4056,9.4564,346780178.0
9.5753,20150423,-0.17,600004.SSE,188030.26,1.635,9.5101,9.2608,0.033,9.4065,before,-1.1221,9.5255,281221412.0
9.2914,20150424,-0.31,600004.SSE,177570.42,1.5441,9.4065,9.0574,0.0247,9.2109,before,-2.0694,9.1725,259607039.0
9.4756,20150427,0.37,600004.SSE,191890.6,1.6686,9.2109,9.2301,0.0266,9.4411,before,2.5222,9.2301,286991984.0
9.4871,20150428,-0.51,600004.SSE,167180.79,1.4537,9.4411,8.9884,0.0525,9.1226,before,-3.391,9.4602,244427706.0
9.349,20150429,0.3,600004.SSE,164200.93,1.4278,9.1226,8.9538,0.0434,9.3106,before,2.0647,9.0728,241394713.0
9.6674,20150430,0.09,600004.SSE,224419.88,1.9515,9.3106,9.3528,0.0337,9.3682,before,0.6069,9.4372,339202545.0
10.0817,20150504,0.88,600004.SSE,329867.6,2.8684,9.3682,8.9347,0.1227,9.9206,before,5.8981,9.537,509853797.0
9.8247,20150505,-0.93,600004.SSE,211907.13,1.8427,9.9206,9.2723,0.0557,9.3375,before,-5.8861,9.7173,322510139.0
9.5485,20150506,-0.09,600004.SSE,185692.21,1.6147,9.3375,9.184,0.039,9.2799,before,-0.6052,9.3413,277636411.0
9.3183,20150507,-0.37,600004.SSE,157182.48,1.3668,9.2799,8.9769,0.0365,9.0459,before,-2.5034,9.1725,228973929.0
9.6827,20150508,0.9,600004.SSE,236885.04,2.0599,9.0459,9.0421,0.0708,9.6137,before,6.2457,9.0421,352094754.0
9.7863,20150511,0.27,600004.SSE,142500.55,1.2391,9.6137,9.4487,0.0353,9.7825,before,1.7636,9.6674,219491065.0
9.8439,20150512,-0.13,600004.SSE,169626.29,1.475,9.7825,9.6444,0.0205,9.6981,before,-0.8344,9.794,262885265.0
9.6981,20150513,-0.17,600004.SSE,155212.44,1.3497,9.6981,9.4756,0.0233,9.5945,before,-1.1003,9.6866,235887778.0
9.6674,20150514,0.04,600004.SSE,143686.38,1.2494,9.5945,9.4295,0.0249,9.6175,before,0.2618,9.5983,219353604.0
9.6866,20150515,-0.12,600004.SSE,110896.78,0.9643,9.6175,9.418,0.0281,9.5446,before,-0.7833,9.6137,168112032.0
9.4871,20150518,-0.46,600004.SSE,105057.04,0.9135,9.5446,9.2301,0.027000000000000003,9.2531,before,-3.0263,9.4871,156037509.0
9.56,20150519,0.48,600004.SSE,141690.26,1.2321,9.2531,9.2416,0.0346,9.5561,before,3.2564,9.2531,213361191.0
10.1086,20150520,0.07,600004.SSE,202727.81,1.7629,9.5561,9.5792,0.0552,9.5983,before,0.4599,9.6444,317270191.0
10.0012,20150521,0.61,600004.SSE,183554.38,1.5961,9.5983,9.5293,0.0491,9.982000000000001,before,3.9895,9.5293,287990560.0
10.4845,20150522,0.74,600004.SSE,305411.87,2.6558,9.982000000000001,10.1393,0.0346,10.4462,before,4.6541,10.1393,502322590.0
11.3323,20150525,1.26,600004.SSE,302459.29,2.6301,10.4462,10.3771,0.0913,11.2364,before,7.5721,10.3771,529133570.0
11.4896,20150526,0.09,600004.SSE,294549.63,2.5613,11.2364,10.9103,0.0514,11.294,before,0.5028,11.3132,526991737.0
12.042,20150527,0.74,600004.SSE,280432.59,2.4385,11.294,11.1175,0.0817,11.7582,before,4.1134,11.3016,519830800.0
11.808,20150528,-1.48,600004.SSE,256196.5,2.2278,11.7582,10.7224,0.0924,10.8298,before,-7.9018,11.6201,464088001.0
11.1252,20150529,0.09,600004.SSE,198402.53,1.7252,10.8298,10.3042,0.0759,10.8873,before,0.5217,10.8605,341287399.0
11.972999999999999,20150601,1.73,600004.SSE,259760.38,2.2588,10.8873,10.872,0.1009,11.972999999999999,before,9.9769,10.9257,476503098.0
12.7441,20150602,0.93,600004.SSE,390872.83,3.3989,11.972999999999999,11.7658,0.0818,12.5561,before,4.8768,11.972999999999999,761632245.0
12.6328,20150603,-0.28,600004.SSE,291589.85,2.5356,12.5561,11.7275,0.07200000000000001,12.3796,before,-1.4,12.3681,566109773.0
12.2108,20150604,-0.57,600004.SSE,166827.45,1.4507,12.3796,11.2748,0.0756,12.0229,before,-2.8905,12.1725,315138918.0
12.4257,20150605,0.25,600004.SSE,203060.76,1.7657,12.0229,11.8042,0.0517,12.1802,before,1.3055,12.2415,393804883.0
12.9512,20150608,0.75,600004.SSE,302962.04,2.6345,12.1802,11.9615,0.0814,12.652000000000001,before,3.866,12.1725,602675308.0
12.652000000000001,20150609,-0.45,600004.SSE,211241.44,1.8369,12.652000000000001,12.0919,0.0442,12.3681,before,-2.2333,12.6328,414479993.0
12.6136,20150610,0.05,600004.SSE,191316.78,1.6636,12.3681,12.1533,0.0371,12.3988,before,0.2538,12.2415,379005928.0
12.7441,20150611,0.25,600004.SSE,301364.09,2.6206,12.3988,12.2415,0.0405,12.5561,before,1.2658,12.3988,599381096.0
12.7287,20150612,0.09,600004.SSE,199084.65,1.7312,12.5561,12.418,0.0249,12.6136,before,0.4566,12.6712,392768619.0
13.8067,20150615,1.16,600004.SSE,399271.26,3.4719,12.6136,12.6136,0.0944,13.354000000000001,before,5.8586,12.6789,821669322.0
13.1853,20150616,-1.5,600004.SSE,230575.16,2.005,13.354000000000001,12.1533,0.0773,12.3988,before,-7.1565,13.0471,458107581.0
13.0548,20150617,0.67,600004.SSE,286901.69,2.4948,12.3988,11.5625,0.1202,12.8246,before,3.443,12.372,556482470.0
13.354000000000001,20150618,-0.39,600004.SSE,269634.54,2.3446,12.8246,12.4487,0.0705,12.5753,before,-1.9374,12.7748,548972157.0
12.3796,20150619,-1.97,600004.SSE,169018.6,1.4697,12.5753,11.3208,0.0841,11.3208,before,-9.9797,11.9653,312071598.0
11.4666,20150623,0.22,600004.SSE,156398.4,1.36,11.3208,10.3196,0.1013,11.4589,before,1.238,11.270999999999999,268202327.0
11.927,20150624,0.25,600004.SSE,253815.53,2.2071,11.4589,11.1213,0.07,11.6201,before,1.3897,11.5548,461001627.0
11.6277,20150625,-1.24,600004.SSE,213664.47,1.858,11.6201,10.5766,0.0905,10.8298,before,-6.7982,11.6277,374448544.0
10.5881,20150626,-1.69,600004.SSE,266097.02,2.3139,10.8298,9.748,0.0776,9.7518,before,-9.9412,10.5881,419936110.0
10.4462,20150629,0.51,600004.SSE,391572.34,3.405,9.7518,8.8042,0.1685,10.0779,before,3.3312,10.0587,597773211.0
10.8797,20150630,1.08,600004.SSE,338819.96,2.9463,10.0779,9.5561,0.1315,10.7646,before,6.8268,9.8746,551574907.0
10.895,20150701,-1.42,600004.SSE,242174.45,2.1059,10.7646,9.8439,0.0976,9.863,before,-8.4024,10.6533,398104262.0
10.0587,20150702,-1.55,600004.SSE,329019.41,2.861,9.863,8.8733,0.1202,8.8733,before,-10.0129,9.9052,475830288.0
8.8886,20150703,-0.91,600004.SSE,320894.53,2.7904,8.8733,7.9948,0.1005,8.294,before,-6.5327,8.4743,419325004.0
9.1226,20150706,0.63,600004.SSE,526841.9,4.5812,8.294,7.6457,0.1782,8.6968,before,4.8387,9.1226,688356181.0
8.6009,20150707,-1.36,600004.SSE,395180.02,3.4363,8.6968,7.8298,0.0886,7.8298,before,-9.9634,8.2825,494108940.0
7.6764,20150708,-1.03,600004.SSE,815862.85,7.0945,7.8298,7.0472,0.0806,7.1738,before,-8.3808,7.0472,935075007.0
7.8912,20150709,1.13,600004.SSE,175967.91,1.5302,7.1738,7.2314,0.0924,7.8912,before,10.0355,7.2314,212010887.0
8.6815,20150710,1.24,600004.SSE,144569.1,1.2571,7.8912,8.2863,0.05,8.6815,before,10.0081,8.2863,194473334.0
9.5485,20150713,1.36,600004.SSE,208755.97,1.8153,8.6815,8.9193,0.0726,9.5485,before,9.978,9.161,303465596.0
10.0894,20150714,-0.25,600004.SSE,283044.0,2.4613,9.5485,9.2377,0.0894,9.3912,before,-1.6678,9.4871,428545881.0
9.2953,20150715,-1.4,600004.SSE,203014.8,1.7653,9.3912,8.4551,0.0896,8.4973,before,-9.498,9.1226,279800567.0
9.0766,20150716,0.63,600004.SSE,165115.06,1.4358,8.4973,8.3209,0.0892,8.9001,before,4.7226,8.4973,228006136.0
9.4909,20150717,0.67,600004.SSE,171199.57,1.4887,8.9001,8.9117,0.0651,9.326,before,4.796,8.9117,247497106.0
9.5753,20150720,-0.08,600004.SSE,162684.36,1.4146,9.326,9.1495,0.0458,9.2761,before,-0.5464,9.2991,238584830.0
9.4794,20150721,0.15,600004.SSE,168693.55,1.4669,9.2761,8.996,0.0522,9.372,before,1.0302,9.0459,245637082.0
9.4295,20150722,-0.12,600004.SSE,143956.74,1.2518,9.372,9.0459,0.0408,9.2953,before,-0.8158,9.2953,209170524.0
9.7863,20150723,0.65,600004.SSE,243046.4,2.1134,9.2953,9.2454,0.0583,9.7096,before,4.4551,9.2953,366882248.0
9.9014,20150724,-0.38,600004.SSE,195218.63,1.6976,9.7096,9.3643,0.0551,9.4679,before,-2.4934,9.7096,296400707.0
9.4295,20150727,-1.49,600004.SSE,190712.01,1.6584,9.4679,8.5165,0.0962,8.5165,before,-10.0269,9.2377,269370093.0
8.8042,20150728,0.02,600004.SSE,232102.28,2.0183,8.5165,7.9679,0.098,8.5319,before,0.1496,8.3439,306387379.0
8.95,20150729,0.62,600004.SSE,119970.81,1.0432,8.5319,8.4398,0.0597,8.927,before,4.6303,8.6623,162712826.0
9.2876,20150730,-0.3,600004.SSE,146818.07,1.2767,8.927,8.7083,0.065,8.7352,before,-2.1413,8.95,208954845.0
8.8541,20150731,0.08,600004.SSE,94287.35,0.8199,8.7352,8.5549,0.0343,8.7851,before,0.5835,8.6124,128637482.0
9.0344,20150803,0.38,600004.SSE,123835.9,1.0768,8.7851,8.551,0.0551,9.0267,before,2.7556,8.6124,170415140.0
9.4334,20150804,0.54,600004.SSE,128313.61,1.1158,9.0267,8.9999,0.048,9.372,before,3.8109,9.0152,186045293.0
9.5293,20150805,-0.29,600004.SSE,108544.59,0.9439,9.372,9.1226,0.0435,9.1879,before,-1.9714,9.3567,158390865.0
9.2991,20150806,0.03,600004.SSE,96950.45,0.843,9.1879,9.0344,0.0291,9.207,before,0.20800000000000002,9.0536,139880942.0
9.4794,20150807,0.26,600004.SSE,107737.32,0.9368,9.207,9.2186,0.0284,9.372,before,1.7993,9.2186,158243394.0
10.0395,20150810,0.87,600004.SSE,191529.84,1.6655,9.372,9.3835,0.07,9.9244,before,5.9143,9.4794,292612954.0
9.9398,20150811,-0.13,600004.SSE,129512.62,1.1262,9.9244,9.6751,0.0263,9.8439,before,-0.8344,9.9206,200075579.0
9.771,20150812,-0.55,600004.SSE,88089.01,0.7659999999999999,9.8439,9.4487,0.033,9.4909,before,-3.5599,9.583,132596337.0
9.7978,20150813,0.36,600004.SSE,74037.55,0.6438,9.4909,9.4142,0.0403,9.7211,before,2.4161,9.4142,112099309.0
10.0012,20150814,0.11,600004.SSE,111579.2,0.9703,9.7211,9.7019,0.0308,9.7902,before,0.7208,9.8055,172263458.0
10.1661,20150817,0.57,600004.SSE,156708.87,1.3627,9.7902,9.7288,0.0449,10.1546,before,3.7085,9.748,246164885.0
10.4999,20150818,-1.17,600004.SSE,215390.71,1.8730000000000002,10.1546,9.2492,0.12300000000000001,9.4104,before,-7.34,10.2121,338237305.0
9.7326,20150819,0.46,600004.SSE,107033.79,0.9307,9.4104,8.9807,0.0799,9.7019,before,3.1144,9.2262,157239274.0
9.9321,20150820,-0.28,600004.SSE,103337.99,0.8986,9.7019,9.4487,0.0499,9.5255,before,-1.8385,9.5255,157998069.0
9.5255,20150821,-0.78,600004.SSE,101000.78,0.8783,9.5255,8.9193,0.0635,9.0267,before,-5.2174,9.3758,145705962.0
8.8234,20150824,-1.42,600004.SSE,124308.77,1.0809,9.0267,8.1214,0.0776,8.1214,before,-10.0212,8.6968,162007025.0
8.3516,20150825,-1.24,600004.SSE,173373.93,1.5076,8.1214,7.3119,0.1278,7.3311,before,-9.7255,7.6112,208749510.0
7.8298,20150826,0.34,600004.SSE,131784.01,1.1459,7.3311,7.1048,0.099,7.5498,before,2.9539999999999997,7.5498,156691590.0
7.9871,20150827,0.67,600004.SSE,99614.95,0.8662,7.5498,7.5881,0.0532,7.9756,before,5.654,7.7147,122285596.0
8.4743,20150828,0.71,600004.SSE,140836.44,1.2247,7.9756,8.0063,0.0583,8.4283,before,5.6709,8.0907,180888114.0
8.2825,20150831,-0.5,600004.SSE,83848.75,0.7291,8.4283,8.0408,0.0287,8.1099,before,-3.7793,8.2825,107333804.0
8.0792,20150901,-0.62,600004.SSE,81119.35,0.7054,8.1099,7.5920000000000005,0.0597,7.7147,before,-4.8704,8.0792,99310237.0
8.0907,20150902,0.37,600004.SSE,175415.03,1.5253,7.7147,7.3311,0.0983,7.9487,before,3.0553,7.4539,215834617.0
8.34,20150907,-0.2,600004.SSE,129363.84,1.1249,7.9487,7.78,0.0705,7.8222,before,-1.6026,7.9641,162038317.0
8.1022,20150908,0.36,600004.SSE,79159.38,0.6883,7.8222,7.6572,0.057,8.0523,before,2.9316,7.7531,97993567.0
8.2863,20150909,0.21,600004.SSE,126151.1,1.097,8.0523,8.0063,0.0348,8.1866,before,1.6614,8.0715,161665295.0
8.1559,20150910,-0.31,600004.SSE,59531.5,0.5177,8.1866,7.9833,0.021,7.9871,before,-2.4125,8.0792,75408446.0
8.0523,20150911,-0.03,600004.SSE,59884.33,0.5207,7.9871,7.8375,0.0271,7.9679,before,-0.2392,8.0255,74782311.0
8.0331,20150914,-0.59,600004.SSE,75139.54,0.6534,7.9679,7.5306,0.0631,7.5920000000000005,before,-4.7162,7.9948,91395821.0
7.684,20150915,-0.35,600004.SSE,50939.27,0.44299999999999995,7.5920000000000005,7.3388,0.0453,7.3695,before,-2.9362,7.4615,59997002.0
8.0063,20150916,0.86,600004.SSE,102291.53,0.8895,7.3695,7.3273,0.0925,7.9181,before,7.433,7.3848,122598767.0
7.9104,20150917,-0.49,600004.SSE,103221.96,0.8976,7.9181,7.5920000000000005,0.0402,7.6073,before,-3.9421,7.7723,125640363.0
7.6956,20150918,-0.02,600004.SSE,45483.9,0.3955,7.6073,7.5191,0.0235,7.5920000000000005,before,-0.1675,7.638,54221679.0
7.7454,20150921,0.22,600004.SSE,57443.54,0.4995,7.5920000000000005,7.4539,0.0386,7.7339,before,1.8456,7.5344,68840090.0
7.9641,20150922,0.16,600004.SSE,85871.84,0.7467,7.7339,7.7071,0.0329,7.8375,before,1.318,7.7608,105222489.0
7.78,20150923,-0.32,600004.SSE,48216.92,0.4193,7.8375,7.6112,0.0211,7.6303,before,-2.6016,7.7262,58222958.0
7.7531,20150924,0.12,600004.SSE,44127.36,0.3837,7.6303,7.638,0.015,7.7071,before,1.0017,7.638,53393105.0
7.78,20150925,-0.1,600004.SSE,44733.29,0.389,7.7071,7.5805,0.0256,7.6457,before,-0.8264,7.7071,53940088.0
7.7454,20150928,0.13,600004.SSE,26514.77,0.2306,7.6457,7.5920000000000005,0.02,7.7262,before,1.0833,7.6879,31982568.0
7.7032,20150929,-0.23,600004.SSE,36611.95,0.3184,7.7262,7.5536,0.019,7.5805,before,-1.8961,7.6572,43730346.0
7.6956,20150930,0.09,600004.SSE,25672.0,0.2232,7.5805,7.5805,0.0151,7.638,before,0.7563,7.6188,30757396.0
8.0408,20151008,0.42,600004.SSE,81794.56,0.7113,7.638,7.849,0.025,7.9065,before,3.5029,7.8682,101927169.0
8.0331,20151009,0.17,600004.SSE,66103.69,0.5748,7.9065,7.8567,0.0226,8.014,before,1.3699,7.9065,82798937.0
8.3707,20151012,0.5,600004.SSE,100129.31,0.8707,8.014,7.9679,0.0501,8.3324,before,3.9746,8.0447,129767593.0
8.3516,20151013,-0.04,600004.SSE,57672.72,0.5015,8.3324,8.1597,0.0229,8.3055,before,-0.3058,8.3132,75058436.0
8.3631,20151014,-0.26,600004.SSE,52620.12,0.4576,8.3055,8.1175,0.0299,8.1406,before,-1.9939,8.3017,68004339.0
8.3132,20151015,0.26,600004.SSE,51626.6,0.4489,8.1406,8.1099,0.025,8.3055,before,2.0344,8.1406,66839819.0
8.7966,20151016,0.69,600004.SSE,149961.73,1.304,8.3055,8.3439,0.0544,8.7467,before,5.2914,8.3439,204264080.0
8.7007,20151019,-0.27,600004.SSE,78533.27,0.6829,8.7467,8.5242,0.0204,8.5741,before,-1.9665,8.6623,106068059.0
8.7275,20151020,0.17,600004.SSE,56521.41,0.4915,8.5741,8.5319,0.023,8.6815,before,1.263,8.5817,76587296.0
8.7659,20151021,-0.81,600004.SSE,80769.83,0.7023,8.6815,8.0907,0.0778,8.1674,before,-5.9428,8.6815,107851566.0
8.4168,20151022,0.35,600004.SSE,58980.92,0.5129,8.1674,8.1674,0.0304,8.3899,before,2.7301,8.1943,76876309.0
8.6776,20151023,0.26,600004.SSE,77769.11,0.6763,8.3899,8.3976,0.0334,8.5549,before,1.9742,8.4398,104348583.0
8.7007,20151026,0.0,600004.SSE,90963.59,0.7909999999999999,8.5549,8.4935,0.0246,8.5549,before,0.0,8.6968,122126989.0
8.5357,20151027,-0.07,600004.SSE,53221.17,0.4628,8.5549,8.2288,0.0357,8.5127,before,-0.5212,8.5357,70053631.0
8.5932,20151028,-0.16,600004.SSE,51940.0,0.4517,8.5127,8.3707,0.0262,8.4091,before,-1.1976,8.4782,69348839.0
8.5702,20151029,0.14,600004.SSE,41684.58,0.3625,8.4091,8.3976,0.0205,8.4973,before,1.0606,8.4283,55471527.0
8.6009,20151030,0.12,600004.SSE,73123.81,0.6359,8.4973,8.2863,0.0367,8.5741,before,0.8996,8.4743,97214553.0
8.8541,20151102,0.16,600004.SSE,119739.52,1.0412,8.5741,8.4475,0.0475,8.6776,before,1.1887,8.4475,163315837.0
8.8733,20151103,-0.01,600004.SSE,109904.6,0.9557,8.6776,8.6201,0.0294,8.67,before,-0.0734,8.6891,150853496.0
9.092,20151104,0.61,600004.SSE,173250.2,1.5065,8.67,8.7083,0.0441,9.0574,before,4.482,8.716000000000001,243103298.0
9.5293,20151105,-0.16,600004.SSE,369500.33,3.213,9.0574,8.927,0.0668,8.9577,before,-1.1252,9.0651,532510880.0
9.1879,20151106,0.3,600004.SSE,150165.85,1.3058,8.9577,8.9692,0.0242,9.1495,before,2.1337,8.9884,214557616.0
9.3145,20151109,0.11,600004.SSE,250494.38,2.1782,9.1495,9.0536,0.0286,9.2186,before,0.7659999999999999,9.207,360384609.0
9.2109,20151110,-0.24,600004.SSE,142416.77,1.2384,9.2186,9.0344,0.0194,9.0651,before,-1.6586,9.1495,204115805.0
9.1533,20151111,0.05,600004.SSE,88169.97,0.7667,9.0651,9.0344,0.0134,9.0958,before,0.3514,9.1035,125700089.0
9.0958,20151112,-0.23,600004.SSE,125573.49,1.0919,9.0958,8.8541,0.0266,8.95,before,-1.6106,9.0958,176385763.0
8.9193,20151113,-0.19,600004.SSE,61302.45,0.5331,8.95,8.7735,0.0164,8.8311,before,-1.3523,8.8541,85125415.0
8.9385,20151116,0.16,600004.SSE,62191.38,0.5408,8.8311,8.7007,0.0267,8.9308,before,1.1544,8.7927,86083000.0
9.0766,20151117,-0.08,600004.SSE,150096.32,1.3052,8.9308,8.8618,0.0243,8.881,before,-0.5706,8.9692,211381573.0
8.9001,20151118,-0.15,600004.SSE,56900.48,0.4948,8.881,8.7659,0.0151,8.7851,before,-1.0759999999999998,8.8426,78893313.0
8.8925,20151119,0.16,600004.SSE,52170.62,0.4537,8.7851,8.7582,0.0152,8.8886,before,1.1603,8.7966,72198208.0
8.9117,20151120,-0.02,600004.SSE,74847.92,0.6509,8.8886,8.7851,0.0143,8.8733,before,-0.1434,8.9001,103938214.0
8.9078,20151123,-0.08,600004.SSE,74486.87,0.6477,8.8733,8.7774,0.0144,8.8234,before,-0.5743,8.8618,103513102.0
8.8426,20151124,-0.17,600004.SSE,105720.96,0.9193,8.8234,8.5856,0.0289,8.716000000000001,before,-1.2274,8.8042,143807060.0
8.738999999999999,20151125,0.03,600004.SSE,95389.43,0.8295,8.716000000000001,8.5932,0.0168,8.7352,before,0.2193,8.6815,129547195.0
8.927,20151126,0.2,600004.SSE,134740.33,1.1717,8.7352,8.67,0.0292,8.8618,before,1.4588,8.7467,186386502.0
8.8311,20151127,-0.7,600004.SSE,99908.11,0.8688,8.8618,8.3784,0.051,8.4168,before,-5.0324,8.7966,135527222.0
8.505,20151130,0.05,600004.SSE,79228.82,0.6889,8.4168,8.225,0.0333,8.4475,before,0.3785,8.4743,104394975.0
8.5856,20151201,0.2,600004.SSE,61809.36,0.5375,8.4475,8.3592,0.0271,8.5741,before,1.5083,8.4475,82207255.0
8.8695,20151202,0.43,600004.SSE,106104.71,0.9226,8.5741,8.459,0.0475,8.8503,before,3.1947,8.505,144806449.0
8.9385,20151203,0.06,600004.SSE,88848.7,0.7726,8.8503,8.7735,0.0187,8.8886,before,0.4320000000000001,8.8541,123976789.0
8.8733,20151204,-0.25,600004.SSE,61219.87,0.5323,8.8886,8.6968,0.0201,8.7275,before,-1.7921,8.8042,84084684.0
8.9423,20151207,0.25,600004.SSE,69146.58,0.6013,8.7275,8.7659,0.0204,8.8886,before,1.8248,8.7659,96193625.0
8.9692,20151208,-0.22,600004.SSE,90260.74,0.7849,8.8886,8.7352,0.0265,8.7467,before,-1.5771,8.8349,125275146.0
8.8503,20151209,-0.03,600004.SSE,49789.76,0.433,8.7467,8.6623,0.0211,8.7275,before,-0.2185,8.7198,68221380.0
8.8234,20151210,0.03,600004.SSE,33353.17,0.29,8.7275,8.6968,0.0146,8.7467,before,0.21899999999999997,8.7275,45889478.0
8.8733,20151211,0.08,600004.SSE,57534.09,0.5003,8.7467,8.6815,0.0218,8.7966,before,0.5827,8.7083,79427352.0
8.996,20151214,0.29,600004.SSE,71963.85,0.6258,8.7966,8.6776,0.0362,8.9807,before,2.0999,8.7275,100183901.0
9.0152,20151215,-0.13,600004.SSE,91455.14,0.7953,8.9807,8.8503,0.0184,8.9001,before,-0.922,8.9807,128444965.0
9.0536,20151216,0.06,600004.SSE,78496.18,0.6826,8.9001,8.9193,0.015,8.9385,before,0.4295,8.9692,110845734.0
9.1035,20151217,0.22,600004.SSE,97004.15,0.8435,8.9385,8.9577,0.0164,9.0766,before,1.5681,8.9999,137800984.0
9.2761,20151218,0.11,600004.SSE,132223.57,1.1498,9.0766,9.0536,0.0246,9.1495,before,0.7719,9.0728,190355589.0
9.6827,20151221,0.39,600004.SSE,255556.25,2.2222,9.1495,9.0728,0.0669,9.395,before,2.7159,9.0766,376228552.0
9.4794,20151222,0.02,600004.SSE,104187.05,0.9059999999999999,9.395,9.2799,0.021,9.4104,before,0.1356,9.4794,153055948.0
9.4871,20151223,-0.32,600004.SSE,173639.33,1.5099,9.4104,9.1111,0.0399,9.207,before,-2.1666,9.395,253907359.0
9.2301,20151224,-0.1,600004.SSE,75753.55,0.6587,9.207,9.0459,0.0201,9.1418,before,-0.6920000000000001,9.161,108432745.0
9.2569,20151225,0.08,600004.SSE,68223.0,0.5932,9.1418,9.0651,0.0209,9.1917,before,0.5575,9.1495,98427505.0
9.2953,20151228,-0.42,600004.SSE,189897.42,1.6513,9.1917,8.9117,0.0416,8.927,before,-2.9106,9.2953,271250523.0
9.0152,20151229,0.12,600004.SSE,65582.16,0.5703,8.927,8.8733,0.0157,8.9999,before,0.8565,8.9117,92169682.0
9.0651,20151230,0.03,600004.SSE,57199.28,0.4974,8.9999,8.9423,0.0134,9.0191,before,0.2123,9.0382,80888137.0
9.1687,20151231,0.07,600004.SSE,106317.62,0.9245,9.0191,9.0459,0.0134,9.0651,before,0.4944,9.0574,151957057.0
9.0958,20160104,-1.19,600004.SSE,120912.06,1.0514,9.0651,8.1597,0.1033,8.3055,before,-8.3626,9.0958,166226459.0
8.4935,20160105,0.1,600004.SSE,173966.95,1.5128,8.3055,8.0255,0.055999999999999994,8.3707,before,0.7669,8.1482,227096572.0
8.5702,20160106,0.29,600004.SSE,96761.96,0.8414,8.3707,8.3209,0.0297,8.5549,before,2.207,8.3899,127728786.0
8.4283,20160107,-1.01,600004.SSE,23150.0,0.2013,8.5549,7.8682,0.0655,7.9104,before,-7.5205,8.4283,29774567.0
8.1789,20160108,0.28,600004.SSE,187562.01,1.631,7.9104,7.7416,0.0556,8.0907,before,2.2544,8.0255,235967215.0
8.0331,20160111,-0.6,600004.SSE,100981.22,0.8781,8.0907,7.6687,0.0449,7.7071,before,-4.7244,7.9487,124532968.0
7.8413,20160112,0.06,600004.SSE,84034.47,0.7307,7.7071,7.6457,0.0256,7.7454,before,0.4959,7.7723,102032068.0
7.8183,20160113,-0.27,600004.SSE,67630.62,0.5881,7.7454,7.569,0.0321,7.5728,before,-2.2204,7.7723,81797791.0
7.7071,20160114,0.18,600004.SSE,78065.28,0.6788,7.5728,7.3887,0.0421,7.6879,before,1.5139,7.4232,92650855.0
7.6764,20160115,-0.4,600004.SSE,70512.55,0.6132,7.6879,7.3771,0.0389,7.4347,before,-3.3139999999999996,7.6687,83515138.0
7.6764,20160118,0.33,600004.SSE,72167.2,0.6275,7.4347,7.2621,0.0557,7.6457,before,2.8278,7.3273,85217207.0
8.0025,20160119,0.52,600004.SSE,100090.45,0.8704,7.6457,7.569,0.0567,7.9756,before,4.3333,7.5805,122420557.0
8.0638,20160120,-0.07,600004.SSE,73965.58,0.6432,7.9756,7.7723,0.0367,7.9296,before,-0.5591,7.9065,92107570.0
7.9679,20160121,-0.25,600004.SSE,53200.53,0.4626,7.9296,7.6495,0.0402,7.7723,before,-2.008,7.849,65624470.0
7.9257,20160122,0.16,600004.SSE,55867.04,0.4858,7.7723,7.6495,0.0352,7.8759,before,1.3115,7.803,68494416.0
7.9487,20160125,0.1,600004.SSE,47016.4,0.4088,7.8759,7.8106,0.0178,7.9372,before,0.8091,7.8912,58191215.0
8.0063,20160126,-0.59,600004.SSE,65319.24,0.568,7.9372,7.5498,0.0578,7.5613,before,-4.7352,7.8797,80274949.0
7.6457,20160127,0.05,600004.SSE,73272.87,0.6372,7.5613,7.2505,0.0522,7.5920000000000005,before,0.4212,7.5229,85747273.0
7.6112,20160128,-0.12,600004.SSE,56156.79,0.4883,7.5920000000000005,7.3771,0.031,7.5191,before,-1.0067,7.4424,66062909.0
7.8222,20160129,0.41,600004.SSE,65300.07,0.5678,7.5191,7.4922,0.0441,7.78,before,3.4746,7.5191,78710645.0
7.7723,20160201,-0.26,600004.SSE,35170.54,0.3058,7.78,7.569,0.0262,7.6112,before,-2.1294,7.7723,42276932.0
7.8183,20160202,0.25,600004.SSE,47733.81,0.4151,7.6112,7.6265,0.0251,7.7723,before,2.0921,7.6265,58184890.0
7.9104,20160203,0.16,600004.SSE,59818.27,0.5202,7.7723,7.6879,0.0287,7.8759,before,1.3115,7.7416,73534474.0
8.0408,20160204,0.18,600004.SSE,39931.91,0.3472,7.8759,7.8605,0.0227,7.9871,before,1.4563,7.8605,49790098.0
8.0216,20160205,-0.19,600004.SSE,31209.0,0.2714,7.9871,7.8298,0.0239,7.8682,before,-1.5152,7.9679,38963332.0
7.9833,20160215,-0.01,600004.SSE,27869.24,0.2423,7.8682,7.6956,0.0364,7.8605,before,-0.081,7.6956,34332340.0
8.1099,20160216,0.35,600004.SSE,52609.1,0.4575,7.8605,7.8682,0.0308,8.083,before,2.8363,7.8682,66244008.0
8.2058,20160217,0.14,600004.SSE,49139.8,0.4273,8.083,8.014,0.0236,8.1751,before,1.1032,8.1175,62399832.0
8.1981,20160218,-0.03,600004.SSE,37772.71,0.3285,8.1751,8.0523,0.0179,8.1559,before,-0.2338,8.1597,48263528.0
8.1291,20160219,-0.08,600004.SSE,69469.82,0.6041,8.1559,8.014,0.0141,8.1022,before,-0.625,8.0792,87885621.0
8.3247,20160222,0.26,600004.SSE,51208.3,0.4453,8.1022,8.1291,0.0244,8.2672,before,2.044,8.1367,66198220.0
8.3017,20160223,0.01,600004.SSE,62435.46,0.5429,8.2672,8.1022,0.0239,8.2748,before,0.077,8.2825,80364469.0
8.6508,20160224,0.55,600004.SSE,223887.57,1.9468,8.2748,8.3247,0.0393,8.6239,before,4.234,8.459,297629776.0
8.6009,20160225,-0.49,600004.SSE,333291.02,2.8982,8.6239,8.1406,0.0532,8.3132,before,-3.6189,8.5434,437854950.0
7.9296,20160226,-1.18,600004.SSE,439958.67,3.8257,8.3132,7.4846,0.0536,7.5613,before,-9.0421,7.8874,525321270.0
7.4807,20160229,-0.59,600004.SSE,164021.46,1.4263,7.5613,7.1048,0.0497,7.1853,before,-4.9705,7.4807,186494064.0
7.3273,20160301,0.15,600004.SSE,102527.58,0.8915,7.1853,7.1431,0.0257,7.2812,before,1.3298,7.1968,116432172.0
7.6188,20160302,0.45,600004.SSE,137913.06,1.1992,7.2812,7.2812,0.0464,7.569,before,3.937,7.2889,162423398.0
7.6112,20160303,-0.04,600004.SSE,84223.93,0.7324,7.569,7.5191,0.0126,7.5421,before,-0.3367,7.5728,99966518.0
7.5728,20160304,-0.11,600004.SSE,93423.96,0.8124,7.5421,7.3273,0.0329,7.4731,before,-0.9291,7.5421,109695429.0
7.6649,20160307,0.11,600004.SSE,82383.26,0.7164,7.4731,7.4846,0.0239,7.5421,before,0.9378,7.5229,97839382.0
7.5536,20160308,0.01,600004.SSE,57118.18,0.4967,7.5421,7.3119,0.0321,7.5498,before,0.0845,7.5191,66742090.0
7.5536,20160309,-0.13,600004.SSE,40748.58,0.3543,7.5498,7.358,0.0262,7.4654,before,-1.097,7.4424,47774104.0
7.5191,20160310,-0.13,600004.SSE,38781.19,0.3372,7.4654,7.3695,0.0196,7.3848,before,-1.1092,7.4347,45385925.0
7.4347,20160311,0.01,600004.SSE,33343.93,0.2899,7.3848,7.3004,0.0181,7.3887,before,0.0863,7.3656,38610549.0
7.638,20160314,0.23,600004.SSE,72928.32,0.6342,7.3887,7.4462,0.0259,7.5344,before,1.9828,7.4462,86575877.0
7.7262,20160315,0.19,600004.SSE,99986.29,0.8694,7.5344,7.5306,0.0262,7.6572,before,1.6061,7.5613,120002474.0
7.7032,20160316,-0.09,600004.SSE,43147.33,0.3752,7.6572,7.569,0.0175,7.5996,before,-0.7488,7.6879,51625863.0
7.7608,20160317,0.18,600004.SSE,61388.79,0.5338,7.5996,7.5881,0.0226,7.7147,before,1.5088,7.6073,74017065.0
7.9104,20160318,0.23,600004.SSE,75365.62,0.6554,7.7147,7.7147,0.0256,7.8605,before,1.8993,7.7416,92635651.0
8.0216,20160321,0.16,600004.SSE,80278.49,0.6981,7.8605,7.8759,0.0186,7.9641,before,1.2966,7.8912,100398614.0
7.9564,20160322,-0.1,600004.SSE,63463.85,0.5519,7.9641,7.8375,0.0152,7.8989,before,-0.8,7.8989,78574206.0
7.9181,20160323,-0.15,600004.SSE,70979.73,0.6172,7.8989,7.7224,0.025,7.803,before,-1.2097,7.8912,86774237.0
7.8106,20160324,-0.15,600004.SSE,49069.59,0.4267,7.803,7.6649,0.0188,7.7071,before,-1.2245,7.7608,59662735.0
7.849,20160325,0.1,600004.SSE,34656.01,0.3014,7.7071,7.6956,0.0198,7.7723,before,0.8264,7.7032,42240954.0
7.9372,20160328,0.01,600004.SSE,56959.57,0.4953,7.7723,7.7416,0.0254,7.78,before,0.08199999999999999,7.8183,70240100.0
7.8298,20160329,-0.12,600004.SSE,67656.16,0.5883,7.78,7.6457,0.0238,7.7032,before,-0.9828,7.7915,82174644.0
7.9871,20160330,0.43,600004.SSE,108144.16,0.9404,7.7032,7.7416,0.0323,7.9756,before,3.5567,7.7608,133888978.0
7.9871,20160331,-0.12,600004.SSE,103207.09,0.8975,7.9756,7.8682,0.0152,7.8989,before,-0.9585,7.8989,128317185.0
7.9641,20160401,-0.08,600004.SSE,66897.74,0.5817,7.8989,7.7454,0.0274,7.849,before,-0.6452,7.8759,82256366.0
8.0523,20160405,0.26,600004.SSE,73356.43,0.6379,7.849,7.8106,0.0308,8.014,before,2.1104,7.8375,91696880.0
8.0638,20160406,0.07,600004.SSE,50783.37,0.4416,8.014,7.9679,0.0119,8.06,before,0.5564,8.0255,63891162.0
8.1482,20160407,-0.16,600004.SSE,46845.14,0.4073,8.06,7.9487,0.0245,7.9564,before,-1.2648,8.0408,59116001.0
7.9296,20160408,-0.13,600004.SSE,46656.66,0.4057,7.9564,7.803,0.016,7.8759,before,-1.0408,7.9257,57595398.0
8.0331,20160411,0.22,600004.SSE,49713.16,0.4323,7.8759,7.9181,0.0146,8.014,before,1.7799,7.9181,62326846.0
8.0255,20160412,-0.07,600004.SSE,35786.49,0.3112,8.014,7.9065,0.0151,7.9679,before,-0.5564,8.0025,44699118.0
8.1943,20160413,0.18,600004.SSE,83637.85,0.7273,7.9679,7.9756,0.0272,8.083,before,1.4388,7.9756,106563324.0
8.1406,20160414,0.06,600004.SSE,31454.57,0.2735,8.083,8.0447,0.0118,8.1214,before,0.4728,8.0984,39971702.0
8.1482,20160415,0.0,600004.SSE,33104.38,0.2879,8.1214,8.0408,0.0133,8.1214,before,0.0,8.0984,42103651.0
8.0907,20160418,-0.26,600004.SSE,50781.05,0.4416,8.1214,7.9372,0.0188,7.9564,before,-2.0392,8.0907,63759780.0
8.0216,20160419,-0.09,600004.SSE,66089.53,0.5747,7.9564,7.8682,0.0192,7.8989,before,-0.7206,7.9756,82245444.0
7.9641,20160420,-0.25,600004.SSE,72709.83,0.6323,7.8989,7.6112,0.0444,7.7416,before,-2.0161,7.9065,88918129.0
7.8183,20160421,-0.03,600004.SSE,33469.46,0.29100000000000004,7.7416,7.6879,0.0165,7.7224,before,-0.2469,7.7032,40780675.0
7.78,20160422,0.0,600004.SSE,37573.79,0.3267,7.7224,7.6495,0.0165,7.7224,before,0.0,7.7224,45453605.0
7.7991,20160425,0.03,600004.SSE,56299.17,0.4896,7.7224,7.5920000000000005,0.0264,7.7416,before,0.2475,7.7032,68107154.0
7.7915,20160426,0.05,600004.SSE,26489.45,0.2303,7.7416,7.7032,0.0115,7.7723,before,0.4115,7.7147,32217714.0
7.7991,20160427,-0.06,600004.SSE,38286.57,0.3329,7.7723,7.7147,0.0107,7.7339,before,-0.4918,7.7608,46595478.0
7.7608,20160428,-0.05,600004.SSE,32341.04,0.2812,7.7339,7.6457,0.0148,7.7032,before,-0.4119,7.7262,39102158.0
7.7454,20160429,-0.07,600004.SSE,45403.84,0.3948,7.7032,7.6495,0.0124,7.6572,before,-0.579,7.6879,54857843.0
7.8605,20160503,0.28,600004.SSE,83671.6,0.7276,7.6572,7.6687,0.025,7.8375,before,2.3295,7.6764,102364363.0
7.9181,20160504,0.08,600004.SSE,109163.42,0.9492,7.8375,7.7416,0.0228,7.8874,before,0.6504,7.7991,134374927.0
7.9487,20160505,0.04,600004.SSE,89645.61,0.7795,7.8874,7.849,0.0129,7.9104,before,0.3231,7.8759,111198996.0
8.0025,20160506,-0.15,600004.SSE,122652.76,1.0665,7.9104,7.78,0.0282,7.8183,before,-1.2077,7.9296,151757168.0
7.803,20160509,-0.37,600004.SSE,79952.54,0.6952,7.8183,7.5191,0.0367,7.5805,before,-3.0155,7.803,95774518.0
7.6265,20160510,0.04,600004.SSE,37674.34,0.3276,7.5805,7.5421,0.0109,7.6073,before,0.3361,7.5421,44915729.0
8.06,20160511,0.4,600004.SSE,122696.59,1.0669,7.6073,7.6073,0.0595,7.8605,before,3.3501,7.638,150305421.0
7.8759,20160512,-0.06,600004.SSE,62640.58,0.5447,7.8605,7.7032,0.0219,7.8222,before,-0.4862,7.8106,76579274.0
7.8989,20160513,-0.09,600004.SSE,56715.98,0.4932,7.8222,7.7224,0.0228,7.7646,before,-0.7329,7.7838,69406950.0
7.8413,20160516,0.11,600004.SSE,37014.41,0.3219,7.7646,7.7262,0.0148,7.8375,before,0.9024,7.7646,45277959.0
7.8797,20160517,-0.04,600004.SSE,36444.58,0.3169,7.8375,7.7531,0.0163,7.8106,before,-0.3252,7.8298,44701530.0
7.8106,20160518,-0.24,600004.SSE,51487.71,0.4477,7.8106,7.6112,0.0253,7.6572,before,-1.9576,7.7838,62305076.0
7.7071,20160519,-0.03,600004.SSE,46414.69,0.4036,7.6572,7.6265,0.0108,7.638,before,-0.2496,7.6649,55793230.0
7.6687,20160520,0.04,600004.SSE,29159.37,0.2536,7.638,7.5996,0.0092,7.6649,before,0.3336,7.6188,34960937.0
7.8183,20160523,0.13,600004.SSE,54216.37,0.4714,7.6649,7.6303,0.0241,7.7454,before,1.0806,7.638,65918352.0
7.7454,20160524,-0.08,600004.SSE,27256.34,0.237,7.7454,7.6457,0.0132,7.6956,before,-0.6579,7.7416,32900342.0
7.7531,20160525,-0.04,600004.SSE,21277.6,0.185,7.6956,7.6572,0.0124,7.6687,before,-0.3311,7.7339,25710612.0
7.6879,20160526,-0.04,600004.SSE,44650.33,0.3883,7.6687,7.5805,0.0141,7.6457,before,-0.3322,7.6879,53410841.0
7.6649,20160527,-0.04,600004.SSE,32926.69,0.2863,7.6457,7.5881,0.01,7.6188,before,-0.3333,7.638,39394852.0
7.6495,20160530,-0.06,600004.SSE,37852.61,0.3292,7.6188,7.5613,0.0117,7.5805,before,-0.5017,7.6112,45118266.0
7.7991,20160531,0.34,600004.SSE,90908.74,0.7905,7.5805,7.5920000000000005,0.0269,7.7991,before,2.8571,7.5920000000000005,110248063.0
7.7991,20160601,-0.05,600004.SSE,56162.8,0.4884,7.7991,7.7416,0.0074,7.7646,before,-0.4085,7.7915,68471048.0
7.7838,20160602,0.0,600004.SSE,40565.87,0.3527,7.7646,7.7262,0.0074,7.7646,before,0.0,7.7723,49377308.0
7.849,20160603,0.09,600004.SSE,80762.5,0.7023,7.7646,7.7416,0.0139,7.8222,before,0.7383,7.78,99074647.0
7.9372,20160606,0.04,600004.SSE,60978.88,0.5303,7.8222,7.8222,0.0147,7.849,before,0.3257,7.8413,75402815.0
7.8567,20160607,-0.06,600004.SSE,28580.86,0.2485,7.849,7.7838,0.0089,7.8106,before,-0.48700000000000004,7.8375,35039721.0
7.803,20160608,-0.1,600004.SSE,39101.21,0.34,7.8106,7.7032,0.0131,7.7454,before,-0.8157,7.803,47575218.0
7.7224,20160613,-0.2,600004.SSE,40239.86,0.3499,7.7454,7.6073,0.0148,7.6188,before,-1.6447,7.6956,48502731.0
7.6457,20160614,0.01,600004.SSE,36058.52,0.3136,7.6188,7.5805,0.0084,7.6265,before,0.0836,7.6073,43074845.0
7.7454,20160615,0.18,600004.SSE,39328.11,0.342,7.6265,7.5805,0.0217,7.7416,before,1.5038,7.5881,47429231.0
7.7071,20160616,-0.14,600004.SSE,30046.0,0.2613,7.7416,7.6265,0.0107,7.6495,before,-1.1523,7.7071,36189245.0
7.7262,20160617,0.08,600004.SSE,31165.45,0.271,7.6495,7.6649,0.0083,7.7032,before,0.6661,7.6649,37662124.0
7.7032,20160620,-0.03,600004.SSE,34965.55,0.304,7.7032,7.6073,0.0124,7.684,before,-0.2481,7.6879,41943149.0
7.7416,20160621,0.03,600004.SSE,41100.59,0.3574,7.684,7.6764,0.0083,7.7032,before,0.2488,7.6879,49730571.0
7.803,20160622,0.16,600004.SSE,42261.07,0.3675,7.7032,7.6687,0.0174,7.803,before,1.3234,7.684,51382403.0
7.8106,20160623,-0.07,600004.SSE,18255.9,0.1587,7.803,7.7262,0.0106,7.7608,before,-0.5714,7.7915,22232952.0
7.7723,20160624,-0.13,600004.SSE,35754.09,0.3109,7.7608,7.5344,0.0304,7.6764,before,-1.0673,7.7262,43114430.0
7.7723,20160627,0.12,600004.SSE,24218.25,0.2106,7.6764,7.6649,0.0141,7.7531,before,0.9959,7.6764,29400716.0
7.7531,20160628,-0.01,600004.SSE,40226.61,0.3498,7.7531,7.6764,0.0099,7.7454,before,-0.0822,7.7262,48710077.0
7.8106,20160629,0.09,600004.SSE,43328.37,0.3768,7.7454,7.7416,0.009000000000000001,7.803,before,0.7401,7.7531,52969910.0
7.8375,20160630,0.01,600004.SSE,29886.0,0.2599,7.803,7.78,0.0073,7.8106,before,0.0816,7.8298,36588448.0
7.849,20160701,0.02,600004.SSE,25513.42,0.2219,7.8106,7.7991,0.0065,7.8222,before,0.1631,7.8183,31338939.0
8.0216,20160704,0.2,600004.SSE,80416.4,0.6993,7.8222,7.7838,0.0301,7.9487,before,1.6287,7.8183,100314515.0
8.06,20160705,0.1,600004.SSE,58843.84,0.5117,7.9487,7.9564,0.0128,8.014,before,0.8013,7.9679,74027826.0
8.0907,20160706,0.09,600004.SSE,72134.0,0.6273,8.014,7.9487,0.0175,8.0715,before,0.7154,8.0255,90905572.0
8.0792,20160707,-0.03,600004.SSE,48425.03,0.4211,8.0715,7.9756,0.0126,8.0523,before,-0.2368,8.0523,61054673.0
8.0638,20160708,-0.14,600004.SSE,44408.49,0.3862,8.0523,7.9564,0.0134,7.9641,before,-1.1076,8.0523,55675212.0
8.0331,20160711,0.03,600004.SSE,61764.61,0.5371,7.9641,7.9257,0.0136,7.9833,before,0.24,7.9833,77438303.0
8.3592,20160712,0.49,600004.SSE,209667.63,1.8232,7.9833,7.9641,0.0495,8.294,before,3.9106,7.9756,269660084.0
8.3324,20160713,-0.08,600004.SSE,95466.39,0.8301,8.294,8.1981,0.0161,8.2441,before,-0.6144,8.3132,123692069.0
8.2556,20160714,0.02,600004.SSE,65410.75,0.5688,8.2441,8.1866,0.0085,8.2556,before,0.1546,8.2441,84448495.0
8.3592,20160715,0.1,600004.SSE,62029.75,0.5394,8.2556,8.248,0.0131,8.3209,before,0.7716,8.248,81049229.0
8.4398,20160718,-0.1,600004.SSE,77283.48,0.672,8.3209,8.2441,0.0237,8.2556,before,-0.7657,8.3209,101040523.0
8.2672,20160719,-0.02,600004.SSE,50787.33,0.4416,8.2556,8.1866,0.01,8.2441,before,-0.1543,8.2672,65552994.0
8.2748,20160720,-0.03,600004.SSE,31046.36,0.27,8.2441,8.1981,0.0093,8.225,before,-0.2318,8.2365,40109408.0
8.5434,20160721,0.39,600004.SSE,157780.76,1.3719999999999999,8.225,8.2134,0.0403,8.4743,before,3.0209,8.2173,208640548.0
8.5127,20160722,-0.1,600004.SSE,69748.92,0.6065,8.4743,8.3899,0.0143,8.4091,before,-0.7519,8.436,92639368.0
8.4666,20160725,0.02,600004.SSE,45215.27,0.3932,8.4091,8.3631,0.0121,8.4206,before,0.1515,8.3784,59789727.0
8.6393,20160726,0.33,600004.SSE,89914.82,0.7819,8.4206,8.4091,0.0272,8.6316,before,2.4962,8.4398,120901564.0
8.8234,20160727,-0.11,600004.SSE,149133.81,1.2968,8.6316,8.4743,0.0406,8.5626,before,-0.8118,8.6431,203042501.0
8.8311,20160728,0.35,600004.SSE,112919.79,0.9819,8.5626,8.5434,0.0335,8.7851,before,2.6042,8.6047,154316464.0
8.8541,20160729,-0.21,600004.SSE,86105.88,0.7487,8.7851,8.6201,0.0268,8.6508,before,-1.5228,8.7659,118097851.0
8.6431,20160801,-0.16,600004.SSE,75622.4,0.6576,8.6508,8.4935,0.0177,8.551,before,-1.1782,8.6124,101610813.0
8.5856,20160802,-0.02,600004.SSE,43636.29,0.3794,8.551,8.436,0.0179,8.5357,before,-0.149,8.551,58309646.0
8.6239,20160803,0.09,600004.SSE,46884.86,0.4077,8.5357,8.4935,0.0157,8.5932,before,0.6716,8.5242,63154557.0
8.6508,20160804,0.01,600004.SSE,48645.27,0.423,8.5932,8.5357,0.0133,8.6009,before,0.0741,8.5817,65602267.0
8.6469,20160805,0.01,600004.SSE,40070.65,0.3484,8.6009,8.5741,0.0083,8.6086,before,0.0759,8.6124,52838311.0
8.5626,20160808,-0.1,600004.SSE,66998.84,0.5826,8.6086,8.4053,0.0182,8.5434,before,-0.7582,8.5434,87133062.0
8.6508,20160809,0.11,600004.SSE,47551.12,0.4135,8.5434,8.5204,0.0153,8.6124,before,0.8403,8.527999999999999,62616820.0
8.6278,20160810,-0.15,600004.SSE,49618.67,0.4315,8.6124,8.4897,0.0159,8.5165,before,-1.1364,8.6201,64945897.0
8.5434,20160811,-0.15,600004.SSE,62042.0,0.5395,8.5165,8.3899,0.0176,8.4168,before,-1.1494,8.5165,80491163.0
8.6853,20160812,0.41,600004.SSE,74436.55,0.6473,8.4168,8.4053,0.0333,8.6853,before,3.1783,8.4168,97608950.0
8.9117,20160815,0.22,600004.SSE,127454.01,1.1083,8.6853,8.6508,0.0301,8.8273,before,1.6529,8.6508,172202197.0
9.0114,20160816,-0.16,600004.SSE,179165.52,1.558,8.8273,8.6968,0.0355,8.7237,before,-1.1826,8.8426,242147322.0
8.8234,20160817,0.1,600004.SSE,66932.6,0.5820000000000001,8.7237,8.7237,0.0112,8.7889,before,0.7479,8.738999999999999,90068782.0
8.9001,20160818,0.02,600004.SSE,67443.87,0.5865,8.7889,8.7774,0.0141,8.8042,before,0.1485,8.8042,91340502.0
8.8886,20160819,0.06,600004.SSE,67667.06,0.5884,8.8042,8.7237,0.0185,8.8426,before,0.4448,8.8426,91354606.0
9.0306,20160822,0.12,600004.SSE,102703.72,0.8931,8.8426,8.8273,0.0229,8.9193,before,0.8856,8.8464,141064617.0
9.0229,20160823,0.01,600004.SSE,40722.02,0.3541,8.9193,8.8925,0.0146,8.927,before,0.0732,8.9001,55852218.0
9.1303,20160824,0.25,600004.SSE,104603.94,0.9096,8.927,8.9347,0.0219,9.0881,before,1.8275,8.9347,145540986.0
9.2991,20160825,0.27,600004.SSE,125836.72,1.0942,9.0881,9.0114,0.0316,9.2646,before,1.9383,9.0881,176267437.0
9.4142,20160826,-0.02,600004.SSE,74298.34,0.6461,9.2646,9.2147,0.0218,9.2531,before,-0.1408,9.2799,106188995.0
9.2339,20160829,-0.2,600004.SSE,71155.07,0.6187,9.2531,9.0114,0.024,9.1226,before,-1.4104,9.2147,99589757.0
9.1955,20160830,0.08,600004.SSE,37078.27,0.3224,9.1226,9.0843,0.0122,9.1725,before,0.5722,9.1226,51841656.0
9.161,20160831,-0.26,600004.SSE,102629.38,0.8924,9.1725,8.9538,0.0228,9.0037,before,-1.8492,9.1226,141989775.0
9.0843,20160901,0.01,600004.SSE,45651.31,0.397,9.0037,8.9922,0.0101,9.0114,before,0.0725,9.0191,63261124.0
9.0689,20160902,0.01,600004.SSE,40861.45,0.3553,9.0114,8.9577,0.0123,9.0191,before,0.0724,9.0114,56480431.0
9.1955,20160905,0.25,600004.SSE,63501.63,0.5522,9.0191,9.0114,0.0203,9.1802,before,1.8090000000000002,9.0229,88956320.0
9.2646,20160906,0.02,600004.SSE,60627.04,0.5272,9.1802,9.0766,0.0206,9.1955,before,0.1421,9.1802,85381529.0
9.395,20160907,0.19,600004.SSE,75364.35,0.6553,9.1955,9.1879,0.0227,9.3183,before,1.3485,9.1955,107721917.0
9.4564,20160908,-0.02,600004.SSE,50129.89,0.4359,9.3183,9.2262,0.0245,9.3068,before,-0.1401,9.3183,71777751.0
9.4295,20160909,0.1,600004.SSE,53761.58,0.4675,9.3068,9.2723,0.0168,9.372,before,0.7013,9.3068,77300333.0
9.2646,20160912,-0.43,600004.SSE,111675.8,0.9711,9.372,8.972999999999997,0.0313,9.0881,before,-2.9944,9.2531,155445810.0
9.1687,20160913,0.0,600004.SSE,40849.43,0.3552,9.0881,9.0191,0.0165,9.0881,before,0.0,9.0958,56875598.0
9.0881,20160914,-0.12,600004.SSE,36926.35,0.3211,9.0881,8.9845,0.0115,9.0114,before,-0.8615,9.0843,51084533.0
9.1955,20160919,0.22,600004.SSE,32924.53,0.2863,9.0114,9.0114,0.0203,9.1533,before,1.5930000000000002,9.0191,45954599.0
9.2914,20160920,0.02,600004.SSE,60325.05,0.5246,9.1533,9.0843,0.0228,9.1687,before,0.1426,9.1533,85079910.0
9.207,20160921,-0.01,600004.SSE,29936.07,0.2603,9.1687,9.1073,0.0107,9.161,before,-0.0712,9.1802,42082236.0
9.372,20160922,0.01,600004.SSE,67873.62,0.5902,9.161,9.1342,0.0256,9.1687,before,0.0712,9.1687,96091483.0
9.2377,20160923,0.04,600004.SSE,29586.2,0.2573,9.1687,9.1725,0.0071,9.1955,before,0.2847,9.1802,41700777.0
9.207,20160926,-0.23,600004.SSE,34822.69,0.3028,9.1955,9.0191,0.0206,9.0421,before,-1.6324,9.1955,48491149.0
9.0958,20160927,0.05,600004.SSE,22288.33,0.1938,9.0421,8.9922,0.0115,9.0766,before,0.3608,9.0306,30921758.0
9.0843,20160928,-0.21,600004.SSE,49470.84,0.4302,9.0766,8.9117,0.0187,8.9385,before,-1.5097,9.0689,67960022.0
9.0306,20160929,0.08,600004.SSE,30314.2,0.2636,8.9385,8.9462,0.0095,8.9922,before,0.5839,8.972999999999997,41791199.0
9.0382,20160930,0.04,600004.SSE,19801.38,0.1722,8.9922,8.9538,0.0094,9.0191,before,0.2903,8.9922,27303222.0
9.2339,20161010,0.28,600004.SSE,53468.22,0.4649,9.0191,9.0498,0.0203,9.1994,before,2.026,9.0689,75064754.0
9.2186,20161011,-0.04,600004.SSE,51351.47,0.4465,9.1994,9.1418,0.0085,9.1725,before,-0.2837,9.2186,72272524.0
9.1879,20161012,-0.1,600004.SSE,32718.93,0.2845,9.1725,9.0574,0.0142,9.1073,before,-0.7112,9.1687,45752773.0
9.1533,20161013,-0.01,600004.SSE,26700.33,0.2322,9.1073,9.0689,0.0093,9.1035,before,-0.0716,9.1073,37249326.0
9.1418,20161014,0.05,600004.SSE,40312.29,0.3505,9.1035,9.0191,0.0136,9.1342,before,0.3584,9.1035,55971952.0
9.1725,20161017,-0.1,600004.SSE,42773.29,0.3719,9.1342,9.0651,0.0121,9.0689,before,-0.7143,9.1303,59903269.0
9.2454,20161018,0.24,600004.SSE,56451.22,0.4909,9.0689,9.0651,0.0201,9.2262,before,1.7266,9.0651,79455299.0
9.2723,20161019,0.01,600004.SSE,34233.15,0.2977,9.2262,9.1955,0.0085,9.2339,before,0.0707,9.2147,48454437.0
9.2646,20161020,0.02,600004.SSE,38160.51,0.3318,9.2339,9.207,0.0064,9.2454,before,0.1413,9.2608,53996881.0
9.2991,20161021,0.06,600004.SSE,36568.6,0.318,9.2454,9.2147,0.0092,9.2838,before,0.4234,9.2377,51880589.0
9.4948,20161024,0.24,600004.SSE,73680.81,0.6407,9.2838,9.2723,0.0239,9.4411,before,1.6866,9.2991,106652455.0
9.5523,20161025,0.08,600004.SSE,47484.27,0.4129,9.4411,9.395,0.0166,9.4948,before,0.5529,9.4602,68919447.0
9.4948,20161026,-0.07,600004.SSE,24077.85,0.2094,9.4948,9.395,0.0103,9.4487,before,-0.4811,9.4948,34831394.0
9.5216,20161027,-0.1,600004.SSE,28415.47,0.2471,9.4487,9.349,0.018000000000000002,9.3835,before,-0.6906,9.4487,40974316.0
9.5408,20161028,0.12,600004.SSE,42488.53,0.3695,9.3835,9.3567,0.0195,9.4602,before,0.8345,9.3835,61749352.0
9.7019,20161031,0.14,600004.SSE,77765.37,0.6762,9.4602,9.4602,0.0255,9.5523,before,0.9655,9.4794,114014878.0
9.6099,20161101,0.01,600004.SSE,39000.52,0.3391,9.5523,9.4564,0.0164,9.56,before,0.0683,9.5408,56959574.0
9.5677,20161102,0.0,600004.SSE,33944.9,0.2952,9.56,9.4602,0.0109,9.56,before,0.0,9.5216,49487931.0
9.5868,20161103,-0.07,600004.SSE,46418.23,0.4036,9.56,9.4295,0.0164,9.5139,before,-0.4778,9.5216,67676070.0
9.6367,20161104,0.1,600004.SSE,37865.26,0.3293,9.5139,9.5255,0.0117,9.5792,before,0.6859,9.5331,55629341.0
9.6981,20161107,0.16,600004.SSE,44579.06,0.3876,9.5792,9.5139,0.0191,9.6827,before,1.0899,9.5523,65729989.0
9.8477,20161108,0.21,600004.SSE,48127.56,0.4185,9.6827,9.6904,0.0162,9.8208,before,1.4151,9.7096,72213564.0
9.8324,20161109,-0.22,600004.SSE,57193.86,0.4973,9.8208,9.5792,0.0259,9.6751,before,-1.4618,9.8132,85101645.0
9.9973,20161110,0.34,600004.SSE,53486.84,0.4651,9.6751,9.7288,0.0276,9.8976,before,2.2927,9.7288,81296076.0
9.9781,20161111,0.09,600004.SSE,40289.67,0.3503,9.8976,9.8707,0.0105,9.959,before,0.5933,9.8707,61315104.0
9.9896,20161114,-0.09,600004.SSE,49618.59,0.4315,9.959,9.7748,0.0216,9.8976,before,-0.5898,9.9513,75187314.0
9.9513,20161115,-0.03,600004.SSE,29059.8,0.2527,9.8976,9.794,0.0158,9.8784,before,-0.1978,9.8976,43981504.0
9.8976,20161116,-0.13,600004.SSE,48728.36,0.4237,9.8784,9.7748,0.0125,9.794,before,-0.8587,9.8861,73329167.0
9.8937,20161117,0.08,600004.SSE,43554.74,0.3787,9.794,9.7671,0.0127,9.8477,before,0.5329999999999999,9.794,65539534.0
9.9052,20161118,-0.09,600004.SSE,26745.9,0.2326,9.8477,9.7671,0.0139,9.7863,before,-0.5964,9.8324,40255970.0
9.8477,20161121,-0.02,600004.SSE,44558.37,0.3875,9.7863,9.7173,0.0133,9.7748,before,-0.1333,9.7825,66786574.0
9.794,20161122,0.03,600004.SSE,32040.64,0.2786,9.7748,9.7364,0.006,9.794,before,0.2003,9.7748,47951758.0
9.8477,20161123,-0.06,600004.SSE,32872.69,0.2858,9.794,9.7211,0.0127,9.7556,before,-0.3997,9.8285,49338382.0
9.8707,20161124,0.06,600004.SSE,48599.75,0.4226,9.7556,9.7173,0.0161,9.794,before,0.4013,9.7748,72851781.0
9.8208,20161125,-0.01,600004.SSE,42176.37,0.3667,9.794,9.6904,0.0133,9.7863,before,-0.0666,9.794,62964882.0
9.8285,20161128,-0.05,600004.SSE,78508.53,0.6827,9.7863,9.7211,0.0107,9.7556,before,-0.3333,9.8055,117614747.0
10.0165,20161129,0.07,600004.SSE,96846.45,0.8421,9.7556,9.6981,0.0328,9.8017,before,0.4682,9.748,146303797.0
9.84,20161130,-0.31,600004.SSE,97710.49,0.8496,9.8017,9.5446,0.03,9.5983,before,-2.0639,9.8208,144923007.0
9.6751,20161201,-0.05,600004.SSE,100383.45,0.8729,9.5983,9.5408,0.0143,9.5677,before,-0.3399,9.6367,147641940.0
9.606,20161202,0.01,600004.SSE,77478.88,0.6737,9.5677,9.5216,0.0089,9.5715,before,0.0682,9.5907,113477035.0
9.5907,20161205,-0.06,600004.SSE,44059.04,0.3831,9.5715,9.5139,0.0082,9.5331,before,-0.409,9.5255,64443739.0
9.5792,20161206,0.03,600004.SSE,22072.38,0.1919,9.5331,9.5139,0.0068,9.5523,before,0.2053,9.5216,32334638.0
9.5677,20161207,-0.04,600004.SSE,37791.73,0.3286,9.5523,9.5024,0.0068,9.5255,before,-0.2732,9.5677,55183539.0
9.5907,20161208,0.04,600004.SSE,55830.03,0.4855,9.5255,9.5063,0.0089,9.5523,before,0.27399999999999997,9.5408,81753262.0
9.6175,20161209,0.04,600004.SSE,37921.35,0.3297,9.5523,9.5216,0.0102,9.5792,before,0.2732,9.5523,55674920.0
9.6175,20161212,-0.52,600004.SSE,125293.62,1.0895,9.5792,9.1994,0.0436,9.2377,before,-3.5422,9.5868,179748276.0
9.2799,20161213,-0.07,600004.SSE,66539.62,0.5786,9.2377,9.0689,0.0226,9.1955,before,-0.4944,9.2377,93521484.0
9.1994,20161214,-0.33,600004.SSE,77857.6,0.677,9.1955,8.9654,0.0256,8.9769,before,-2.3421,9.1802,108150487.0
9.0689,20161215,-0.05,600004.SSE,66572.82,0.5789,8.9769,8.927,0.016,8.9462,before,-0.3634,8.9999,91980612.0
9.1955,20161216,0.33,600004.SSE,66541.44,0.5786,8.9462,8.9347,0.0292,9.161,before,2.407,8.9462,92687206.0
9.2186,20161219,0.01,600004.SSE,42693.72,0.3712,9.161,9.1035,0.0128,9.1687,before,0.0712,9.1073,59998467.0
9.1955,20161220,-0.09,600004.SSE,32400.56,0.2817,9.1687,9.0843,0.0121,9.1073,before,-0.6406,9.161,45369610.0
9.2991,20161221,0.28,600004.SSE,57055.24,0.4961,9.1073,9.1073,0.0208,9.2914,before,2.0057,9.1073,80842644.0
9.3643,20161222,0.02,600004.SSE,38608.33,0.3357,9.2914,9.2646,0.0105,9.3068,before,0.1404,9.2838,55129084.0
9.3298,20161223,-0.12,600004.SSE,31965.32,0.278,9.3068,9.1955,0.0147,9.2262,before,-0.8415,9.3106,45317871.0
9.2531,20161226,-0.03,600004.SSE,44171.88,0.3841,9.2262,9.0881,0.0177,9.207,before,-0.2122,9.1994,62110848.0
9.349,20161227,0.15,600004.SSE,35881.3,0.312,9.207,9.1994,0.0163,9.3068,before,1.0631,9.2531,51170829.0
9.349,20161228,-0.16,600004.SSE,40180.45,0.3494,9.3068,9.1342,0.0231,9.1994,before,-1.122,9.2991,56716018.0
9.2339,20161229,-0.02,600004.SSE,25777.09,0.2241,9.1994,9.1342,0.0106,9.1879,before,-0.1418,9.1879,36340434.0
9.2608,20161230,0.01,600004.SSE,19316.55,0.168,9.1879,9.1879,0.0078,9.1955,before,0.071,9.2339,27281123.0
9.349,20170103,0.2,600004.SSE,41070.92,0.3571,9.1955,9.1955,0.017,9.326,before,1.4194,9.1955,58569557.0
9.4142,20170104,0.1,600004.SSE,66272.99,0.5763,9.326,9.3106,0.0112,9.3912,before,0.6998,9.3183,95211187.0
9.4756,20170105,-0.04,600004.SSE,50442.7,0.4386,9.3912,9.3451,0.0139,9.3643,before,-0.278,9.4027,72830150.0
9.4142,20170106,0.0,600004.SSE,33515.62,0.2914,9.3643,9.3106,0.0111,9.3643,before,0.0,9.3375,48071400.0
9.4487,20170109,0.12,600004.SSE,31775.96,0.2763,9.3643,9.349,0.0105,9.4411,before,0.8362,9.349,45783238.0
9.4871,20170110,-0.01,600004.SSE,31989.67,0.2782,9.4411,9.372,0.0124,9.4372,before,-0.0691,9.4372,46290202.0
9.4295,20170111,-0.12,600004.SSE,44597.47,0.3878,9.4372,9.3375,0.0097,9.3567,before,-0.8299,9.4295,64180868.0
9.3758,20170112,-0.18,600004.SSE,36373.91,0.3163,9.3567,9.2339,0.0153,9.2377,before,-1.2552,9.3567,51815115.0
9.2914,20170113,-0.03,600004.SSE,30025.32,0.2611,9.2377,9.1802,0.012,9.2186,before,-0.2119,9.2914,42449636.0
9.2339,20170116,-0.16,600004.SSE,120196.47,1.0451,9.2186,8.927,0.0333,9.115,before,-1.1323,9.1994,167585146.0
9.1533,20170117,-0.04,600004.SSE,50506.98,0.4392,9.115,9.0498,0.0115,9.0881,before,-0.2863,9.0766,70520783.0
9.1687,20170118,0.07,600004.SSE,60333.38,0.5246,9.0881,9.0881,0.0086,9.1342,before,0.5025,9.115,84488189.0
9.1802,20170119,0.01,600004.SSE,36654.57,0.3187,9.1342,9.1035,0.0086,9.1418,before,0.0714,9.1303,51344763.0
9.2531,20170120,0.16,600004.SSE,34965.2,0.304,9.1418,9.0958,0.0171,9.2454,before,1.1420000000000001,9.1303,49272449.0
9.3298,20170123,0.06,600004.SSE,36801.63,0.32,9.2454,9.2339,0.0106,9.2838,before,0.4234,9.2377,52428727.0
9.326,20170124,0.03,600004.SSE,31049.57,0.27,9.2838,9.2339,0.0098,9.3068,before,0.2108,9.2991,44180264.0
9.4219,20170125,0.17,600004.SSE,48761.46,0.424,9.3068,9.2723,0.0161,9.4142,before,1.1921,9.2914,70036836.0
9.4756,20170126,0.01,600004.SSE,31833.55,0.2768,9.4142,9.372,0.0111,9.4219,before,0.0693,9.4372,45966371.0
9.4219,20170203,-0.19,600004.SSE,57032.93,0.4959,9.4219,9.2454,0.0187,9.2991,before,-1.3158,9.3835,81481513.0
9.349,20170206,0.07,600004.SSE,43803.04,0.3809,9.2991,9.2454,0.0112,9.3451,before,0.4912,9.2991,62351574.0
9.4219,20170207,0.11,600004.SSE,54515.83,0.474,9.3451,9.3106,0.0119,9.4142,before,0.7682,9.3375,78368723.0
9.4564,20170208,0.04,600004.SSE,33864.93,0.2945,9.4142,9.3375,0.0125,9.4411,before,0.2772,9.4104,48832295.0
9.4602,20170209,0.02,600004.SSE,34567.48,0.3006,9.4411,9.4027,0.0062,9.4564,before,0.1382,9.4411,49968408.0
9.5255,20170210,0.07,600004.SSE,38230.25,0.3324,9.4564,9.4372,0.0097,9.5024,before,0.4831,9.4564,55667511.0
9.5677,20170213,0.04,600004.SSE,37705.9,0.3279,9.5024,9.4794,0.0089,9.5255,before,0.2747,9.5063,55033912.0
9.56,20170214,-0.05,600004.SSE,39621.13,0.3445,9.5255,9.4602,0.0103,9.4948,before,-0.3425,9.5255,57720769.0
9.5024,20170215,-0.11,600004.SSE,67750.16,0.5891,9.4948,9.4142,0.0089,9.4219,before,-0.7559999999999999,9.4756,98254361.0
9.4756,20170216,0.04,600004.SSE,42113.15,0.3662,9.4219,9.4104,0.0069,9.4487,before,0.27699999999999997,9.4372,60940627.0
9.4679,20170217,-0.15,600004.SSE,49267.88,0.4284,9.4487,9.3451,0.0131,9.349,before,-1.0359,9.4487,70978480.0
9.6252,20170220,0.4,600004.SSE,95777.26,0.8328,9.349,9.3567,0.0286,9.6099,before,2.7913,9.372,139577456.0
9.6827,20170221,0.11,600004.SSE,70988.4,0.6173,9.6099,9.5677,0.0122,9.6827,before,0.7468,9.6252,104795949.0
9.7364,20170222,0.02,600004.SSE,47451.51,0.4126,9.6827,9.6444,0.0094,9.6981,before,0.1348,9.6444,70488509.0
9.9781,20170223,0.41,600004.SSE,150214.38,1.3061,9.6981,9.6904,0.0296,9.9628,before,2.7591,9.6981,227651908.0
10.238999999999999,20170224,0.08,600004.SSE,127311.54,1.107,9.9628,9.8017,0.0439,10.0165,before,0.5239,9.9168,195044250.0
9.9513,20170227,-0.41,600004.SSE,73263.23,0.637,10.0165,9.7364,0.0215,9.748,before,-2.6710000000000003,9.9244,110641936.0
9.8515,20170228,0.09,600004.SSE,52345.01,0.4551,9.748,9.7403,0.0114,9.8055,before,0.6024,9.7671,78555545.0
9.9052,20170301,-0.01,600004.SSE,38838.77,0.3377,9.8055,9.7863,0.012,9.8017,before,-0.0665,9.7863,58640650.0
9.8477,20170302,-0.12,600004.SSE,49601.48,0.4313,9.8017,9.6904,0.016,9.7211,before,-0.7989,9.84,74214630.0
9.7825,20170303,0.04,600004.SSE,43044.19,0.3743,9.7211,9.606,0.0181,9.748,before,0.2685,9.6827,63822994.0
9.8937,20170306,0.14,600004.SSE,60689.22,0.5277,9.748,9.7211,0.0174,9.84,before,0.9371,9.7211,91372814.0
9.8515,20170307,-0.05,600004.SSE,30288.37,0.2634,9.84,9.7556,0.0099,9.8055,before,-0.3316,9.8515,45435391.0
9.8055,20170308,-0.07,600004.SSE,20423.72,0.1776,9.8055,9.7403,0.0067,9.7633,before,-0.4657,9.8055,30566117.0
9.9513,20170309,0.28,600004.SSE,134285.45,1.1676,9.7633,9.7825,0.0174,9.9436,before,1.8717,9.7825,203033071.0
9.959,20170310,-0.05,600004.SSE,44958.65,0.3909,9.9436,9.8707,0.0085,9.9129,before,-0.3281,9.9168,68266934.0
10.6687,20170313,1.01,600004.SSE,314236.18,2.7323,9.9129,10.0817,0.0592,10.5689,before,6.6491,10.1853,500435517.0
10.6034,20170314,-0.11,600004.SSE,116943.45,1.0168,10.5689,10.3618,0.0228,10.4999,before,-0.679,10.5306,188565963.0
10.6687,20170315,0.1,600004.SSE,91776.67,0.7979999999999999,10.4999,10.4615,0.0199,10.5651,before,0.6215,10.519,148702378.0
10.6303,20170316,0.09,600004.SSE,83747.68,0.7282,10.5651,10.4385,0.0179,10.6226,before,0.5559,10.5574,135308125.0
10.6763,20170317,-0.12,600004.SSE,78301.22,0.6808,10.6226,10.5267,0.0141,10.5459,before,-0.7371,10.6226,127202306.0
10.5919,20170320,0.06,600004.SSE,76253.65,0.6629999999999999,10.5459,10.427,0.0155,10.5843,before,0.3713,10.5459,123105072.0
10.6687,20170321,0.03,600004.SSE,73733.65,0.6411,10.5843,10.5037,0.0154,10.6034,before,0.185,10.5497,119676718.0
10.5574,20170322,-0.29,600004.SSE,76511.73,0.6653,10.6034,10.4078,0.0142,10.4155,before,-1.7846,10.5497,122648028.0
10.5382,20170323,0.04,600004.SSE,103566.16,0.9005,10.4155,10.2582,0.0269,10.4385,before,0.2506,10.3733,165237626.0
10.7339,20170324,0.41,600004.SSE,137361.16,1.1944,10.4385,10.4155,0.0306,10.707,before,2.5625,10.4462,224068793.0
10.9027,20170327,-0.21,600004.SSE,128208.94,1.1148,10.707,10.519,0.036000000000000004,10.5689,before,-1.2797,10.7147,210401938.0
10.5574,20170328,-0.22,600004.SSE,82774.23,0.7197,10.5689,10.3234,0.0222,10.427,before,-1.358,10.5574,132215076.0
10.7224,20170329,0.11,600004.SSE,153394.4,1.3338,10.427,10.3733,0.0332,10.4999,before,0.6884,10.4615,248123526.0
10.5037,20170330,-0.26,600004.SSE,81445.09,0.7082,10.4999,10.238999999999999,0.0255,10.3311,before,-1.6159,10.4922,129340289.0
10.472999999999999,20170331,0.11,600004.SSE,75946.59,0.6604,10.3311,10.2965,0.0171,10.4001,before,0.6949,10.3311,120884473.0
10.5114,20170405,0.04,600004.SSE,99345.33,0.8638,10.4001,10.4001,0.0107,10.427,before,0.2509,10.4385,158997753.0
10.5306,20170406,0.03,600004.SSE,94960.68,0.8212,10.427,10.4078,0.0119,10.4462,before,0.1877,10.4346,152298860.0
10.6034,20170407,0.16,600004.SSE,86222.99,0.7456,10.4462,10.3809,0.0212,10.5497,before,0.9994,10.4462,138962853.0
10.5651,20170410,-0.22,600004.SSE,94308.58,0.8155,10.5497,10.3618,0.0192,10.4078,before,-1.3605,10.5114,151091553.0
10.4653,20170411,0.08,600004.SSE,152620.97,1.3198,10.4078,10.1469,0.0307,10.4615,before,0.5016,10.4001,241017423.0
11.06,20170412,0.68,600004.SSE,487196.4,4.213,10.4615,10.6495,0.0393,10.9027,before,4.242,10.8528,809938051.0
10.9947,20170413,-0.01,600004.SSE,407215.26,3.5214,10.9027,10.6955,0.0275,10.8988,before,-0.0598,10.7531,677260147.0
10.8988,20170414,-0.44,600004.SSE,180610.29,1.5618,10.8988,10.5958,0.0275,10.6111,before,-2.6347,10.8528,297399915.0
10.6111,20170417,-0.29,600004.SSE,98626.24,0.8529,10.6111,10.3809,0.0215,10.4193,before,-1.7835,10.5382,158126989.0
10.5459,20170418,0.0,600004.SSE,84617.84,0.7317,10.4193,10.4078,0.0131,10.4193,before,0.0,10.4078,136000270.0
10.519,20170419,0.08,600004.SSE,131540.56,1.1375,10.4193,10.2045,0.0301,10.472999999999999,before,0.5009,10.4346,208505105.0
10.7454,20170420,0.39,600004.SSE,153951.27,1.3313,10.472999999999999,10.472999999999999,0.0262,10.7262,before,2.4299,10.4922,250517824.0
10.7032,20170421,-0.17,600004.SSE,79269.78,0.6855,10.7262,10.5459,0.0146,10.615,before,-1.0341,10.6955,128971757.0
10.6303,20170424,-0.43,600004.SSE,93848.35,0.8115,10.615,10.2697,0.0338,10.3349,before,-2.6429,10.6226,149483959.0
10.4999,20170425,0.14,600004.SSE,80791.7,0.6986,10.3349,10.3157,0.0177,10.427,before,0.8838,10.3733,128998356.0
10.5114,20170426,-0.06,600004.SSE,60748.5,0.5253,10.427,10.3541,0.015,10.3886,before,-0.3755,10.4385,96982620.0
10.4653,20170427,0.11,600004.SSE,70520.73,0.6098,10.3886,10.2582,0.0201,10.4615,before,0.691,10.3886,112276115.0
10.4462,20170428,-0.08,600004.SSE,74552.72,0.6447,10.4615,10.3042,0.0137,10.4078,before,-0.4991,10.4462,118539582.0
10.6763,20170502,0.34,600004.SSE,139278.82,1.2044,10.4078,10.4538,0.0213,10.6303,before,2.1317,10.4538,225748762.0
11.0063,20170503,0.47,600004.SSE,295361.34,2.5541,10.6303,10.6034,0.0381,10.9372,before,2.8852,10.6034,491919074.0
11.106,20170504,-0.07,600004.SSE,206721.71,1.7876,10.9372,10.872,0.0215,10.8912,before,-0.4177,11.0139,348095171.0
10.9679,20170505,0.0,600004.SSE,135722.51,1.1736,10.8912,10.8106,0.0144,10.8912,before,0.0,10.8106,226781616.0
11.0216,20170508,-0.06,600004.SSE,146473.28,1.2494,10.8912,10.6955,0.03,10.8528,before,-0.3595,10.9295,244216541.0
10.8106,20170509,-0.16,600004.SSE,100157.76,0.8543,10.8528,10.6418,0.0156,10.7454,before,-0.9621,10.8106,164659559.0
10.7991,20170510,-0.4,600004.SSE,91644.41,0.7817,10.7454,10.4807,0.0298,10.4845,before,-2.4287,10.7032,149996131.0
10.5651,20170511,0.11,600004.SSE,119460.91,1.0190000000000001,10.4845,10.3157,0.0236,10.5574,before,0.6845,10.4653,191204451.0
10.8451,20170512,0.27,600004.SSE,131750.07,1.1238,10.5574,10.4922,0.0334,10.7339,before,1.6687,10.5382,216005065.0
10.9756,20170515,0.05,600004.SSE,189781.6,1.6188,10.7339,10.7454,0.0213,10.7684,before,0.304,10.8336,316428246.0
11.152000000000001,20170516,0.58,600004.SSE,251127.32,2.1421,10.7684,10.7531,0.037000000000000005,11.1444,before,3.5152,10.7876,421632986.0
11.2096,20170517,-0.11,600004.SSE,198717.1,1.695,11.1444,11.0408,0.0152,11.0715,before,-0.644,11.0945,338483410.0
11.1597,20170518,-0.04,600004.SSE,140985.66,1.2026,11.0715,10.9487,0.0189,11.0485,before,-0.2357,10.9947,239136203.0
11.0945,20170519,0.01,600004.SSE,173139.26,1.4769,11.0485,10.8912,0.0183,11.0523,before,0.0591,11.0485,291995406.0
11.1252,20170522,0.07,600004.SSE,185124.02,1.5791,11.0523,10.872,0.023,11.0983,before,0.4132,11.0408,312251631.0
11.0293,20170523,-0.58,600004.SSE,346914.77,2.7339,11.0983,10.5766,0.0406,10.7224,before,-3.4098,11.0139,572501954.0
10.6495,20170524,-0.42,600004.SSE,340648.93,2.6845,10.7224,10.3694,0.0262,10.4462,before,-2.5563,10.6303,547441452.0
10.5919,20170525,0.18,600004.SSE,195305.73,1.5391,10.4462,10.4001,0.0181,10.5651,before,1.1243,10.427,314200476.0
10.7684,20170526,0.12,600004.SSE,260381.71,2.052,10.5651,10.5574,0.0198,10.6418,before,0.7412,10.6226,425137074.0
10.7991,20170531,0.2,600004.SSE,324003.27,2.5533,10.6418,10.6418,0.0147,10.7722,before,1.2262,10.6687,532267486.0
11.0331,20170601,0.24,600004.SSE,288114.2,2.2705,10.7722,10.7032,0.0309,10.9295,before,1.4537,10.7531,482719669.0
11.1252,20170602,0.07,600004.SSE,209001.16,1.6471,10.9295,10.8758,0.0227,10.9756,before,0.4179,10.8758,352790872.0
11.1137,20170605,0.19,600004.SSE,151773.15,1.1961,10.9756,10.8988,0.0196,11.0983,before,1.1296,10.9832,255922017.0
11.4513,20170606,0.46,600004.SSE,330275.9,2.6028,11.0983,11.0523,0.0359,11.4014,before,2.7043,11.1252,573372164.0
11.8234,20170607,0.6,600004.SSE,272349.69,2.1463,11.4014,11.4014,0.0372,11.7927,before,3.4345,11.4206,487816720.0
11.9883,20170608,0.2,600004.SSE,186220.67,1.3049,11.7927,11.6661,0.0271,11.9231,before,1.1068,11.7121,337920494.0
11.927,20170609,-0.15,600004.SSE,178268.93,1.2492,11.9231,11.7198,0.0175,11.8234,before,-0.821,11.9231,321927729.0
12.3144,20170612,0.04,600004.SSE,278456.84,1.9512,11.8234,11.7467,0.048,11.8502,before,0.2208,11.8042,512539753.0
11.9231,20170613,0.03,600004.SSE,128278.25,0.8989,11.8502,11.6853,0.0198,11.8694,before,0.1652,11.8694,232523826.0
11.9423,20170614,-0.24,600004.SSE,165148.24,1.1572,11.8694,11.574000000000002,0.0308,11.7121,before,-1.3194,11.8579,296667362.0
11.7275,20170615,-0.25,600004.SSE,140323.5,0.9833,11.7121,11.4973,0.0195,11.550999999999998,before,-1.3928,11.6661,248979681.0
11.6853,20170616,0.04,600004.SSE,89311.0,0.6258,11.550999999999998,11.5165,0.0147,11.574000000000002,before,0.226,11.5241,158674632.0
11.7121,20170619,0.11,600004.SSE,96774.67,0.6781,11.574000000000002,11.5357,0.0152,11.6469,before,0.6201,11.5548,172460835.0
11.6929,20170620,-0.19,600004.SSE,151197.65,1.0595,11.6469,11.4436,0.0213,11.5241,before,-1.0644,11.6738,266754444.0
11.8617,20170621,0.5,600004.SSE,269434.58,1.8880000000000001,11.5241,11.5088,0.0306,11.8502,before,2.8313,11.5357,482352105.0
11.9538,20170622,-0.33,600004.SSE,211443.63,1.4816,11.8502,11.6201,0.0281,11.6354,before,-1.8172,11.7773,384026280.0
12.0651,20170623,0.63,600004.SSE,202400.0,1.4182,11.6354,11.6162,0.0387,12.0459,before,3.5334,11.6546,367641913.0
12.253,20170626,0.21,600004.SSE,188935.03,1.3239,12.0459,11.9998,0.0211,12.184000000000001,before,1.1376,12.0919,350656732.0
12.23,20170627,-0.27,600004.SSE,188928.33,1.3238,12.184000000000001,11.9423,0.0236,12.0075,before,-1.4462,12.2032,347906595.0
12.0996,20170628,-0.33,600004.SSE,175038.84,1.2265,12.0075,11.7658,0.0277,11.7927,before,-1.7935,11.9423,319245172.0
11.9883,20170629,0.24,600004.SSE,169206.02,1.1856,11.7927,11.7582,0.0194,11.9461,before,1.3282,11.8119,307818381.0
12.0651,20170630,0.15,600004.SSE,163222.13,1.1437,11.9461,11.8771,0.0158,12.0459,before,0.8192,11.9807,299851280.0
12.7709,20170703,0.83,600004.SSE,359302.44,2.5177,12.0459,12.0727,0.057999999999999996,12.5868,before,4.4962,12.0727,681809023.0
12.84,20170704,0.21,600004.SSE,303748.05,2.1284,12.5868,12.464,0.0301,12.7249,before,1.0886,12.5216,591059509.0
12.7901,20170705,0.02,600004.SSE,106233.67,0.7444,12.7249,12.5561,0.0185,12.7364,before,0.1026,12.7172,206498771.0
13.0625,20170706,0.14,600004.SSE,162379.26,1.1378,12.7364,12.6789,0.0302,12.8285,before,0.7172,12.7249,320789304.0
13.0817,20170707,0.23,600004.SSE,118534.86,0.8306,12.8285,12.7556,0.0254,12.9781,before,1.1699,12.7901,234748169.0
13.0318,20170710,-0.48,600004.SSE,181673.41,1.273,12.9781,12.6213,0.0317,12.6635,before,-2.4133,12.9858,356179042.0
12.8937,20170711,0.18,600004.SSE,113799.58,0.7974,12.6635,12.5945,0.0237,12.7824,before,0.9274,12.5945,222713613.0
13.0433,20170712,0.07,600004.SSE,107895.42,0.7559999999999999,12.7824,12.7901,0.0199,12.8285,before,0.3573,12.8093,213101203.0
13.0049,20170713,0.04,600004.SSE,100388.25,0.7034,12.8285,12.7518,0.0198,12.8553,before,0.2035,12.9052,197646041.0
13.2888,20170714,0.38,600004.SSE,146328.2,1.0253,12.8553,12.9321,0.0278,13.2198,before,2.8507,12.9781,199497199.0
13.2006,20170717,-0.38,600004.SSE,275502.61,1.3314,13.2198,12.4027,0.0605,12.8553,before,-2.7717,13.1162,370531658.0
13.097000000000001,20170718,0.05,600004.SSE,156659.39,0.7571,12.8553,12.5945,0.039,12.9014,before,0.3751,12.8553,208801307.0
13.2006,20170719,0.24,600004.SSE,189329.64,0.9149,12.9014,12.7786,0.0329,13.1354,before,1.7937,12.9129,255777959.0
13.6072,20170720,0.48,600004.SSE,289207.7,1.3976,13.1354,12.9896,0.047,13.5957,before,3.5242,13.1431,403003888.0
13.9333,20170721,-0.05,600004.SSE,242971.04,1.1742,13.5957,13.4806,0.0333,13.5497,before,-0.3546,13.4998,344447345.0
13.6725,20170724,0.05,600004.SSE,137761.73,0.6657,13.5497,13.4154,0.0192,13.5957,before,0.3559,13.4922,193594942.0
13.6149,20170725,-0.2,600004.SSE,122377.57,0.5914,13.5957,13.308,0.0227,13.4039,before,-1.4184,13.5957,170276474.0
13.4154,20170726,-0.27,600004.SSE,227266.08,1.0983,13.4039,12.9512,0.0345,13.1431,before,-1.9424,13.3349,308890394.0
13.2505,20170727,0.01,600004.SSE,156563.68,0.7566,13.1431,12.7863,0.0352,13.1546,before,0.0734,13.027999999999999,211384272.0
13.1737,20170728,-0.14,600004.SSE,130294.48,0.6296,13.1546,12.9781,0.0147,13.0203,before,-1.0264,13.0855,176345006.0
13.1239,20170731,0.01,600004.SSE,134561.24,0.6503,13.0203,12.9129,0.0163,13.027999999999999,before,0.0741,12.9781,181698191.0
13.1622,20170801,-0.05,600004.SSE,140704.15,0.68,13.027999999999999,12.9129,0.0192,12.9781,before,-0.3701,13.0471,189946376.0
13.097000000000001,20170802,0.03,600004.SSE,152474.53,0.7368,12.9781,12.9589,0.0104,13.0088,before,0.2229,13.0011,205812159.0
13.0778,20170803,-0.09,600004.SSE,185740.44,0.8976,13.0088,12.8246,0.0193,12.9206,before,-0.6672,12.9704,249468232.0
13.0663,20170804,0.02,600004.SSE,124399.21,0.6012,12.9206,12.8822,0.0142,12.9397,before,0.1493,12.9206,167578029.0
12.9896,20170807,-0.21,600004.SSE,197735.06,0.9556,12.9397,12.652000000000001,0.0261,12.7402,before,-1.5648,12.9397,261695239.0
12.8553,20170808,-0.13,600004.SSE,255198.8,1.2332,12.7402,12.5177,0.0265,12.6136,before,-0.9841,12.7594,334509240.0
12.7786,20170809,0.15,600004.SSE,157051.41,0.759,12.6136,12.4218,0.0283,12.7594,before,1.1468,12.5753,205566837.0
12.7594,20170810,-0.17,600004.SSE,123302.6,0.5959,12.7594,12.4871,0.0212,12.5945,before,-1.285,12.7594,161246659.0
12.5446,20170811,-0.19,600004.SSE,139570.83,0.6745,12.5945,12.3528,0.0153,12.4103,before,-1.4548,12.4487,180164511.0
12.652000000000001,20170814,0.06,600004.SSE,102196.92,0.4939,12.4103,12.3144,0.0272,12.4679,before,0.4662,12.3835,132785222.0
12.8822,20170815,0.42,600004.SSE,184512.39,0.8917,12.4679,12.4218,0.0371,12.8745,before,3.2483,12.5062,243201850.0
12.8553,20170816,-0.15,600004.SSE,76826.36,0.3713,12.8745,12.6635,0.015,12.7287,before,-1.1236,12.8246,101473052.0
12.8246,20170817,-0.03,600004.SSE,90065.06,0.4352,12.7287,12.5446,0.022000000000000002,12.7019,before,-0.2273,12.7287,118230020.0
12.863,20170818,0.11,600004.SSE,101821.81,0.4921,12.7019,12.5753,0.0228,12.8055,before,0.8352,12.652000000000001,134790675.0
12.8937,20170821,-0.05,600004.SSE,85017.25,0.4108,12.8055,12.6827,0.0166,12.7594,before,-0.3765,12.8055,112412166.0
12.8553,20170822,0.0,600004.SSE,66436.99,0.3211,12.7594,12.6827,0.0136,12.7594,before,0.0,12.8055,87969788.0
12.7786,20170823,-0.12,600004.SSE,51191.32,0.2474,12.7594,12.6136,0.0128,12.6443,before,-0.907,12.7402,67435552.0
12.7019,20170824,-0.03,600004.SSE,49236.22,0.2379,12.6443,12.5638,0.0107,12.6136,before,-0.2288,12.6443,64445517.0
12.7786,20170825,0.09,600004.SSE,76579.85,0.3701,12.6136,12.583,0.0153,12.7019,before,0.6881,12.6136,100855028.0
13.0011,20170828,0.3,600004.SSE,174323.6,0.8424,12.7019,12.6827,0.0251,12.9896,before,2.2779,12.7287,232001768.0
13.097000000000001,20170829,0.08,600004.SSE,125532.25,0.6066,12.9896,12.8553,0.0186,13.0663,before,0.5939,13.0088,169239339.0
13.3464,20170830,0.2,600004.SSE,193829.36,0.9367,13.0663,13.1162,0.0177,13.2581,before,1.476,13.1239,266681091.0
13.2313,20170831,-0.35,600004.SSE,172957.61,0.8358,13.2581,12.9014,0.0247,12.9206,before,-2.5455,13.2313,232936686.0
12.9896,20170901,-0.02,600004.SSE,120936.58,0.5844,12.9206,12.817,0.0134,12.9014,before,-0.1493,12.9397,161956128.0
12.863,20170904,-0.13,600004.SSE,135249.3,0.6536,12.9014,12.6328,0.0179,12.7786,before,-0.9716,12.863,178560841.0
12.863,20170905,0.05,600004.SSE,110815.57,0.5355,12.7786,12.7287,0.0106,12.8246,before,0.3774,12.8246,147265629.0
12.817,20170906,-0.11,600004.SSE,76346.82,0.3689,12.8246,12.6827,0.0105,12.7211,before,-0.8271,12.7863,100751008.0
13.0663,20170907,0.29,600004.SSE,218731.18,1.057,12.7211,12.7019,0.0288,13.0011,before,2.1986,12.7211,293884818.0
13.2888,20170908,0.19,600004.SSE,254852.28,1.2316,13.0011,12.9129,0.0289,13.1814,before,1.4095,12.9129,346423889.0
13.308,20170911,-0.14,600004.SSE,223674.09,1.0809,13.1814,12.9704,0.0256,13.0471,before,-1.0241,13.1929,305211605.0
13.1814,20170912,0.02,600004.SSE,119449.25,0.5772,13.0471,12.9321,0.0192,13.0663,before,0.1478,13.0395,161683092.0
13.1162,20170913,0.0,600004.SSE,84266.69,0.4072,13.0663,12.9397,0.0133,13.0663,before,0.0,13.0778,113883951.0
13.0778,20170914,-0.13,600004.SSE,132369.79,0.6397,13.0663,12.8246,0.0192,12.9397,before,-0.9594,13.0471,177362166.0
12.9512,20170915,-0.12,600004.SSE,118207.3,0.5712,12.9397,12.7786,0.0134,12.8246,before,-0.8942,12.9129,157210837.0
12.9512,20170918,0.09,600004.SSE,98385.15,0.4754,12.8246,12.7863,0.0128,12.9129,before,0.6767,12.8246,131365632.0
12.9589,20170919,-0.23,600004.SSE,154611.81,0.7472,12.9129,12.6443,0.0246,12.6904,before,-1.7177,12.9014,204402727.0
12.7786,20170920,0.01,600004.SSE,111217.89,0.5375,12.6904,12.6021,0.0137,12.7019,before,0.076,12.7402,146340567.0
12.7594,20170921,-0.02,600004.SSE,59784.81,0.2889,12.7019,12.6443,0.0091,12.6827,before,-0.1519,12.7019,78736872.0
12.7287,20170922,-0.14,600004.SSE,207172.26,1.0012,12.6827,12.3835,0.0274,12.5446,before,-1.0646,12.6827,268954041.0
12.5446,20170925,-0.2,600004.SSE,175241.14,0.8469,12.5446,12.2837,0.0208,12.3528,before,-1.5373,12.5369,225266599.0
12.4986,20170926,0.03,600004.SSE,99629.93,0.4815,12.3528,12.3259,0.0141,12.3835,before,0.2342,12.3528,128134090.0
12.6021,20170927,0.22,600004.SSE,108702.72,0.5253,12.3835,12.4027,0.0164,12.5945,before,1.7134,12.4027,141342790.0
12.6213,20170928,-0.1,600004.SSE,64639.92,0.3124,12.5945,12.4679,0.0123,12.4986,before,-0.7657,12.6021,83902592.0
12.7211,20170929,0.13,600004.SSE,97639.18,0.4718,12.4986,12.4871,0.0185,12.6213,before,1.0031,12.4871,128076968.0
12.863,20171009,0.04,600004.SSE,200125.67,0.9671,12.6213,12.5753,0.0229,12.6635,before,0.3056,12.7786,264374105.0
12.6328,20171010,-0.45,600004.SSE,494848.06,2.3914,12.6635,12.1034,0.0419,12.2262,before,-3.4273,12.6328,630856321.0
12.2952,20171011,-0.05,600004.SSE,230139.85,1.1122,12.2262,12.1495,0.0118,12.1802,before,-0.3943,12.2262,291857829.0
12.5062,20171012,0.32,600004.SSE,247552.44,1.1963,12.1802,12.1802,0.0269,12.4871,before,2.5337,12.207,317275112.0
12.6021,20171013,0.02,600004.SSE,145709.74,0.7041,12.4871,12.440999999999999,0.0131,12.5062,before,0.1544,12.5062,189080306.0
12.5254,20171016,-0.08,600004.SSE,140067.09,0.6769,12.5062,12.2952,0.0185,12.4295,before,-0.6168,12.5062,180137540.0
12.4679,20171017,0.01,600004.SSE,93533.56,0.452,12.4295,12.2952,0.013999999999999999,12.440999999999999,before,0.0776,12.4295,120147758.0
12.6635,20171018,0.21,600004.SSE,187687.7,0.907,12.440999999999999,12.3643,0.024,12.6443,before,1.6279,12.4027,243733800.0
12.7786,20171019,0.07,600004.SSE,154681.34,0.7475,12.6443,12.4871,0.0229,12.7096,before,0.5339,12.652000000000001,203082313.0
12.8438,20171020,-0.09,600004.SSE,125289.33,0.6055,12.7096,12.5638,0.022000000000000002,12.6213,before,-0.6829,12.6443,164750183.0
12.6328,20171023,-0.06,600004.SSE,121168.06,0.5855,12.6213,12.440999999999999,0.0153,12.5638,before,-0.4584,12.6136,157272665.0
12.583,20171024,-0.02,600004.SSE,104728.1,0.5061,12.5638,12.4602,0.01,12.5446,before,-0.1535,12.5062,135920978.0
12.6328,20171025,0.06,600004.SSE,113887.51,0.5504,12.5446,12.4487,0.0146,12.6021,before,0.4612,12.5446,148143612.0
13.1929,20171026,0.59,600004.SSE,415882.25,2.0098,12.6021,12.5446,0.0513,13.1737,before,4.5142,12.5446,556948174.0
13.3272,20171027,0.09,600004.SSE,281926.31,1.3624,13.1737,13.0663,0.0198,13.2581,before,0.6589,13.1162,385920211.0
13.5766,20171030,0.31,600004.SSE,404875.79,1.9566,13.2581,13.1162,0.0349,13.5574,before,2.2545,13.3579,561486114.0
13.5382,20171031,-0.09,600004.SSE,221064.93,1.0683,13.5574,13.308,0.0171,13.472999999999999,before,-0.6401,13.472999999999999,307635725.0
13.8106,20171101,0.3,600004.SSE,311284.1,1.5043,13.472999999999999,13.5113,0.0222,13.7607,before,2.1475,13.5113,441328559.0
13.8106,20171102,-0.15,600004.SSE,187570.16,0.9064,13.7607,13.4998,0.0224,13.6149,before,-1.0512,13.6955,264731821.0
13.684000000000001,20171103,-0.18,600004.SSE,191212.87,0.924,13.6149,13.3579,0.0241,13.4423,before,-1.2748,13.6456,266623918.0
14.129000000000001,20171106,0.69,600004.SSE,339502.18,1.6406,13.4423,13.4538,0.0502,14.1098,before,4.9498,13.4806,488575434.0
14.3208,20171107,0.09,600004.SSE,207397.42,1.0022,14.1098,14.0024,0.0226,14.1942,before,0.6152,14.1175,303700258.0
14.6085,20171108,0.01,600004.SSE,270069.54,1.3051,14.1942,14.0791,0.0374,14.2057,before,0.0679,14.0791,402967307.0
14.6392,20171109,0.37,600004.SSE,209235.3,1.0111,14.2057,14.1366,0.0353,14.5625,before,2.5119,14.2441,313408929.0
14.8042,20171110,0.13,600004.SSE,183484.45,0.8867,14.5625,14.4742,0.0225,14.6852,before,0.8609,14.5625,278416653.0
15.0804,20171113,0.26,600004.SSE,180669.76,0.8731,14.6852,14.6008,0.0328,14.9384,before,1.7072,14.831,278449045.0
14.9384,20171114,-0.45,600004.SSE,226955.44,1.0968,14.9384,14.3783,0.0374,14.5049,before,-2.9051,14.8042,341855077.0
14.5817,20171115,-0.35,600004.SSE,256529.52,1.2397,14.5049,14.0791,0.0346,14.1673,before,-2.3271,14.4359,379828587.0
14.6392,20171116,0.34,600004.SSE,251094.2,1.2134,14.1673,14.1175,0.0368,14.4934,before,2.3145,14.175,375522173.0
14.7236,20171117,-0.02,600004.SSE,210285.78,1.0162,14.4934,14.2824,0.0306,14.4742,before,-0.1331,14.5625,315003796.0
14.6469,20171120,0.16,600004.SSE,216477.07,1.0461,14.4742,14.0791,0.0393,14.6277,before,1.0659999999999998,14.4666,323419437.0
15.1801,20171121,0.34,600004.SSE,245368.7,1.1857,14.6277,14.5817,0.0409,14.9576,before,2.2413,14.6277,379925021.0
15.2837,20171122,-0.06,600004.SSE,261359.3,1.263,14.9576,14.6584,0.0419,14.9001,before,-0.3868,15.0036,406503002.0
14.8502,20171123,-0.95,600004.SSE,345632.85,1.6703,14.9001,13.9065,0.0634,13.9832,before,-6.1489,14.8502,512031606.0
14.0522,20171124,-0.12,600004.SSE,192128.31,0.9285,13.9832,13.684000000000001,0.0262,13.8681,before,-0.8276,13.964,275854724.0
13.9525,20171127,-0.27,600004.SSE,150443.82,0.727,13.8681,13.5497,0.0292,13.6072,before,-1.8776,13.8758,214531295.0
13.7991,20171128,0.12,600004.SSE,113905.71,0.5504,13.6072,13.5766,0.0163,13.7223,before,0.8505,13.6533,161968472.0
13.8566,20171129,-0.05,600004.SSE,147810.51,0.7143,13.7223,13.3847,0.0344,13.6725,before,-0.3514,13.7722,208198535.0
13.7991,20171130,-0.15,600004.SSE,106993.93,0.517,13.6725,13.4806,0.0233,13.5305,before,-1.0578,13.6149,151353128.0
13.6725,20171201,0.02,600004.SSE,71420.05,0.3451,13.5305,13.4346,0.0178,13.5497,before,0.1426,13.5497,100450567.0
13.7914,20171204,0.2,600004.SSE,132275.14,0.6392,13.5497,13.3962,0.0292,13.7415,before,1.4235,13.519,186903413.0
13.8873,20171205,0.06,600004.SSE,123632.19,0.5975,13.7415,13.5957,0.0211,13.7991,before,0.4211,13.684000000000001,176385998.0
13.7415,20171206,-0.28,600004.SSE,159814.31,0.7723,13.7991,13.2888,0.0328,13.5305,before,-1.9567,13.7415,223956307.0
13.6072,20171207,-0.3,600004.SSE,127303.59,0.6152,13.5305,13.2006,0.0299,13.239,before,-2.1383,13.5382,176807059.0
13.4346,20171208,0.14,600004.SSE,126299.05,0.6103,13.239,13.1737,0.0197,13.3771,before,1.0197,13.2697,174631447.0
13.7799,20171211,0.4,600004.SSE,183120.38,0.8849,13.3771,13.3847,0.0296,13.7607,before,2.8839,13.4346,258743968.0
13.8106,20171212,-0.16,600004.SSE,99125.21,0.479,13.7607,13.5957,0.0154,13.6072,before,-1.1212,13.7914,141027095.0
14.1865,20171213,0.56,600004.SSE,183249.06,0.8856,13.6072,13.6072,0.0425,14.1482,before,3.9688,13.6072,265025871.0
14.2517,20171214,0.08,600004.SSE,135448.13,0.6546,14.1482,14.0906,0.0116,14.2249,before,0.5453,14.1942,199188901.0
14.2441,20171215,-0.14,600004.SSE,88998.92,0.4301,14.2249,13.964,0.0197,14.0906,before,-0.9492,14.2441,129896500.0
14.1865,20171218,-0.03,600004.SSE,112468.67,0.5435,14.0906,13.8182,0.026000000000000002,14.0599,before,-0.2053,14.0983,162672336.0
14.2632,20171219,0.16,600004.SSE,98750.47,0.4772,14.0599,13.964,0.0213,14.2134,before,1.0974,14.0292,144790704.0
14.386,20171220,-0.1,600004.SSE,147900.07,0.7147,14.2134,14.0906,0.021,14.1175,before,-0.6784,14.2134,218444629.0
14.386,20171221,0.18,600004.SSE,123671.8,0.5976,14.1175,14.0522,0.0239,14.2901,before,1.2295,14.1175,182863364.0
14.4359,20171222,-0.14,600004.SSE,103827.68,0.5017,14.2901,14.1175,0.0223,14.1558,before,-0.9447,14.2901,153251889.0
14.34,20171225,0.04,600004.SSE,132824.11,0.6419,14.1558,14.129000000000001,0.015,14.1942,before,0.2725,14.129000000000001,196145323.0
14.3476,20171226,0.03,600004.SSE,122535.05,0.5922,14.1942,14.0791,0.019,14.2249,before,0.2038,14.1673,180566883.0
14.3016,20171227,-0.51,600004.SSE,165847.66,0.8015,14.2249,13.6264,0.0475,13.7338,before,-3.4576,14.3016,239665214.0
14.0906,20171228,0.31,600004.SSE,113545.73,0.5487,13.7338,13.6533,0.0316,14.0292,before,2.177,13.7722,164009728.0
14.1942,20171229,0.15,600004.SSE,84747.04,0.4095,14.0292,13.9832,0.0151,14.175,before,1.0309,14.0983,124086573.0
14.3208,20180102,0.1,600004.SSE,131279.0,0.6344,14.175,14.0714,0.0177,14.2709,before,0.6803,14.2057,193508326.0
14.3093,20180103,0.0,600004.SSE,150469.54,0.7271,14.2709,14.129000000000001,0.0128,14.2709,before,0.0,14.3093,222055580.0
14.2517,20180104,-0.18,600004.SSE,185635.69,0.8971,14.2709,14.0216,0.0162,14.0983,before,-1.2162,14.2249,271737272.0
14.1482,20180105,-0.05,600004.SSE,119795.32,0.5789,14.0983,13.964,0.013000000000000001,14.0522,before,-0.342,14.0791,174297478.0
14.1673,20180108,-0.07,600004.SSE,164922.58,0.797,14.0522,13.895,0.0192,13.9832,before,-0.4804,14.1558,239516323.0
14.4934,20180109,0.52,600004.SSE,211860.05,1.0238,13.9832,13.8566,0.0455,14.4857,before,3.5862,13.9448,312458529.0
14.4857,20180110,-0.17,600004.SSE,176740.01,0.8541,14.4857,14.1865,0.0206,14.3208,before,-1.1318,14.4857,262194308.0
14.3975,20180111,-0.16,600004.SSE,109813.64,0.5307,14.3208,14.1558,0.0168,14.1673,before,-1.0774,14.1558,162262894.0
14.4934,20180112,0.26,600004.SSE,174024.75,0.841,14.1673,14.1175,0.0265,14.4167,before,1.7699,14.1558,258716172.0
15.0343,20180115,0.45,600004.SSE,339365.33,1.64,14.4167,14.3016,0.0508,14.8502,before,3.01,14.3668,520366317.0
15.3029,20180116,0.43,600004.SSE,299744.51,1.4485,14.8502,14.7735,0.0357,15.2645,before,2.7922,14.7735,469740225.0
15.3336,20180117,-0.15,600004.SSE,186313.68,0.9004,15.2645,14.831,0.0328,15.1226,before,-0.9476,15.2377,290662786.0
15.5062,20180118,0.18,600004.SSE,154336.21,0.7458,15.1226,15.0036,0.0332,15.2952,before,1.148,15.042,244845462.0
15.4793,20180119,-0.1,600004.SSE,148995.3,0.72,15.2952,15.0727,0.0265,15.1993,before,-0.6305,15.2952,236123314.0
15.4295,20180122,0.2,600004.SSE,130564.78,0.631,15.1993,14.9653,0.0305,15.3911,before,1.2690000000000001,15.207,205710388.0
15.9589,20180123,0.53,600004.SSE,194179.39,0.9384,15.3911,15.3336,0.0407,15.9013,before,3.3208,15.3336,317270193.0
16.2006,20180124,0.26,600004.SSE,219050.59,1.0586,15.9013,15.6788,0.0327,16.1545,before,1.5767,15.7747,362896205.0
16.0663,20180125,-0.31,600004.SSE,152248.43,0.7357,16.1545,15.6021,0.0287,15.8553,before,-1.8507,16.0663,250022134.0
16.0663,20180126,0.09,600004.SSE,118839.09,0.5743,15.8553,15.6903,0.0237,15.9397,before,0.5474,15.9013,195677853.0
16.0471,20180129,-0.05,600004.SSE,198150.0,0.9576,15.9397,15.5944,0.0284,15.8937,before,-0.3025,15.932,324558161.0
16.0931,20180130,0.14,600004.SSE,152040.22,0.7347,15.8937,15.652000000000001,0.0279,16.0279,before,0.8495,15.7671,251955286.0
16.3924,20180131,0.28,600004.SSE,162520.45,0.7854,16.0279,15.7095,0.0427,16.2965,before,1.6847,15.8246,271772664.0
16.6341,20180201,-0.13,600004.SSE,188148.4,0.9092,16.2965,15.9589,0.0414,16.1737,before,-0.7692,16.3732,318455014.0
16.6839,20180202,0.45,600004.SSE,201826.01,0.9753,16.1737,15.5177,0.0722,16.6072,before,2.6834,15.9896,337333239.0
16.7875,20180205,-0.07,600004.SSE,233458.51,1.1282,16.6072,16.0087,0.047,16.5382,before,-0.4065,16.1814,397108324.0
16.2773,20180206,-0.95,600004.SSE,295261.24,1.4269,16.5382,15.5944,0.0414,15.6213,before,-5.5394,15.9589,484236643.0
16.0356,20180207,-0.71,600004.SSE,259093.88,1.2521,15.6213,14.7658,0.0815,14.9384,before,-4.3827,15.9781,411557112.0
15.2261,20180208,-0.12,600004.SSE,150338.67,0.7265,14.9384,14.5625,0.0445,14.8233,before,-0.7747,14.9461,231487876.0
14.5241,20180209,-0.47,600004.SSE,361180.23,1.7454,14.8233,13.4998,0.069,14.3668,before,-3.0579,14.3668,531786995.0
14.9269,20180212,0.42,600004.SSE,121203.57,0.5857,14.3668,14.3016,0.0436,14.7735,before,2.8188,14.3668,184193683.0
15.5177,20180213,0.29,600004.SSE,135738.85,0.6559999999999999,14.7735,14.9001,0.0418,15.0535,before,1.893,14.9001,214452309.0
15.5177,20180214,0.32,600004.SSE,101244.97,0.4893,15.0535,14.9269,0.0391,15.3604,before,2.05,15.2261,160323910.0
16.074,20180222,0.65,600004.SSE,104270.22,0.5039,15.3604,15.4678,0.0395,15.9896,before,4.0804,15.5752,171275489.0
16.0548,20180223,-0.09,600004.SSE,92036.97,0.4448,15.9896,15.6328,0.0265,15.9013,before,-0.5428,16.0548,151012543.0
16.5382,20180226,0.51,600004.SSE,144376.22,0.6977,15.9013,15.8821,0.0412,16.3924,before,3.0928,15.8937,244010865.0
16.5573,20180227,-0.35,600004.SSE,85446.9,0.4129,16.3924,16.0087,0.0335,16.0548,before,-2.0588,16.4422,143501260.0
16.0087,20180228,-0.28,600004.SSE,100390.75,0.4851,16.0548,15.6136,0.0246,15.7862,before,-1.6817,16.0087,164408151.0
15.932,20180301,-0.01,600004.SSE,59399.12,0.287,15.7862,15.6596,0.0171,15.7747,before,-0.0611,15.7172,97434465.0
15.7747,20180302,-0.17,600004.SSE,63484.77,0.3068,15.7747,15.4793,0.0189,15.6136,before,-1.0391,15.7095,102907705.0
15.8246,20180305,-0.02,600004.SSE,57138.11,0.2761,15.6136,15.5369,0.0185,15.5944,before,-0.1235,15.5446,92837108.0
15.7479,20180306,0.14,600004.SSE,99209.98,0.4794,15.5944,15.1686,0.0371,15.7287,before,0.8658,15.7172,159088452.0
15.7671,20180307,-0.34,600004.SSE,71254.2,0.3443,15.7287,15.3144,0.0288,15.3988,before,-2.0846,15.7364,114876216.0
15.5944,20180308,0.18,600004.SSE,53734.44,0.2597,15.3988,15.3336,0.0169,15.5752,before,1.1271,15.4487,86146194.0
15.8438,20180309,0.15,600004.SSE,81534.0,0.39399999999999996,15.5752,15.5752,0.0173,15.7172,before,0.9288,15.5944,132800621.0
15.9781,20180312,0.2,600004.SSE,108184.6,0.5228,15.7172,15.6788,0.019,15.9128,before,1.227,15.7095,178065821.0
15.9896,20180313,-0.37,600004.SSE,85811.68,0.4147,15.9128,15.5254,0.0291,15.5561,before,-2.2424,15.863,139807564.0
15.5637,20180314,-0.19,600004.SSE,63177.31,0.3053,15.5561,15.2837,0.018000000000000002,15.3719,before,-1.1779,15.5637,100719763.0
15.5752,20180315,0.05,600004.SSE,49557.45,0.2395,15.3719,15.3029,0.0176,15.418,before,0.3137,15.3412,79244962.0
15.6213,20180316,-0.06,600004.SSE,39775.09,0.1922,15.418,15.3336,0.0188,15.3604,before,-0.3752,15.4295,63719814.0
15.3336,20180319,-0.11,600004.SSE,55175.63,0.2666,15.3604,15.1418,0.0126,15.2568,before,-0.6905,15.3336,87126243.0
15.3796,20180320,0.05,600004.SSE,41368.83,0.1999,15.2568,15.1418,0.0158,15.3029,before,0.3161,15.1609,65497943.0
15.418,20180321,-0.04,600004.SSE,53960.18,0.2608,15.3029,15.2453,0.0113,15.2645,before,-0.252,15.3029,85828469.0
15.3604,20180322,-0.29,600004.SSE,95831.78,0.4631,15.2645,14.9001,0.0303,14.9845,before,-1.8319999999999999,15.2645,149391543.0
14.831,20180323,-0.31,600004.SSE,127578.97,0.6165,14.9845,14.3476,0.0322,14.6852,before,-1.9949,14.4742,193592668.0
14.831,20180326,0.0,600004.SSE,106830.27,0.5163,14.6852,14.386,0.0302,14.6852,before,0.0,14.6392,161363420.0
15.1686,20180327,0.38,600004.SSE,95833.08,0.4631,14.6852,14.8118,0.0243,15.0535,before,2.4951,14.8118,149324771.0
15.1226,20180328,-0.55,600004.SSE,123606.97,0.5973,15.0535,14.4551,0.0442,14.5241,before,-3.5234,14.8502,188992183.0
14.9461,20180329,0.37,600004.SSE,103862.7,0.5019,14.5241,14.2901,0.0452,14.8809,before,2.4568,14.5433,157893131.0
15.207,20180330,0.21,600004.SSE,71118.66,0.3437,14.8809,14.8042,0.0272,15.0804,before,1.361,14.8809,110773488.0
15.1226,20180402,-0.4,600004.SSE,64769.07,0.313,15.0804,14.6584,0.0307,14.6967,before,-2.5575,15.0535,100053095.0
14.9269,20180403,0.23,600004.SSE,72134.92,0.3486,14.6967,14.4857,0.0302,14.9192,before,1.5092,14.5049,110248551.0
15.0919,20180404,-0.01,600004.SSE,90140.96,0.4356,14.9192,14.8694,0.0149,14.9077,before,-0.0646,14.9192,140306467.0
15.0804,20180409,0.17,600004.SSE,67979.47,0.3285,14.9077,14.7658,0.0213,15.0727,before,1.0996,14.8809,105670893.0
15.5177,20180410,0.39,600004.SSE,125015.55,0.6041,15.0727,15.0727,0.0294,15.4487,before,2.4952,15.1609,199183786.0
15.7556,20180411,0.2,600004.SSE,80913.88,0.391,15.4487,15.4678,0.0187,15.6405,before,1.2484,15.4678,131052612.0
15.7556,20180412,0.04,600004.SSE,94713.82,0.4577,15.6405,15.5177,0.0154,15.6788,before,0.2466,15.6213,153421418.0
15.8169,20180413,-0.38,600004.SSE,85334.22,0.4124,15.6788,15.2185,0.0381,15.3144,before,-2.3369999999999997,15.6903,136843965.0
15.5254,20180416,-0.24,600004.SSE,86784.36,0.4194,15.3144,14.8809,0.0422,15.0804,before,-1.5113,15.276,136381619.0
15.1801,20180417,-0.45,600004.SSE,99244.98,0.4796,15.0804,14.6085,0.0377,14.6469,before,-2.8772,15.0727,152980837.0
14.8502,20180418,0.03,600004.SSE,108756.51,0.5256,14.6469,14.3668,0.0329,14.6776,before,0.1975,14.7926,164229578.0
14.8886,20180419,0.18,600004.SSE,63374.22,0.3063,14.6776,14.4934,0.0269,14.8502,before,1.1827,14.6852,96992410.0
14.9001,20180420,-0.17,600004.SSE,73552.95,0.3554,14.8502,14.5625,0.0227,14.6852,before,-1.1039,14.8809,112319838.0
14.7926,20180423,-0.4,600004.SSE,115945.41,0.5603,14.6852,14.2134,0.0394,14.3016,before,-2.6264,14.7044,173696913.0
14.7735,20180424,0.35,600004.SSE,105680.21,0.5107,14.3016,14.3093,0.0324,14.6392,before,2.3601,14.3093,159726058.0
14.7926,20180425,0.11,600004.SSE,72133.35,0.3486,14.6392,14.5701,0.0152,14.7466,before,0.7246,14.6584,109963103.0
14.8042,20180426,-0.16,600004.SSE,60725.88,0.2935,14.7466,14.4474,0.0242,14.5893,before,-1.0464,14.7543,91795821.0
14.7236,20180427,0.09,600004.SSE,69857.88,0.3376,14.5893,14.3592,0.0251,14.6776,before,0.5948,14.6584,105378757.0
14.8809,20180502,0.17,600004.SSE,80944.12,0.3912,14.6776,14.5126,0.025,14.8425,before,1.117,14.6852,123385176.0
14.8118,20180503,-0.1,600004.SSE,71600.56,0.34600000000000003,14.8425,14.5318,0.0188,14.7466,before,-0.6498,14.785,109111154.0
14.785,20180504,-0.19,600004.SSE,64598.84,0.3122,14.7466,14.5049,0.019,14.5625,before,-1.2426,14.6852,98043215.0
14.8502,20180507,0.25,600004.SSE,79095.37,0.3822,14.5625,14.5241,0.0225,14.8042,before,1.6556,14.6776,120724917.0
15.207,20180508,0.41,600004.SSE,124109.96,0.5998,14.8042,14.831,0.0254,15.1993,before,2.6710000000000003,14.8425,193415833.0
15.3336,20180509,0.07,600004.SSE,101797.42,0.4919,15.1993,15.0727,0.0171,15.2645,before,0.4442,15.2952,160435549.0
15.7479,20180510,0.42,600004.SSE,138239.1,0.6679999999999999,15.2645,15.2837,0.0303,15.6712,before,2.6532,15.2837,222425819.0
15.7939,20180511,-0.01,600004.SSE,98049.21,0.4738,15.6712,15.4678,0.0209,15.6596,before,-0.0615,15.7095,159032913.0
15.7939,20180514,-0.19,600004.SSE,145520.64,0.7032,15.6596,15.276,0.0333,15.4793,before,-1.17,15.6405,233573098.0
15.5254,20180515,0.03,600004.SSE,104360.16,0.5043,15.4793,15.2645,0.0168,15.5062,before,0.1869,15.4793,166659516.0
15.5944,20180516,-0.13,600004.SSE,92089.18,0.445,15.5062,15.3336,0.0168,15.3796,before,-0.8085,15.4295,147584804.0
15.5561,20180517,0.06,600004.SSE,77124.1,0.3727,15.3796,15.3527,0.0132,15.4371,before,0.3762,15.3719,123707103.0
15.487,20180518,-0.01,600004.SSE,76976.4,0.3720000000000001,15.4371,15.1801,0.02,15.4295,before,-0.0625,15.3796,122294288.0
15.7671,20180521,0.13,600004.SSE,100011.06,0.4833,15.4295,15.4678,0.0194,15.5561,before,0.8125,15.6136,162124722.0
15.6213,20180522,-0.15,600004.SSE,59079.5,0.2855,15.5561,15.3911,0.0149,15.4103,before,-0.9299,15.6021,94872898.0
15.487,20180523,-0.36,600004.SSE,114289.3,0.5523,15.4103,15.0535,0.0282,15.0612,before,-2.2528,15.4602,180180257.0
15.1686,20180524,-0.07,600004.SSE,68055.32,0.3289,15.0612,14.9768,0.0128,14.995999999999999,before,-0.4481,15.0612,106348263.0
15.0919,20180525,-0.15,600004.SSE,112182.96,0.5421,14.995999999999999,14.7044,0.0257,14.8502,before,-0.9646,15.0343,173285341.0
15.3221,20180528,0.48,600004.SSE,118652.96,0.5734,14.8502,14.8042,0.0351,15.3144,before,3.1169,14.9001,185993931.0
15.5254,20180529,0.16,600004.SSE,156533.99,0.7565,15.3144,15.1111,0.0271,15.4678,before,1.0076,15.2645,249699730.0
15.5944,20180530,-0.18,600004.SSE,131821.73,0.637,15.4678,15.1609,0.0281,15.2952,before,-1.1222,15.3144,209967462.0
16.0663,20180531,0.76,600004.SSE,285074.93,1.3776,15.2952,15.3412,0.0473,16.0279,before,4.7919,15.3911,465006963.0
16.1238,20180601,-0.06,600004.SSE,171874.86,0.8306,16.0279,15.698,0.0265,15.9704,before,-0.361,15.932,283441826.0
16.4998,20180604,0.53,600004.SSE,277462.85,1.3408,15.9704,16.0279,0.0296,16.4806,before,3.2005,16.0356,469179116.0
16.8757,20180605,0.25,600004.SSE,179532.55,0.8676,16.4806,16.3924,0.0293,16.7223,before,1.4628,16.5382,310446283.0
17.6008,20180606,0.6,600004.SSE,217600.12,1.0516,16.7223,16.6149,0.0588,17.3016,before,3.4602,16.7415,388037721.0
17.4435,20180607,-0.16,600004.SSE,169718.77,0.8202,17.3016,16.8757,0.0329,17.1443,before,-0.8919,17.3016,301120403.0
17.5317,20180608,0.14,600004.SSE,144145.3,0.6966,17.1443,16.9525,0.0337,17.2824,before,0.7874,17.0023,256880436.0
17.3399,20180611,-0.23,600004.SSE,100160.82,0.484,17.2824,16.9256,0.024,17.0599,before,-1.2835,17.1251,177772035.0
18.1954,20180612,1.09,600004.SSE,230692.65,1.1148,17.0599,17.0676,0.0661,18.111,before,6.1617,17.0867,426146526.0
18.0995,20180613,-0.16,600004.SSE,174350.73,0.8426,18.111,17.7811,0.0176,17.9576,before,-0.852,17.8502,324954579.0
18.0535,20180614,-0.17,600004.SSE,151586.07,0.7325,17.9576,17.7044,0.0193,17.7926,before,-0.9129999999999999,17.8885,280047942.0
18.0228,20180615,0.03,600004.SSE,99371.48,0.4802,17.7926,17.455,0.032,17.8195,before,0.1626,17.7926,182435663.0
16.0356,20180619,-1.85,600004.SSE,87167.0,0.4212,17.8195,16.0356,0.0,16.0356,before,-10.0108,16.0356,144958721.0
14.4359,20180620,-1.66,600004.SSE,188742.0,0.9121,16.0356,14.4359,0.0,14.4359,before,-9.982000000000001,14.4359,282546774.0
14.6008,20180621,-0.15,600004.SSE,1004503.54,4.8543,14.4359,13.9832,0.0428,14.2901,before,-1.002,13.9832,1491046027.0
14.1175,20180622,-0.6,600004.SSE,521719.64,2.5212,14.2901,13.5305,0.0412,13.7147,before,-4.0486,13.753,744277816.0
13.9065,20180625,-0.01,600004.SSE,287448.48,1.3891,13.7147,13.5497,0.026000000000000002,13.7031,before,-0.0703,13.7607,409521243.0
13.7415,20180626,-0.13,600004.SSE,194806.98,0.9414,13.7031,13.4231,0.0232,13.5766,before,-0.9148,13.6072,273868707.0
13.7914,20180627,-0.47,600004.SSE,195684.57,0.9456,13.5766,13.1162,0.0497,13.1239,before,-3.3381,13.5766,273367314.0
13.0088,20180628,-1.02,600004.SSE,538281.81,2.6012,13.1239,11.9576,0.0801,12.1418,before,-7.4945,12.9896,696810961.0
12.7671,20180629,0.5,600004.SSE,281467.64,1.3602,12.1418,12.207,0.0461,12.6213,before,3.9714,12.2837,364676598.0
12.8246,20180702,-0.29,600004.SSE,143401.71,0.693,12.6213,12.2761,0.0435,12.3451,before,-2.2154,12.583,187753260.0
12.9704,20180703,0.58,600004.SSE,267049.91,1.2905,12.3451,12.3144,0.0531,12.9014,before,4.5313,12.5369,351108306.0
12.9589,20180704,-0.12,600004.SSE,184342.45,0.8908,12.9014,12.6443,0.0247,12.7863,before,-0.8969,12.8246,243983357.0
12.8553,20180705,-0.33,600004.SSE,146846.39,0.7096,12.7863,12.4027,0.0354,12.4679,before,-2.4887,12.7287,191022717.0
12.9589,20180706,0.34,600004.SSE,159270.74,0.7697,12.4679,12.3643,0.048,12.7978,before,2.6295,12.4871,209779264.0
13.5957,20180709,0.68,600004.SSE,153068.2,0.7397,12.7978,12.7402,0.0671,13.4538,before,5.1243,12.8246,210136767.0
14.129000000000001,20180710,0.33,600004.SSE,201188.02,0.9722,13.4538,13.4922,0.0473,13.7722,before,2.3656,13.4922,288482995.0
13.7914,20180711,-0.07,600004.SSE,135551.91,0.6551,13.7722,13.4154,0.0273,13.7031,before,-0.4902,13.6264,190476692.0
14.129000000000001,20180712,0.26,600004.SSE,107061.21,0.5174,13.7031,13.6456,0.0352,13.9525,before,1.8297,13.6456,154860974.0
14.2978,20180713,0.06,600004.SSE,132482.57,0.6402,13.9525,13.8259,0.0337,14.0139,before,0.4216,14.0522,189570543.0
14.3668,20180716,0.12,600004.SSE,95790.94,0.4629,14.0139,13.9065,0.0329,14.129000000000001,before,0.8397,14.0522,138476890.0
14.2172,20180717,-0.12,600004.SSE,106067.05,0.5126,14.129000000000001,13.895,0.0229,14.0139,before,-0.8328,14.0216,151303475.0
14.3476,20180718,-0.01,600004.SSE,117663.76,0.5686,14.0139,13.8835,0.0329,14.0024,before,-0.07,13.9947,169574967.0
14.0522,20180719,-0.11,600004.SSE,115126.74,0.5564,14.0024,13.6993,0.0252,13.895,before,-0.7703,14.0139,162595376.0
14.0331,20180720,0.12,600004.SSE,83970.87,0.4058,13.895,13.6801,0.0254,14.0139,before,0.8469,13.8758,119112533.0
14.2671,20180723,-0.01,600004.SSE,92185.36,0.4455,14.0139,13.9257,0.0245,14.0024,before,-0.07,13.9257,132500498.0
14.550999999999998,20180724,0.38,600004.SSE,137746.67,0.6657,14.0024,13.9947,0.0399,14.3745,before,2.6611,14.0024,200108602.0
14.3361,20180725,-0.28,600004.SSE,105554.14,0.5101,14.3745,14.0829,0.0177,14.1021,before,-1.91,14.317,152475822.0
14.1904,20180726,-0.25,600004.SSE,77644.93,0.3752,14.1021,13.8451,0.0243,13.8566,before,-1.7385,14.1597,110904052.0
13.9717,20180727,-0.01,600004.SSE,64456.42,0.3115,13.8566,13.7185,0.0184,13.8451,before,-0.0708,13.8259,90950257.0
13.9141,20180730,-0.39,600004.SSE,95166.11,0.4599,13.8451,13.3349,0.0418,13.4653,before,-2.762,13.8451,131645164.0
13.707,20180731,0.14,600004.SSE,63575.94,0.3072,13.4653,13.4346,0.0204,13.5996,before,1.0197,13.4346,88229394.0
14.1788,20180801,0.29,600004.SSE,118544.52,0.5729,13.5996,13.6418,0.0397,13.8835,before,2.0908,13.6418,169131876.0
13.9717,20180802,-0.36,600004.SSE,86653.68,0.4188,13.8835,13.4039,0.040999999999999995,13.5305,before,-2.5424,13.8259,120280837.0
13.5919,20180803,-0.56,600004.SSE,113319.69,0.5476,13.5305,12.7863,0.0594,12.9819,before,-4.058,13.5305,151333006.0
13.0318,20180806,-0.15,600004.SSE,97348.85,0.4704,12.9819,12.6482,0.0295,12.8362,before,-1.1329,12.9359,128201163.0
13.2888,20180807,0.43,600004.SSE,91756.48,0.4434,12.8362,12.6482,0.0497,13.2581,before,3.285,12.9052,122360623.0
13.2581,20180808,-0.45,600004.SSE,96148.28,0.4646,13.2581,12.6789,0.0436,12.817,before,-3.3284,13.1891,127107681.0
13.3847,20180809,0.47,600004.SSE,97857.57,0.4729,12.817,12.8055,0.0451,13.2773,before,3.596,12.8055,131756146.0
13.5996,20180810,0.2,600004.SSE,87861.05,0.4246,13.2773,13.239,0.0273,13.472999999999999,before,1.4771,13.239,120492285.0
13.4653,20180813,-0.26,600004.SSE,94910.48,0.4587,13.472999999999999,13.0318,0.032,13.2198,before,-1.8923,13.4039,127593344.0
13.354000000000001,20180814,0.04,600004.SSE,51115.57,0.247,13.2198,13.12,0.0178,13.2581,before,0.2967,13.239,69157721.0
13.1776,20180815,-0.38,600004.SSE,68757.2,0.3323,13.2581,12.817,0.0274,12.886,before,-2.8107,13.0011,90760916.0
12.9359,20180816,-0.13,600004.SSE,56867.26,0.2748,12.886,12.5523,0.0297,12.7594,before,-0.9893,12.8362,74149713.0
12.9436,20180817,-0.37,600004.SSE,93716.72,0.4529,12.7594,12.3374,0.0477,12.395,before,-2.844,12.817,120140004.0
12.3566,20180820,-0.1,600004.SSE,190024.57,0.9183,12.395,11.6201,0.0593,12.2952,before,-0.7911,12.0919,234313796.0
12.7172,20180821,0.39,600004.SSE,126419.17,0.6109,12.2952,12.1878,0.0431,12.6789,before,3.11,12.1878,160475093.0
12.6021,20180822,-0.43,600004.SSE,130800.18,0.6321,12.6789,12.1303,0.0371,12.2569,before,-3.3256,12.5599,164136393.0
12.3566,20180823,-0.19,600004.SSE,96997.86,0.4687,12.2569,12.0229,0.0272,12.0727,before,-1.52,12.207,120550476.0
12.3374,20180824,0.02,600004.SSE,109331.02,0.5283,12.0727,12.0727,0.0219,12.0919,before,0.1625,12.0804,136207365.0
12.5523,20180827,0.41,600004.SSE,111257.26,0.5377,12.0919,12.161,0.0324,12.4947,before,3.3252,12.2492,140919398.0
12.698,20180828,0.04,600004.SSE,60186.07,0.2908,12.4947,12.4333,0.0212,12.5331,before,0.314,12.4717,77094689.0
12.5139,20180829,-0.48,600004.SSE,107807.7,0.521,12.5331,11.7773,0.0587,12.0612,before,-3.7559,12.5139,133696999.0
12.3374,20180830,0.1,600004.SSE,118223.52,0.5713,12.0612,12.0229,0.026000000000000002,12.161,before,0.813,12.0804,146558142.0
12.2761,20180831,-0.19,600004.SSE,78392.73,0.3788,12.161,11.9039,0.0306,11.972999999999999,before,-1.5323,12.2684,95736043.0
11.9346,20180903,-0.2,600004.SSE,88930.89,0.4298,11.972999999999999,11.6316,0.0254,11.7773,before,-1.6380000000000001,11.8732,106557696.0
11.9231,20180904,0.09,600004.SSE,65201.01,0.3151,11.7773,11.6699,0.0216,11.8656,before,0.7494,11.785,78438547.0
11.8732,20180905,-0.31,600004.SSE,80158.15,0.3874,11.8656,11.5318,0.0289,11.5625,before,-2.562,11.8732,95268926.0
11.6507,20180906,-0.19,600004.SSE,58763.77,0.284,11.5625,11.2978,0.0305,11.3745,before,-1.6115,11.6201,68626768.0
11.6507,20180907,0.16,600004.SSE,58228.24,0.2814,11.3745,11.3554,0.0259,11.5318,before,1.3793,11.3745,68461719.0
11.5433,20180910,-0.05,600004.SSE,40898.59,0.1976,11.5318,11.2863,0.0221,11.482000000000001,before,-0.4252,11.4551,47626087.0
11.7083,20180911,0.06,600004.SSE,93254.49,0.4507,11.482000000000001,11.3362,0.0325,11.5433,before,0.5124,11.4321,109760049.0
11.6316,20180912,-0.04,600004.SSE,52972.14,0.256,11.5433,11.3669,0.0229,11.5011,before,-0.3398,11.5203,62081464.0
11.739,20180913,0.14,600004.SSE,51145.17,0.2472,11.5011,11.5433,0.0171,11.6392,before,1.1935,11.6201,60633026.0
11.7275,20180914,0.0,600004.SSE,29414.43,0.1421,11.6392,11.5625,0.0143,11.6392,before,0.0,11.6776,34937026.0
11.6968,20180917,-0.06,600004.SSE,34945.66,0.1689,11.6392,11.482000000000001,0.0185,11.5817,before,-0.5055,11.6392,41346050.0
11.7198,20180918,0.1,600004.SSE,45842.14,0.2215,11.5817,11.4743,0.0212,11.6776,before,0.8467,11.550999999999998,54187974.0
12.1686,20180919,0.43,600004.SSE,111083.96,0.5368,11.6776,11.5894,0.0495,12.0996,before,3.6104,11.6584,136035506.0
12.0996,20180920,-0.06,600004.SSE,58329.59,0.2819,12.0996,11.9231,0.0146,12.042,before,-0.4862,12.0114,71396063.0
12.395,20180921,0.29,600004.SSE,75184.11,0.3633,12.042,12.0229,0.0309,12.3259,before,2.3616,12.0229,93759321.0
12.2569,20180925,-0.17,600004.SSE,37703.1,0.1822,12.3259,12.0727,0.0151,12.161,before,-1.3524,12.1802,46698102.0
12.464,20180926,0.02,600004.SSE,122669.94,0.5928,12.161,12.138,0.0266,12.1802,before,0.1613,12.1686,153676089.0
12.3374,20180927,-0.17,600004.SSE,66343.6,0.3206,12.1802,12.0114,0.0266,12.0114,before,-1.3688,12.1686,82218225.0
12.5216,20180928,0.52,600004.SSE,147642.56,0.7135,12.0114,12.1188,0.0335,12.5216,before,4.2449,12.1303,186502894.0
12.2952,20181008,-0.52,600004.SSE,108506.91,0.5244,12.5216,11.8963,0.0321,12.0114,before,-4.072,12.0919,133568761.0
12.0229,20181009,-0.37,600004.SSE,116781.24,0.5643,12.0114,11.6009,0.0351,11.6507,before,-3.0204,12.0229,139732002.0
11.7467,20181010,-0.03,600004.SSE,48413.98,0.23399999999999999,11.6507,11.5318,0.0185,11.6201,before,-0.2525,11.5817,57476666.0
11.4436,20181011,-0.7,600004.SSE,129891.53,0.6277,11.6201,10.7377,0.0608,10.9334,before,-5.9072,11.2172,146423619.0
11.2096,20181012,0.23,600004.SSE,69939.29,0.33799999999999997,10.9334,10.8375,0.0341,11.1597,before,2.0628,10.9027,78682201.0
11.3055,20181015,-0.21,600004.SSE,52354.96,0.253,11.1597,10.8068,0.0448,10.9525,before,-1.8453,11.1789,58856092.0
10.9334,20181016,-0.21,600004.SSE,50433.51,0.2437,10.9525,10.6802,0.0233,10.7492,before,-1.88,10.9334,55526533.0
10.9717,20181017,0.18,600004.SSE,74733.14,0.3611,10.7492,10.5612,0.0383,10.9257,before,1.6423,10.9027,82049148.0
10.8758,20181018,-0.28,600004.SSE,106330.27,0.5138,10.9257,10.4922,0.035,10.6495,before,-2.5135,10.8758,115017990.0
11.0024,20181019,0.23,600004.SSE,77696.16,0.3755,10.6495,10.4538,0.0516,10.8758,before,2.1179,10.4845,85416460.0
11.6891,20181022,0.69,600004.SSE,128210.23,0.6196,10.8758,10.8758,0.0748,11.550999999999998,before,6.2218,10.8758,149349907.0
11.6968,20181023,-0.53,600004.SSE,70707.39,0.3417,11.550999999999998,10.9909,0.0611,11.0331,before,-4.4992,11.4743,80912375.0
11.2172,20181024,-0.08,600004.SSE,58645.73,0.2834,11.0331,10.9449,0.0249,10.9525,before,-0.7111,11.0331,66109507.0
10.8144,20181025,-0.23,600004.SSE,83914.33,0.4055,10.9525,10.5497,0.0242,10.7262,before,-2.0591,10.6802,91318865.0
10.8643,20181026,-0.11,600004.SSE,61601.96,0.2977,10.7262,10.5728,0.0274,10.6188,before,-1.0055,10.7761,67049757.0
10.6303,20181029,-0.61,600004.SSE,140006.27,0.6766,10.6188,9.982000000000001,0.0609,10.0203,before,-5.6325,10.6188,145323347.0
10.0318,20181030,-0.24,600004.SSE,281420.69,1.36,10.0203,9.3145,0.0714,9.7863,before,-2.3483,10.0012,276889523.0
9.7556,20181031,-0.19,600004.SSE,295328.17,1.4272,9.7863,9.4219,0.0341,9.5983,before,-1.9038,9.4219,288896760.0
9.817,20181101,0.12,600004.SSE,283579.06,1.3704,9.5983,9.5408,0.0286,9.7173,before,1.2257,9.6674,280313036.0
10.4155,20181102,0.69,600004.SSE,280051.9,1.3534,9.7173,9.9052,0.0525,10.3925,before,6.9627,9.9513,289078804.0
10.3157,20181105,-0.17,600004.SSE,152043.44,0.7348,10.3925,9.9935,0.0311,10.2275,before,-1.6038,10.1968,157260133.0
10.216000000000001,20181106,-0.31,600004.SSE,153341.78,0.741,10.2275,9.8554,0.0355,9.9244,before,-2.9722,10.1968,155788947.0
10.0012,20181107,-0.01,600004.SSE,176793.77,0.8544,9.9244,9.863,0.0138,9.9129,before,-0.0988,9.9743,179060672.0
10.0203,20181108,-0.09,600004.SSE,93606.18,0.4524,9.9129,9.817,0.0208,9.8247,before,-0.8902,9.982000000000001,94481492.0
9.7978,20181109,-0.15,600004.SSE,65864.09,0.3183,9.8247,9.6597,0.013999999999999999,9.6789,before,-1.4969999999999999,9.7863,65201929.0
9.982000000000001,20181112,0.25,600004.SSE,98772.57,0.4773,9.6789,9.5983,0.0395,9.9244,before,2.5329,9.6866,99302354.0
10.0894,20181113,0.1,600004.SSE,154360.62,0.7459,9.9244,9.748,0.0346,10.0203,before,0.9881,9.817,156632001.0
10.2965,20181114,-0.06,600004.SSE,123040.13,0.5946,10.0203,9.9513,0.0342,9.9628,before,-0.5871,10.1277,126797486.0
10.1086,20181115,0.13,600004.SSE,85256.62,0.41200000000000003,9.9628,9.863,0.0246,10.0894,before,1.2795,9.8937,87013197.0
10.2467,20181116,0.06,600004.SSE,124421.36,0.6013,10.0894,10.0318,0.0214,10.1508,before,0.5831,10.1086,129053947.0
10.2467,20181119,0.08,600004.SSE,76490.37,0.3696,10.1508,10.1009,0.0145,10.2275,before,0.7729,10.1009,79281319.0
10.1699,20181120,-0.37,600004.SSE,97800.32,0.4726,10.2275,9.863,0.0297,9.863,before,-3.5475,10.1699,99495808.0
9.9513,20181121,0.08,600004.SSE,67678.94,0.3271,9.863,9.7364,0.0219,9.9436,before,0.7952,9.7364,68051344.0
9.9436,20181122,-0.11,600004.SSE,71400.51,0.345,9.9436,9.8055,0.0138,9.8362,before,-1.0848,9.9436,71702594.0
9.8746,20181123,-0.27,600004.SSE,89966.7,0.4348,9.8362,9.5715,0.0309,9.5715,before,-2.6919,9.8746,88704045.0
9.7556,20181126,0.1,600004.SSE,51656.9,0.2496,9.5715,9.5907,0.0174,9.6674,before,1.0246,9.5907,51077577.0
9.8247,20181127,0.08,600004.SSE,59075.98,0.2855,9.6674,9.6674,0.0162,9.748,before,0.8114,9.6674,58752184.0
9.8439,20181128,0.08,600004.SSE,57015.16,0.2755,9.748,9.56,0.0292,9.8247,before,0.8048,9.7096,56725102.0
9.982000000000001,20181129,-0.01,600004.SSE,89773.13,0.4338,9.8247,9.8055,0.018000000000000002,9.817,before,-0.0998,9.8746,90669921.0
9.9436,20181130,0.12,600004.SSE,52068.41,0.2516,9.817,9.7173,0.023,9.9321,before,1.1988,9.8055,52419078.0
10.4922,20181203,0.51,600004.SSE,199238.5,0.9628,9.9321,10.0203,0.0474,10.4346,before,5.0346,10.0817,209029204.0
10.5306,20181204,0.06,600004.SSE,99219.49,0.4795,10.4346,10.2774,0.0244,10.4922,before,0.5639,10.3464,105123617.0
10.4615,20181205,-0.14,600004.SSE,80243.67,0.3878,10.4922,10.2275,0.0224,10.3541,before,-1.3084,10.285,84726369.0
10.2582,20181206,-0.32,600004.SSE,89769.84,0.4338,10.3541,10.0012,0.0246,10.0395,before,-3.0303,10.2582,92249586.0
10.1891,20181207,0.09,600004.SSE,52481.65,0.2536,10.0395,10.0395,0.0146,10.1277,before,0.8789,10.0395,54148889.0
10.1968,20181210,-0.04,600004.SSE,76884.03,0.3715,10.1277,9.982000000000001,0.0213,10.0894,before,-0.3872,10.0395,79159021.0
10.3541,20181211,0.18,600004.SSE,84879.2,0.4102,10.0894,10.1009,0.0253,10.2659,before,1.7493,10.1508,88807436.0
10.3925,20181212,-0.06,600004.SSE,90467.55,0.4372,10.2659,10.0894,0.0296,10.2083,before,-0.5731,10.3733,94705793.0
10.8835,20181213,0.47,600004.SSE,248294.08,1.1999,10.2083,10.2083,0.0663,10.6687,before,4.5149,10.285,268845387.0
10.7262,20181214,-0.28,600004.SSE,222839.56,1.0769,10.6687,10.3656,0.034,10.3925,before,-2.5735,10.6687,239856119.0
10.6188,20181217,0.09,600004.SSE,136982.93,0.662,10.3925,10.2582,0.0349,10.4845,before,0.8491,10.4423,146230462.0
10.6188,20181218,0.01,600004.SSE,97663.9,0.47200000000000003,10.4845,10.3541,0.0253,10.4922,before,0.0935,10.3848,104071296.0
10.5728,20181219,-0.25,600004.SSE,82446.16,0.3984,10.4922,10.2083,0.0346,10.2467,before,-2.3364,10.5306,87036296.0
10.3541,20181220,0.06,600004.SSE,85544.66,0.4134,10.2467,10.0012,0.0344,10.3042,before,0.5742,10.1508,88649510.0
10.2275,20181221,-0.28,600004.SSE,85259.11,0.41200000000000003,10.3042,9.9436,0.0276,10.0318,before,-2.6641,10.1968,87275747.0
10.1699,20181224,0.05,600004.SSE,70859.82,0.3424,10.0318,9.8861,0.0283,10.0817,before,0.4888,9.9743,72642267.0
10.0012,20181225,-0.14,600004.SSE,69707.3,0.3369,10.0817,9.7978,0.0204,9.9436,before,-1.3619,9.9628,70276227.0
9.9628,20181226,-0.14,600004.SSE,58978.89,0.285,9.9436,9.7364,0.0227,9.8055,before,-1.3807,9.9052,59282117.0
10.0318,20181227,-0.13,600004.SSE,117342.79,0.5671,9.8055,9.6099,0.043,9.6789,before,-1.3,9.982000000000001,116840952.0
9.8746,20181228,0.18,600004.SSE,75950.54,0.3670000000000001,9.6789,9.5983,0.0284,9.8554,before,1.8237,9.6981,75677909.0
9.9244,20190102,-0.15,600004.SSE,64335.0,0.3109,9.8554,9.6597,0.0269,9.7096,before,-1.4925,9.8554,63967250.0
9.7556,20190103,-0.13,600004.SSE,83177.63,0.402,9.7096,9.5408,0.0222,9.5792,before,-1.3131,9.7096,81681965.0
9.7748,20190104,0.13,600004.SSE,92330.77,0.4462,9.5792,9.4526,0.0338,9.7096,before,1.3306,9.5101,90822777.0
9.8247,20190107,0.04,600004.SSE,106932.38,0.5168,9.7096,9.6981,0.0131,9.748,before,0.40399999999999997,9.7978,106348233.0
9.7556,20190108,-0.15,600004.SSE,102411.47,0.4949,9.748,9.56,0.0201,9.5983,before,-1.5091,9.7556,100426762.0
9.7748,20190109,0.1,600004.SSE,140074.97,0.6769,9.5983,9.5907,0.0194,9.6981,before,1.0215,9.6482,138857795.0
9.6789,20190110,-0.12,600004.SSE,136903.65,0.6616,9.6981,9.4641,0.0222,9.5792,before,-1.2133,9.6789,133965136.0
9.6099,20190111,0.0,600004.SSE,94068.71,0.4546,9.5792,9.4909,0.0123,9.5792,before,0.0,9.5408,91595327.0
9.5792,20190114,-0.2,600004.SSE,132527.47,0.6404,9.5792,9.3643,0.0225,9.3835,before,-2.0471,9.5792,127545485.0
9.5216,20190115,0.12,600004.SSE,136733.35,0.6608,9.3835,9.3451,0.0188,9.5024,before,1.2539,9.4027,131643811.0
9.5216,20190116,-0.04,600004.SSE,104301.73,0.504,9.5024,9.3758,0.0155,9.4641,before,-0.4128,9.4909,100508651.0
9.6674,20190117,0.14,600004.SSE,241672.8,1.1679,9.4641,9.4142,0.0269,9.5983,before,1.4508,9.4449,235705065.0
10.3848,20190118,0.57,600004.SSE,566145.84,2.7359,9.5983,9.5792,0.0838,10.1584,before,5.8223,9.6482,577053472.0
11.06,20190121,0.59,600004.SSE,579991.1,2.8028,10.1584,10.1584,0.0888,10.7377,before,5.695,10.1584,635645467.0
10.7684,20190122,-0.17,600004.SSE,285703.04,1.3807,10.7377,10.5037,0.0247,10.5728,before,-1.5525,10.7377,309224783.0
10.6687,20190123,-0.12,600004.SSE,208472.02,1.0074,10.5728,10.3733,0.0278,10.4538,before,-1.1132,10.5919,222776086.0
10.7876,20190124,0.17,600004.SSE,292338.76,1.4127,10.4538,10.4423,0.0328,10.6188,before,1.5947,10.4423,316310173.0
10.8259,20190125,0.0,600004.SSE,297955.21,1.4399,10.6188,10.5229,0.0286,10.6188,before,0.0,10.5421,324154287.0
11.0139,20190128,0.32,600004.SSE,341555.0,1.6506,10.6188,10.661,0.0332,10.9334,before,2.9548,10.661,380055514.0
11.0331,20190129,-0.13,600004.SSE,258133.55,1.2474,10.9334,10.638,0.0359,10.8068,before,-1.1659,10.7953,284682041.0
11.3745,20190130,0.29,600004.SSE,268971.17,1.2998,10.8068,10.5919,0.0726,11.0907,before,2.6316,10.6303,305407340.0
11.6201,20190131,0.5,600004.SSE,228435.96,1.1039,11.0907,11.129000000000001,0.0442,11.5817,before,4.4209,11.129000000000001,267149237.0
11.7083,20190201,-0.21,600004.SSE,303156.59,1.465,11.5817,11.0907,0.0533,11.3745,before,-1.7782,11.6392,351093465.0
11.9845,20190211,0.56,600004.SSE,203736.79,0.9846,11.3745,11.2364,0.0655,11.9231,before,4.8276,11.2671,241104428.0
12.0229,20190212,0.02,600004.SSE,185771.05,0.8977,11.9231,11.7773,0.0206,11.9423,before,0.1645,11.8272,225529145.0
12.4142,20190213,0.32,600004.SSE,224993.36,1.0873,11.9423,11.8464,0.0476,12.2569,before,2.6273,11.9423,279252236.0
12.3067,20190214,0.01,600004.SSE,106421.98,0.5143,12.2569,12.0305,0.0224,12.2684,before,0.08,12.2569,132674588.0
12.2952,20190215,-0.34,600004.SSE,127795.36,0.6176,12.2684,11.8963,0.0328,11.9346,before,-2.7178,12.2684,156670192.0
12.6482,20190218,0.56,600004.SSE,153578.8,0.7422,11.9346,11.9845,0.0559,12.4832,before,4.6015,11.9922,194203059.0
13.1891,20190219,-0.07,600004.SSE,351857.8,1.7004,12.4832,12.2492,0.0754,12.4142,before,-0.5499,12.9436,452111780.0
12.4449,20190220,-0.21,600004.SSE,192674.13,0.9311,12.4142,12.0919,0.0284,12.207,before,-1.6588,12.395,239984574.0
12.2262,20190221,-0.32,600004.SSE,264476.09,1.2781,12.207,11.7965,0.0353,11.8963,before,-2.5703,12.1188,324345398.0
12.1111,20190222,0.2,600004.SSE,200772.68,0.9702,11.8963,11.808,0.0256,12.0919,before,1.6488,11.9845,245450927.0
12.7364,20190225,0.62,600004.SSE,323340.19,1.5625,12.0919,12.042,0.0576,12.698,before,5.0284,12.1802,409755490.0
12.6098,20190226,-0.33,600004.SSE,210459.17,1.0170000000000001,12.698,12.3374,0.0216,12.3758,before,-2.5483,12.6021,267362544.0
12.4257,20190227,-0.22,600004.SSE,164738.91,0.7961,12.3758,11.9423,0.0388,12.161,before,-1.7433,12.3566,205231500.0
12.1993,20190228,-0.08,600004.SSE,91718.92,0.4432,12.161,12.0305,0.0137,12.0804,before,-0.6452,12.1686,113336919.0
12.9129,20190301,0.83,600004.SSE,297214.36,1.4363,12.0804,12.1188,0.0657,12.8937,before,6.737,12.1993,380547995.0
13.7875,20190304,0.45,600004.SSE,349873.2,1.6908,12.8937,12.7594,0.0798,13.3349,before,3.4221,12.8937,475699785.0
13.3157,20190305,-0.16,600004.SSE,201870.22,0.9755,13.3349,13.0011,0.0235,13.1776,before,-1.1765,13.2275,270809752.0
13.3272,20190306,0.05,600004.SSE,212169.72,1.0253,13.1776,12.8937,0.0327,13.2275,before,0.3720000000000001,13.1584,283441565.0
13.2658,20190307,-0.31,600004.SSE,187609.29,0.9066,13.2275,12.8246,0.0334,12.9244,before,-2.298,13.2275,249424773.0
12.8937,20190308,-0.17,600004.SSE,217878.07,1.0529,12.9244,12.4449,0.0349,12.7594,before,-1.2898,12.7479,282180582.0
13.2888,20190311,0.3,600004.SSE,201527.79,0.9739,12.7594,12.7671,0.0407,13.050999999999998,before,2.3059,12.7978,268719342.0
13.2965,20190312,-0.01,600004.SSE,211983.2,1.0244,13.050999999999998,12.9436,0.027000000000000003,13.0433,before,-0.0751,13.2658,283446977.0
13.4346,20190313,0.0,600004.SSE,202568.09,0.9789,13.0433,12.9743,0.0353,13.0433,before,0.0,13.0011,273687713.0
13.3157,20190314,-0.13,600004.SSE,128324.69,0.6201,13.0433,12.7479,0.0436,12.9129,before,-0.9774,13.1392,170873614.0
13.2006,20190315,0.13,600004.SSE,111606.52,0.5393,12.9129,12.8362,0.0281,13.0433,before,0.9871,13.0702,148623173.0
13.9832,20190318,0.85,600004.SSE,245004.63,1.1840000000000002,13.0433,13.0433,0.0722,13.8758,before,6.391,13.0625,340237585.0
14.0906,20190319,-0.16,600004.SSE,167163.47,0.8078,13.8758,13.6686,0.0304,13.7185,before,-1.1307,13.8835,234994739.0
13.8451,20190320,0.08,600004.SSE,135418.53,0.6544,13.7185,13.5305,0.0229,13.7952,before,0.5718,13.7185,189087643.0
14.3668,20190321,0.36,600004.SSE,252521.15,1.2203,13.7952,13.7185,0.0469,14.1482,before,2.5586,13.8374,362639187.0
14.7083,20190322,0.46,600004.SSE,220079.97,1.0635,14.1482,14.0331,0.0478,14.6008,before,3.1878,14.1213,324663261.0
14.7581,20190325,-0.41,600004.SSE,155082.74,0.7494,14.6008,14.0714,0.047,14.198,before,-2.7535,14.4052,227072450.0
14.5126,20190326,0.0,600004.SSE,142592.21,0.6891,14.198,14.0331,0.0338,14.198,before,0.0,14.129000000000001,207243437.0
14.6891,20190327,0.12,600004.SSE,146866.92,0.7097,14.198,14.198,0.0345,14.317,before,0.8287,14.2287,215971514.0
14.5433,20190328,-0.19,600004.SSE,113984.91,0.5508,14.317,14.1213,0.0295,14.129000000000001,before,-1.3014,14.317,166128631.0
14.5126,20190329,0.37,600004.SSE,178022.32,0.8603,14.129000000000001,14.0024,0.0361,14.4934,before,2.5677,14.1712,260053761.0
15.0727,20190401,0.23,600004.SSE,219872.66,1.0625,14.4934,14.5126,0.0386,14.7198,before,1.5562,14.5318,331071868.0
14.8655,20190402,-0.31,600004.SSE,197737.72,0.9556,14.7198,14.3937,0.032,14.4167,before,-2.0653,14.8655,293161644.0
14.7083,20190403,0.25,600004.SSE,110742.13,0.5352,14.4167,14.3361,0.0259,14.6584,before,1.7007,14.4167,164100041.0
16.1315,20190404,0.05,600004.SSE,415198.62,2.0064,14.6584,14.6123,0.1037,14.7083,before,0.3344,15.3182,641817482.0
14.5625,20190408,-0.54,600004.SSE,320763.19,1.5501,14.7083,14.0139,0.0373,14.1788,before,-3.6,14.5318,466852220.0
14.4742,20190409,0.01,600004.SSE,140283.91,0.6779,14.1788,14.0829,0.0277,14.1904,before,0.0692,14.129000000000001,203919277.0
14.1788,20190410,-0.17,600004.SSE,193322.94,0.9342,14.1904,13.6801,0.0352,14.0216,before,-1.1748,14.1213,274936837.0
14.2786,20190411,-0.05,600004.SSE,134838.58,0.6516,14.0216,13.8182,0.0329,13.9717,before,-0.3497,13.9717,192889867.0
14.0714,20190412,-0.18,600004.SSE,90193.41,0.4359,13.9717,13.6878,0.0274,13.7952,before,-1.2632,13.9448,127165570.0
14.0216,20190415,-0.02,600004.SSE,142635.59,0.6893,13.7952,13.7569,0.0192,13.776,before,-0.1421,13.9717,201716902.0
14.0331,20190416,0.25,600004.SSE,122658.63,0.5927,13.776,13.661,0.027000000000000003,14.0216,before,1.7794,13.6993,174291755.0
14.0829,20190417,-0.11,600004.SSE,138562.85,0.6696,14.0216,13.8566,0.0161,13.9141,before,-0.7692,14.0024,196977800.0
14.0714,20190418,-0.01,600004.SSE,89860.6,0.4343,13.9141,13.776,0.0211,13.9065,before,-0.0705,13.9947,127512845.0
14.198,20190419,0.26,600004.SSE,114066.84,0.5512,13.9065,13.8566,0.0247,14.1597,before,1.8336,13.9065,163265029.0
14.317,20190422,-0.31,600004.SSE,114577.5,0.5537,14.1597,13.7952,0.0367,13.8566,before,-2.1468,14.2095,163860756.0
14.1482,20190423,0.03,600004.SSE,124044.59,0.5994,13.8566,13.6801,0.034,13.8835,before,0.2123,13.8566,176166809.0
14.1788,20190424,0.17,600004.SSE,89208.79,0.4311,13.8835,13.8643,0.0226,14.0522,before,1.2006,13.8835,127376719.0
14.6507,20190425,0.12,600004.SSE,214799.3,1.038,14.0522,14.0331,0.044000000000000004,14.1712,before,0.8374,14.1213,314386101.0
14.5126,20190426,0.06,600004.SSE,154257.54,0.7455,14.1712,13.9832,0.0374,14.2287,before,0.4152,14.0331,225882330.0
14.7965,20190429,0.53,600004.SSE,248771.59,1.2022,14.2287,14.198,0.042,14.7466,before,3.6527,14.2172,370170190.0
15.0804,20190430,0.2,600004.SSE,286908.35,1.3865,14.7466,14.0216,0.0718,14.9461,before,1.3298,14.3553,428177808.0
15.0535,20190506,-0.15,600004.SSE,268288.18,1.2965,14.9461,14.0216,0.0689,14.7965,before,-0.9843,14.4627,398880760.0
15.7671,20190507,0.88,600004.SSE,316523.0,1.5296,14.7965,14.4627,0.0881,15.6596,before,5.8317,14.7581,492330263.0
16.2965,20190508,-0.07,600004.SSE,315185.14,1.5231,15.6596,15.23,0.0683,15.5906,before,-0.4383,15.5906,510146617.0
15.533,20190509,-1.12,600004.SSE,279822.65,1.3522,15.5906,14.386,0.0736,14.4934,before,-7.044,15.1494,422444664.0
15.9435,20190510,1.48,600004.SSE,253522.25,1.2251,14.4934,14.6699,0.08800000000000001,15.9435,before,10.0135,14.808,395187109.0
16.4461,20190513,0.26,600004.SSE,181710.1,0.8781,15.9435,15.6712,0.0486,16.2006,before,1.599,15.8668,297547834.0
16.1622,20190514,-0.64,600004.SSE,193332.46,0.9343,16.2006,15.5139,0.04,15.5714,before,-3.8741,15.9819,311222836.0
16.0433,20190515,0.2,600004.SSE,188704.91,0.9119,15.5714,15.4755,0.0365,15.7671,before,1.2594,15.5906,302483853.0
16.3578,20190516,0.5,600004.SSE,162770.11,0.7866,15.7671,15.5906,0.0485,16.2581,before,3.1095,15.6405,265329180.0
16.4653,20190517,-0.39,600004.SSE,157424.97,0.7608,16.2581,15.7862,0.0416,15.8745,before,-2.3522,16.12,258772014.0
15.955,20190520,-0.32,600004.SSE,140140.11,0.6772,15.8745,15.0727,0.0556,15.5637,before,-1.9765,15.7594,220716330.0
16.2197,20190521,0.48,600004.SSE,162524.84,0.7854,15.5637,15.4755,0.0479,16.0318,before,3.0246,15.6213,264951134.0
16.5228,20190522,0.34,600004.SSE,152925.55,0.7390000000000001,16.0318,15.8169,0.044000000000000004,16.3655,before,2.0795,16.0126,254084790.0
16.5151,20190523,0.01,600004.SSE,118283.4,0.5716,16.3655,15.9435,0.0348,16.377,before,0.0599,16.2082,195761453.0
16.4538,20190524,-0.4,600004.SSE,117138.67,0.5661,16.377,15.698,0.0461,15.9819,before,-2.3952,16.3156,191566231.0
15.9742,20190527,-0.12,600004.SSE,141799.34,0.6852,15.9819,15.4755,0.0313,15.8668,before,-0.7362,15.8937,226907618.0
15.9243,20190528,-0.26,600004.SSE,162326.1,0.7844,15.8668,15.5407,0.0241,15.6098,before,-1.6069,15.8668,259807384.0
15.5522,20190529,-0.12,600004.SSE,145849.11,0.7048,15.6098,15.1993,0.0226,15.4947,before,-0.7538,15.3949,229084837.0
15.4448,20190530,-0.25,600004.SSE,170735.5,0.8251,15.4947,14.972999999999999,0.0304,15.2492,before,-1.5823,15.3374,264203679.0
15.5139,20190531,0.12,600004.SSE,114959.4,0.5555,15.2492,15.1609,0.0232,15.3643,before,0.7717,15.23,179842736.0
15.8169,20190603,0.08,600004.SSE,118046.81,0.5705,15.3643,15.2108,0.0396,15.4448,before,0.5105,15.3949,186764537.0
15.5714,20190604,-0.16,600004.SSE,80196.27,0.3875,15.4448,15.0343,0.0349,15.2875,before,-1.0159,15.2492,124812043.0
15.5215,20190605,-0.26,600004.SSE,61941.9,0.2993,15.2875,15.0228,0.0327,15.0343,before,-1.6677,15.4448,96036275.0
15.1686,20190606,-0.37,600004.SSE,119483.12,0.5774,15.0343,14.5932,0.0385,14.6699,before,-2.4136,15.1686,180314782.0
15.3949,20190610,0.68,600004.SSE,119548.18,0.5777,14.6699,14.6814,0.0488,15.3374,before,4.5455,14.7083,184429446.0
15.9167,20190611,0.5,600004.SSE,136594.89,0.6601,15.3374,15.2108,0.046,15.8284,before,3.1969,15.2108,217832080.0
15.9627,20190612,-0.05,600004.SSE,77426.49,0.3742,15.8284,15.6405,0.0204,15.7786,before,-0.3098,15.8054,124718488.0
15.8169,20190613,-0.15,600004.SSE,78408.98,0.3789,15.7786,15.4755,0.0218,15.629000000000001,before,-0.9323,15.698,124892409.0
15.8284,20190614,-0.14,600004.SSE,87779.47,0.4242,15.629000000000001,15.464,0.0232,15.4947,before,-0.8783,15.629000000000001,139596756.0
15.6596,20190617,-0.12,600004.SSE,79518.44,0.3843,15.4947,15.2875,0.0241,15.3758,before,-0.7595,15.4947,125454179.0
16.0049,20190618,0.5,600004.SSE,122341.11,0.5912,15.3758,15.3643,0.0415,15.8668,before,3.1888,15.4755,196411325.0
16.4269,20190619,0.11,600004.SSE,118590.98,0.5731,15.8668,15.9167,0.0321,15.9742,before,0.6799,16.1622,195000124.0
17.3092,20190620,0.87,600004.SSE,230320.6,1.113,15.9742,16.0126,0.081,16.8259,before,5.3407,16.0509,392272412.0
17.1021,20190621,-0.14,600004.SSE,126537.11,0.6115,16.8259,16.5727,0.0315,16.6916,before,-0.8159,16.8067,215911100.0
17.4243,20190624,0.63,600004.SSE,145958.7,0.7053,16.6916,16.5228,0.0541,17.3092,before,3.7015,16.73,254325574.0
17.6008,20190625,0.17,600004.SSE,113977.26,0.5508,17.3092,17.0906,0.0295,17.4742,before,0.9632,17.2862,201495123.0
17.4857,20190626,-0.1,600004.SSE,82784.4,0.4001,17.4742,17.152,0.0191,17.3745,before,-0.5612,17.267,146158782.0
17.808,20190627,0.11,600004.SSE,110800.26,0.5354,17.3745,17.2786,0.0305,17.4857,before,0.6208,17.2786,198473051.0
17.8962,20190628,0.37,600004.SSE,109757.07,0.5304,17.4857,17.1711,0.0415,17.8463,before,2.0752,17.3553,196024151.0
18.7785,20190701,0.48,600004.SSE,149061.51,0.7203,17.8463,17.9346,0.0473,18.3182,before,2.6374,17.9346,278458005.0
18.4448,20190702,0.0,600004.SSE,84652.21,0.4091,18.3182,18.0727,0.0203,18.3182,before,0.0,18.1609,157610333.0
18.2108,20190703,-1.1,600004.SSE,341928.68,1.6524,18.3182,16.9141,0.0707,17.2402,before,-5.8887,18.2108,608724161.0
17.1596,20190704,-1.17,600004.SSE,471159.44,2.2769,17.2402,15.9819,0.0683,16.0931,before,-6.6553,17.1596,787912427.0
16.6225,20190705,0.37,600004.SSE,341503.88,1.6503,16.0931,16.0509,0.0353,16.4538,before,2.2547,16.1814,572409717.0
16.7376,20190708,-0.13,600004.SSE,236918.78,1.1449,16.4538,16.0625,0.0411,16.3272,before,-0.7747,16.6609,396102971.0
16.8949,20190709,0.36,600004.SSE,200338.52,0.9681,16.3272,16.1699,0.0444,16.6801,before,2.1622,16.2581,340194179.0
17.1404,20190710,0.33,600004.SSE,127958.26,0.6184,16.6801,16.6225,0.0312,17.0023,before,1.94,16.6609,221139288.0
17.2977,20190711,-0.14,600004.SSE,114062.81,0.5512,17.0023,16.7798,0.0306,16.8681,before,-0.8074,17.0829,197819793.0
17.3092,20190712,0.4,600004.SSE,87452.8,0.4226,16.8681,16.8182,0.0291,17.2594,before,2.3256,16.9141,152804017.0
17.221,20190715,-0.26,600004.SSE,110966.47,0.5362,17.2594,16.5919,0.0364,17.0023,before,-1.4773,17.1596,191249260.0
16.964000000000002,20190716,-0.28,600004.SSE,86229.39,0.4167,17.0023,16.6302,0.0196,16.73,before,-1.6148,16.964000000000002,147190799.0
16.8757,20190717,0.0,600004.SSE,54743.0,0.2645,16.73,16.5228,0.0211,16.73,before,0.0,16.6225,93403077.0
16.73,20190718,-0.23,600004.SSE,59661.59,0.2883,16.73,16.4269,0.0182,16.5036,before,-1.3482,16.6034,101114556.0
16.964000000000002,20190719,0.06,600004.SSE,78101.05,0.3774,16.5036,16.5343,0.0261,16.5612,before,0.3565,16.5727,133148449.0
16.7108,20190722,-0.04,600004.SSE,130784.75,0.632,16.5612,16.2197,0.0296,16.5228,before,-0.2368,16.6034,219385863.0
16.4729,20190723,-0.15,600004.SSE,72796.05,0.3518,16.5228,16.2773,0.0119,16.377,before,-0.8902,16.4729,121461866.0
16.9563,20190724,0.47,600004.SSE,137920.89,0.6665,16.377,16.3655,0.0359,16.8374,before,2.8144,16.3655,236720319.0
16.9064,20190725,0.02,600004.SSE,64207.84,0.3103,16.8374,16.6916,0.0128,16.8566,before,0.1165,16.8374,110081778.0
17.4167,20190726,0.57,600004.SSE,112788.62,0.5451,16.8566,16.799,0.0366,17.4167,before,3.3159,16.8374,198087605.0
17.689,20190729,0.1,600004.SSE,121377.75,0.5866,17.4167,17.2402,0.0259,17.5126,before,0.5631,17.3476,216915662.0
17.6507,20190730,-0.05,600004.SSE,71648.63,0.3462,17.5126,17.3092,0.0196,17.4627,before,-0.28,17.6507,127433470.0
17.4435,20190731,-0.18,600004.SSE,65227.29,0.3152,17.4627,17.1213,0.0185,17.2862,before,-1.0107,17.3092,114871706.0
17.4742,20190801,0.16,600004.SSE,95807.98,0.46299999999999997,17.2862,17.1098,0.021,17.4435,before,0.9075,17.3745,169331634.0
17.4627,20190802,-0.28,600004.SSE,91015.29,0.4398,17.4435,17.0445,0.0242,17.1711,before,-1.5739,17.0637,159813155.0
17.6507,20190805,-0.41,600004.SSE,128717.85,0.622,17.1711,16.6686,0.0571,16.7683,before,-2.3415,17.2095,224983741.0
16.7185,20190806,-0.17,600004.SSE,114338.68,0.5525,16.7683,16.3962,0.0193,16.6034,before,-0.9942,16.5228,193369607.0
17.2287,20190807,0.21,600004.SSE,105411.78,0.5094,16.6034,16.6225,0.0366,16.8067,before,1.2404,16.7376,182194055.0
17.4857,20190808,0.41,600004.SSE,118950.86,0.5748,16.8067,16.9064,0.0344,17.2095,before,2.3921,16.9064,209411287.0
17.5356,20190809,-0.14,600004.SSE,104796.27,0.5064,17.2095,16.941,0.0345,17.0714,before,-0.8055,17.3169,182159190.0
18.2798,20190812,1.05,600004.SSE,202381.21,0.978,17.0714,16.9333,0.0789,18.111,before,6.0905,16.9333,363881206.0
19.2005,20190813,0.82,600004.SSE,333425.71,1.6113,18.111,17.9537,0.0689,18.9243,before,4.4833,18.1494,629290368.0
18.9934,20190814,-1.05,600004.SSE,315704.68,1.5256,18.9243,17.7427,0.0659,17.8847,before,-5.4945,18.9934,578035402.0
18.1916,20190815,0.02,600004.SSE,155698.05,0.7524,17.8847,17.3284,0.0482,17.9039,before,0.1107,17.477999999999998,280210110.0
18.1916,20190816,0.1,600004.SSE,133429.96,0.6448,17.9039,17.6353,0.031,17.9998,before,0.5531,17.9039,241747382.0
18.719,20190819,0.26,600004.SSE,134072.22,0.6479,17.9171,17.9476,0.0429,18.1768,before,1.4301,18.1348,247805350.0
18.2875,20190820,-0.12,600004.SSE,84405.43,0.4079,18.2606,17.9537,0.0184,18.1417,before,-0.6508,18.2184,154445058.0
18.1302,20190821,-0.2,600004.SSE,75390.61,0.3643,18.1417,17.8425,0.0158,17.9422,before,-1.0917,18.0995,136786568.0
18.3105,20190822,0.28,600004.SSE,70767.05,0.342,17.9422,17.8233,0.027000000000000003,18.2184,before,1.5453,17.9039,129616022.0
18.5253,20190823,0.21,600004.SSE,79856.31,0.3859,18.2184,18.0496,0.0261,18.4256,before,1.1413,18.2184,147607150.0
18.6274,20190826,0.2,600004.SSE,102583.23,0.4957,18.340999999999998,17.898,0.0398,18.5395,before,1.0747,17.9973,190666065.0
18.9013,20190827,0.08,600004.SSE,102654.43,0.4961,18.6251,18.299,0.0324,18.7056,before,0.4253,18.6634,193033098.0
18.8514,20190828,0.06,600004.SSE,75025.75,0.3626,18.7056,18.5368,0.0169,18.7632,before,0.3176,18.6634,142013076.0
19.2504,20190829,0.08,600004.SSE,106891.05,0.5166,18.7632,18.7632,0.0259,18.8437,before,0.4222,18.7632,205146178.0
19.2005,20190830,-0.33,600004.SSE,79796.11,0.3856,18.8437,18.0803,0.0594,18.5177,before,-1.7341,18.8437,150913508.0
18.9934,20190902,0.41,600004.SSE,98249.48,0.4748,18.5177,18.4179,0.031,18.9243,before,2.1925,18.4371,186485769.0
19.3194,20190903,0.39,600004.SSE,100633.01,0.4863,18.9243,18.8821,0.023,19.3079,before,2.0408,18.9013,194542599.0
20.0905,20190904,0.56,600004.SSE,161451.0,0.7802,19.3079,19.0317,0.0549,19.8642,before,2.8718,19.1583,320715253.0
20.5969,20190905,0.25,600004.SSE,110872.76,0.5358,19.8642,19.9026,0.0349,20.1097,before,1.2463,19.9026,227154021.0
20.4972,20190906,0.33,600004.SSE,77585.03,0.3749,20.1097,19.822,0.0335,20.4358,before,1.6248,20.4358,158591325.0
20.7926,20190909,0.01,600004.SSE,92344.28,0.4463,20.4358,20.1788,0.03,20.4473,before,0.0484,20.5969,190608397.0
20.5662,20190910,-0.46,600004.SSE,123259.86,0.5957,20.4473,19.8335,0.0358,19.9908,before,-2.2276,20.5662,249411406.0
20.1596,20190911,-0.34,600004.SSE,109355.81,0.5285,19.9908,19.4882,0.0337,19.657,before,-1.6840000000000002,20.1596,217737489.0
20.1519,20190912,0.24,600004.SSE,68969.88,0.3333,19.657,19.5458,0.0307,19.891,before,1.2091,19.845,138495023.0
20.0905,20190916,-0.02,600004.SSE,64140.95,0.31,19.891,19.6148,0.0239,19.8719,before,-0.0996,20.0905,128831860.0
19.9524,20190917,-0.37,600004.SSE,71319.9,0.3447,19.8719,19.3194,0.0319,19.5074,before,-1.8435,19.8642,141111131.0
20.9729,20190918,1.24,600004.SSE,155760.78,0.7527,19.5074,19.5074,0.0751,20.735,before,6.2944,19.5074,321434926.0
20.9729,20190919,0.04,600004.SSE,78829.55,0.3809,20.735,20.4665,0.0244,20.7734,before,0.191,20.8424,164506389.0
21.3181,20190920,0.28,600004.SSE,107174.25,0.5179,20.7734,20.6046,0.0343,21.0496,before,1.3346,20.7734,226538188.0
21.2414,20190923,-0.04,600004.SSE,78175.95,0.3778,21.0496,20.6967,0.0259,21.0112,before,-0.1881,20.923000000000002,165867940.0
22.6762,20190924,1.43,600004.SSE,130036.63,0.6284,21.0112,21.0611,0.0768,22.4268,before,6.7389,21.0611,289098790.0
22.5879,20190925,-0.31,600004.SSE,99085.53,0.4788,22.4268,21.8744,0.0318,22.1199,before,-1.3687,22.469,222051365.0
23.1212,20190926,-0.04,600004.SSE,153532.17,0.7419,22.1199,21.8744,0.0564,22.0816,before,-0.1791,22.1314,348143651.0
22.3885,20190927,0.1,600004.SSE,93791.75,0.4532,22.0816,21.1609,0.0556,22.1813,before,0.4484,22.2388,208411145.0
22.9025,20190930,0.05,600004.SSE,78720.95,0.3804,22.1813,21.9818,0.0415,22.2312,before,0.2232,22.25800000000001,178051654.0
23.0598,20191008,0.51,600004.SSE,162245.95,0.7841,22.2312,22.0125,0.0472,22.7337,before,2.2717,22.2312,372208603.0
23.0598,20191009,0.07,600004.SSE,120106.63,0.5804,22.7337,22.1813,0.0388,22.8028,before,0.3049,22.7452,273668041.0
23.4588,20191010,0.43,600004.SSE,106404.85,0.5142,22.8028,22.6071,0.0373,23.2286,before,1.8671,22.7759,247979268.0
23.4396,20191011,0.04,600004.SSE,118391.41,0.5721,23.2286,22.6647,0.0332,23.2708,before,0.1705,23.0138,275841475.0
23.2594,20191014,-0.92,600004.SSE,226627.8,1.0952,23.1639,22.1291,0.0489,22.2551,before,-3.9149,23.1716,515179789.0
22.7951,20191015,0.32,600004.SSE,145663.96,0.7039,22.3578,21.744,0.0469,22.6762,before,1.4172,22.1813,330789488.0
22.7529,20191016,-0.4,600004.SSE,106358.38,0.514,22.6762,22.000999999999998,0.0332,22.281,before,-1.7467,22.5266,239417196.0
22.4383,20191017,-0.06,600004.SSE,71554.67,0.3458,22.281,22.0701,0.0164,22.2197,before,-0.2667,22.377,160750692.0
22.4882,20191018,-0.5,600004.SSE,111595.28,0.5393,22.2197,21.6864,0.0361,21.7248,before,-2.2282,22.2312,247378640.0
22.000999999999998,20191021,-0.24,600004.SSE,102177.95,0.4938,21.7248,21.299,0.0324,21.4869,before,-1.0939,21.7823,221946381.0
21.6174,20191022,-0.13,600004.SSE,134050.82,0.6478,21.4869,21.0304,0.0272,21.3603,before,-0.5991,21.5483,287964697.0
21.8322,20191023,-0.34,600004.SSE,119801.75,0.5789,21.3603,20.7926,0.0487,21.0227,before,-1.5763,21.4371,257737247.0
21.1685,20191024,-0.26,600004.SSE,170354.09,0.8232,21.0227,20.5471,0.0297,20.7657,before,-1.2247,21.111,357130175.0
21.0227,20191025,0.09,600004.SSE,131557.78,0.6358,20.7657,20.4972,0.0253,20.854,before,0.4292,20.8616,276754401.0
21.3181,20191028,-0.06,600004.SSE,109541.65,0.5294,20.854,20.7158,0.028999999999999998,20.7926,before,-0.2849,21.1685,231388591.0
19.9026,20191029,-2.1,600004.SSE,279329.03,1.3499,20.7926,18.7133,0.0571,18.7133,before,-10.0,19.9026,532368240.0
18.6059,20191030,-0.4,600004.SSE,438065.42,2.117,18.7133,18.0228,0.0312,18.3182,before,-2.1164,18.0228,808141253.0
18.3987,20191031,-0.2,600004.SSE,611232.43,2.9538,18.3182,17.2479,0.0627,18.1187,before,-1.0811,18.3297,1093193807.0
17.9806,20191101,-0.19,600004.SSE,408008.11,1.9717,18.1187,17.5356,0.0246,17.9307,before,-1.0383,17.8425,731322256.0
18.6634,20191104,0.47,600004.SSE,394448.59,1.9062,17.9307,17.7849,0.0491,18.3987,before,2.5953,17.8348,732041333.0
18.5944,20191105,-0.1,600004.SSE,346979.92,1.6768,18.3987,17.9806,0.0334,18.299,before,-0.5382,18.555999999999997,640543661.0
18.3297,20191106,-0.37,600004.SSE,241750.71,1.1683,18.299,17.7044,0.0341,17.9307,before,-2.0022,18.3297,437419344.0
17.9921,20191107,0.02,600004.SSE,170675.3,0.8248,17.9307,17.7159,0.0155,17.9537,before,0.1104,17.9537,307676449.0
18.2184,20191108,-0.02,600004.SSE,160835.62,0.7772,17.9537,17.8041,0.0232,17.9307,before,-0.1103,17.9729,292120394.0
17.7414,20191111,-0.81,600004.SSE,256660.02,1.2403,17.8484,17.0312,0.0398,17.0503,before,-4.4727,17.6116,451216712.0
17.287,20191112,0.05,600004.SSE,151145.12,0.7304,17.0503,16.9433,0.0202,17.0999,before,0.289,17.119,262281470.0
17.3978,20191113,-0.07,600004.SSE,152769.01,0.7383,17.0999,16.8746,0.0305,17.0312,before,-0.4035,17.1419,264391130.0
17.2183,20191114,0.03,600004.SSE,206507.01,0.9979,17.0312,16.9128,0.0179,17.0617,before,0.1736,17.1114,358295795.0
17.2374,20191115,0.01,600004.SSE,116551.11,0.5632,17.0617,17.0006,0.0139,17.0732,before,0.0578,17.0808,202440679.0
17.5429,20191118,0.35,600004.SSE,206411.27,0.9975,17.0732,16.9052,0.0375,17.4169,before,2.0208,17.0312,362912322.0
17.4741,20191119,-0.04,600004.SSE,160719.72,0.7767,17.4169,17.2106,0.0153,17.3787,before,-0.2264,17.4665,283577926.0
17.7414,20191120,-0.07,600004.SSE,173445.34,0.8382,17.3787,17.2183,0.0301,17.3061,before,-0.3971,17.3787,307209544.0
17.2488,20191121,-0.45,600004.SSE,186184.4,0.8997,17.3061,16.7677,0.0279,16.8631,before,-2.5626,17.2374,319662950.0
16.9815,20191122,-0.4,600004.SSE,199552.13,0.9643,16.8631,16.3133,0.0397,16.4698,before,-2.3378,16.8746,336707862.0
16.5997,20191125,-0.28,600004.SSE,194216.66,0.9386,16.4698,16.1071,0.0299,16.1949,before,-1.6756,16.4202,321070353.0
16.6647,20191126,0.01,600004.SSE,341241.25,1.649,16.2696,16.0394,0.0383,16.2773,before,0.0609,16.3003,563805365.0
16.5768,20191127,0.31,600004.SSE,210792.31,1.0187,16.2025,16.1452,0.0268,16.508,before,1.8856,16.2254,351062282.0
17.3061,20191128,0.51,600004.SSE,328661.06,1.5883,16.508,16.7677,0.0328,17.0121,before,3.0448,16.9242,567149150.0
17.1305,20191129,-0.56,600004.SSE,217817.01,1.0526,17.0121,16.3018,0.0487,16.4584,before,-3.2445,17.0808,366941282.0
16.9128,20191202,0.11,600004.SSE,156403.14,0.7558,16.4584,16.4316,0.0293,16.5691,before,0.6587,16.4889,263939669.0
16.8555,20191203,0.26,600004.SSE,124351.46,0.6009,16.5691,16.3324,0.0315,16.825,before,1.5467,16.5691,208915520.0
16.8937,20191204,0.01,600004.SSE,111932.74,0.5409,16.825,16.676,0.0129,16.8364,before,0.0586,16.7562,190795211.0
17.455,20191205,0.52,600004.SSE,234723.21,1.1343,16.8364,16.8631,0.0351,17.3481,before,3.0445,16.9548,410087706.0
17.6612,20191206,0.21,600004.SSE,141807.77,0.6853,17.3481,17.1992,0.0267,17.5543,before,1.1932,17.4474,251290221.0
17.6727,20191209,-0.23,600004.SSE,105414.58,0.5094,17.5543,17.2106,0.0264,17.329,before,-1.2914,17.5543,186037436.0
17.3481,20191210,-0.2,600004.SSE,112033.87,0.5414,17.329,17.0617,0.0165,17.1305,before,-1.1377,17.2488,194800929.0
17.3978,20191211,0.22,600004.SSE,91736.78,0.4433,17.1305,17.0732,0.019,17.3481,before,1.2658,17.1877,160229175.0
17.3558,20191212,-0.32,600004.SSE,92357.47,0.4463,17.3481,17.0121,0.0199,17.0312,before,-1.8182,17.3367,160331294.0
17.2297,20191213,0.17,600004.SSE,155564.3,0.7518,17.0312,17.0732,0.0093,17.1992,before,0.9838,17.1992,270768581.0
17.9171,20191216,0.59,600004.SSE,286011.75,1.3822,17.1992,17.1801,0.043,17.7796,before,3.3811,17.2488,509157878.0
18.108,20191217,0.24,600004.SSE,194147.53,0.9382,17.7796,17.5849,0.0294,18.0164,before,1.3304,17.8293,353039353.0
18.1271,20191218,-0.21,600004.SSE,110534.82,0.5342,18.0164,17.8025,0.0181,17.8102,before,-1.1488,17.94,201311530.0
18.066,20191219,0.08,600004.SSE,79827.65,0.3858,17.8102,17.7414,0.0183,17.8904,before,0.4427,17.7529,145164838.0
17.9591,20191220,-0.02,600004.SSE,85484.4,0.4131,17.8904,17.6345,0.0182,17.8713,before,-0.1102,17.94,154357490.0
17.7911,20191223,-0.38,600004.SSE,120529.36,0.5825,17.8713,17.4245,0.0204,17.497,before,-2.096,17.7911,215219322.0
17.5161,20191224,0.02,600004.SSE,71632.37,0.3462,17.497,17.2603,0.0146,17.5161,before,0.1127,17.4856,126221457.0
17.5047,20191225,-0.11,600004.SSE,61089.11,0.2952,17.5161,17.329,0.0101,17.4054,before,-0.619,17.4665,107776699.0
17.5543,20191226,0.09,600004.SSE,69656.81,0.3366,17.4054,17.3481,0.0119,17.497,before,0.5096,17.3978,123205240.0
17.5925,20191227,-0.12,600004.SSE,118849.28,0.5743,17.497,17.2488,0.0197,17.3787,before,-0.6761,17.5161,209959920.0
17.5352,20191230,0.16,600004.SSE,135060.35,0.6527,17.3787,16.9319,0.0346,17.5352,before,0.9075,17.160999999999998,236541161.0
17.6612,20191231,-0.34,600004.SSE,161252.31,0.7793,17.5352,17.160999999999998,0.0287,17.1992,before,-1.9112,17.5161,283534549.0
17.3672,20200102,0.07,600004.SSE,177924.04,0.8598,17.1992,17.1495,0.0126,17.2679,before,0.4011,17.3061,311394028.0
17.3672,20200103,-0.14,600004.SSE,163146.49,0.7884,17.2679,17.0617,0.0177,17.1305,before,-0.7991,17.3558,284126626.0
16.993,20200106,-0.3,600004.SSE,214553.27,1.0368,17.1305,16.7066,0.0167,16.8364,before,-1.7261,16.993,366006757.0
17.0426,20200107,0.18,600004.SSE,168007.6,0.8119,16.8364,16.6569,0.0228,17.0121,before,1.0539,16.8135,287242100.0
17.0808,20200108,-0.17,600004.SSE,166815.09,0.8061,17.0121,16.7066,0.022000000000000002,16.8441,before,-0.9849,16.9624,284963344.0
17.0923,20200109,0.09,600004.SSE,132892.55,0.6422,16.8441,16.7562,0.0199,16.9319,before,0.5266,16.9242,228140223.0
17.6536,20200110,0.67,600004.SSE,286203.81,1.3831,16.9319,16.8441,0.0477,17.5925,before,3.8999,17.0006,502746203.0
18.0355,20200113,0.25,600004.SSE,275384.92,1.3308,17.5925,17.4474,0.0336,17.8407,before,1.4006,17.5658,498436468.0
17.9171,20200114,-0.28,600004.SSE,154832.88,0.7482,17.8407,17.4665,0.0254,17.5658,before,-1.547,17.8407,276828326.0
17.6842,20200115,-0.03,600004.SSE,101989.78,0.4929,17.5658,17.3863,0.0168,17.5352,before,-0.1684,17.5429,181021968.0
17.5849,20200116,-0.15,600004.SSE,88896.79,0.4296,17.5352,17.3481,0.0135,17.3863,before,-0.8432,17.5352,157448363.0
17.5429,20200117,0.01,600004.SSE,88479.22,0.4276,17.3863,17.3558,0.0108,17.3978,before,0.0567,17.3863,156431858.0
17.3978,20200120,-0.57,600004.SSE,309443.08,1.4954,17.3978,16.4889,0.0521,16.8364,before,-3.2295,17.3481,525831530.0
16.7257,20200121,-0.3,600004.SSE,220471.46,1.0654,16.8364,16.4125,0.0187,16.5386,before,-1.7564,16.55,370416611.0
16.6569,20200122,-0.09,600004.SSE,128790.71,0.6224,16.5386,16.3515,0.0185,16.4507,before,-0.5364,16.4316,215292873.0
16.2636,20200123,-1.35,600004.SSE,439615.67,2.1244,16.4507,14.8354,0.0869,15.118,before,-8.0887,16.2636,690745231.0
14.3887,20200203,-0.94,600004.SSE,589746.26,2.85,15.118,13.6135,0.0515,14.1939,before,-6.1278,13.6135,827006876.0
15.1409,20200204,0.85,600004.SSE,330357.54,1.5965,14.1939,14.045,0.0771,15.0302,before,5.9028,14.1443,496923644.0
15.435,20200205,0.08,600004.SSE,210917.87,1.0193,15.0302,14.8927,0.0361,15.1104,before,0.5246,15.0302,324625275.0
15.2593,20200206,0.06,600004.SSE,128356.65,0.6203,15.1104,14.9118,0.0228,15.1677,before,0.3914,15.0798,197032161.0
15.3853,20200207,0.19,600004.SSE,103822.32,0.5017,15.1677,14.9806,0.0266,15.3548,before,1.2346,15.1677,159265985.0
15.9199,20200210,0.42,600004.SSE,169544.62,0.8193,15.3548,15.16,0.0494,15.770999999999999,before,2.6958,15.267000000000001,269599996.0
15.9658,20200211,-0.03,600004.SSE,81917.94,0.3959,15.770999999999999,15.603,0.0231,15.7405,before,-0.1875,15.770999999999999,131025838.0
15.8779,20200212,0.02,600004.SSE,90552.54,0.4376,15.7405,15.5839,0.0188,15.7596,before,0.1252,15.6221,144679210.0
15.8283,20200213,-0.29,600004.SSE,99142.91,0.4791,15.7596,15.3777,0.0288,15.4732,before,-1.8136,15.770999999999999,156528970.0
15.5839,20200214,0.11,600004.SSE,59957.97,0.2897,15.4732,15.3777,0.0134,15.5839,before,0.7006,15.4732,94128033.0
15.770999999999999,20200217,0.19,600004.SSE,118435.99,0.5723,15.5839,15.5228,0.0158,15.770999999999999,before,1.2018,15.6145,188832533.0
15.8207,20200218,-0.12,600004.SSE,110354.03,0.5333,15.770999999999999,15.5343,0.0181,15.6526,before,-0.75,15.770999999999999,175062615.0
15.8092,20200219,-0.04,600004.SSE,104304.81,0.5041,15.6526,15.5037,0.0195,15.6145,before,-0.2519,15.6145,165694129.0
17.0006,20200220,1.17,600004.SSE,344592.01,1.6652,15.6145,15.6335,0.0878,16.7677,before,7.3864,15.6526,577358745.0
17.0312,20200221,0.08,600004.SSE,183802.58,0.8882,16.7677,16.508,0.0312,16.8441,before,0.4703,16.8059,313442878.0
16.7448,20200224,-0.77,600004.SSE,265440.66,1.2827,16.8441,16.0154,0.0433,16.0841,before,-4.5056,16.5997,435986222.0
15.9199,20200225,-0.49,600004.SSE,196391.8,0.9491,16.0841,15.4044,0.0319,15.603,before,-3.0025,15.7099,311364489.0
15.8474,20200226,0.03,600004.SSE,222189.18,1.0737,15.603,15.0302,0.0524,15.6335,before,0.1895,15.3777,347681830.0
15.6717,20200227,-0.13,600004.SSE,123013.83,0.5945,15.6335,15.286,0.0246,15.5037,before,-0.8197,15.5724,193215572.0
15.286,20200228,-0.25,600004.SSE,141929.82,0.6859,15.5037,14.8927,0.0254,15.2593,before,-1.5893,15.1295,217005296.0
15.7099,20200302,0.34,600004.SSE,130729.19,0.6317,15.2593,15.1104,0.0394,15.5915,before,2.1964,15.16,205121195.0
16.046,20200303,0.25,600004.SSE,116437.31,0.5627,15.5915,15.6221,0.0272,15.8398,before,1.5803,15.6221,186868075.0
16.1643,20200304,0.23,600004.SSE,123916.56,0.5988,15.8398,15.603,0.0355,16.0651,before,1.4312,15.7099,200544695.0
16.6875,20200305,0.48,600004.SSE,206613.94,0.9985,16.0651,15.9887,0.0436,16.5386,before,2.9448,16.1529,343467715.0
16.508,20200306,-0.49,600004.SSE,140211.15,0.6776,16.5386,15.9276,0.0352,16.0574,before,-2.9201,16.3438,230286746.0
15.7099,20200309,-0.79,600004.SSE,162958.59,0.7875,16.0574,15.2097,0.0313,15.2784,before,-4.8496,15.7099,254915927.0
15.6603,20200310,0.28,600004.SSE,147961.0,0.715,15.2784,15.0722,0.0387,15.5534,before,1.8065,15.0722,231197455.0
15.7901,20200311,-0.17,600004.SSE,103485.1,0.5001,15.5534,15.3357,0.0292,15.3853,before,-1.0773,15.5724,162953229.0
15.2364,20200312,-0.64,600004.SSE,191117.23,0.9236,15.3853,14.7171,0.034,14.7553,before,-4.0999,15.2288,287549235.0
14.5681,20200313,-0.47,600004.SSE,184187.95,0.8901,14.7553,14.045,0.0354,14.2932,before,-3.1396,14.0755,266464995.0
14.3887,20200316,-1.03,600004.SSE,244368.58,1.1809,14.2932,13.14,0.0876,13.2774,before,-7.1034,14.3008,341267366.0
13.9075,20200317,-0.26,600004.SSE,220784.35,1.0669,13.2774,12.5366,0.1032,13.0216,before,-1.9302,13.1667,290112520.0
13.5524,20200318,0.01,600004.SSE,196524.23,0.9497,13.0216,12.9414,0.0469,13.0292,before,0.0757,12.991,263421111.0
13.1896,20200319,-0.32,600004.SSE,137919.06,0.6665,13.0292,12.5175,0.0514,12.7161,before,-2.4206,12.9414,178466707.0
13.1591,20200320,0.4,600004.SSE,96898.08,0.4683,12.7161,12.8039,0.0279,13.1094,before,3.1008,12.823,127814773.0
12.8612,20200323,-0.59,600004.SSE,116210.5,0.5616,13.1094,12.3304,0.0406,12.529000000000002,before,-4.4361,12.8116,148899719.0
13.1896,20200324,0.61,600004.SSE,107438.88,0.5192,12.529000000000002,12.6855,0.0401,13.1285,before,4.7994,12.7428,140834073.0
13.6326,20200325,0.47,600004.SSE,118889.37,0.5745,13.1285,13.3538,0.021,13.5906,before,3.5285,13.5027,163148627.0
13.7013,20200326,-0.24,600004.SSE,105606.87,0.5103,13.5906,13.2965,0.0297,13.3538,before,-1.7404,13.5829,144582965.0
13.4951,20200327,-0.32,600004.SSE,86718.21,0.4191,13.3538,12.9796,0.0384,13.0407,before,-2.3616,13.4646,116375130.0
12.9223,20200330,-0.62,600004.SSE,140315.24,0.6781,13.0407,12.4106,0.0393,12.4297,before,-4.6863,12.8421,178569477.0
12.655,20200331,-0.06,600004.SSE,114761.38,0.5546,12.4297,12.319,0.027000000000000003,12.3686,before,-0.4758,12.5863,144764713.0
12.6244,20200401,-0.1,600004.SSE,83741.13,0.4047,12.3686,12.2731,0.0287,12.2731,before,-0.7968,12.3419,105467835.0
12.487,20200402,0.2,600004.SSE,108310.2,0.5234,12.2731,12.0937,0.0321,12.4679,before,1.6064,12.2808,135201992.0
12.9605,20200403,0.35,600004.SSE,189108.36,0.9139,12.4679,12.3686,0.0474,12.8116,before,2.7668,12.3801,244066183.0
13.0483,20200407,0.05,600004.SSE,104190.84,0.5035,12.8116,12.7848,0.0208,12.8612,before,0.3846,12.991,136224487.0
13.1171,20200408,0.15,600004.SSE,119962.0,0.5797,12.8612,12.5175,0.0467,13.0101,before,1.1494,12.7161,156713747.0
13.6135,20200409,0.41,600004.SSE,123333.94,0.596,13.0101,13.0483,0.0432,13.4149,before,3.1061,13.0483,168033595.0
13.5524,20200410,-0.2,600004.SSE,65367.58,0.3159,13.4149,13.1285,0.0316,13.2163,before,-1.4695,13.4646,88486388.0
13.3771,20200413,0.03,600004.SSE,60815.68,0.2939,13.2773,13.0817,0.0224,13.308,before,0.2237,13.2581,81341521.0
13.4646,20200414,0.16,600004.SSE,64924.24,0.3137,13.2469,13.2087,0.0193,13.4035,before,1.1905,13.2469,87875130.0
13.5715,20200415,-0.23,600004.SSE,71126.8,0.3437,13.4035,13.1667,0.0301,13.1782,before,-1.6912,13.4531,96229851.0
13.3767,20200416,0.17,600004.SSE,73577.7,0.3556,13.1782,13.0483,0.0247,13.3462,before,1.2715,13.1171,98702058.0
14.2932,20200417,0.65,600004.SSE,217546.84,1.0513,13.3462,13.5142,0.0583,13.9877,before,4.8006,13.5142,309440862.0
14.4498,20200420,0.36,600004.SSE,122153.11,0.5903,13.9877,13.8464,0.043,14.3428,before,2.537,14.0641,176586435.0
14.4383,20200421,-0.05,600004.SSE,114313.29,0.5524,14.3428,14.1328,0.0213,14.2932,before,-0.3436,14.3314,165559182.0
14.4994,20200422,0.13,600004.SSE,89050.95,0.4303,14.2932,14.0641,0.0303,14.4192,before,0.8966,14.1557,129617154.0
14.8851,20200423,0.36,600004.SSE,137529.42,0.6646,14.4192,14.3199,0.039,14.7743,before,2.4607,14.3428,205205679.0
14.6865,20200424,-0.63,600004.SSE,138872.16,0.6711,14.7743,13.9381,0.0507,14.1557,before,-4.2028,14.6865,200846525.0
14.1939,20200427,-0.31,600004.SSE,93984.87,0.4542,14.1557,13.8006,0.0279,13.8464,before,-2.1588,14.045,133332526.0
15.2364,20200428,1.41,600004.SSE,527744.26,2.5503,13.8464,14.1137,0.0811,15.2364,before,10.0356,14.7858,802532776.0
15.770999999999999,20200429,0.29,600004.SSE,290676.74,1.4047,15.2364,15.286,0.0317,15.5228,before,1.8758,15.5724,457731134.0
15.8283,20200430,0.05,600004.SSE,182798.08,0.8834,15.5228,15.286,0.0349,15.5724,before,0.3175,15.5228,288294656.0
15.4235,20200506,-0.81,600004.SSE,349686.85,1.6899,15.5724,14.53,0.0576,14.7743,before,-5.1266,15.2479,525140368.0
14.6865,20200507,-0.96,600004.SSE,454884.93,2.1982,14.7743,13.8006,0.06,13.8273,before,-6.4043,14.6178,651049655.0
14.045,20200508,0.15,600004.SSE,324122.64,1.5663,13.8273,13.7395,0.0221,13.9763,before,1.0691,13.9457,456642460.0
14.0641,20200511,-0.2,600004.SSE,279607.75,1.3512,13.9763,13.6402,0.0303,13.7777,before,-1.4104,13.9763,392869912.0
13.9877,20200512,0.1,600004.SSE,196428.12,0.9492,13.7777,13.5715,0.03,13.877,before,0.7153,13.7089,274728270.0
13.8197,20200513,-0.1,600004.SSE,175112.37,0.8462,13.877,13.6211,0.0142,13.7777,before,-0.7102,13.8006,243762307.0
13.7204,20200514,-0.31,600004.SSE,221682.12,1.0713,13.7777,13.434000000000001,0.0207,13.4722,before,-2.2175,13.7089,304928499.0
13.6211,20200515,0.03,600004.SSE,123463.93,0.5966,13.4722,13.4646,0.0117,13.5027,before,0.2195,13.4836,169654992.0
13.9877,20200518,0.47,600004.SSE,262198.36,1.2671,13.5027,13.3271,0.0489,13.9648,before,3.4307,13.5027,366143307.0
15.0493,20200519,1.0,600004.SSE,548950.85,2.6528,13.9648,14.0946,0.0685,14.9538,before,7.0572,14.0946,818762403.0
15.1295,20200520,0.02,600004.SSE,292290.32,1.4125,14.9538,14.6751,0.0303,14.9729,before,0.1318,14.9729,443015741.0
15.2364,20200521,-0.25,600004.SSE,185109.31,0.8945,14.9729,14.6865,0.0369,14.7247,before,-1.6458,15.0226,279764710.0
14.8431,20200522,-0.05,600004.SSE,169295.38,0.8181,14.7247,14.4689,0.0254,14.6751,before,-0.3347,14.7553,252110525.0
14.9996,20200525,0.29,600004.SSE,163957.98,0.7923,14.6751,14.3428,0.045,14.9615,before,1.9476,14.655999999999999,245121665.0
15.3166,20200526,0.26,600004.SSE,184320.35,0.8907,14.9615,14.9233,0.0264,15.2173,before,1.7128,14.9806,283783934.0
15.5343,20200527,-0.43,600004.SSE,123311.35,0.5959,15.2173,14.7362,0.0525,14.7934,before,-2.785,15.3968,187987652.0
15.4235,20200528,0.59,600004.SSE,194995.89,0.9423,14.7934,14.8622,0.038,15.3777,before,3.9307,15.0607,300085708.0
16.3515,20200529,0.75,600004.SSE,273331.12,1.3209,15.3777,15.1982,0.075,16.1147,before,4.8077,15.2288,444265436.0
16.8822,20200601,0.65,600004.SSE,236328.03,1.1421,16.1147,15.8779,0.0624,16.7562,before,3.9755,16.2025,396849331.0
17.1686,20200602,-0.09,600004.SSE,218360.15,1.0552,16.7562,16.5195,0.0388,16.6684,before,-0.5294,16.7562,371726999.0
16.7868,20200603,-0.21,600004.SSE,153625.75,0.7424,16.6684,16.3705,0.0248,16.4584,before,-1.2419,16.6569,257807638.0
16.4125,20200604,-0.36,600004.SSE,251113.97,1.2135,16.4584,15.770999999999999,0.0389,16.1071,before,-2.1557,16.4125,408961368.0
16.6569,20200605,0.36,600004.SSE,167816.7,0.8109999999999999,16.1071,16.046,0.0379,16.4584,before,2.2032,16.0841,279171427.0
16.6569,20200608,-0.39,600004.SSE,175440.48,0.8478,16.4584,15.9658,0.0419,16.0765,before,-2.3353,16.5309,288202645.0
16.4011,20200609,0.13,600004.SSE,120639.01,0.583,16.0765,15.9963,0.0251,16.2025,before,0.7971,16.1338,198603304.0
16.2636,20200610,-0.13,600004.SSE,86058.07,0.4159,16.2025,15.8703,0.0243,16.0765,before,-0.7908,16.1338,140484737.0
16.1643,20200611,-0.29,600004.SSE,105776.86,0.5112,16.0765,15.6908,0.0294,15.7901,before,-1.7781,16.0154,170719011.0
15.7901,20200612,0.0,600004.SSE,118866.21,0.5744,15.7901,15.3281,0.0293,15.7901,before,0.0,15.4732,188137532.0
15.6526,20200615,-0.81,600004.SSE,206815.03,0.9994,15.7901,14.9806,0.0424,14.992,before,-5.0562,15.5724,318364560.0
15.939,20200616,0.42,600004.SSE,129625.72,0.6264,14.992,15.16,0.0519,15.4044,before,2.7613,15.1791,202993810.0
15.6145,20200617,0.02,600004.SSE,126566.84,0.6116,15.4044,15.1677,0.0288,15.4235,before,0.128,15.286,197695462.0
15.7596,20200618,0.06,600004.SSE,110256.03,0.5328,15.4235,15.3281,0.0281,15.4846,before,0.3834,15.3777,174082054.0
15.6832,20200619,0.11,600004.SSE,132836.25,0.6419,15.4846,15.286,0.0255,15.5915,before,0.7002,15.4655,209895602.0
15.6145,20200622,-0.47,600004.SSE,175132.61,0.8463,15.5915,15.0798,0.0341,15.1295,before,-2.9709,15.5724,269670504.0
15.1295,20200623,-0.03,600004.SSE,159888.18,0.7727,15.1295,14.8545,0.0182,15.0989,before,-0.1954,15.1295,243172986.0
15.286,20200624,0.01,600004.SSE,174814.42,0.8448,15.0989,14.8851,0.0268,15.1104,before,0.0653,15.0989,266883682.0
15.0226,20200629,-0.24,600004.SSE,129552.21,0.6261,15.1104,14.8049,0.0144,14.8736,before,-1.5656,14.9729,195533054.0
15.267000000000001,20200630,0.15,600004.SSE,127976.98,0.6184,14.8736,14.8851,0.0258,15.0226,before,0.9940000000000001,14.9996,195791583.0
15.2784,20200701,0.17,600004.SSE,155883.32,0.7533,15.0226,14.9118,0.0243,15.1906,before,1.1155,15.0798,238803064.0
15.6603,20200702,0.46,600004.SSE,386591.1,1.8682,15.1906,14.9996,0.0435,15.6412,before,2.9851,15.1791,601433382.0
15.7099,20200703,-0.25,600004.SSE,342252.4,1.6539,15.6412,15.2288,0.0309,15.3968,before,-1.5753,15.6717,532664412.0
16.1834,20200706,0.74,600004.SSE,508418.25,2.4569,15.3968,15.286,0.0583,16.1261,before,4.7375,15.4044,813257353.0
16.5309,20200707,-0.26,600004.SSE,493175.81,2.3833,16.1261,15.8016,0.0452,15.8703,before,-1.5892,16.2445,804657182.0
15.8588,20200708,-0.07,600004.SSE,367596.57,1.7764,15.8703,15.5228,0.0211,15.8016,before,-0.4348,15.8092,585314440.0
16.046,20200709,0.13,600004.SSE,402216.81,1.9437,15.8016,15.6908,0.0225,15.9276,before,0.8109999999999999,15.8092,648457331.0
16.4393,20200710,0.41,600004.SSE,531460.14,2.5683,15.9276,15.5724,0.0545,16.3324,before,2.5371,15.9085,864140430.0
16.3896,20200713,-0.16,600004.SSE,412868.07,1.9952,16.3324,15.8779,0.0314,16.1758,before,-0.9656,16.2445,674533167.0
16.1261,20200714,-0.41,600004.SSE,278760.71,1.3471,16.1758,15.6603,0.0286,15.770999999999999,before,-2.4985,16.0651,448221180.0
16.2636,20200715,0.05,600004.SSE,414981.19,2.0054,15.770999999999999,15.729000000000001,0.0338,15.8207,before,0.3125,15.939,676426759.0
15.9963,20200716,-1.0,600004.SSE,364402.61,1.761,15.8207,14.6865,0.0829,14.8354,before,-6.2305,15.9887,568359183.0
15.0798,20200717,-0.21,600004.SSE,291980.48,1.411,14.8354,14.3887,0.0465,14.6254,before,-1.3953,14.9615,437163029.0
14.8736,20200720,0.18,600004.SSE,346083.37,1.6724,14.6254,14.3505,0.0357,14.8049,before,1.2129,14.655999999999999,514717166.0
14.9309,20200721,-0.11,600004.SSE,196060.33,0.9475,14.8049,14.6178,0.0213,14.6942,before,-0.7324,14.824000000000002,293288170.0
15.0302,20200722,0.02,600004.SSE,277152.98,1.3393,14.6942,14.6483,0.0262,14.7171,before,0.1341,14.7743,416803420.0
14.655999999999999,20200723,-0.34,600004.SSE,375991.93,1.817,14.7171,13.9953,0.0449,14.380999999999998,before,-2.2773,14.655999999999999,544420576.0
14.5681,20200724,-0.4,600004.SSE,281481.07,1.3603,14.380999999999998,13.8884,0.0473,13.9877,before,-2.7416,14.2512,406929226.0
14.1061,20200727,-0.25,600004.SSE,188435.35,0.9106,13.9877,13.6517,0.0324,13.7395,before,-1.7618,13.9877,264081283.0
13.9266,20200728,-0.12,600004.SSE,215975.2,1.0437,13.7395,13.5409,0.027999999999999997,13.6211,before,-0.8608,13.8579,300170179.0
14.1825,20200729,0.51,600004.SSE,255708.98,1.2357,13.6211,13.4836,0.0514,14.1252,before,3.6903,13.6211,360487503.0
14.2016,20200730,-0.29,600004.SSE,230626.56,1.1145,14.1252,13.751,0.0321,13.8388,before,-2.0237,14.2016,325130573.0
14.1939,20200731,0.16,600004.SSE,204509.76,0.9883,13.8388,13.8006,0.0285,13.9953,before,1.1396,13.8464,290724095.0
14.1443,20200803,0.05,600004.SSE,355727.04,1.7191,13.9953,13.8961,0.0176,14.045,before,0.3521,14.0564,504421769.0
14.2054,20200804,0.03,600004.SSE,275261.61,1.3302,14.045,13.9457,0.0184,14.0755,before,0.2126,14.0946,388893832.0
14.0755,20200805,-0.11,600004.SSE,188723.51,0.912,14.0755,13.7853,0.0205,13.9648,before,-0.7779,14.0259,264294536.0
14.0564,20200806,-0.06,600004.SSE,158977.0,0.7683,13.9648,13.7853,0.0192,13.9075,before,-0.4277,13.9342,221849451.0
14.2054,20200807,0.15,600004.SSE,217783.11,1.0524,13.9075,13.8655,0.0243,14.0564,before,1.0737,13.9342,307352877.0
14.3352,20200810,0.25,600004.SSE,225610.34,1.0903,14.0564,13.9342,0.0283,14.3047,before,1.7705,14.087,321521599.0
14.6331,20200811,-0.02,600004.SSE,254875.89,1.2317,14.3047,14.1863,0.0313,14.2856,before,-0.1392,14.3047,370358110.0
14.8316,20200812,0.44,600004.SSE,447056.14,2.1604,14.2856,14.2932,0.0376,14.7209,before,3.0662,14.3237,657693023.0
14.8316,20200813,-0.36,600004.SSE,335921.14,1.6233,14.7209,14.2626,0.0385,14.3658,before,-2.4341,14.782,489756665.0
14.9996,20200814,0.61,600004.SSE,380479.95,1.8387,14.3658,14.1443,0.0596,14.9729,before,4.2273,14.3428,561482572.0
15.1218,20200817,-0.01,600004.SSE,299189.15,1.4458,14.9729,14.7629,0.0239,14.9615,before,-0.0665,15.0722,448145367.0
15.309000000000001,20200818,0.07,600004.SSE,268903.4,1.2995,14.9615,14.7934,0.0346,15.0302,before,0.4657,14.9729,404894037.0
15.7787,20200819,0.36,600004.SSE,526455.56,2.5441,15.0302,14.8507,0.0616,15.3892,before,2.3841,15.0111,815983950.0
15.4884,20200820,-0.42,600004.SSE,255868.92,1.2365,15.3892,14.8813,0.0395,14.9729,before,-2.7167,15.3013,389682517.0
15.4693,20200821,0.32,600004.SSE,223852.03,1.0818,14.9729,14.9118,0.0372,15.2899,before,2.1277,15.1295,342496305.0
15.729000000000001,20200824,0.29,600004.SSE,223223.31,1.0787,15.2899,15.2288,0.0326,15.5801,before,1.8880000000000001,15.4006,347574303.0
15.5992,20200825,-0.23,600004.SSE,175561.23,0.8484,15.5801,15.0798,0.0332,15.350999999999999,before,-1.4696,15.519,270440735.0
15.5686,20200826,-0.15,600004.SSE,170239.7,0.8227,15.350999999999999,15.0607,0.0331,15.1982,before,-0.9728,15.350999999999999,261893448.0
15.2097,20200827,-0.37,600004.SSE,162014.29,0.7829,15.1982,14.7514,0.0301,14.8316,before,-2.4231,15.1982,242274918.0
15.1295,20200828,0.29,600004.SSE,170994.77,0.8263,14.8316,14.7438,0.0262,15.1218,before,1.9463,14.9004,257283936.0
15.2899,20200831,0.03,600004.SSE,217803.88,1.0525,15.1218,14.9309,0.0237,15.1486,before,0.1975,15.0798,330484653.0
15.16,20200901,-0.24,600004.SSE,193159.6,0.9334,15.1486,14.8011,0.0237,14.9118,before,-1.5769,15.1486,289178113.0
15.0913,20200902,-0.16,600004.SSE,159127.64,0.769,14.9118,14.7133,0.0254,14.7514,before,-1.0681,14.9806,236823577.0
15.0722,20200903,-0.06,600004.SSE,214048.88,1.0344,14.7514,14.4536,0.0418,14.6942,before,-0.4049,14.7934,318636916.0
14.8813,20200904,0.17,600004.SSE,187958.53,0.9083,14.6942,14.2245,0.0447,14.8622,before,1.1518,14.4841,274230544.0
15.0111,20200907,-0.05,600004.SSE,247867.09,1.1978,14.8622,14.6445,0.0248,14.8125,before,-0.3349,14.7133,370129836.0
15.3701,20200908,0.54,600004.SSE,275626.36,1.3319999999999999,14.8125,14.8125,0.0376,15.350999999999999,before,3.6289999999999996,14.8125,419199234.0
15.5572,20200909,-0.14,600004.SSE,225617.37,1.0903,15.350999999999999,15.0722,0.0318,15.2097,before,-0.9079,15.2288,346009891.0
15.3586,20200910,-0.2,600004.SSE,192700.67,0.9312,15.2097,14.992,0.0242,15.0111,before,-1.3089,15.3395,293656572.0
15.0607,20200911,-0.58,600004.SSE,357411.33,1.7272,15.0111,14.1863,0.0584,14.4345,before,-3.8462,15.0607,519812615.0
14.5338,20200914,-0.19,600004.SSE,292023.82,1.4112,14.4345,14.087,0.031,14.2436,before,-1.3103,14.4841,419183357.0
14.4918,20200915,0.25,600004.SSE,246072.25,1.1891,14.2436,14.0373,0.0321,14.4918,before,1.7469999999999999,14.1557,353731018.0
14.8316,20200916,0.06,600004.SSE,185438.94,0.8961,14.4918,14.4154,0.0288,14.5529,before,0.4121,14.4536,272273732.0
14.6331,20200917,-0.14,600004.SSE,139601.05,0.6746,14.5529,14.2741,0.0246,14.4154,before,-0.9576,14.4345,202321979.0
14.6331,20200918,0.2,600004.SSE,151651.83,0.7329,14.4154,14.2856,0.0242,14.614,before,1.3812,14.3925,220546611.0
14.6445,20200921,-0.26,600004.SSE,132870.7,0.6421,14.614,14.3047,0.0232,14.3543,before,-1.7711,14.6216,192448884.0
14.1939,20200922,-0.44,600004.SSE,247033.88,1.1938,14.3543,13.835,0.025,13.9152,before,-3.0513,14.1939,347034171.0
14.0259,20200923,-0.04,600004.SSE,110288.76,0.5329999999999999,13.9152,13.8273,0.0143,13.877,before,-0.2861,13.9342,154152592.0
13.9152,20200924,-0.16,600004.SSE,134084.37,0.648,13.877,13.6975,0.0158,13.7166,before,-1.1478,13.9075,185371556.0
13.7853,20200925,-0.15,600004.SSE,106191.29,0.5132,13.7166,13.4875,0.0218,13.5677,before,-1.0885,13.7471,145159968.0
13.7777,20200928,0.13,600004.SSE,78171.99,0.3778,13.5677,13.5791,0.0147,13.6975,before,0.9538,13.5982,107261694.0
13.7777,20200929,-0.08,600004.SSE,92866.93,0.4488,13.6975,13.5791,0.0145,13.6173,before,-0.5814,13.7471,127398901.0
13.6669,20200930,-0.07,600004.SSE,87519.16,0.4229,13.6173,13.4569,0.0154,13.5486,before,-0.5117,13.6364,119252757.0
13.7586,20201009,0.03,600004.SSE,126316.52,0.6104,13.5486,13.5371,0.0162,13.5791,before,0.2204,13.6555,173038163.0
13.8579,20201012,0.27,600004.SSE,162360.19,0.7846,13.5791,13.5295,0.0242,13.8464,before,1.9795,13.6364,223838580.0
13.8579,20201013,-0.11,600004.SSE,124380.79,0.6011,13.8464,13.6478,0.0151,13.7357,before,-0.7908,13.8464,171381314.0
13.7166,20201014,-0.02,600004.SSE,137793.69,0.6659,13.7357,13.5371,0.013000000000000001,13.7166,before,-0.1449,13.7051,188368764.0
13.7051,20201015,-0.35,600004.SSE,258078.86,1.2472,13.7166,13.35,0.0261,13.3691,before,-2.5399,13.6669,349017945.0
13.4264,20201016,-0.02,600004.SSE,134751.25,0.6512,13.3691,13.3004,0.0097,13.35,before,-0.1489,13.3271,180801188.0
13.4569,20201019,-0.15,600004.SSE,131182.3,0.6339,13.35,13.1514,0.0231,13.2011,before,-1.1186,13.3576,175091133.0
13.2011,20201020,-0.04,600004.SSE,86717.61,0.4191,13.2011,13.0903,0.0083,13.1591,before,-0.3017,13.2011,114372559.0
13.3576,20201021,0.1,600004.SSE,129957.34,0.628,13.1591,13.14,0.0166,13.2583,before,0.7564,13.1591,173137936.0
13.2393,20201022,-0.15,600004.SSE,86741.05,0.4192,13.2583,13.0216,0.0165,13.1094,before,-1.1261,13.2087,114140671.0
13.1705,20201023,-0.06,600004.SSE,78715.5,0.3804,13.1094,13.0292,0.0106,13.0483,before,-0.4556,13.1094,103450617.0
13.0407,20201026,-0.2,600004.SSE,99686.25,0.4817,13.0483,12.8307,0.016,12.8497,before,-1.5256,13.0407,129081797.0
12.8612,20201027,-0.11,600004.SSE,97093.52,0.4692,12.8497,12.6932,0.0132,12.7428,before,-0.8521,12.780999999999999,124286793.0
12.7428,20201028,-0.05,600004.SSE,144403.67,0.6978,12.7428,12.3419,0.0313,12.6932,before,-0.3906,12.7123,182130585.0
12.571,20201029,-0.19,600004.SSE,100804.65,0.4871,12.6932,12.4221,0.0118,12.5023,before,-1.4902,12.4641,126634256.0
12.6817,20201030,-0.01,600004.SSE,93678.86,0.4527,12.5023,12.4526,0.0183,12.4908,before,-0.0796,12.4832,118164279.0
12.5328,20201102,-0.59,600004.SSE,281212.85,1.359,12.4908,11.8836,0.0518,11.9065,before,-4.7012,12.4335,340836640.0
12.1929,20201103,0.26,600004.SSE,167666.59,0.8102,11.9065,11.8569,0.0284,12.1624,before,2.1739,11.9562,202955714.0
12.5328,20201104,0.27,600004.SSE,143404.13,0.693,12.1624,12.0937,0.036000000000000004,12.4335,before,2.2095,12.1128,177663849.0
13.0598,20201105,0.47,600004.SSE,216622.69,1.0468,12.4335,12.4717,0.0472,12.8994,before,3.763,12.5404,279000555.0
13.0483,20201106,-0.01,600004.SSE,108387.13,0.5238,12.8994,12.7696,0.0216,12.8918,before,-0.0772,12.9299,140405420.0
13.3271,20201109,0.25,600004.SSE,173847.63,0.8401,12.8918,13.0216,0.0239,13.14,before,1.9305,13.0292,230167987.0
14.4536,20201110,0.81,600004.SSE,963917.55,4.6581,13.14,13.9457,0.0386,13.9457,before,6.1364,14.4536,1385216602.0
14.3352,20201111,0.09,600004.SSE,306964.58,1.4834,13.9457,13.7662,0.0407,14.0373,before,0.6424,13.9839,432941149.0
14.2626,20201112,0.07,600004.SSE,168114.08,0.8124,14.0373,13.8579,0.0291,14.1061,before,0.4965,13.8655,237883476.0
14.5032,20201113,0.21,600004.SSE,275338.89,1.3306,14.1061,13.8846,0.0438,14.3123,before,1.482,13.9839,395894498.0
15.0226,20201116,0.59,600004.SSE,400291.93,1.9344,14.3123,14.2436,0.0542,14.9004,before,4.1029,14.3925,593555112.0
15.729000000000001,20201117,0.33,600004.SSE,634924.1,3.0683,14.9004,15.0417,0.0461,15.2288,before,2.2044,15.0417,981374227.0
15.7672,20201118,0.4,600004.SSE,412526.77,1.9935,15.2288,15.1218,0.0425,15.6297,before,2.6144,15.2708,644608272.0
15.5686,20201119,-0.32,600004.SSE,260394.32,1.2584,15.6297,15.1486,0.0268,15.309000000000001,before,-2.0382,15.4006,400303272.0
15.4197,20201120,-0.1,600004.SSE,252255.61,1.219,15.309000000000001,15.0226,0.026000000000000002,15.2097,before,-0.6502,15.3013,385059087.0
15.0607,20201123,-0.48,600004.SSE,359524.39,1.7374,15.2097,13.686,0.0903,14.7323,before,-3.1414,14.9806,535089830.0
14.992,20201124,-0.04,600004.SSE,185685.96,0.8973,14.7323,14.5414,0.0304,14.6942,before,-0.2703,14.8316,274622072.0
15.1715,20201125,0.02,600004.SSE,241882.69,1.1689,14.6942,14.6216,0.0373,14.7133,before,0.1355,14.8507,361132797.0
14.8316,20201126,0.04,600004.SSE,139580.58,0.6745,14.7133,14.5338,0.0203,14.7514,before,0.2706,14.5338,206141746.0
14.9615,20201127,0.06,600004.SSE,115960.82,0.5604,14.7514,14.6331,0.0223,14.8125,before,0.4049,14.7133,172033043.0
15.1982,20201130,0.15,600004.SSE,268964.41,1.2998,14.8125,14.7018,0.0336,14.9615,before,1.0081,14.8316,406025409.0
15.1218,20201201,0.13,600004.SSE,171538.17,0.8290000000000001,14.9615,14.8125,0.0206,15.0913,before,0.8649,14.9233,258174382.0
15.2211,20201202,-0.26,600004.SSE,159380.02,0.7702,15.0913,14.782,0.028999999999999998,14.8316,before,-1.715,15.1295,238720886.0
15.0989,20201203,0.21,600004.SSE,119531.36,0.5776,14.8316,14.8125,0.0195,15.0417,before,1.4094,14.9309,179656017.0
15.2097,20201204,-0.12,600004.SSE,88799.17,0.4291,15.0417,14.8813,0.0218,14.9233,before,-0.7942,15.0798,133815978.0
15.0302,20201207,0.01,600004.SSE,95873.23,0.4633,14.9233,14.6636,0.0247,14.9309,before,0.0667,14.8813,143187092.0
14.992,20201208,-0.35,600004.SSE,110046.99,0.5318,14.9309,14.572000000000001,0.027999999999999997,14.5834,before,-2.3333,14.992,162912986.0
14.7133,20201209,-0.19,600004.SSE,106532.67,0.5148,14.5834,14.2932,0.0287,14.3925,before,-1.2969,14.7133,154958262.0
14.465,20201210,-0.11,600004.SSE,63377.76,0.3063,14.3925,14.255,0.0145,14.2856,before,-0.7607,14.3925,91225745.0
14.4039,20201211,-0.17,600004.SSE,120695.37,0.5833,14.2856,13.9266,0.0334,14.1137,before,-1.1847,14.3925,170476009.0
14.255,20201214,0.08,600004.SSE,65495.23,0.3165,14.1137,14.045,0.0148,14.1939,before,0.5642,14.1748,93163332.0
14.6331,20201215,0.32,600004.SSE,126348.55,0.6106,14.1939,13.9648,0.047,14.5147,before,2.244,14.1939,182063862.0
14.6331,20201216,-0.2,600004.SSE,92378.76,0.4464,14.5147,14.2932,0.0233,14.3123,before,-1.3717,14.5338,133971394.0
14.4536,20201217,0.05,600004.SSE,85562.53,0.4135,14.3123,14.1366,0.0223,14.3658,before,0.3477,14.4345,122915450.0
14.3658,20201218,-0.22,600004.SSE,82641.45,0.3994,14.3658,14.087,0.0194,14.1443,before,-1.5246,14.3658,117739517.0
14.087,20201221,-0.09,600004.SSE,128751.81,0.6222,14.1443,13.5677,0.0366,14.0564,before,-0.6334,13.9839,179205692.0
13.8961,20201222,-0.77,600004.SSE,256419.53,1.2391,14.0564,13.2507,0.046,13.2889,before,-5.4533,13.8961,348439957.0
13.3996,20201223,0.0,600004.SSE,122316.53,0.5911,13.2889,13.1896,0.0157,13.2889,before,0.0,13.3271,163204891.0
13.35,20201224,0.0,600004.SSE,78080.01,0.3773,13.2889,13.1209,0.0172,13.2889,before,0.0,13.2889,104002222.0
13.4378,20201225,0.13,600004.SSE,57026.12,0.2756,13.2889,13.1591,0.021,13.4187,before,0.9738,13.1896,76510480.0
13.3882,20201228,-0.21,600004.SSE,120737.86,0.5835,13.4187,13.1094,0.0208,13.2087,before,-1.5579,13.3691,160222485.0
13.5486,20201229,0.1,600004.SSE,97057.08,0.469,13.2087,13.1209,0.0324,13.308,before,0.7536,13.1209,130418052.0
13.6555,20201230,0.26,600004.SSE,105098.32,0.5079,13.308,13.1896,0.0352,13.5677,before,1.9447,13.3004,142205693.0
14.2359,20201231,0.5,600004.SSE,186855.09,0.903,13.5677,13.6364,0.044000000000000004,14.0641,before,3.6684,13.7357,261417827.0
14.1061,20210104,-0.09,600004.SSE,191321.96,0.9246,14.0641,13.7662,0.0241,13.9763,before,-0.6369,14.0373,267631893.0
13.8273,20210105,-0.23,600004.SSE,200919.22,0.9709,13.9763,13.5677,0.0185,13.7471,before,-1.6382,13.8159,276457384.0
13.8464,20210106,-0.27,600004.SSE,187563.39,0.9064,13.7471,13.3691,0.0348,13.4798,before,-1.9551,13.6364,255739102.0
13.5486,20210107,-0.71,600004.SSE,448660.67,2.1682,13.4798,12.7008,0.0628,12.7696,before,-5.2437,13.4684,584819055.0
13.3194,20210108,0.35,600004.SSE,257737.93,1.2455,12.7696,12.6435,0.053,13.1209,before,2.728,12.7428,337464771.0
13.1209,20210111,-0.3,600004.SSE,178000.44,0.8602,13.1209,12.8001,0.0243,12.8192,before,-2.2762,12.949000000000002,231104464.0
13.0483,20210112,0.19,600004.SSE,162399.36,0.7848,12.8192,12.7428,0.0241,13.0101,before,1.4752,12.8421,210545877.0
13.6478,20210113,0.5,600004.SSE,245826.12,1.188,13.0101,12.8727,0.0597,13.5066,before,3.8256,13.0407,329602000.0
13.4187,20210114,-0.49,600004.SSE,206876.05,0.9997,13.5066,12.9796,0.0324,13.0216,before,-3.6109,13.4187,273376514.0
13.1782,20210115,-0.04,600004.SSE,153393.87,0.7413,13.0216,12.8994,0.0214,12.9796,before,-0.3058,13.0407,200347118.0
13.0712,20210118,-0.15,600004.SSE,205404.88,0.9926,12.9796,12.780999999999999,0.0222,12.8307,before,-1.1503,12.9796,265999932.0
13.2393,20210119,0.26,600004.SSE,182739.02,0.8831,12.8307,12.7314,0.0396,13.0903,before,2.0171,12.8803,238673754.0
13.1896,20210120,-0.09,600004.SSE,123617.14,0.5974,13.0903,12.8918,0.0228,12.9987,before,-0.6844,13.097999999999999,161978513.0
13.2889,20210121,0.2,600004.SSE,264557.1,1.2785,12.9987,12.8001,0.0375,13.2011,before,1.5314,12.9605,347714142.0
13.4798,20210122,0.05,600004.SSE,187793.82,0.9075,13.2011,13.1209,0.0271,13.2507,before,0.3771,13.14,251029901.0
13.2698,20210125,-0.13,600004.SSE,123183.18,0.5953,13.2507,12.8918,0.0285,13.1209,before,-0.9767,13.0789,162017156.0
13.4569,20210126,0.19,600004.SSE,201462.33,0.9736,13.1209,12.9987,0.0349,13.308,before,1.4416,13.2278,268171777.0
13.7166,20210127,0.3,600004.SSE,285635.52,1.3803,13.308,13.14,0.0434,13.6058,before,2.2438,13.2087,388321868.0
13.6058,20210128,-0.35,600004.SSE,236313.79,1.1420000000000001,13.6058,13.2393,0.0271,13.2583,before,-2.5604,13.4875,318113076.0
13.9342,20210129,0.47,600004.SSE,435061.58,2.1024,13.2583,13.0216,0.0691,13.728,before,3.5285,13.3691,593883332.0
13.2004,20210201,-1.29,600004.SSE,813790.82,3.9326,13.7912,12.4101,0.0573,12.4984,before,-9.3546,13.2004,1030455105.0
12.2655,20210202,-1.12,600004.SSE,1077025.87,5.2047,12.4412,11.2268,0.0832,11.3261,before,-8.96,12.0631,1261330141.0
11.876,20210203,0.35,600004.SSE,623951.11,3.0152,11.3261,11.1772,0.0615,11.6774,before,3.0756,11.1772,731200807.0
12.2731,20210204,0.23,600004.SSE,498644.03,2.4097,11.6774,11.6469,0.0537,11.9065,before,1.9608,11.8645,601628660.0
12.4335,20210205,0.04,600004.SSE,292641.56,1.4142,11.9065,11.8645,0.0477,11.9447,before,0.3344,12.1433,357401833.0
12.044,20210208,-0.05,600004.SSE,307168.5,1.4844,11.9447,11.5476,0.0417,11.8951,before,-0.4167,11.9753,363491749.0
12.2426,20210209,0.28,600004.SSE,252927.67,1.2223,11.8951,11.8569,0.0326,12.1738,before,2.3431,11.8951,307004246.0
12.2426,20210210,0.02,600004.SSE,162436.77,0.785,12.1738,12.0746,0.0139,12.1929,before,0.1635,12.1738,198448358.0
13.1094,20210218,0.75,600004.SSE,392098.37,1.8948,12.1929,12.3419,0.0629,12.9414,before,6.1224,12.5213,502077820.0
13.5867,20210219,0.55,600004.SSE,381213.84,1.8422,12.9414,12.7314,0.0662,13.4875,before,4.2308,12.9108,503181460.0
13.9152,20210222,-0.05,600004.SSE,631926.32,3.0538,13.4875,13.2889,0.0465,13.4378,before,-0.369,13.3882,865242648.0
13.6478,20210223,-0.07,600004.SSE,257019.85,1.242,13.4378,13.14,0.0378,13.3691,before,-0.5185,13.4798,345917651.0
13.8846,20210224,0.04,600004.SSE,288709.76,1.3952,13.3691,13.2393,0.0484,13.4073,before,0.2978,13.5867,393575901.0
13.8159,20210225,0.18,600004.SSE,285538.57,1.3799,13.4073,13.5066,0.023,13.5867,before,1.3363,13.5562,391722219.0
13.5982,20210226,-0.47,600004.SSE,276958.4,1.3384,13.5867,13.0407,0.040999999999999995,13.1209,before,-3.4432,13.3767,368808061.0
13.4989,20210301,0.31,600004.SSE,187413.83,0.9057,13.1209,13.0789,0.0319,13.4264,before,2.352,13.2087,251503135.0
13.4875,20210302,-0.15,600004.SSE,127805.5,0.6176,13.4264,13.1782,0.023,13.2774,before,-1.1119,13.4798,171060615.0
13.5791,20210303,0.27,600004.SSE,152668.16,0.7378,13.2774,13.2202,0.027000000000000003,13.5486,before,2.024,13.2202,206236796.0
13.6784,20210304,-0.27,600004.SSE,177517.03,0.8579,13.5486,13.2278,0.0331,13.2774,before,-1.9838,13.4684,239459700.0
13.4798,20210305,0.04,600004.SSE,168065.22,0.8122,13.2774,12.9223,0.042,13.3194,before,0.2999,12.9414,223864501.0
13.4684,20210308,-0.3,600004.SSE,185415.74,0.8959999999999999,13.3194,13.0101,0.0344,13.0216,before,-2.2422,13.35,245865773.0
13.3882,20210309,0.06,600004.SSE,197456.25,0.9542,13.0216,12.7505,0.0489,13.0789,before,0.4587,13.14,259975430.0
13.1782,20210310,-0.02,600004.SSE,109646.55,0.5299,13.0789,12.9605,0.0167,13.0598,before,-0.1522,13.1094,143770458.0
13.4989,20210311,0.25,600004.SSE,180336.87,0.8715,13.0598,13.0101,0.0373,13.308,before,1.9055,13.0712,241069630.0
13.4684,20210312,0.13,600004.SSE,133293.13,0.6441,13.308,13.2087,0.0194,13.4378,before,0.9723,13.3194,179123801.0
14.1634,20210315,0.54,600004.SSE,420422.65,2.0317,13.4378,13.4378,0.0541,13.9763,before,4.0,13.5791,588801205.0
14.5223,20210316,0.37,600004.SSE,378462.65,1.8289,13.9763,13.9342,0.042,14.3428,before,2.6353,13.9953,542289855.0
14.3925,20210317,-0.01,600004.SSE,185442.79,0.8962,14.3428,14.1366,0.018000000000000002,14.3352,before,-0.0694,14.2359,265547096.0
14.4345,20210318,-0.15,600004.SSE,163444.61,0.7898,14.3352,14.0641,0.0257,14.1863,before,-1.0417,14.3123,233170278.0
14.213,20210319,-0.35,600004.SSE,181088.89,0.8751,14.1863,13.7968,0.0295,13.835,before,-2.4561,14.0373,253715078.0
14.087,20210322,0.08,600004.SSE,151876.45,0.7339,13.835,13.7586,0.0237,13.9152,before,0.5755,13.8159,212338670.0
13.9953,20210323,-0.21,600004.SSE,134843.53,0.6516,13.9152,13.6364,0.0258,13.7051,before,-1.5021,13.9075,186802965.0
13.6669,20210324,-0.46,600004.SSE,185738.85,0.8976,13.7051,13.2202,0.0327,13.2507,before,-3.3406,13.6364,249315477.0
13.3271,20210325,-0.26,600004.SSE,193642.59,0.9358,13.2507,12.9299,0.0301,12.991,before,-1.9534,13.2507,254281259.0
13.4378,20210326,0.14,600004.SSE,182958.46,0.8841,12.991,13.0789,0.0276,13.1285,before,1.0728,13.097999999999999,242937135.0
13.3194,20210329,0.07,600004.SSE,137501.71,0.6645,13.1285,13.097999999999999,0.0167,13.2011,before,0.5307,13.2011,182600866.0
13.3882,20210330,0.11,600004.SSE,142229.52,0.6873,13.2011,13.14,0.0189,13.308,before,0.8296,13.2774,189704372.0
13.4073,20210331,-0.03,600004.SSE,101480.19,0.4904,13.308,13.1782,0.0172,13.2774,before,-0.2244,13.2889,135394019.0
13.3691,20210401,-0.07,600004.SSE,97040.54,0.4689,13.2774,13.14,0.0172,13.2087,before,-0.5247,13.3271,128813670.0
13.2011,20210402,-0.13,600004.SSE,113311.56,0.5476,13.2087,12.9987,0.0151,13.0789,before,-0.9797,13.2011,148692513.0
13.2507,20210406,0.07,600004.SSE,67389.43,0.3257,13.0789,13.0903,0.0122,13.1514,before,0.5327,13.1514,89084918.0
13.2583,20210407,0.09,600004.SSE,106008.58,0.5123,13.1514,13.0101,0.0189,13.2393,before,0.6813,13.1591,139834180.0
13.14,20210408,-0.27,600004.SSE,156003.26,0.7539,13.2393,12.949000000000002,0.0143,12.9719,before,-2.0301,13.14,204383300.0
13.0483,20210409,0.0,600004.SSE,82331.63,0.3979,12.9719,12.9108,0.0107,12.9719,before,0.0,12.9299,107246553.0
13.0292,20210412,-0.14,600004.SSE,106884.0,0.5165,12.9719,12.7619,0.0207,12.8307,before,-1.0744,13.0216,137755835.0
12.8612,20210413,-0.22,600004.SSE,133711.74,0.6462,12.8307,12.5824,0.0217,12.613,before,-1.7067,12.8421,170341698.0
12.8497,20210414,0.16,600004.SSE,91087.46,0.4402,12.613,12.4717,0.03,12.7696,before,1.2628,12.5519,116330788.0
12.8307,20210415,-0.17,600004.SSE,96583.5,0.4667,12.7696,12.5519,0.0218,12.6015,before,-1.325,12.6932,122962044.0
12.8727,20210416,0.24,600004.SSE,96018.71,0.46399999999999997,12.6015,12.6321,0.019,12.8421,before,1.8957,12.6435,123400396.0
13.308,20210419,0.45,600004.SSE,205005.47,0.9907,12.8421,12.8612,0.0349,13.2889,before,3.4884,12.8612,271091245.0
13.3767,20210420,-0.14,600004.SSE,121646.94,0.5879,13.2889,12.9299,0.0337,13.1514,before,-1.0487,13.2393,161719140.0
13.1209,20210421,-0.14,600004.SSE,100050.62,0.4835,13.1514,12.9108,0.0159,13.0101,before,-1.0598,13.1209,130821969.0
13.14,20210422,-0.03,600004.SSE,73800.51,0.3566,13.0101,12.9414,0.0153,12.9796,before,-0.2295,13.0483,96372007.0
13.0584,20210423,-0.11,600004.SSE,103038.61,0.4979,13.0393,12.7899,0.0207,12.9318,before,-0.8436,13.0201,132959931.0
12.8994,20210426,-0.25,600004.SSE,199024.3,0.9618,12.8727,12.5023,0.0309,12.6206,before,-1.9335,12.7925,253237138.0
12.6817,20210427,-0.57,600004.SSE,324616.65,1.5687,12.6206,11.9867,0.0552,12.0555,before,-4.4953,12.6512,397634536.0
12.2731,20210428,0.14,600004.SSE,174363.32,0.8426,12.0555,12.044,0.019,12.1929,before,1.1561,12.1051,212277680.0
12.3228,20210429,0.04,600004.SSE,105066.99,0.5077,12.1929,12.044,0.0229,12.2349,before,0.3265,12.085999999999999,128852780.0
12.3151,20210430,-0.13,600004.SSE,153479.51,0.7417,12.2349,11.9867,0.0269,12.1051,before,-1.0578,12.1738,186601561.0
12.0746,20210506,-0.46,600004.SSE,257044.41,1.2422,12.1051,11.6049,0.0387,11.6469,before,-3.7829,12.0555,302857251.0
11.708,20210507,-0.11,600004.SSE,179434.51,0.8671,11.6469,11.4483,0.0222,11.5361,before,-0.9402,11.6545,208824890.0
11.5667,20210510,-0.09,600004.SSE,146285.84,0.7069,11.5361,11.3185,0.0216,11.4483,before,-0.7765,11.4483,167986651.0
11.7843,20210511,0.24,600004.SSE,149724.54,0.7235,11.4483,11.4369,0.0304,11.6851,before,2.0869999999999997,11.5972,174463730.0
11.7653,20210512,0.04,600004.SSE,131483.01,0.6354,11.6851,11.5972,0.0145,11.7271,before,0.3407,11.6278,154597138.0
11.9867,20210513,0.21,600004.SSE,160257.46,0.7744,11.7271,11.6049,0.0323,11.9333,before,1.7827,11.6469,191620396.0
12.212,20210514,0.25,600004.SSE,166310.21,0.8037,11.9333,11.8569,0.03,12.1853,before,2.0851,11.8569,202830028.0
12.2655,20210517,-0.14,600004.SSE,147793.15,0.7142,12.1853,11.9638,0.0245,12.044,before,-1.1438,12.1051,179701780.0
12.1128,20210518,0.02,600004.SSE,72298.25,0.3494,12.044,11.9447,0.013999999999999999,12.0631,before,0.1653,12.044,87493847.0
12.1242,20210519,-0.06,600004.SSE,76715.01,0.3707,12.0631,11.9447,0.0149,12.0058,before,-0.495,12.1242,92341446.0
12.0364,20210520,-0.04,600004.SSE,110377.86,0.5334,12.0058,11.834000000000001,0.0166,11.9638,before,-0.3317,11.9562,132457991.0
12.0135,20210521,-0.06,600004.SSE,98924.07,0.4781,11.9638,11.8149,0.0166,11.9065,before,-0.4992,12.0135,118388327.0
11.9562,20210524,0.05,600004.SSE,89843.29,0.4342,11.9065,11.8149,0.0117,11.9562,before,0.4181,11.876,107466783.0
12.1624,20210525,0.13,600004.SSE,175281.29,0.847,11.9562,11.9142,0.0208,12.085999999999999,before,1.0824,11.9753,212609819.0
12.1433,20210526,-0.14,600004.SSE,172031.58,0.8313,12.085999999999999,11.8951,0.0206,11.9447,before,-1.1532,12.085999999999999,206940696.0
11.9867,20210527,-0.02,600004.SSE,198754.49,0.9605,11.9447,11.8264,0.0133,11.9256,before,-0.1667,11.9142,237336211.0
11.9256,20210528,-0.12,600004.SSE,130575.18,0.631,11.9256,11.7767,0.0125,11.8073,before,-1.0017,11.9256,155064767.0
11.5972,20210531,-0.27,600004.SSE,259597.22,1.2545,11.8073,11.4483,0.0126,11.5361,before,-2.2766,11.5552,300186409.0
11.708,20210601,0.12,600004.SSE,178789.94,0.8640000000000001,11.5361,11.517000000000001,0.0164,11.6545,before,1.0354,11.517000000000001,208502733.0
11.7271,20210602,-0.08,600004.SSE,220238.32,1.0643,11.6545,11.517000000000001,0.0179,11.5781,before,-0.6832,11.6469,256507869.0
11.7462,20210603,0.06,600004.SSE,183936.93,0.8889,11.5781,11.5552,0.0163,11.6354,before,0.5159,11.5781,215076345.0
11.665999999999999,20210604,-0.1,600004.SSE,167014.95,0.8071,11.6354,11.4674,0.0171,11.5361,before,-0.8554,11.6469,193344214.0
11.5361,20210607,-0.07,600004.SSE,155528.21,0.7516,11.5361,11.4063,0.0112,11.4674,before,-0.604,11.5361,179014266.0
11.876,20210608,0.3,600004.SSE,352149.14,1.7018,11.4674,11.4559,0.0365,11.7653,before,2.6042,11.4979,415412503.0
11.8073,20210609,0.04,600004.SSE,175571.13,0.8484,11.7653,11.6545,0.0127,11.8073,before,0.3384,11.7462,206984313.0
12.0249,20210610,-0.01,600004.SSE,254201.0,1.2284,11.8073,11.7958,0.0194,11.7958,before,-0.0843,11.8264,303311836.0
11.7347,20210611,-0.16,600004.SSE,403872.05,1.9517,11.7958,11.5056,0.0194,11.6354,before,-1.3502,11.6469,470938851.0
11.6354,20210615,-0.16,600004.SSE,155673.55,0.7523,11.6354,11.4559,0.0154,11.4789,before,-1.3687,11.6278,179807188.0
11.517000000000001,20210616,-0.18,600004.SSE,237849.66,1.1494,11.4789,11.2497,0.0234,11.2994,before,-1.5611,11.4789,271381944.0
11.4178,20210617,0.09,600004.SSE,133409.71,0.6447,11.2994,11.2994,0.0106,11.3872,before,0.7929999999999999,11.2994,152418366.0
11.4292,20210618,-0.11,600004.SSE,173051.27,0.8363,11.3872,11.1886,0.021,11.2765,before,-0.9615,11.3987,195598144.0
11.2574,20210621,-0.18,600004.SSE,170784.62,0.8253,11.2765,11.0779,0.0159,11.1008,before,-1.5887,11.2001,190771691.0
11.1886,20210622,0.09,600004.SSE,73507.67,0.3552,11.1008,11.0894,0.009000000000000001,11.1886,before,0.8072,11.1008,82355614.0
11.3796,20210623,0.15,600004.SSE,123254.28,0.5956,11.1886,11.1505,0.0205,11.3376,before,1.3345,11.1886,139628345.0
11.2994,20210624,-0.09,600004.SSE,91296.46,0.4412,11.3376,11.1772,0.0105,11.2497,before,-0.7902,11.2765,102885873.0
11.4369,20210625,0.1,600004.SSE,168727.13,0.8154,11.2497,11.1505,0.0257,11.349,before,0.885,11.3376,190958056.0
11.3185,20210628,-0.12,600004.SSE,113110.86,0.5466,11.349,11.1695,0.0132,11.2268,before,-1.0526,11.3185,127417804.0
11.2077,20210629,-0.12,600004.SSE,154901.4,0.7486,11.2268,11.0703,0.0124,11.1084,before,-1.0638,11.2077,172718388.0
11.1695,20210630,0.02,600004.SSE,69716.9,0.3369,11.1084,11.0703,0.009000000000000001,11.1275,before,0.1792,11.1008,77889217.0
11.1772,20210701,-0.08,600004.SSE,128235.66,0.6197,11.1275,11.0473,0.0116,11.0473,before,-0.7156,11.1695,142786237.0
11.1008,20210702,-0.1,600004.SSE,194658.33,0.9407,11.0473,10.8793,0.0198,10.9481,before,-0.9009,11.0473,213960517.0
10.970999999999998,20210705,-0.14,600004.SSE,124594.5,0.6021,10.9481,10.78,0.0173,10.8106,before,-1.2727,10.9481,135699820.0
10.8984,20210706,0.04,600004.SSE,96049.53,0.4642,10.8106,10.7609,0.0129,10.8488,before,0.3683,10.7686,104426120.0
10.8488,20210707,0.0,600004.SSE,80244.0,0.3878,10.8488,10.7686,0.0073,10.8488,before,0.0,10.8106,87212865.0
10.8411,20210708,-0.18,600004.SSE,110499.22,0.534,10.8488,10.6502,0.0174,10.6693,before,-1.6514,10.8411,119025606.0
10.6311,20210709,-0.15,600004.SSE,185377.38,0.8958,10.6693,10.4211,0.0196,10.5204,before,-1.3993,10.612,195445648.0
10.5929,20210712,-0.01,600004.SSE,92171.09,0.4454,10.5204,10.4936,0.0095,10.5127,before,-0.0946,10.5509,97609252.0
10.5929,20210713,0.06,600004.SSE,99121.01,0.479,10.5127,10.4707,0.0114,10.57,before,0.5682,10.5013,104872190.0
10.6617,20210714,-0.08,600004.SSE,87564.0,0.4232,10.57,10.4936,0.016,10.4936,before,-0.7533,10.5624,92616570.0
10.4936,20210715,-0.12,600004.SSE,110906.25,0.536,10.4936,10.2836,0.0199,10.3714,before,-1.1385,10.4516,115528014.0
10.4936,20210716,0.05,600004.SSE,85679.11,0.414,10.3714,10.3524,0.0134,10.4211,before,0.4798,10.3714,89694477.0
10.3714,20210719,-0.11,600004.SSE,158248.06,0.7647,10.4211,10.0927,0.0267,10.3142,before,-1.0506,10.3714,162447192.0
10.3905,20210720,-0.09,600004.SSE,78865.66,0.3811,10.3142,10.2034,0.0183,10.2225,before,-0.8687,10.2149,81254848.0
10.2531,20210721,-0.18,600004.SSE,149150.13,0.7208,10.2225,10.024,0.0224,10.043,before,-1.7527,10.2034,151535104.0
10.1118,20210722,-0.02,600004.SSE,114867.15,0.5551,10.043,9.9438,0.0168,10.024,before,-0.1982,10.043,115606294.0
10.0049,20210723,-0.15,600004.SSE,140627.26,0.6796,10.024,9.8559,0.0149,9.875,before,-1.4896,10.0049,140021823.0
9.833,20210726,-0.4,600004.SSE,232961.37,1.1258,9.875,9.4664,0.0373,9.4779,before,-4.0323,9.833,224116320.0
9.5352,20210727,-0.2,600004.SSE,181513.5,0.8772,9.4779,9.2564,0.0294,9.2755,before,-2.1008,9.5275,171086336.0
9.2564,20210728,-0.28,600004.SSE,259136.84,1.2523,9.2755,8.9471,0.0333,8.9967,before,-3.0043,9.2488,235056868.0
9.1266,20210729,-0.22,600004.SSE,383835.05,1.8549,8.9967,8.6607,0.052000000000000005,8.7791,before,-2.4336,8.9891,340075426.0
8.7982,20210730,-0.07,600004.SSE,213178.0,1.0302,8.7791,8.5423,0.0295,8.7103,before,-0.7937,8.6607,185542146.0
8.7103,20210802,-0.09,600004.SSE,319940.61,1.5461,8.7103,8.3514,0.0411,8.6187,before,-1.0286,8.6111,275211496.0
8.9089,20210803,0.07,600004.SSE,292702.59,1.4145,8.6187,8.5423,0.0427,8.6912,before,0.8083,8.5423,256458429.0
8.7103,20210804,-0.12,600004.SSE,180445.83,0.872,8.6912,8.5194,0.0218,8.568999999999999,before,-1.3746,8.6912,156032619.0
8.6798,20210805,-0.07,600004.SSE,159608.65,0.7713,8.568999999999999,8.443,0.0279,8.5003,before,-0.813,8.5423,137230330.0
8.5614,20210806,-0.13,600004.SSE,159623.47,0.7714,8.5003,8.3514,0.0246,8.3705,before,-1.5222,8.55,134611409.0
8.6989,20210809,0.28,600004.SSE,197609.79,0.955,8.3705,8.2826,0.0499,8.6492,before,3.3294,8.3132,169718419.0
8.6912,20210810,0.02,600004.SSE,152650.29,0.7377,8.6492,8.5805,0.0127,8.6683,before,0.2301,8.6111,132514206.0
8.9204,20210811,0.13,600004.SSE,244813.79,1.1831,8.6683,8.6607,0.0299,8.7982,before,1.4925,8.6798,215998421.0
8.8287,20210812,-0.1,600004.SSE,148415.88,0.7172,8.7982,8.6798,0.017,8.6989,before,-1.1312,8.8096,130313054.0
8.7982,20210813,0.04,600004.SSE,86233.82,0.4167,8.6989,8.6607,0.0161,8.7409,before,0.4598,8.6989,75319518.0
9.0998,20210816,0.34,600004.SSE,261846.89,1.2654,8.7409,8.6912,0.0469,9.0807,before,3.8902,8.7409,233946422.0
9.4282,20210817,-0.12,600004.SSE,416320.06,2.0119,9.0807,8.8898,0.0595,8.9585,before,-1.3216,9.0807,382284807.0
9.1915,20210818,0.16,600004.SSE,183892.77,0.8887,8.9585,8.8707,0.0357,9.1189,before,1.7857,8.9318,167254084.0
9.1418,20210819,-0.12,600004.SSE,151592.52,0.7326,9.1189,8.9585,0.0197,9.0006,before,-1.3158,9.1189,136647956.0
8.9891,20210820,-0.04,600004.SSE,118769.96,0.574,9.0006,8.8516,0.0156,8.9585,before,-0.4444,8.9585,105813382.0
9.0884,20210823,0.08,600004.SSE,98377.78,0.4754,8.9585,8.97,0.0134,9.0387,before,0.8929,8.9891,88806713.0
9.1113,20210824,-0.02,600004.SSE,142632.25,0.6893,9.0387,8.9013,0.0232,9.0196,before,-0.2212,9.0387,128334496.0
9.6192,20210825,0.54,600004.SSE,408863.65,1.9758,9.0196,9.0006,0.0687,9.5619,before,5.9867,9.0196,383370878.0
9.5313,20210826,-0.12,600004.SSE,205903.63,0.995,9.5619,9.371,0.0167,9.4397,before,-1.2552,9.4817,194222255.0
9.5313,20210827,-0.05,600004.SSE,137268.0,0.6633,9.4397,9.3519,0.0191,9.3901,before,-0.5297,9.4512,129323477.0
9.3901,20210830,-0.21,600004.SSE,132869.01,0.6421,9.3901,9.1686,0.0234,9.18,before,-2.2364,9.3901,122648173.0
9.5008,20210831,0.26,600004.SSE,228277.99,1.1032,9.18,9.1304,0.0403,9.4397,before,2.8322,9.1609,214166077.0
9.9018,20210901,0.36,600004.SSE,335953.18,1.6235,9.4397,9.3519,0.0583,9.7987,before,3.8136,9.4091,322198436.0
9.9705,20210902,0.01,600004.SSE,206586.99,0.9983,9.7987,9.6994,0.0276,9.8101,before,0.102,9.7796,202831830.0
10.0507,20210903,0.2,600004.SSE,234562.08,1.1335,9.8101,9.7185,0.0336,10.0087,before,2.0387,9.8101,233390566.0
10.5891,20210906,0.38,600004.SSE,486580.07,2.3514,10.0087,9.9399,0.0649,10.3905,before,3.7962,10.0507,504020350.0
10.8182,20210907,0.4,600004.SSE,348167.15,1.6825,10.3905,10.3485,0.0452,10.7915,before,3.8499,10.5509,368745680.0
10.8984,20210908,-0.29,600004.SSE,268892.8,1.2994,10.7915,10.4898,0.038,10.5013,before,-2.6877,10.6999,286637038.0
10.6693,20210909,0.03,600004.SSE,161278.86,0.7794,10.5013,10.36,0.0295,10.5318,before,0.2857,10.5089,169229818.0
11.0206,20210910,0.4,600004.SSE,403439.27,1.9496,10.5318,10.57,0.0427,10.929,before,3.7987,10.5815,439604604.0
11.0283,20210913,-0.15,600004.SSE,296894.45,1.4347,10.929,10.5318,0.0457,10.78,before,-1.3724,10.6693,318399206.0
10.7189,20210914,-0.42,600004.SSE,197889.94,0.9563,10.78,10.3294,0.0362,10.36,before,-3.8961,10.7189,207901874.0
10.5395,20210915,0.04,600004.SSE,172775.35,0.8349,10.36,10.1309,0.0396,10.3982,before,0.3861,10.2913,178495293.0
10.4707,20210916,-0.3,600004.SSE,152963.42,0.7392,10.3982,10.0812,0.0375,10.1003,before,-2.8846,10.3294,156223946.0
11.0015,20210917,0.77,600004.SSE,338468.96,1.6357,10.1003,10.0392,0.095,10.8717,before,7.6238,10.0698,358375231.0
10.9595,20210922,0.03,600004.SSE,207135.47,1.001,10.8717,10.5318,0.0396,10.8984,before,0.276,10.7419,222374738.0
11.0283,20210923,-0.03,600004.SSE,112345.66,0.5429,10.8984,10.78,0.0229,10.8717,before,-0.2752,10.8793,122258101.0
11.2994,20210924,0.23,600004.SSE,262825.36,1.2701,10.8717,10.8602,0.0405,11.1008,before,2.1159,10.8717,292062616.0
11.2803,20210927,-0.17,600004.SSE,190442.82,0.9203,11.1008,10.8602,0.0378,10.929,before,-1.5315,11.0817,210082832.0
11.0092,20210928,-0.05,600004.SSE,98979.13,0.4783,10.929,10.7495,0.0238,10.8793,before,-0.4575,10.8984,107633109.0
10.8908,20210929,-0.1,600004.SSE,117406.3,0.5674,10.8793,10.6617,0.0211,10.78,before,-0.9191,10.7991,126330577.0
10.9595,20210930,-0.04,600004.SSE,101159.99,0.4889,10.78,10.6502,0.0288,10.7419,before,-0.3711,10.7915,108883300.0
11.4903,20211008,0.64,600004.SSE,386430.84,1.8674,10.7419,11.0015,0.0456,11.3796,before,5.959,11.0015,437213739.0
11.7003,20211011,0.2,600004.SSE,279674.54,1.3515,11.3796,11.2497,0.0395,11.5781,before,1.7575,11.349,322565151.0
11.75,20211012,-0.1,600004.SSE,187230.02,0.9048,11.5781,11.3987,0.0302,11.4789,before,-0.8636,11.5018,215914890.0
11.4789,20211013,-0.17,600004.SSE,182013.27,0.8796,11.4789,11.0092,0.0409,11.3108,before,-1.4808,11.4292,205439432.0
12.3113,20211014,0.63,600004.SSE,703659.11,3.4004,11.3108,11.3108,0.0884,11.9409,before,5.5703,11.3414,848702826.0
12.2999,20211015,-0.02,600004.SSE,407413.52,1.9688,11.9409,11.8684,0.036000000000000004,11.9218,before,-0.1675,11.9485,491919337.0
12.0707,20211018,0.1,600004.SSE,208516.48,1.0077,11.9218,11.6087,0.0386,12.0211,before,0.8389,11.8111,247614751.0
11.9791,20211019,-0.17,600004.SSE,144045.16,0.6961,12.0211,11.7003,0.0233,11.8493,before,-1.4143,11.8913,170018099.0
11.8798,20211020,-0.05,600004.SSE,219375.89,1.0601,11.8493,11.4292,0.038,11.7996,before,-0.4219,11.75,255448852.0
11.9791,20211021,-0.37,600004.SSE,179023.84,0.8651,11.7996,11.4216,0.0475,11.4292,before,-3.1356,11.7996,207929607.0
11.5285,20211022,-0.25,600004.SSE,170813.66,0.8255,11.4292,11.1084,0.0367,11.181,before,-2.1872,11.4216,194050055.0
11.0015,20211025,-0.22,600004.SSE,225895.55,1.0916,11.181,10.5013,0.0447,10.9595,before,-1.9678,10.970999999999998,244268708.0
11.1505,20211026,0.08,600004.SSE,123416.14,0.5964,10.9595,10.7991,0.0319,11.0397,before,0.7299,10.8411,136170070.0
11.139000000000001,20211027,-0.12,600004.SSE,85098.19,0.4112,11.0397,10.8984,0.0217,10.9213,before,-1.087,10.9404,93644133.0
11.3185,20211028,0.36,600004.SSE,161096.39,0.7785,10.9213,10.8717,0.0412,11.2803,before,3.2967,10.9213,180179302.0
11.9295,20211029,0.56,600004.SSE,268894.53,1.2994,11.2803,11.1008,0.0736,11.8416,before,4.9645,11.2383,313661538.0
11.8798,20211101,-0.07,600004.SSE,176249.13,0.8517,11.8416,11.5209,0.0304,11.7691,before,-0.5912,11.7003,207259660.0
11.8493,20211102,-0.16,600004.SSE,122732.04,0.5931,11.7691,11.4216,0.0365,11.6087,before,-1.3594,11.7614,142575138.0
11.6812,20211103,-0.09,600004.SSE,96126.56,0.4645,11.6087,11.3605,0.0276,11.5209,before,-0.7752,11.5094,110598401.0
11.5285,20211104,-0.24,600004.SSE,152071.98,0.7349,11.5209,11.181,0.0304,11.2803,before,-2.0833,11.4789,171582051.0
11.4712,20211105,-0.1,600004.SSE,112814.37,0.5452,11.2803,11.181,0.0257,11.181,before,-0.8865,11.2001,127264713.0
12.2884,20211108,1.03,600004.SSE,600126.98,2.9001,11.181,11.54,0.0671,12.2082,before,9.2129,11.54,728749964.0
12.2999,20211109,-0.21,600004.SSE,216023.26,1.0439,12.2082,11.8607,0.036000000000000004,11.9982,before,-1.7199,12.1891,260147927.0
12.0402,20211110,-0.07,600004.SSE,145318.38,0.7023,11.9982,11.7614,0.0233,11.9295,before,-0.5833,11.96,172966730.0
12.3495,20211111,0.34,600004.SSE,251074.46,1.2133,11.9295,11.8493,0.0419,12.2693,before,2.85,11.8798,306288164.0
12.8497,20211112,0.46,600004.SSE,310660.14,1.5013,12.2693,12.1395,0.0579,12.7314,before,3.7489999999999997,12.2617,391838686.0
12.7085,20211115,-0.22,600004.SSE,135325.3,0.654,12.7314,12.4984,0.0165,12.5099,before,-1.7282,12.6512,170390064.0
12.6512,20211116,-0.12,600004.SSE,110450.13,0.5338,12.5099,12.2808,0.0296,12.3915,before,-0.9592,12.6015,137411306.0
12.5213,20211117,0.01,600004.SSE,82691.87,0.3996,12.3915,12.2999,0.0178,12.3991,before,0.0807,12.3801,102494920.0
12.4984,20211118,-0.2,600004.SSE,85701.4,0.4142,12.3991,12.17,0.0266,12.2006,before,-1.6129,12.3991,105615118.0
12.2388,20211119,-0.23,600004.SSE,182480.19,0.8818,12.2006,11.8111,0.0352,11.9715,before,-1.8852,12.17,218324063.0
12.2197,20211122,0.11,600004.SSE,145217.44,0.7018,11.9715,11.9104,0.0259,12.0784,before,0.919,11.9715,175404902.0
12.2808,20211123,-0.09,600004.SSE,97680.14,0.47200000000000003,12.0784,11.9104,0.0306,11.9906,before,-0.745,12.1815,117755131.0
12.0211,20211124,-0.11,600004.SSE,179071.82,0.8654,11.9906,11.559000000000001,0.0384,11.8798,before,-0.9174,12.0096,210288285.0
11.8798,20211125,-0.18,600004.SSE,93254.93,0.4507,11.8798,11.6507,0.0194,11.7003,before,-1.5152,11.8684,109338570.0
11.8416,20211126,0.04,600004.SSE,405342.11,1.9588,11.7003,11.1619,0.0581,11.7385,before,0.3419,11.6011,463780160.0
11.349,20211129,-0.76,600004.SSE,575172.71,2.7795,11.7385,10.7915,0.0477,10.9786,before,-6.4736,11.1886,631488792.0
10.970999999999998,20211130,-0.28,600004.SSE,215086.93,1.0394,10.9786,10.6808,0.0264,10.6999,before,-2.5501,10.8793,231678310.0
11.0015,20211201,0.27,600004.SSE,171230.28,0.8275,10.6999,10.6693,0.0308,10.970999999999998,before,2.5234,10.6693,186138038.0
10.9595,20211202,-0.19,600004.SSE,141545.75,0.684,10.970999999999998,10.7189,0.0219,10.78,before,-1.732,10.8984,153055931.0
11.2192,20211203,0.34,600004.SSE,175868.42,0.8499,10.78,10.8602,0.0334,11.1199,before,3.154,10.8984,194664190.0
11.2994,20211206,-0.01,600004.SSE,119834.18,0.5791,11.1199,10.9404,0.0324,11.1084,before,-0.0899,11.0015,133281177.0
11.7691,20211207,0.55,600004.SSE,323020.97,1.561,11.1084,11.2383,0.0477,11.6583,before,4.9505,11.2917,373674461.0
11.8416,20211208,0.1,600004.SSE,141513.15,0.6839,11.6583,11.5781,0.0223,11.7614,before,0.8576,11.75,165682107.0
12.0707,20211209,-0.02,600004.SSE,155874.4,0.7533,11.7614,11.7003,0.0315,11.7385,before,-0.1701,11.7003,183965873.0
11.7614,20211210,-0.24,600004.SSE,145792.61,0.7045,11.7385,11.4903,0.023,11.5018,before,-2.0443,11.6392,168730339.0
11.54,20211213,-0.17,600004.SSE,144991.33,0.7007,11.5018,11.2497,0.0252,11.3299,before,-1.4783,11.5018,164736224.0
11.2803,20211214,-0.22,600004.SSE,119019.5,0.5752,11.3299,11.0092,0.0238,11.1084,before,-1.9417,11.2803,132502873.0
11.2497,20211215,-0.06,600004.SSE,97650.5,0.4719,11.1084,11.0283,0.0198,11.0512,before,-0.5401,11.1199,108429235.0
11.139000000000001,20211216,0.05,600004.SSE,181704.21,0.8781,11.0512,10.8182,0.028999999999999998,11.1008,before,0.4525,11.0512,198949438.0
11.0894,20211217,-0.07,600004.SSE,94554.33,0.4569,11.1008,10.8984,0.0171,11.0283,before,-0.6306,11.0703,103961171.0
11.1084,20211220,0.01,600004.SSE,126016.83,0.609,11.0283,10.8602,0.0227,11.0397,before,0.0907,10.9099,138619763.0
11.2803,20211221,0.23,600004.SSE,109075.13,0.5271,11.0397,10.970999999999998,0.0281,11.2688,before,2.0833,11.0397,121858478.0
11.5514,20211222,0.09,600004.SSE,153584.38,0.7422,11.2688,11.2994,0.0222,11.3605,before,0.7986,11.4292,175512864.0
11.390999999999998,20211223,-0.23,600004.SSE,109864.29,0.5309,11.3605,11.0894,0.0264,11.1314,before,-2.0246,11.3108,122809298.0
11.181,20211224,-0.03,600004.SSE,85337.41,0.4124,11.1314,11.0512,0.0117,11.1008,before,-0.2695,11.139000000000001,94750117.0
11.75,20211227,0.61,600004.SSE,265794.88,1.2845,11.1008,11.0512,0.0631,11.7118,before,5.4955,11.0894,306565191.0
11.9218,20211228,-0.11,600004.SSE,184470.71,0.8915,11.7118,11.5018,0.0359,11.6011,before,-0.9394,11.7003,215982437.0
12.0593,20211229,0.4,600004.SSE,285259.93,1.3785,11.6011,11.6087,0.0388,11.9982,before,3.4483,11.6087,341077988.0
12.2082,20211230,0.03,600004.SSE,192198.27,0.9288,11.9982,11.9104,0.025,12.0287,before,0.25,11.9295,231554138.0
12.1586,20211231,0.03,600004.SSE,137936.79,0.6666,12.0287,11.8989,0.0216,12.0593,before,0.2494,12.0096,165832255.0
12.4984,20220104,0.4,600004.SSE,278743.72,1.347,12.0593,11.9791,0.0431,12.4602,before,3.3167,12.0402,343540160.0
13.1094,20220105,0.37,600004.SSE,549390.67,2.6549,12.4602,12.3801,0.0586,12.8307,before,2.9695,12.4106,708271702.0
12.8803,20220106,-0.51,600004.SSE,266694.88,1.2888,12.8307,12.2197,0.0514,12.319,before,-3.9751,12.780999999999999,331062109.0
12.6206,20220107,0.16,600004.SSE,143515.29,0.6935,12.319,12.2197,0.0325,12.4793,before,1.2987,12.2884,178979199.0
12.8001,20220110,0.1,600004.SSE,287489.64,1.3893,12.4793,12.0517,0.0601,12.5786,before,0.8013,12.1089,360693802.0
12.9299,20220111,0.14,600004.SSE,176248.53,0.8517,12.5786,12.571,0.0286,12.7199,before,1.1129,12.5901,225276060.0
12.8612,20220112,-0.05,600004.SSE,135023.95,0.6525,12.7199,12.5404,0.0252,12.6703,before,-0.3931,12.6512,171564353.0
12.9987,20220113,0.1,600004.SSE,153824.19,0.7434,12.6703,12.6015,0.0316,12.7696,before,0.7893,12.6283,197938810.0
12.8307,20220114,-0.46,600004.SSE,219936.16,1.0628,12.7696,12.2311,0.047,12.3113,before,-3.6022,12.7314,273731022.0
12.529000000000002,20220117,0.05,600004.SSE,137652.95,0.6652,12.3113,12.1509,0.0309,12.360999999999999,before,0.4062,12.3113,169350832.0
12.5099,20220118,0.09,600004.SSE,159718.6,0.7718,12.360999999999999,12.1089,0.0324,12.4488,before,0.7282,12.3915,196489479.0
12.5404,20220119,-0.03,600004.SSE,115219.75,0.5568,12.4488,12.2388,0.0241,12.4182,before,-0.24100000000000002,12.4297,142998826.0
12.9299,20220120,0.4,600004.SSE,193281.48,0.934,12.4182,12.3686,0.0451,12.8192,before,3.2206,12.4297,247791244.0
14.0297,20220121,0.3,600004.SSE,763796.16,3.6910000000000003,12.8192,13.0598,0.0757,13.1209,before,2.3401,13.1782,1041517517.0
13.5906,20220124,0.01,600004.SSE,446182.69,2.1562,13.1209,12.9987,0.045,13.1285,before,0.0762,13.2698,591713463.0
13.960999999999999,20220125,0.39,600004.SSE,348617.39,1.6847,13.1285,13.0216,0.0716,13.5218,before,2.9703,13.0789,476307426.0
13.6899,20220126,-0.1,600004.SSE,181390.55,0.8766,13.5218,13.2583,0.0318,13.4187,before,-0.7396,13.4684,243884504.0
13.8693,20220127,-0.05,600004.SSE,309326.5,1.4948,13.4187,13.2202,0.0484,13.3691,before,-0.3726,13.3805,419741720.0
13.8808,20220128,0.31,600004.SSE,262123.5,1.2667,13.3691,13.2011,0.0509,13.6784,before,2.3186,13.35,356381877.0
14.129000000000001,20220207,0.32,600004.SSE,323101.91,1.5614,13.6784,13.6708,0.0336,13.9992,before,2.3392,13.6784,449207288.0
14.3008,20220208,0.17,600004.SSE,232130.07,1.1218,13.9992,13.8388,0.0329,14.171,before,1.2143,13.9686,326719719.0
14.2703,20220209,-0.06,600004.SSE,209883.13,1.0143,14.171,14.0106,0.0183,14.1099,before,-0.4234,14.1519,296692131.0
14.9996,20220210,0.58,600004.SSE,387104.97,1.8707,14.1099,13.960999999999999,0.0737,14.6903,before,4.1106,14.0106,567395065.0
14.9996,20220211,0.07,600004.SSE,316519.97,1.5296,14.6903,14.4307,0.0388,14.7591,before,0.4765,14.6598,468591460.0
14.9882,20220214,-0.06,600004.SSE,211014.39,1.0197,14.7591,14.4498,0.0366,14.7018,before,-0.4065,14.74,310557005.0
14.6483,20220215,-1.06,600004.SSE,550151.25,2.6586,14.7018,13.3118,0.0912,13.6402,before,-7.2109,14.5987,752414037.0
13.9992,20220216,0.06,600004.SSE,242595.54,1.1723,13.6402,13.3996,0.044000000000000004,13.7013,before,0.4399,13.5791,333109188.0
13.6899,20220217,-0.36,600004.SSE,283440.95,1.3697,13.7013,13.1018,0.0431,13.3385,before,-2.6277,13.6899,376494747.0
13.919,20220218,0.49,600004.SSE,277198.34,1.3396,13.3385,13.1705,0.0562,13.8311,before,3.6732,13.2583,378453687.0
13.8884,20220221,-0.42,600004.SSE,186085.42,0.8993,13.8311,13.3194,0.0412,13.4111,before,-3.0369,13.8311,250500889.0
13.2698,20220222,-0.52,600004.SSE,271088.04,1.31,13.4111,12.7505,0.0388,12.8918,before,-3.8777,13.2202,351733577.0
12.9796,20220223,-0.13,600004.SSE,279414.51,1.3503,12.8918,12.5519,0.0334,12.7581,before,-1.0085,12.8918,354747119.0
12.780999999999999,20220224,-0.34,600004.SSE,283147.65,1.3683,12.7581,12.3304,0.0353,12.4182,before,-2.6646,12.6015,355469697.0
12.6397,20220225,0.11,600004.SSE,199159.1,0.9624,12.4182,12.3686,0.0217,12.529000000000002,before,0.8857,12.5595,248699661.0
12.6817,20220228,0.03,600004.SSE,166890.66,0.8065,12.529000000000002,12.1318,0.0439,12.5595,before,0.2394,12.4297,207659180.0
13.2583,20220301,0.66,600004.SSE,338250.01,1.6346,12.5595,12.4717,0.0629,13.2202,before,5.2548,12.5213,440420859.0
13.3385,20220302,-0.03,600004.SSE,197885.2,0.9563,13.2202,12.991,0.0265,13.1896,before,-0.2269,13.0789,259782505.0
14.3581,20220303,0.9,600004.SSE,475074.72,2.2958,13.1896,13.2087,0.0872,14.0908,before,6.8234,13.2583,663748901.0
13.9992,20220304,-0.51,600004.SSE,224447.63,1.0846,14.0908,13.4989,0.0355,13.5791,before,-3.6196,13.9686,307828600.0
13.4493,20220307,-1.04,600004.SSE,389631.3,1.8829,13.5791,12.4908,0.0707,12.5404,before,-7.6583,13.4493,498003697.0
12.8994,20220308,-0.18,600004.SSE,243976.79,1.179,12.5404,12.2884,0.0486,12.360999999999999,before,-1.4354,12.5519,307056203.0
12.571,20220309,-0.28,600004.SSE,396233.53,1.9148,12.360999999999999,11.3299,0.1003,12.0784,before,-2.2654,12.4488,473979698.0
12.4297,20220310,0.22,600004.SSE,215529.38,1.0415,12.0784,12.0287,0.0331,12.2999,before,1.8212,12.3304,264067863.0
13.2087,20220311,0.74,600004.SSE,383278.13,1.8522,12.2999,11.8302,0.1122,13.0407,before,6.0163,12.0898,483902982.0
12.7008,20220314,-1.13,600004.SSE,409468.91,1.9788,13.0407,11.8302,0.0667,11.9104,before,-8.6656,12.6283,499885932.0
12.0096,20220315,-0.68,600004.SSE,440889.53,2.1306,11.9104,11.139000000000001,0.073,11.2306,before,-5.7095,11.7882,509769290.0
12.3419,20220316,1.1,600004.SSE,470455.6,2.2735,11.2306,11.6201,0.0641,12.3304,before,9.7952,11.6201,564452056.0
12.8994,20220317,0.12,600004.SSE,319381.58,1.5434,12.3304,12.1586,0.06,12.4488,before,0.9732,12.6015,400772733.0
12.9605,20220318,0.41,600004.SSE,256468.42,1.2394,12.4488,12.2617,0.0562,12.8612,before,3.2932,12.3419,327144515.0
13.1514,20220321,0.22,600004.SSE,229722.54,1.1101,12.8612,12.5099,0.0498,13.0789,before,1.7107,12.7887,294987451.0
13.3309,20220322,-0.11,600004.SSE,323738.52,1.5645,13.0789,12.6092,0.055,12.9681,before,-0.841,12.6817,418840631.0
13.0712,20220323,-0.09,600004.SSE,145939.8,0.7053,12.9681,12.6588,0.0316,12.8803,before,-0.6939,12.8918,186999281.0
13.0903,20220324,-0.03,600004.SSE,116440.81,0.5627,12.8803,12.8116,0.0217,12.8497,before,-0.2329,12.8383,150436715.0
12.9299,20220325,-0.64,600004.SSE,263685.78,1.2743,12.8497,12.0096,0.0716,12.2082,before,-4.9805,12.8001,326445562.0
12.4984,20220328,-0.01,600004.SSE,232607.94,1.1241,12.2082,11.75,0.0614,12.2006,before,-0.0819,11.96,281135478.0
12.4412,20220329,0.0,600004.SSE,127904.7,0.6181,12.2006,12.0517,0.032,12.2006,before,0.0,12.2006,156474477.0
12.7505,20220330,0.48,600004.SSE,180770.46,0.8736,12.2006,12.1204,0.0516,12.6817,before,3.9344,12.2502,225272537.0
12.8994,20220331,-0.43,600004.SSE,212405.72,1.0265,12.6817,12.17,0.0576,12.2502,before,-3.3912,12.5901,263933514.0
12.8688,20220401,0.57,600004.SSE,292779.19,1.4149,12.2502,12.1318,0.0604,12.8192,before,4.6531,12.1318,371198878.0
13.1094,20220406,-0.01,600004.SSE,194612.46,0.9405,12.8192,12.6817,0.0335,12.8116,before,-0.078,12.739,250190360.0
12.9987,20220407,-0.29,600004.SSE,120731.51,0.5834,12.8116,12.5099,0.0383,12.5213,before,-2.2639,12.7505,152834697.0
12.8383,20220408,0.24,600004.SSE,161540.72,0.7806,12.5213,12.3304,0.0407,12.7581,before,1.9169,12.571,204404438.0
12.8383,20220411,-0.33,600004.SSE,203532.62,0.9836,12.7581,12.2999,0.0423,12.4297,before,-2.5862,12.7581,254546050.0
13.4493,20220412,0.88,600004.SSE,387333.44,1.8718,12.4297,12.2999,0.0925,13.3118,before,7.0796,12.2999,502800438.0
13.3004,20220413,-0.32,600004.SSE,224639.05,1.0856,13.3118,12.8612,0.0331,12.991,before,-2.4042,13.0216,294283686.0
13.6708,20220414,0.36,600004.SSE,213897.38,1.0337,12.991,13.0216,0.05,13.35,before,2.7714,13.3004,286405866.0
13.5982,20220415,0.08,600004.SSE,197223.9,0.9531,13.35,13.1591,0.033,13.4302,before,0.5993,13.1896,264340772.0
13.6708,20220418,-0.11,600004.SSE,177892.07,0.8597,13.4302,13.1782,0.0365,13.3194,before,-0.8191,13.2889,238777907.0
13.3805,20220419,-0.08,600004.SSE,110866.72,0.5358,13.3194,13.0712,0.0233,13.2393,before,-0.6006,13.2583,146172169.0
13.4416,20220420,0.06,600004.SSE,136730.21,0.6607,13.2393,12.991,0.034,13.3004,before,0.4532,13.2813,180879386.0
13.2011,20220421,-0.51,600004.SSE,204740.42,0.9894,13.3004,12.6703,0.0398,12.7887,before,-3.8346,13.2011,264183128.0
12.7505,20220422,-0.33,600004.SSE,159056.93,0.7686,12.7887,12.2311,0.0407,12.4602,before,-2.5801,12.7008,198635540.0
12.1891,20220425,-0.65,600004.SSE,206829.0,0.9995,12.4602,11.6889,0.0401,11.8111,before,-5.2167,11.8989,246805189.0
12.0784,20220426,-0.05,600004.SSE,155553.02,0.7517,11.8111,11.6201,0.039,11.7614,before,-0.4234,11.8989,184663261.0
11.9906,20220427,0.2,600004.SSE,193837.34,0.9367,11.7614,11.349,0.0544,11.96,before,1.7007,11.6392,226212579.0
12.0402,20220428,-0.32,600004.SSE,173880.68,0.8403,11.96,11.4789,0.0468,11.6392,before,-2.6756,11.7194,204368600.0
12.0096,20220429,0.32,600004.SSE,214488.7,1.0365,11.6392,11.2688,0.0636,11.96,before,2.7491,11.559000000000001,250418814.0
12.3801,20220505,0.2,600004.SSE,143307.1,0.6055,11.96,11.7996,0.0485,12.1586,before,1.6722,11.8493,173715138.0
11.9409,20220506,-0.76,600004.SSE,256388.04,1.0833,12.1586,11.2612,0.0559,11.3987,before,-6.25,11.8684,295229639.0
11.6316,20220509,-0.15,600004.SSE,173685.6,0.7339,11.3987,11.1505,0.0421,11.2497,before,-1.3158,11.2116,197033532.0
11.2688,20220510,0.0,600004.SSE,185872.4,0.7854,11.2497,11.0283,0.0213,11.2497,before,0.0,11.1084,207566452.0
11.9982,20220511,0.38,600004.SSE,306231.09,1.2939,11.2497,11.2994,0.0622,11.6316,before,3.3778,11.2994,356963294.0
11.5781,20220512,-0.25,600004.SSE,258676.35,1.093,11.6316,11.1619,0.0361,11.3796,before,-2.1496,11.5781,293262270.0
11.4483,20220513,0.03,600004.SSE,189041.3,0.7987,11.3796,11.1695,0.0246,11.4101,before,0.2636,11.3414,213664606.0
11.7385,20220516,0.18,600004.SSE,196668.54,0.831,11.4101,11.3987,0.0298,11.5896,before,1.5776,11.6011,228016295.0
11.6698,20220517,0.06,600004.SSE,134909.62,0.57,11.5896,11.3108,0.0311,11.6507,before,0.5177,11.559000000000001,155278461.0
11.6583,20220518,-0.08,600004.SSE,175479.79,0.7414,11.6507,11.349,0.0266,11.5705,before,-0.6867,11.6583,202026315.0
11.5018,20220519,-0.2,600004.SSE,166596.78,0.7039,11.5705,11.2803,0.019,11.3681,before,-1.7286,11.3414,189223299.0
11.8913,20220520,0.5,600004.SSE,275397.2,1.1636,11.3681,11.3681,0.0457,11.8684,before,4.3975,11.3681,321939260.0
11.8989,20220523,-0.21,600004.SSE,178229.24,0.7531,11.8684,11.5209,0.032,11.6583,before,-1.7692,11.8913,207701846.0
11.8607,20220524,-0.38,600004.SSE,211845.6,0.8951,11.6583,11.2803,0.0497,11.2803,before,-3.259,11.7003,244778804.0
11.7996,20220525,0.35,600004.SSE,239208.69,1.0107,11.2803,11.2116,0.0523,11.6316,before,3.1028,11.2803,276894313.0
11.8493,20220526,0.15,600004.SSE,181301.26,0.7659999999999999,11.6316,11.6011,0.0215,11.7805,before,1.2898,11.6316,212943851.0
12.0287,20220527,0.17,600004.SSE,163763.23,0.6919,11.7805,11.7385,0.0246,11.9485,before,1.4431,11.7805,194747675.0
12.6817,20220530,0.54,600004.SSE,282637.61,1.1942,11.9485,12.0707,0.051,12.4908,before,4.5188,12.0707,352143533.0
12.8307,20220531,0.2,600004.SSE,166698.94,0.7043,12.4908,12.2617,0.0456,12.6894,before,1.6013,12.4488,211464811.0
12.8307,20220601,-0.29,600004.SSE,142447.4,0.6019,12.6894,12.3304,0.0394,12.3991,before,-2.2853,12.739,178154890.0
12.4908,20220602,-0.17,600004.SSE,119666.65,0.5056,12.3991,12.1204,0.0298,12.2311,before,-1.371,12.3915,146324834.0
12.2808,20220606,0.01,600004.SSE,121147.99,0.5119,12.2311,12.0517,0.0188,12.2388,before,0.0818,12.2311,147322344.0
12.4602,20220607,0.1,600004.SSE,124941.28,0.5279,12.2388,12.17,0.0237,12.3419,before,0.8170000000000001,12.2808,153734506.0
12.4412,20220608,0.07,600004.SSE,145756.94,0.6159,12.3419,12.0898,0.0284,12.4106,before,0.5673,12.360999999999999,179042911.0
12.5213,20220609,-0.23,600004.SSE,100150.76,0.4232,12.4106,12.1395,0.0306,12.1815,before,-1.8533,12.2999,122870746.0
12.1815,20220610,-0.06,600004.SSE,129795.79,0.5484,12.1815,11.9982,0.0148,12.1204,before,-0.4926,12.1013,156547123.0
12.0287,20220613,-0.34,600004.SSE,211114.96,0.892,12.1204,11.6087,0.0347,11.7805,before,-2.8053,11.9906,248448742.0
12.0096,20220614,0.22,600004.SSE,137787.29,0.5822,11.7805,11.6011,0.0348,11.9982,before,1.8676,11.6812,163070867.0
12.1815,20220615,-0.09,600004.SSE,185061.6,0.7819,11.9982,11.8187,0.03,11.9104,before,-0.75,11.9715,222409698.0
12.17,20220616,0.09,600004.SSE,133566.81,0.5644,11.9104,11.8798,0.0243,11.9982,before,0.7557,11.9104,160522869.0
11.9906,20220617,-0.03,600004.SSE,221314.04,0.9351,11.9982,11.6812,0.0258,11.9715,before,-0.25,11.8989,261687724.0
12.4412,20220620,0.25,600004.SSE,219269.33,0.9265,11.9715,11.9104,0.0443,12.2197,before,2.0886,12.0898,266526533.0
12.5213,20220621,-0.14,600004.SSE,232290.62,0.9815,12.2197,11.96,0.0458,12.0784,before,-1.1457,12.2502,284419796.0
12.2884,20220622,-0.13,600004.SSE,172944.3,0.7307,12.0784,11.8913,0.0331,11.9485,before,-1.0762,12.1204,208964431.0
12.0784,20220623,0.02,600004.SSE,134652.15,0.5689,11.9485,11.8416,0.0201,11.9715,before,0.1674,11.9485,160662483.0
12.360999999999999,20220624,0.33,600004.SSE,250143.49,1.0569,11.9715,11.8302,0.0443,12.2999,before,2.7569,11.9295,302560709.0
13.4989,20220627,1.06,600004.SSE,641729.82,2.7115,12.2999,12.4793,0.0829,13.3614,before,8.6179,12.4908,851160299.0
14.4192,20220628,0.8,600004.SSE,562147.5,2.3752,13.3614,13.2813,0.0853,14.1595,before,5.9879999999999995,13.5218,777107020.0
14.7018,20220629,-0.01,600004.SSE,488305.67,2.0632,14.1595,13.9686,0.0516,14.1519,before,-0.0706,14.1519,697755166.0
15.1295,20220630,0.76,600004.SSE,501123.67,2.1174,14.1519,14.380999999999998,0.053,14.9118,before,5.371,14.4803,743380847.0
15.0913,20220701,-0.6,600004.SSE,386590.08,1.6334,14.9118,14.1099,0.0657,14.3085,before,-4.0241,14.7094,559387643.0
14.7094,20220704,-0.02,600004.SSE,227073.86,0.9594,14.3085,14.1214,0.0412,14.2894,before,-0.1398,14.171,326446374.0
14.4994,20220705,-0.24,600004.SSE,227277.43,0.9603,14.2894,13.9686,0.0371,14.0488,before,-1.6795,14.2016,320899519.0
14.0412,20220706,-0.39,600004.SSE,219131.18,0.9259,14.0488,13.5486,0.0349,13.6593,before,-2.7758,13.9915,299878944.0
13.9304,20220707,0.12,600004.SSE,200214.3,0.846,13.6593,13.4111,0.0381,13.7815,before,0.8785,13.5715,274001625.0
14.4689,20220708,0.15,600004.SSE,195179.91,0.8247,13.7815,13.919,0.0399,13.9304,before,1.0885,13.9686,276188095.0
13.8693,20220711,-0.26,600004.SSE,146818.06,0.6203,13.9304,13.4989,0.0266,13.6708,before,-1.8665,13.6097,200396973.0
13.8502,20220712,0.0,600004.SSE,119923.94,0.5067,13.6708,13.5791,0.0198,13.6708,before,0.0,13.6899,164658410.0
14.2092,20220713,0.48,600004.SSE,161720.05,0.6833,13.6708,13.7013,0.0373,14.1519,before,3.5113,13.7395,226402314.0
14.339,20220714,0.01,600004.SSE,220434.22,0.9314,14.1519,13.6708,0.0473,14.1595,before,0.0707,13.9801,310413613.0
14.380999999999998,20220715,-0.24,600004.SSE,147897.06,0.6249,14.1595,13.9113,0.0332,13.919,before,-1.6949,14.1595,208826311.0
14.0183,20220718,-0.01,600004.SSE,147173.12,0.6218,13.919,13.6517,0.0266,13.9113,before,-0.0718,13.8617,204254928.0
14.129000000000001,20220719,-0.36,600004.SSE,228539.93,0.9656,13.9113,13.4302,0.0503,13.5486,before,-2.5881,13.9419,311534119.0
13.8006,20220720,0.09,600004.SSE,117988.66,0.4985,13.5486,13.5486,0.0185,13.6402,before,0.6642,13.7204,161252593.0
13.8311,20220721,-0.04,600004.SSE,106901.13,0.4517,13.6402,13.5715,0.0191,13.5982,before,-0.2933,13.6402,146608436.0
14.1786,20220722,0.27,600004.SSE,144008.77,0.6085,13.5982,13.6211,0.0412,13.8693,before,1.9853,13.6211,200813719.0
13.919,20220725,-0.14,600004.SSE,94689.94,0.4001,13.8693,13.6097,0.0224,13.7319,before,-1.0094,13.8311,129907252.0
14.1214,20220726,0.09,600004.SSE,131404.73,0.5552,13.7319,13.6593,0.0335,13.8197,before,0.6555,13.8999,181882761.0
13.8311,20220727,-0.17,600004.SSE,76763.7,0.3243,13.8197,13.5791,0.0181,13.6517,before,-1.2301,13.8197,104951157.0
14.1099,20220728,0.19,600004.SSE,133483.61,0.564,13.6517,13.6211,0.0359,13.8388,before,1.3919,13.6593,185568576.0
13.751,20220729,-0.89,600004.SSE,346082.91,1.4623,13.8388,12.8994,0.0614,12.949000000000002,before,-6.4306,13.7013,454912085.0
13.4989,20220801,0.42,600004.SSE,189066.67,0.7989,12.949000000000002,12.949000000000002,0.0425,13.3691,before,3.2432,12.949000000000002,251671321.0
13.5104,20220802,-0.08,600004.SSE,142954.23,0.604,13.3691,12.9987,0.0381,13.2889,before,-0.5984,13.2202,189730591.0
13.4416,20220803,-0.38,600004.SSE,127213.89,0.5375,13.2889,12.8994,0.0406,12.9108,before,-2.8593,13.2889,166844512.0
13.2813,20220804,0.18,600004.SSE,95212.79,0.4023,12.9108,12.9108,0.0287,13.0903,before,1.3943,12.9796,124690271.0
13.3691,20220805,0.24,600004.SSE,89516.45,0.3782,13.0903,13.0101,0.0275,13.3309,before,1.8335,13.2011,118288804.0
13.2393,20220808,-0.39,600004.SSE,161436.94,0.6821,13.3309,12.9108,0.0248,12.9414,before,-2.9257,13.1285,209541800.0
13.2202,20220809,0.26,600004.SSE,139730.0,0.5904,12.9414,12.7505,0.0363,13.2011,before,2.0093,12.949000000000002,182399438.0
13.2583,20220810,-0.29,600004.SSE,123620.32,0.5223,13.2011,12.8001,0.0348,12.9108,before,-2.197,13.2507,160053376.0
13.0789,20220811,0.13,600004.SSE,74334.01,0.3141,12.9108,12.8688,0.0163,13.0407,before,1.0070000000000001,12.8994,96513657.0
13.3118,20220812,0.17,600004.SSE,139579.8,0.5898,13.0407,12.9108,0.0307,13.2087,before,1.3037,13.0789,183491240.0
13.2393,20220815,-0.19,600004.SSE,147950.71,0.6251,13.2087,12.8612,0.0288,13.0216,before,-1.4383,13.1209,192491161.0
13.4416,20220816,0.2,600004.SSE,140177.68,0.5923,13.0216,13.0216,0.0323,13.2202,before,1.5361,13.0598,185431680.0
13.5295,20220817,0.25,600004.SSE,144933.75,0.6124,13.2202,13.1591,0.027999999999999997,13.4684,before,1.8911,13.2698,194397396.0
13.4684,20220818,-0.32,600004.SSE,122622.71,0.5181,13.4684,13.1094,0.0267,13.1514,before,-2.3756,13.3614,161916114.0
13.2011,20220819,-0.1,600004.SSE,71081.94,0.3003,13.1514,13.0101,0.0144,13.0483,before,-0.7605,13.1782,92938724.0
13.2813,20220822,-0.04,600004.SSE,160434.95,0.6779,13.0483,12.8994,0.0291,13.0101,before,-0.3065,13.0903,209456212.0
13.2507,20220823,0.04,600004.SSE,135183.55,0.5712,13.0101,12.9108,0.0261,13.0483,before,0.3075,12.9299,176642772.0
13.1782,20220824,-0.02,600004.SSE,115708.6,0.4889,13.0483,12.9796,0.0153,13.0292,before,-0.1533,13.1285,151282760.0
13.7319,20220825,0.6,600004.SSE,232011.16,0.9803,13.0292,12.9987,0.055999999999999994,13.6288,before,4.6048,13.0292,311147843.0
14.0488,20220826,0.01,600004.SSE,171237.18,0.7235,13.6288,13.5791,0.0345,13.6402,before,0.0734,13.6708,236185153.0
13.8006,20220829,-0.09,600004.SSE,152424.32,0.644,13.6402,13.3996,0.0293,13.5486,before,-0.6598,13.4798,207048068.0
13.6784,20220830,0.08,600004.SSE,89578.87,0.3785,13.5486,13.4302,0.0185,13.6288,before,0.5904,13.4989,121679760.0
13.8388,20220831,-0.12,600004.SSE,125797.09,0.5315,13.6288,13.4302,0.0301,13.5104,before,-0.8804,13.6288,170812461.0
13.5791,20220901,-0.5,600004.SSE,172986.13,0.7309,13.5104,12.949000000000002,0.0466,13.0101,before,-3.701,13.5791,228021601.0
13.1591,20220902,0.11,600004.SSE,105538.94,0.4459,13.0101,12.8688,0.0223,13.1209,before,0.8455,13.0903,137095780.0
13.2698,20220905,-0.05,600004.SSE,110065.21,0.4651,13.1209,12.949000000000002,0.0244,13.0712,before,-0.3811,13.1018,143619777.0
13.4416,20220906,0.36,600004.SSE,130099.74,0.5497,13.0712,12.991,0.0344,13.4302,before,2.7544,12.991,173092457.0
13.5409,20220907,-0.07,600004.SSE,91533.25,0.3868,13.4302,13.3309,0.0156,13.3614,before,-0.5212,13.3805,122648439.0
13.8999,20220908,0.43,600004.SSE,192891.72,0.815,13.3614,13.3691,0.0397,13.7891,before,3.2186,13.3805,265225337.0
13.9686,20220909,0.07,600004.SSE,122876.33,0.5192,13.7891,13.6097,0.0261,13.8617,before,0.5076,13.77,169889283.0
14.1519,20220913,0.19,600004.SSE,117648.5,0.4971,13.8617,13.8006,0.0253,14.0488,before,1.3709,13.9113,164952110.0
14.0717,20220914,-0.22,600004.SSE,101285.3,0.428,14.0488,13.751,0.0228,13.8311,before,-1.5658,13.8082,140572916.0
14.0106,20220915,0.03,600004.SSE,88695.01,0.3748,13.8311,13.6784,0.0239,13.8617,before,0.2169,13.960999999999999,122594501.0
14.0984,20220916,-0.08,600004.SSE,188603.35,0.7969,13.8617,13.7815,0.0231,13.7815,before,-0.5772,13.8808,263748157.0
14.3505,20220919,0.39,600004.SSE,184499.63,0.7796,13.7815,13.6708,0.0493,14.171,before,2.8302,13.7586,261123145.0
14.3008,20220920,0.05,600004.SSE,152302.87,0.6435,14.171,13.9495,0.0247,14.2206,before,0.3529,14.1901,214764724.0
14.2817,20220921,-0.04,600004.SSE,89034.01,0.3762,14.2206,13.9419,0.0239,14.1786,before,-0.2813,14.2588,126280943.0
14.1595,20220922,-0.3,600004.SSE,100112.1,0.423,14.1786,13.7586,0.0282,13.8808,before,-2.1157,14.129000000000001,139069788.0
14.1405,20220923,-0.1,600004.SSE,92551.85,0.3911,13.8808,13.7204,0.0303,13.7815,before,-0.7205,13.8808,128438367.0
14.4994,20220926,0.33,600004.SSE,180035.09,0.7607,13.7815,13.751,0.0544,14.1099,before,2.3948,13.7815,255940105.0
15.0798,20220927,0.88,600004.SSE,376648.25,1.5914,14.1099,14.0183,0.0751,14.9882,before,6.2367,14.0183,555579801.0
15.0798,20220928,-0.07,600004.SSE,210998.78,0.8915,14.9882,14.7094,0.0247,14.9195,before,-0.467,14.9195,314818327.0
14.9615,20220929,-0.4,600004.SSE,177549.75,0.7502,14.9195,14.3505,0.0409,14.5185,before,-2.681,14.9309,259181058.0
14.5414,20220930,-0.26,600004.SSE,137634.92,0.5815,14.5185,14.0717,0.0324,14.2588,before,-1.7906,14.4994,195658942.0
14.5796,20221010,-0.16,600004.SSE,131360.49,0.555,14.2588,14.0603,0.0365,14.0984,before,-1.122,14.2092,188468980.0
14.1519,20221011,-0.15,600004.SSE,134455.43,0.5681,14.0984,13.6097,0.0383,13.9495,before,-1.0638,14.1214,186054320.0
13.8999,20221012,-0.41,600004.SSE,237263.59,1.0025,13.9495,12.9987,0.0645,13.5409,before,-2.9391,13.751,317333049.0
14.0717,20221013,0.18,600004.SSE,147960.02,0.6252,13.5409,13.2507,0.0606,13.7204,before,1.3294,13.3882,203290094.0
14.0488,20221014,0.1,600004.SSE,128627.51,0.5435,13.7204,13.6517,0.0292,13.8197,before,0.7289,13.7395,177985475.0
14.2016,20221017,0.2,600004.SSE,113554.9,0.4798,13.8197,13.5982,0.0434,14.0183,before,1.4472,13.8082,158328497.0
14.9118,20221018,-0.28,600004.SSE,181580.86,0.7672,14.0183,13.7319,0.0842,13.7395,before,-1.9971,14.3199,256850157.0
14.0717,20221019,-0.05,600004.SSE,111238.84,0.47,13.7395,13.6517,0.0306,13.6899,before,-0.3639,13.7204,153697403.0
14.2397,20221020,0.11,600004.SSE,166818.85,0.7049,13.6899,13.3691,0.0636,13.8006,before,0.8035,13.4989,230433738.0
14.0412,20221021,0.21,600004.SSE,130964.3,0.5534,13.8006,13.6211,0.0304,14.0106,before,1.5217,13.6211,181958347.0
13.8999,20221024,-0.74,600004.SSE,238051.2,1.0058,14.0106,13.1782,0.0514,13.2698,before,-5.2819,13.8808,319553407.0
13.8006,20221025,0.41,600004.SSE,157791.95,0.6667,13.2698,13.1209,0.0512,13.6784,before,3.0897,13.2011,214463975.0
14.3581,20221026,0.44,600004.SSE,226132.87,0.9555,13.6784,13.6402,0.0526,14.1214,before,3.2164,13.6402,319171647.0
14.4001,20221027,0.07,600004.SSE,144329.2,0.6098,14.1214,13.8884,0.0361,14.1901,before,0.4958,14.0984,205030729.0
14.6598,20221028,0.1,600004.SSE,234397.7,0.9904,14.1901,14.0183,0.0451,14.2894,before,0.7047,14.1901,337307954.0
14.380999999999998,20221031,-0.35,600004.SSE,279008.44,1.1789,14.2894,13.8006,0.0406,13.9419,before,-2.4493,14.2016,391617189.0
15.3319,20221101,1.28,600004.SSE,387143.9,1.6358,13.9419,13.6211,0.1227,15.2211,before,9.1822,13.8388,567256738.0
16.4507,20221102,0.43,600004.SSE,640143.14,2.7048,15.2211,14.8813,0.1032,15.6488,before,2.8252,15.0607,1003018477.0
15.9008,20221103,0.16,600004.SSE,246595.93,1.0419,15.6488,15.4502,0.0288,15.8092,before,1.0224,15.5495,388084088.0
16.6608,20221104,-0.13,600004.SSE,434599.61,1.8363,15.8092,15.4693,0.0753,15.6794,before,-0.8223,15.8092,691752230.0
15.5495,20221107,-0.21,600004.SSE,272166.0,1.15,15.6794,15.1218,0.0274,15.4693,before,-1.3393,15.2784,417533566.0
15.8818,20221108,-0.3,600004.SSE,201247.87,0.8503,15.4693,15.0607,0.053,15.1715,before,-1.9392,15.3319,308610036.0
15.770999999999999,20221109,0.27,600004.SSE,190736.08,0.8059,15.1715,15.0684,0.0461,15.4388,before,1.7798,15.1906,295388779.0
16.0689,20221110,0.52,600004.SSE,250805.92,1.0597,15.4388,15.0989,0.0628,15.9581,before,3.3679,15.1982,391863517.0
16.5615,20221111,-0.7,600004.SSE,708188.19,2.9923,15.9581,14.95,0.1009,15.2593,before,-4.386,16.2713,1101587176.0
15.0913,20221114,-1.06,600004.SSE,580067.84,2.4509,15.2593,14.0412,0.0688,14.2016,before,-6.9463,15.0798,833457882.0
14.7285,20221115,0.39,600004.SSE,308252.95,1.3024,14.2016,14.2512,0.0338,14.5911,before,2.7465,14.2703,448517327.0
15.1486,20221116,-0.22,600004.SSE,285669.53,1.207,14.5911,14.3314,0.0562,14.3696,before,-1.5079,14.6789,418641082.0
14.5987,20221117,0.04,600004.SSE,229892.85,0.9714,14.3696,14.2092,0.0271,14.4116,before,0.2784,14.380999999999998,330886194.0
14.4994,20221118,-0.41,600004.SSE,392159.0,1.6569999999999998,14.4116,13.9113,0.0409,13.9992,before,-2.8452,14.4001,553535060.0
13.9419,20221121,-0.25,600004.SSE,177804.47,0.7513,13.9992,13.7089,0.0164,13.751,before,-1.7857,13.7815,245053321.0
13.9992,20221122,-0.12,600004.SSE,217588.79,0.9194,13.751,13.4607,0.0393,13.6288,before,-0.8727,13.7319,297116517.0
13.6288,20221123,-0.05,600004.SSE,178549.34,0.7544,13.6288,13.3385,0.0213,13.5791,before,-0.3668,13.6211,240693308.0
13.6784,20221124,-0.24,600004.SSE,216257.95,0.9137,13.5791,13.2507,0.0317,13.3385,before,-1.7673,13.5791,289360188.0
13.4798,20221125,0.07,600004.SSE,155568.35,0.6573,13.3385,13.1591,0.024,13.4111,before,0.5247,13.2202,207912196.0
13.9495,20221128,0.47,600004.SSE,294746.28,1.2454,13.4111,13.1782,0.0574,13.8808,before,3.5048,13.1896,403912651.0
14.6712,20221129,0.62,600004.SSE,481545.66,2.0347,13.8808,13.751,0.0663,14.4994,before,4.4669,13.8502,689345599.0
14.5681,20221130,0.04,600004.SSE,286964.02,1.2125,14.4994,14.0106,0.0386,14.5414,before,0.2759,14.4307,410034349.0
15.1295,20221201,-0.11,600004.SSE,544198.72,2.2994,14.5414,14.1901,0.0646,14.4307,before,-0.7565,15.0989,789825713.0
14.4918,20221202,-0.21,600004.SSE,198727.49,0.8397,14.4307,14.129000000000001,0.0249,14.2206,before,-1.4553,14.2512,283039260.0
15.3013,20221205,0.75,600004.SSE,476741.42,2.0144,14.2206,14.3085,0.0696,14.9691,before,5.2743,14.4689,709879512.0
15.5495,20221206,0.41,600004.SSE,376304.01,1.59,14.9691,14.8087,0.0494,15.3815,before,2.7388,14.9118,576373437.0
15.8818,20221207,0.11,600004.SSE,407107.87,1.7201,15.3815,15.2517,0.040999999999999995,15.4884,before,0.7152,15.3892,631142339.0
15.7405,20221208,0.0,600004.SSE,266709.68,1.1269,15.4884,15.3013,0.0284,15.4884,before,0.0,15.5304,413749304.0
15.6297,20221209,-0.17,600004.SSE,205048.09,0.8664,15.4884,15.0187,0.0394,15.3204,before,-1.0975,15.5686,312649887.0
16.0994,20221212,0.37,600004.SSE,340561.4,1.439,15.3204,15.2784,0.0535,15.6908,before,2.4151,15.4617,536636693.0
16.5118,20221213,0.43,600004.SSE,364308.04,1.5393,15.6908,15.5801,0.0593,16.1185,before,2.7406,15.7099,585505514.0
16.5806,20221214,0.23,600004.SSE,264865.82,1.1191,16.1185,15.9085,0.0416,16.3515,before,1.4268,16.0001,433955609.0
16.5806,20221215,-0.4,600004.SSE,198984.83,0.8408,16.3515,15.8894,0.0422,15.9505,before,-2.4465,16.5806,319749881.0
16.3018,20221216,0.23,600004.SSE,174912.51,0.7391,15.9505,15.7405,0.0351,16.1796,before,1.442,16.0116,281280972.0
16.3515,20221219,-0.03,600004.SSE,166787.65,0.7047,16.1796,15.8588,0.0303,16.1491,before,-0.1854,16.0803,268464933.0
16.2102,20221220,-0.61,600004.SSE,236714.81,1.0002,16.1491,15.3013,0.0563,15.5419,before,-3.7771,16.1987,370053123.0
15.8588,20221221,0.05,600004.SSE,148854.0,0.6289,15.5419,15.4312,0.0277,15.5915,before,0.3218,15.7214,232590137.0
15.9314,20221222,-0.18,600004.SSE,204656.0,0.8647,15.5915,15.2784,0.0417,15.4082,before,-1.1546,15.7405,318032971.0
15.6985,20221223,0.19,600004.SSE,199069.15,0.8411,15.4082,15.2517,0.0292,15.5992,before,1.2329999999999999,15.2517,309649061.0
16.1605,20221226,0.3,600004.SSE,202543.74,0.8558,15.5992,15.5113,0.0417,15.9008,before,1.9231,15.561,322676493.0
16.3285,20221227,-0.3,600004.SSE,276245.6,1.1672,15.9008,15.4884,0.0528,15.5992,before,-1.8868,16.3018,433107750.0
15.7214,20221228,-0.34,600004.SSE,221928.31,0.9377,15.5992,15.0989,0.0397,15.2593,before,-2.1795,15.5801,340557227.0
15.3013,20221229,-0.29,600004.SSE,182940.75,0.773,15.2593,14.8813,0.0275,14.9691,before,-1.9004,15.1218,274830970.0
15.1409,20221230,0.04,600004.SSE,153283.24,0.6477,14.9691,14.8202,0.0214,15.0111,before,0.2672,14.9882,229638363.0
14.9996,20230103,-0.45,600004.SSE,306889.83,1.2967,15.0111,14.3085,0.046,14.5605,before,-2.998,14.9882,445475572.0
14.7209,20230104,0.06,600004.SSE,193977.0,0.8196,14.5605,14.3887,0.0227,14.6216,before,0.4121,14.4612,282750135.0
15.0493,20230105,0.39,600004.SSE,279711.36,1.1819,14.6216,14.5414,0.0349,15.0111,before,2.6676,14.6483,416376624.0
14.9691,20230106,-0.42,600004.SSE,273805.71,1.1569,15.0111,14.5109,0.0306,14.5911,before,-2.7981,14.9309,401100585.0
15.2593,20230109,0.66,600004.SSE,389872.77,1.6473,14.5911,14.6101,0.0446,15.2517,before,4.5236,14.6903,583921737.0
15.3013,20230110,-0.08,600004.SSE,202433.51,0.8553,15.2517,14.9386,0.0236,15.1715,before,-0.5246,15.2784,304648638.0
15.1409,20230111,-0.32,600004.SSE,280311.08,1.1844,15.1715,14.7018,0.029,14.8507,before,-2.1094,15.1409,415193317.0
15.0798,20230112,-0.01,600004.SSE,185142.44,0.7823,14.8507,14.8011,0.0189,14.8393,before,-0.0673,14.8584,276285592.0
15.0798,20230113,0.18,600004.SSE,241020.68,1.0184,14.8393,14.8507,0.0155,15.0187,before,1.2129,14.9615,360673079.0
15.6297,20230116,-0.03,600004.SSE,403510.88,1.7049,15.0187,14.9118,0.0479,14.9882,before,-0.1997,15.2784,612254890.0
14.9691,20230117,-0.19,600004.SSE,279290.04,1.1801,14.9882,14.53,0.0294,14.8011,before,-1.2675,14.9691,409811214.0
14.9004,20230118,-0.22,600004.SSE,195439.68,0.8258,14.8011,14.5605,0.023,14.5796,before,-1.4865,14.7782,286298634.0
14.6216,20230119,-0.2,600004.SSE,278284.23,1.1758,14.5796,14.2397,0.0261,14.380999999999998,before,-1.3717,14.5109,399774146.0
14.4994,20230120,0.05,600004.SSE,234691.81,0.9916,14.380999999999998,14.2016,0.0209,14.4307,before,0.3477,14.339,337522174.0
